species,xc_id,chunk_index,file_path,duration_sec,source_file
Tufted_Duck,Aythya,0,data/processed/Tufted_Duck/Aythya_chunk000.wav,3.0,Aythya fuligula 17409 063229.mp3
Tufted_Duck,Aythya,1,data/processed/Tufted_Duck/Aythya_chunk001.wav,3.0,Aythya fuligula 17409 063229.mp3
Tufted_Duck,Aythya,2,data/processed/Tufted_Duck/Aythya_chunk002.wav,3.0,Aythya fuligula 17409 063229.mp3
Tufted_Duck,Aythya,3,data/processed/Tufted_Duck/Aythya_chunk003.wav,3.0,Aythya fuligula 17409 063229.mp3
Tufted_Duck,Aythya,0,data/processed/Tufted_Duck/Aythya_chunk000.wav,3.0,Aythya fuligula karr 09509 2014.mp3
Tufted_Duck,Aythya,1,data/processed/Tufted_Duck/Aythya_chunk001.wav,3.0,Aythya fuligula karr 09509 2014.mp3
Tufted_Duck,Aythya,2,data/processed/Tufted_Duck/Aythya_chunk002.wav,3.0,Aythya fuligula karr 09509 2014.mp3
Tufted_Duck,Aythya,3,data/processed/Tufted_Duck/Aythya_chunk003.wav,3.0,Aythya fuligula karr 09509 2014.mp3
Tufted_Duck,Aythya,4,data/processed/Tufted_Duck/Aythya_chunk004.wav,3.0,Aythya fuligula karr 09509 2014.mp3
Tufted_Duck,Aythya,5,data/processed/Tufted_Duck/Aythya_chunk005.wav,3.0,Aythya fuligula karr 09509 2014.mp3
Tufted_Duck,Aythya,6,data/processed/Tufted_Duck/Aythya_chunk006.wav,3.0,Aythya fuligula karr 09509 2014.mp3
Tufted_Duck,Toppand,0,data/processed/Tufted_Duck/Toppand_chunk000.wav,3.0,Toppand Gillundstranda 16.Oktober 2012.mp3
Tufted_Duck,Toppand,1,data/processed/Tufted_Duck/Toppand_chunk001.wav,3.0,Toppand Gillundstranda 16.Oktober 2012.mp3
Tufted_Duck,Toppand,2,data/processed/Tufted_Duck/Toppand_chunk002.wav,3.0,Toppand Gillundstranda 16.Oktober 2012.mp3
Tufted_Duck,Toppand,3,data/processed/Tufted_Duck/Toppand_chunk003.wav,3.0,Toppand Gillundstranda 16.Oktober 2012.mp3
Tufted_Duck,Vigg-9-hanar-uppvaktar-1-hona-Ytterberg-Hornborgasjon-2011-04-30-07.58-00.47,0,data/processed/Tufted_Duck/Vigg-9-hanar-uppvaktar-1-hona-Ytterberg-Hornborgasjon-2011-04-30-07.58-00.47_chunk000.wav,3.0,Vigg-9-hanar-uppvaktar-1-hona-Ytterberg-Hornborgasjon-2011-04-30-07.58-00.47.mp3
Tufted_Duck,Vigg-9-hanar-uppvaktar-1-hona-Ytterberg-Hornborgasjon-2011-04-30-07.58-00.47,1,data/processed/Tufted_Duck/Vigg-9-hanar-uppvaktar-1-hona-Ytterberg-Hornborgasjon-2011-04-30-07.58-00.47_chunk001.wav,3.0,Vigg-9-hanar-uppvaktar-1-hona-Ytterberg-Hornborgasjon-2011-04-30-07.58-00.47.mp3
Tufted_Duck,Vigg-9-hanar-uppvaktar-1-hona-Ytterberg-Hornborgasjon-2011-04-30-07.58-00.47,2,data/processed/Tufted_Duck/Vigg-9-hanar-uppvaktar-1-hona-Ytterberg-Hornborgasjon-2011-04-30-07.58-00.47_chunk002.wav,3.0,Vigg-9-hanar-uppvaktar-1-hona-Ytterberg-Hornborgasjon-2011-04-30-07.58-00.47.mp3
Tufted_Duck,Vigg-9-hanar-uppvaktar-1-hona-Ytterberg-Hornborgasjon-2011-04-30-07.58-00.47,3,data/processed/Tufted_Duck/Vigg-9-hanar-uppvaktar-1-hona-Ytterberg-Hornborgasjon-2011-04-30-07.58-00.47_chunk003.wav,3.0,Vigg-9-hanar-uppvaktar-1-hona-Ytterberg-Hornborgasjon-2011-04-30-07.58-00.47.mp3
Tufted_Duck,Vigg-9-hanar-uppvaktar-1-hona-Ytterberg-Hornborgasjon-2011-04-30-07.58-00.47,4,data/processed/Tufted_Duck/Vigg-9-hanar-uppvaktar-1-hona-Ytterberg-Hornborgasjon-2011-04-30-07.58-00.47_chunk004.wav,3.0,Vigg-9-hanar-uppvaktar-1-hona-Ytterberg-Hornborgasjon-2011-04-30-07.58-00.47.mp3
Tufted_Duck,Vigg-9-hanar-uppvaktar-1-hona-Ytterberg-Hornborgasjon-2011-04-30-07.58-00.47,5,data/processed/Tufted_Duck/Vigg-9-hanar-uppvaktar-1-hona-Ytterberg-Hornborgasjon-2011-04-30-07.58-00.47_chunk005.wav,3.0,Vigg-9-hanar-uppvaktar-1-hona-Ytterberg-Hornborgasjon-2011-04-30-07.58-00.47.mp3
Tufted_Duck,Vigg-9-hanar-uppvaktar-1-hona-Ytterberg-Hornborgasjon-2011-04-30-07.58-00.47,6,data/processed/Tufted_Duck/Vigg-9-hanar-uppvaktar-1-hona-Ytterberg-Hornborgasjon-2011-04-30-07.58-00.47_chunk006.wav,3.0,Vigg-9-hanar-uppvaktar-1-hona-Ytterberg-Hornborgasjon-2011-04-30-07.58-00.47.mp3
Tufted_Duck,Vigg-9-hanar-uppvaktar-1-hona-Ytterberg-Hornborgasjon-2011-04-30-07.58-00.47,7,data/processed/Tufted_Duck/Vigg-9-hanar-uppvaktar-1-hona-Ytterberg-Hornborgasjon-2011-04-30-07.58-00.47_chunk007.wav,3.0,Vigg-9-hanar-uppvaktar-1-hona-Ytterberg-Hornborgasjon-2011-04-30-07.58-00.47.mp3
Tufted_Duck,Vigg-9-hanar-uppvaktar-1-hona-Ytterberg-Hornborgasjon-2011-04-30-07.58-00.47,8,data/processed/Tufted_Duck/Vigg-9-hanar-uppvaktar-1-hona-Ytterberg-Hornborgasjon-2011-04-30-07.58-00.47_chunk008.wav,3.0,Vigg-9-hanar-uppvaktar-1-hona-Ytterberg-Hornborgasjon-2011-04-30-07.58-00.47.mp3
Tufted_Duck,Vigg-9-hanar-uppvaktar-1-hona-Ytterberg-Hornborgasjon-2011-04-30-07.58-00.47,9,data/processed/Tufted_Duck/Vigg-9-hanar-uppvaktar-1-hona-Ytterberg-Hornborgasjon-2011-04-30-07.58-00.47_chunk009.wav,3.0,Vigg-9-hanar-uppvaktar-1-hona-Ytterberg-Hornborgasjon-2011-04-30-07.58-00.47.mp3
Tufted_Duck,Vigg-9-hanar-uppvaktar-1-hona-Ytterberg-Hornborgasjon-2011-04-30-07.58-00.47,10,data/processed/Tufted_Duck/Vigg-9-hanar-uppvaktar-1-hona-Ytterberg-Hornborgasjon-2011-04-30-07.58-00.47_chunk010.wav,3.0,Vigg-9-hanar-uppvaktar-1-hona-Ytterberg-Hornborgasjon-2011-04-30-07.58-00.47.mp3
Tufted_Duck,Vigg-9-hanar-uppvaktar-1-hona-Ytterberg-Hornborgasjon-2011-04-30-07.58-00.47,11,data/processed/Tufted_Duck/Vigg-9-hanar-uppvaktar-1-hona-Ytterberg-Hornborgasjon-2011-04-30-07.58-00.47_chunk011.wav,3.0,Vigg-9-hanar-uppvaktar-1-hona-Ytterberg-Hornborgasjon-2011-04-30-07.58-00.47.mp3
Tufted_Duck,Vigg-9-hanar-uppvaktar-1-hona-Ytterberg-Hornborgasjon-2011-04-30-07.58-00.47,12,data/processed/Tufted_Duck/Vigg-9-hanar-uppvaktar-1-hona-Ytterberg-Hornborgasjon-2011-04-30-07.58-00.47_chunk012.wav,3.0,Vigg-9-hanar-uppvaktar-1-hona-Ytterberg-Hornborgasjon-2011-04-30-07.58-00.47.mp3
Tufted_Duck,Vigg-9-hanar-uppvaktar-1-hona-Ytterberg-Hornborgasjon-2011-04-30-07.58-00.47,13,data/processed/Tufted_Duck/Vigg-9-hanar-uppvaktar-1-hona-Ytterberg-Hornborgasjon-2011-04-30-07.58-00.47_chunk013.wav,3.0,Vigg-9-hanar-uppvaktar-1-hona-Ytterberg-Hornborgasjon-2011-04-30-07.58-00.47.mp3
Tufted_Duck,Vigg-9-hanar-uppvaktar-1-hona-Ytterberg-Hornborgasjon-2011-04-30-07.58-00.47,14,data/processed/Tufted_Duck/Vigg-9-hanar-uppvaktar-1-hona-Ytterberg-Hornborgasjon-2011-04-30-07.58-00.47_chunk014.wav,3.0,Vigg-9-hanar-uppvaktar-1-hona-Ytterberg-Hornborgasjon-2011-04-30-07.58-00.47.mp3
Tufted_Duck,Vigg-9-hanar-uppvaktar-1-hona-Ytterberg-Hornborgasjon-2011-04-30-07.58-00.47,15,data/processed/Tufted_Duck/Vigg-9-hanar-uppvaktar-1-hona-Ytterberg-Hornborgasjon-2011-04-30-07.58-00.47_chunk015.wav,3.0,Vigg-9-hanar-uppvaktar-1-hona-Ytterberg-Hornborgasjon-2011-04-30-07.58-00.47.mp3
Tufted_Duck,Vigg-locklate-Myvatn-2009-05-31-kl.06.32-02.01,0,data/processed/Tufted_Duck/Vigg-locklate-Myvatn-2009-05-31-kl.06.32-02.01_chunk000.wav,3.0,Vigg-locklate-Myvatn-2009-05-31-kl.06.32-02.01.mp3
Tufted_Duck,Vigg-locklate-Myvatn-2009-05-31-kl.06.32-02.01,1,data/processed/Tufted_Duck/Vigg-locklate-Myvatn-2009-05-31-kl.06.32-02.01_chunk001.wav,3.0,Vigg-locklate-Myvatn-2009-05-31-kl.06.32-02.01.mp3
Tufted_Duck,Vigg-locklate-Myvatn-2009-05-31-kl.06.32-02.01,2,data/processed/Tufted_Duck/Vigg-locklate-Myvatn-2009-05-31-kl.06.32-02.01_chunk002.wav,3.0,Vigg-locklate-Myvatn-2009-05-31-kl.06.32-02.01.mp3
Tufted_Duck,Vigg-locklate-Myvatn-2009-05-31-kl.06.32-02.01,3,data/processed/Tufted_Duck/Vigg-locklate-Myvatn-2009-05-31-kl.06.32-02.01_chunk003.wav,3.0,Vigg-locklate-Myvatn-2009-05-31-kl.06.32-02.01.mp3
Tufted_Duck,Vigg-locklate-Myvatn-2009-05-31-kl.06.32-02.01,4,data/processed/Tufted_Duck/Vigg-locklate-Myvatn-2009-05-31-kl.06.32-02.01_chunk004.wav,3.0,Vigg-locklate-Myvatn-2009-05-31-kl.06.32-02.01.mp3
Tufted_Duck,Vigg-locklate-Myvatn-2009-05-31-kl.06.32-02.01,5,data/processed/Tufted_Duck/Vigg-locklate-Myvatn-2009-05-31-kl.06.32-02.01_chunk005.wav,3.0,Vigg-locklate-Myvatn-2009-05-31-kl.06.32-02.01.mp3
Tufted_Duck,Vigg-locklate-Myvatn-2009-05-31-kl.06.32-02.01,6,data/processed/Tufted_Duck/Vigg-locklate-Myvatn-2009-05-31-kl.06.32-02.01_chunk006.wav,3.0,Vigg-locklate-Myvatn-2009-05-31-kl.06.32-02.01.mp3
Tufted_Duck,Vigg-locklate-Myvatn-2009-05-31-kl.06.32-02.01,7,data/processed/Tufted_Duck/Vigg-locklate-Myvatn-2009-05-31-kl.06.32-02.01_chunk007.wav,3.0,Vigg-locklate-Myvatn-2009-05-31-kl.06.32-02.01.mp3
Tufted_Duck,Vigg-locklate-Myvatn-2009-05-31-kl.06.32-02.01,8,data/processed/Tufted_Duck/Vigg-locklate-Myvatn-2009-05-31-kl.06.32-02.01_chunk008.wav,3.0,Vigg-locklate-Myvatn-2009-05-31-kl.06.32-02.01.mp3
Tufted_Duck,Vigg-locklate-Myvatn-2009-05-31-kl.06.32-02.01,9,data/processed/Tufted_Duck/Vigg-locklate-Myvatn-2009-05-31-kl.06.32-02.01_chunk009.wav,3.0,Vigg-locklate-Myvatn-2009-05-31-kl.06.32-02.01.mp3
Tufted_Duck,Vigg-locklate-Myvatn-2009-05-31-kl.06.32-02.01,10,data/processed/Tufted_Duck/Vigg-locklate-Myvatn-2009-05-31-kl.06.32-02.01_chunk010.wav,3.0,Vigg-locklate-Myvatn-2009-05-31-kl.06.32-02.01.mp3
Tufted_Duck,Vigg-locklate-Myvatn-2009-05-31-kl.06.32-02.01,11,data/processed/Tufted_Duck/Vigg-locklate-Myvatn-2009-05-31-kl.06.32-02.01_chunk011.wav,3.0,Vigg-locklate-Myvatn-2009-05-31-kl.06.32-02.01.mp3
Tufted_Duck,Vigg-locklate-Myvatn-2009-05-31-kl.06.32-02.01,12,data/processed/Tufted_Duck/Vigg-locklate-Myvatn-2009-05-31-kl.06.32-02.01_chunk012.wav,3.0,Vigg-locklate-Myvatn-2009-05-31-kl.06.32-02.01.mp3
Tufted_Duck,Vigg-locklate-Myvatn-2009-05-31-kl.06.32-02.01,13,data/processed/Tufted_Duck/Vigg-locklate-Myvatn-2009-05-31-kl.06.32-02.01_chunk013.wav,3.0,Vigg-locklate-Myvatn-2009-05-31-kl.06.32-02.01.mp3
Tufted_Duck,Vigg-locklate-Myvatn-2009-05-31-kl.06.32-02.01,14,data/processed/Tufted_Duck/Vigg-locklate-Myvatn-2009-05-31-kl.06.32-02.01_chunk014.wav,3.0,Vigg-locklate-Myvatn-2009-05-31-kl.06.32-02.01.mp3
Tufted_Duck,Vigg-locklate-Myvatn-2009-05-31-kl.06.32-02.01,15,data/processed/Tufted_Duck/Vigg-locklate-Myvatn-2009-05-31-kl.06.32-02.01_chunk015.wav,3.0,Vigg-locklate-Myvatn-2009-05-31-kl.06.32-02.01.mp3
Tufted_Duck,Vigg-locklate-Myvatn-2009-05-31-kl.06.32-02.01,16,data/processed/Tufted_Duck/Vigg-locklate-Myvatn-2009-05-31-kl.06.32-02.01_chunk016.wav,3.0,Vigg-locklate-Myvatn-2009-05-31-kl.06.32-02.01.mp3
Tufted_Duck,Vigg-locklate-Myvatn-2009-05-31-kl.06.32-02.01,17,data/processed/Tufted_Duck/Vigg-locklate-Myvatn-2009-05-31-kl.06.32-02.01_chunk017.wav,3.0,Vigg-locklate-Myvatn-2009-05-31-kl.06.32-02.01.mp3
Tufted_Duck,Vigg-locklate-Myvatn-2009-05-31-kl.06.32-02.01,18,data/processed/Tufted_Duck/Vigg-locklate-Myvatn-2009-05-31-kl.06.32-02.01_chunk018.wav,3.0,Vigg-locklate-Myvatn-2009-05-31-kl.06.32-02.01.mp3
Tufted_Duck,Vigg-locklate-Myvatn-2009-05-31-kl.06.32-02.01,19,data/processed/Tufted_Duck/Vigg-locklate-Myvatn-2009-05-31-kl.06.32-02.01_chunk019.wav,3.0,Vigg-locklate-Myvatn-2009-05-31-kl.06.32-02.01.mp3
Tufted_Duck,Vigg-locklate-Myvatn-2009-05-31-kl.06.32-02.01,20,data/processed/Tufted_Duck/Vigg-locklate-Myvatn-2009-05-31-kl.06.32-02.01_chunk020.wav,3.0,Vigg-locklate-Myvatn-2009-05-31-kl.06.32-02.01.mp3
Tufted_Duck,Vigg-locklate-Myvatn-2009-05-31-kl.06.32-02.01,21,data/processed/Tufted_Duck/Vigg-locklate-Myvatn-2009-05-31-kl.06.32-02.01_chunk021.wav,3.0,Vigg-locklate-Myvatn-2009-05-31-kl.06.32-02.01.mp3
Tufted_Duck,Vigg-locklate-Myvatn-2009-05-31-kl.06.32-02.01,22,data/processed/Tufted_Duck/Vigg-locklate-Myvatn-2009-05-31-kl.06.32-02.01_chunk022.wav,3.0,Vigg-locklate-Myvatn-2009-05-31-kl.06.32-02.01.mp3
Tufted_Duck,Vigg-locklate-Myvatn-2009-05-31-kl.06.32-02.01,23,data/processed/Tufted_Duck/Vigg-locklate-Myvatn-2009-05-31-kl.06.32-02.01_chunk023.wav,3.0,Vigg-locklate-Myvatn-2009-05-31-kl.06.32-02.01.mp3
Tufted_Duck,Vigg-locklate-Myvatn-2009-05-31-kl.06.32-02.01,24,data/processed/Tufted_Duck/Vigg-locklate-Myvatn-2009-05-31-kl.06.32-02.01_chunk024.wav,3.0,Vigg-locklate-Myvatn-2009-05-31-kl.06.32-02.01.mp3
Tufted_Duck,Vigg-locklate-Myvatn-2009-05-31-kl.06.32-02.01,25,data/processed/Tufted_Duck/Vigg-locklate-Myvatn-2009-05-31-kl.06.32-02.01_chunk025.wav,3.0,Vigg-locklate-Myvatn-2009-05-31-kl.06.32-02.01.mp3
Tufted_Duck,Vigg-locklate-Myvatn-2009-05-31-kl.06.32-02.01,26,data/processed/Tufted_Duck/Vigg-locklate-Myvatn-2009-05-31-kl.06.32-02.01_chunk026.wav,3.0,Vigg-locklate-Myvatn-2009-05-31-kl.06.32-02.01.mp3
Tufted_Duck,Vigg-locklate-Myvatn-2009-05-31-kl.06.32-02.01,27,data/processed/Tufted_Duck/Vigg-locklate-Myvatn-2009-05-31-kl.06.32-02.01_chunk027.wav,3.0,Vigg-locklate-Myvatn-2009-05-31-kl.06.32-02.01.mp3
Tufted_Duck,Vigg-locklate-Myvatn-2009-05-31-kl.06.32-02.01,28,data/processed/Tufted_Duck/Vigg-locklate-Myvatn-2009-05-31-kl.06.32-02.01_chunk028.wav,3.0,Vigg-locklate-Myvatn-2009-05-31-kl.06.32-02.01.mp3
Tufted_Duck,Vigg-locklate-Myvatn-2009-05-31-kl.06.32-02.01,29,data/processed/Tufted_Duck/Vigg-locklate-Myvatn-2009-05-31-kl.06.32-02.01_chunk029.wav,3.0,Vigg-locklate-Myvatn-2009-05-31-kl.06.32-02.01.mp3
Tufted_Duck,Vigg-locklate-Myvatn-2009-05-31-kl.06.32-02.01,30,data/processed/Tufted_Duck/Vigg-locklate-Myvatn-2009-05-31-kl.06.32-02.01_chunk030.wav,3.0,Vigg-locklate-Myvatn-2009-05-31-kl.06.32-02.01.mp3
Tufted_Duck,Vigg-locklate-Myvatn-2009-05-31-kl.06.32-02.01,31,data/processed/Tufted_Duck/Vigg-locklate-Myvatn-2009-05-31-kl.06.32-02.01_chunk031.wav,3.0,Vigg-locklate-Myvatn-2009-05-31-kl.06.32-02.01.mp3
Tufted_Duck,Vigg-locklate-Myvatn-2009-05-31-kl.06.32-02.01,32,data/processed/Tufted_Duck/Vigg-locklate-Myvatn-2009-05-31-kl.06.32-02.01_chunk032.wav,3.0,Vigg-locklate-Myvatn-2009-05-31-kl.06.32-02.01.mp3
Tufted_Duck,Vigg-locklate-Myvatn-2009-05-31-kl.06.32-02.01,33,data/processed/Tufted_Duck/Vigg-locklate-Myvatn-2009-05-31-kl.06.32-02.01_chunk033.wav,3.0,Vigg-locklate-Myvatn-2009-05-31-kl.06.32-02.01.mp3
Tufted_Duck,Vigg-locklate-Myvatn-2009-05-31-kl.06.32-02.01,34,data/processed/Tufted_Duck/Vigg-locklate-Myvatn-2009-05-31-kl.06.32-02.01_chunk034.wav,3.0,Vigg-locklate-Myvatn-2009-05-31-kl.06.32-02.01.mp3
Tufted_Duck,Vigg-locklate-Myvatn-2009-05-31-kl.06.32-02.01,35,data/processed/Tufted_Duck/Vigg-locklate-Myvatn-2009-05-31-kl.06.32-02.01_chunk035.wav,3.0,Vigg-locklate-Myvatn-2009-05-31-kl.06.32-02.01.mp3
Tufted_Duck,Vigg-locklate-Myvatn-2009-05-31-kl.06.32-02.01,36,data/processed/Tufted_Duck/Vigg-locklate-Myvatn-2009-05-31-kl.06.32-02.01_chunk036.wav,3.0,Vigg-locklate-Myvatn-2009-05-31-kl.06.32-02.01.mp3
Tufted_Duck,Vigg-locklate-Myvatn-2009-05-31-kl.06.32-02.01,37,data/processed/Tufted_Duck/Vigg-locklate-Myvatn-2009-05-31-kl.06.32-02.01_chunk037.wav,3.0,Vigg-locklate-Myvatn-2009-05-31-kl.06.32-02.01.mp3
Tufted_Duck,Vigg-locklate-Myvatn-2009-05-31-kl.06.32-02.01,38,data/processed/Tufted_Duck/Vigg-locklate-Myvatn-2009-05-31-kl.06.32-02.01_chunk038.wav,3.0,Vigg-locklate-Myvatn-2009-05-31-kl.06.32-02.01.mp3
Tufted_Duck,Vigg-locklate-Myvatn-2009-05-31-kl.06.32-02.01,39,data/processed/Tufted_Duck/Vigg-locklate-Myvatn-2009-05-31-kl.06.32-02.01_chunk039.wav,3.0,Vigg-locklate-Myvatn-2009-05-31-kl.06.32-02.01.mp3
Tufted_Duck,Vigg-locklate-Myvatn-2009-05-31-kl.06.32-02.01,40,data/processed/Tufted_Duck/Vigg-locklate-Myvatn-2009-05-31-kl.06.32-02.01_chunk040.wav,3.0,Vigg-locklate-Myvatn-2009-05-31-kl.06.32-02.01.mp3
Tufted_Duck,XC1085464-260306---kuifeend---Haaksbergerveen,0,data/processed/Tufted_Duck/XC1085464-260306---kuifeend---Haaksbergerveen_chunk000.wav,3.0,XC1085464-260306---kuifeend---Haaksbergerveen.wav
Tufted_Duck,XC1085464-260306---kuifeend---Haaksbergerveen,1,data/processed/Tufted_Duck/XC1085464-260306---kuifeend---Haaksbergerveen_chunk001.wav,3.0,XC1085464-260306---kuifeend---Haaksbergerveen.wav
Tufted_Duck,XC1085464-260306---kuifeend---Haaksbergerveen,2,data/processed/Tufted_Duck/XC1085464-260306---kuifeend---Haaksbergerveen_chunk002.wav,3.0,XC1085464-260306---kuifeend---Haaksbergerveen.wav
Tufted_Duck,XC1085464-260306---kuifeend---Haaksbergerveen,3,data/processed/Tufted_Duck/XC1085464-260306---kuifeend---Haaksbergerveen_chunk003.wav,3.0,XC1085464-260306---kuifeend---Haaksbergerveen.wav
Tufted_Duck,XC1085464-260306---kuifeend---Haaksbergerveen,4,data/processed/Tufted_Duck/XC1085464-260306---kuifeend---Haaksbergerveen_chunk004.wav,3.0,XC1085464-260306---kuifeend---Haaksbergerveen.wav
Tufted_Duck,XC1085464-260306---kuifeend---Haaksbergerveen,5,data/processed/Tufted_Duck/XC1085464-260306---kuifeend---Haaksbergerveen_chunk005.wav,3.0,XC1085464-260306---kuifeend---Haaksbergerveen.wav
Tufted_Duck,XC1085464-260306---kuifeend---Haaksbergerveen,6,data/processed/Tufted_Duck/XC1085464-260306---kuifeend---Haaksbergerveen_chunk006.wav,3.0,XC1085464-260306---kuifeend---Haaksbergerveen.wav
Tufted_Duck,"XC1132944-Tufted-Duck-call-female-very-good-2026-05-02-Walthamstow-Reservoirs,-London,-England_1251_Edited",0,"data/processed/Tufted_Duck/XC1132944-Tufted-Duck-call-female-very-good-2026-05-02-Walthamstow-Reservoirs,-London,-England_1251_Edited_chunk000.wav",3.0,"XC1132944-Tufted-Duck-call-female-very-good-2026-05-02-Walthamstow-Reservoirs,-London,-England_1251_Edited.wav"
Tufted_Duck,"XC1132944-Tufted-Duck-call-female-very-good-2026-05-02-Walthamstow-Reservoirs,-London,-England_1251_Edited",1,"data/processed/Tufted_Duck/XC1132944-Tufted-Duck-call-female-very-good-2026-05-02-Walthamstow-Reservoirs,-London,-England_1251_Edited_chunk001.wav",3.0,"XC1132944-Tufted-Duck-call-female-very-good-2026-05-02-Walthamstow-Reservoirs,-London,-England_1251_Edited.wav"
Tufted_Duck,"XC1132944-Tufted-Duck-call-female-very-good-2026-05-02-Walthamstow-Reservoirs,-London,-England_1251_Edited",2,"data/processed/Tufted_Duck/XC1132944-Tufted-Duck-call-female-very-good-2026-05-02-Walthamstow-Reservoirs,-London,-England_1251_Edited_chunk002.wav",3.0,"XC1132944-Tufted-Duck-call-female-very-good-2026-05-02-Walthamstow-Reservoirs,-London,-England_1251_Edited.wav"
Tufted_Duck,"XC1132944-Tufted-Duck-call-female-very-good-2026-05-02-Walthamstow-Reservoirs,-London,-England_1251_Edited",3,"data/processed/Tufted_Duck/XC1132944-Tufted-Duck-call-female-very-good-2026-05-02-Walthamstow-Reservoirs,-London,-England_1251_Edited_chunk003.wav",3.0,"XC1132944-Tufted-Duck-call-female-very-good-2026-05-02-Walthamstow-Reservoirs,-London,-England_1251_Edited.wav"
Tufted_Duck,"XC1132944-Tufted-Duck-call-female-very-good-2026-05-02-Walthamstow-Reservoirs,-London,-England_1251_Edited",4,"data/processed/Tufted_Duck/XC1132944-Tufted-Duck-call-female-very-good-2026-05-02-Walthamstow-Reservoirs,-London,-England_1251_Edited_chunk004.wav",3.0,"XC1132944-Tufted-Duck-call-female-very-good-2026-05-02-Walthamstow-Reservoirs,-London,-England_1251_Edited.wav"
Tufted_Duck,"XC1132944-Tufted-Duck-call-female-very-good-2026-05-02-Walthamstow-Reservoirs,-London,-England_1251_Edited",5,"data/processed/Tufted_Duck/XC1132944-Tufted-Duck-call-female-very-good-2026-05-02-Walthamstow-Reservoirs,-London,-England_1251_Edited_chunk005.wav",3.0,"XC1132944-Tufted-Duck-call-female-very-good-2026-05-02-Walthamstow-Reservoirs,-London,-England_1251_Edited.wav"
Tufted_Duck,"XC1132944-Tufted-Duck-call-female-very-good-2026-05-02-Walthamstow-Reservoirs,-London,-England_1251_Edited",6,"data/processed/Tufted_Duck/XC1132944-Tufted-Duck-call-female-very-good-2026-05-02-Walthamstow-Reservoirs,-London,-England_1251_Edited_chunk006.wav",3.0,"XC1132944-Tufted-Duck-call-female-very-good-2026-05-02-Walthamstow-Reservoirs,-London,-England_1251_Edited.wav"
Tufted_Duck,"XC1132944-Tufted-Duck-call-female-very-good-2026-05-02-Walthamstow-Reservoirs,-London,-England_1251_Edited",7,"data/processed/Tufted_Duck/XC1132944-Tufted-Duck-call-female-very-good-2026-05-02-Walthamstow-Reservoirs,-London,-England_1251_Edited_chunk007.wav",3.0,"XC1132944-Tufted-Duck-call-female-very-good-2026-05-02-Walthamstow-Reservoirs,-London,-England_1251_Edited.wav"
Tufted_Duck,"XC1132944-Tufted-Duck-call-female-very-good-2026-05-02-Walthamstow-Reservoirs,-London,-England_1251_Edited",8,"data/processed/Tufted_Duck/XC1132944-Tufted-Duck-call-female-very-good-2026-05-02-Walthamstow-Reservoirs,-London,-England_1251_Edited_chunk008.wav",3.0,"XC1132944-Tufted-Duck-call-female-very-good-2026-05-02-Walthamstow-Reservoirs,-London,-England_1251_Edited.wav"
Tufted_Duck,"XC1132944-Tufted-Duck-call-female-very-good-2026-05-02-Walthamstow-Reservoirs,-London,-England_1251_Edited",9,"data/processed/Tufted_Duck/XC1132944-Tufted-Duck-call-female-very-good-2026-05-02-Walthamstow-Reservoirs,-London,-England_1251_Edited_chunk009.wav",3.0,"XC1132944-Tufted-Duck-call-female-very-good-2026-05-02-Walthamstow-Reservoirs,-London,-England_1251_Edited.wav"
Tufted_Duck,"XC1132944-Tufted-Duck-call-female-very-good-2026-05-02-Walthamstow-Reservoirs,-London,-England_1251_Edited",10,"data/processed/Tufted_Duck/XC1132944-Tufted-Duck-call-female-very-good-2026-05-02-Walthamstow-Reservoirs,-London,-England_1251_Edited_chunk010.wav",3.0,"XC1132944-Tufted-Duck-call-female-very-good-2026-05-02-Walthamstow-Reservoirs,-London,-England_1251_Edited.wav"
Tufted_Duck,XC138103-130526-030toppand_ebekkSivspurv,0,data/processed/Tufted_Duck/XC138103-130526-030toppand_ebekkSivspurv_chunk000.wav,3.0,XC138103-130526-030toppand_ebekkSivspurv.mp3
Tufted_Duck,XC138103-130526-030toppand_ebekkSivspurv,1,data/processed/Tufted_Duck/XC138103-130526-030toppand_ebekkSivspurv_chunk001.wav,3.0,XC138103-130526-030toppand_ebekkSivspurv.mp3
Tufted_Duck,XC138103-130526-030toppand_ebekkSivspurv,2,data/processed/Tufted_Duck/XC138103-130526-030toppand_ebekkSivspurv_chunk002.wav,3.0,XC138103-130526-030toppand_ebekkSivspurv.mp3
Tufted_Duck,XC138103-130526-030toppand_ebekkSivspurv,3,data/processed/Tufted_Duck/XC138103-130526-030toppand_ebekkSivspurv_chunk003.wav,3.0,XC138103-130526-030toppand_ebekkSivspurv.mp3
Tufted_Duck,XC138103-130526-030toppand_ebekkSivspurv,4,data/processed/Tufted_Duck/XC138103-130526-030toppand_ebekkSivspurv_chunk004.wav,3.0,XC138103-130526-030toppand_ebekkSivspurv.mp3
Tufted_Duck,XC138103-130526-030toppand_ebekkSivspurv,5,data/processed/Tufted_Duck/XC138103-130526-030toppand_ebekkSivspurv_chunk005.wav,3.0,XC138103-130526-030toppand_ebekkSivspurv.mp3
Tufted_Duck,XC138103-130526-030toppand_ebekkSivspurv,6,data/processed/Tufted_Duck/XC138103-130526-030toppand_ebekkSivspurv_chunk006.wav,3.0,XC138103-130526-030toppand_ebekkSivspurv.mp3
Tufted_Duck,XC138103-130526-030toppand_ebekkSivspurv,7,data/processed/Tufted_Duck/XC138103-130526-030toppand_ebekkSivspurv_chunk007.wav,3.0,XC138103-130526-030toppand_ebekkSivspurv.mp3
Tufted_Duck,XC138103-130526-030toppand_ebekkSivspurv,8,data/processed/Tufted_Duck/XC138103-130526-030toppand_ebekkSivspurv_chunk008.wav,3.0,XC138103-130526-030toppand_ebekkSivspurv.mp3
Tufted_Duck,XC138103-130526-030toppand_ebekkSivspurv,9,data/processed/Tufted_Duck/XC138103-130526-030toppand_ebekkSivspurv_chunk009.wav,3.0,XC138103-130526-030toppand_ebekkSivspurv.mp3
Tufted_Duck,XC138103-130526-030toppand_ebekkSivspurv,10,data/processed/Tufted_Duck/XC138103-130526-030toppand_ebekkSivspurv_chunk010.wav,3.0,XC138103-130526-030toppand_ebekkSivspurv.mp3
Tufted_Duck,XC138253-1996060806,0,data/processed/Tufted_Duck/XC138253-1996060806_chunk000.wav,3.0,XC138253-1996060806 Aythya fuligula_F DEROUSSEN.mp3
Tufted_Duck,XC138253-1996060806,1,data/processed/Tufted_Duck/XC138253-1996060806_chunk001.wav,3.0,XC138253-1996060806 Aythya fuligula_F DEROUSSEN.mp3
Tufted_Duck,XC138253-1996060806,2,data/processed/Tufted_Duck/XC138253-1996060806_chunk002.wav,3.0,XC138253-1996060806 Aythya fuligula_F DEROUSSEN.mp3
Tufted_Duck,XC138253-1996060806,3,data/processed/Tufted_Duck/XC138253-1996060806_chunk003.wav,3.0,XC138253-1996060806 Aythya fuligula_F DEROUSSEN.mp3
Tufted_Duck,XC138253-1996060806,4,data/processed/Tufted_Duck/XC138253-1996060806_chunk004.wav,3.0,XC138253-1996060806 Aythya fuligula_F DEROUSSEN.mp3
Tufted_Duck,XC138253-1996060806,5,data/processed/Tufted_Duck/XC138253-1996060806_chunk005.wav,3.0,XC138253-1996060806 Aythya fuligula_F DEROUSSEN.mp3
Tufted_Duck,XC138253-1996060806,6,data/processed/Tufted_Duck/XC138253-1996060806_chunk006.wav,3.0,XC138253-1996060806 Aythya fuligula_F DEROUSSEN.mp3
Tufted_Duck,XC138253-1996060806,7,data/processed/Tufted_Duck/XC138253-1996060806_chunk007.wav,3.0,XC138253-1996060806 Aythya fuligula_F DEROUSSEN.mp3
Tufted_Duck,XC138253-1996060806,8,data/processed/Tufted_Duck/XC138253-1996060806_chunk008.wav,3.0,XC138253-1996060806 Aythya fuligula_F DEROUSSEN.mp3
Tufted_Duck,XC138253-1996060806,9,data/processed/Tufted_Duck/XC138253-1996060806_chunk009.wav,3.0,XC138253-1996060806 Aythya fuligula_F DEROUSSEN.mp3
Tufted_Duck,XC138253-1996060806,10,data/processed/Tufted_Duck/XC138253-1996060806_chunk010.wav,3.0,XC138253-1996060806 Aythya fuligula_F DEROUSSEN.mp3
Tufted_Duck,XC138253-1996060806,11,data/processed/Tufted_Duck/XC138253-1996060806_chunk011.wav,3.0,XC138253-1996060806 Aythya fuligula_F DEROUSSEN.mp3
Tufted_Duck,XC138253-1996060806,12,data/processed/Tufted_Duck/XC138253-1996060806_chunk012.wav,3.0,XC138253-1996060806 Aythya fuligula_F DEROUSSEN.mp3
Tufted_Duck,XC138253-1996060806,13,data/processed/Tufted_Duck/XC138253-1996060806_chunk013.wav,3.0,XC138253-1996060806 Aythya fuligula_F DEROUSSEN.mp3
Tufted_Duck,XC138253-1996060806,14,data/processed/Tufted_Duck/XC138253-1996060806_chunk014.wav,3.0,XC138253-1996060806 Aythya fuligula_F DEROUSSEN.mp3
Tufted_Duck,XC138253-1996060806,15,data/processed/Tufted_Duck/XC138253-1996060806_chunk015.wav,3.0,XC138253-1996060806 Aythya fuligula_F DEROUSSEN.mp3
Tufted_Duck,XC138253-1996060806,16,data/processed/Tufted_Duck/XC138253-1996060806_chunk016.wav,3.0,XC138253-1996060806 Aythya fuligula_F DEROUSSEN.mp3
Tufted_Duck,XC138253-1996060806,17,data/processed/Tufted_Duck/XC138253-1996060806_chunk017.wav,3.0,XC138253-1996060806 Aythya fuligula_F DEROUSSEN.mp3
Tufted_Duck,XC138253-1996060806,18,data/processed/Tufted_Duck/XC138253-1996060806_chunk018.wav,3.0,XC138253-1996060806 Aythya fuligula_F DEROUSSEN.mp3
Tufted_Duck,XC138253-1996060806,19,data/processed/Tufted_Duck/XC138253-1996060806_chunk019.wav,3.0,XC138253-1996060806 Aythya fuligula_F DEROUSSEN.mp3
Tufted_Duck,XC138253-1996060806,20,data/processed/Tufted_Duck/XC138253-1996060806_chunk020.wav,3.0,XC138253-1996060806 Aythya fuligula_F DEROUSSEN.mp3
Tufted_Duck,XC138253-1996060806,21,data/processed/Tufted_Duck/XC138253-1996060806_chunk021.wav,3.0,XC138253-1996060806 Aythya fuligula_F DEROUSSEN.mp3
Tufted_Duck,XC138253-1996060806,22,data/processed/Tufted_Duck/XC138253-1996060806_chunk022.wav,3.0,XC138253-1996060806 Aythya fuligula_F DEROUSSEN.mp3
Tufted_Duck,XC138253-1996060806,23,data/processed/Tufted_Duck/XC138253-1996060806_chunk023.wav,3.0,XC138253-1996060806 Aythya fuligula_F DEROUSSEN.mp3
Tufted_Duck,XC138253-1996060806,24,data/processed/Tufted_Duck/XC138253-1996060806_chunk024.wav,3.0,XC138253-1996060806 Aythya fuligula_F DEROUSSEN.mp3
Tufted_Duck,XC138253-1996060806,25,data/processed/Tufted_Duck/XC138253-1996060806_chunk025.wav,3.0,XC138253-1996060806 Aythya fuligula_F DEROUSSEN.mp3
Tufted_Duck,XC138253-1996060806,26,data/processed/Tufted_Duck/XC138253-1996060806_chunk026.wav,3.0,XC138253-1996060806 Aythya fuligula_F DEROUSSEN.mp3
Tufted_Duck,XC244007-toppand-0517_115755,0,data/processed/Tufted_Duck/XC244007-toppand-0517_115755_chunk000.wav,3.0,XC244007-toppand-0517_115755.mp3
Tufted_Duck,XC244007-toppand-0517_115755,1,data/processed/Tufted_Duck/XC244007-toppand-0517_115755_chunk001.wav,3.0,XC244007-toppand-0517_115755.mp3
Tufted_Duck,XC244007-toppand-0517_115755,2,data/processed/Tufted_Duck/XC244007-toppand-0517_115755_chunk002.wav,3.0,XC244007-toppand-0517_115755.mp3
Tufted_Duck,XC244007-toppand-0517_115755,3,data/processed/Tufted_Duck/XC244007-toppand-0517_115755_chunk003.wav,3.0,XC244007-toppand-0517_115755.mp3
Tufted_Duck,XC244007-toppand-0517_115755,4,data/processed/Tufted_Duck/XC244007-toppand-0517_115755_chunk004.wav,3.0,XC244007-toppand-0517_115755.mp3
Tufted_Duck,XC244007-toppand-0517_115755,5,data/processed/Tufted_Duck/XC244007-toppand-0517_115755_chunk005.wav,3.0,XC244007-toppand-0517_115755.mp3
Tufted_Duck,XC244007-toppand-0517_115755,6,data/processed/Tufted_Duck/XC244007-toppand-0517_115755_chunk006.wav,3.0,XC244007-toppand-0517_115755.mp3
Tufted_Duck,XC244007-toppand-0517_115755,7,data/processed/Tufted_Duck/XC244007-toppand-0517_115755_chunk007.wav,3.0,XC244007-toppand-0517_115755.mp3
Tufted_Duck,XC244007-toppand-0517_115755,8,data/processed/Tufted_Duck/XC244007-toppand-0517_115755_chunk008.wav,3.0,XC244007-toppand-0517_115755.mp3
Tufted_Duck,XC244007-toppand-0517_115755,9,data/processed/Tufted_Duck/XC244007-toppand-0517_115755_chunk009.wav,3.0,XC244007-toppand-0517_115755.mp3
Tufted_Duck,XC244007-toppand-0517_115755,10,data/processed/Tufted_Duck/XC244007-toppand-0517_115755_chunk010.wav,3.0,XC244007-toppand-0517_115755.mp3
Tufted_Duck,XC244007-toppand-0517_115755,11,data/processed/Tufted_Duck/XC244007-toppand-0517_115755_chunk011.wav,3.0,XC244007-toppand-0517_115755.mp3
Tufted_Duck,XC244007-toppand-0517_115755,12,data/processed/Tufted_Duck/XC244007-toppand-0517_115755_chunk012.wav,3.0,XC244007-toppand-0517_115755.mp3
Tufted_Duck,XC246677-Czernica_Aythia_fuligula_Poland_Jarek_Matusiak_20150314_34,0,data/processed/Tufted_Duck/XC246677-Czernica_Aythia_fuligula_Poland_Jarek_Matusiak_20150314_34_chunk000.wav,3.0,XC246677-Czernica_Aythia_fuligula_Poland_Jarek_Matusiak_20150314_34.mp3
Tufted_Duck,XC246677-Czernica_Aythia_fuligula_Poland_Jarek_Matusiak_20150314_34,1,data/processed/Tufted_Duck/XC246677-Czernica_Aythia_fuligula_Poland_Jarek_Matusiak_20150314_34_chunk001.wav,3.0,XC246677-Czernica_Aythia_fuligula_Poland_Jarek_Matusiak_20150314_34.mp3
Tufted_Duck,XC246677-Czernica_Aythia_fuligula_Poland_Jarek_Matusiak_20150314_34,2,data/processed/Tufted_Duck/XC246677-Czernica_Aythia_fuligula_Poland_Jarek_Matusiak_20150314_34_chunk002.wav,3.0,XC246677-Czernica_Aythia_fuligula_Poland_Jarek_Matusiak_20150314_34.mp3
Tufted_Duck,XC246677-Czernica_Aythia_fuligula_Poland_Jarek_Matusiak_20150314_34,3,data/processed/Tufted_Duck/XC246677-Czernica_Aythia_fuligula_Poland_Jarek_Matusiak_20150314_34_chunk003.wav,3.0,XC246677-Czernica_Aythia_fuligula_Poland_Jarek_Matusiak_20150314_34.mp3
Tufted_Duck,XC246677-Czernica_Aythia_fuligula_Poland_Jarek_Matusiak_20150314_34,4,data/processed/Tufted_Duck/XC246677-Czernica_Aythia_fuligula_Poland_Jarek_Matusiak_20150314_34_chunk004.wav,3.0,XC246677-Czernica_Aythia_fuligula_Poland_Jarek_Matusiak_20150314_34.mp3
Tufted_Duck,XC246677-Czernica_Aythia_fuligula_Poland_Jarek_Matusiak_20150314_34,5,data/processed/Tufted_Duck/XC246677-Czernica_Aythia_fuligula_Poland_Jarek_Matusiak_20150314_34_chunk005.wav,3.0,XC246677-Czernica_Aythia_fuligula_Poland_Jarek_Matusiak_20150314_34.mp3
Tufted_Duck,XC246677-Czernica_Aythia_fuligula_Poland_Jarek_Matusiak_20150314_34,6,data/processed/Tufted_Duck/XC246677-Czernica_Aythia_fuligula_Poland_Jarek_Matusiak_20150314_34_chunk006.wav,3.0,XC246677-Czernica_Aythia_fuligula_Poland_Jarek_Matusiak_20150314_34.mp3
Tufted_Duck,XC246677-Czernica_Aythia_fuligula_Poland_Jarek_Matusiak_20150314_34,7,data/processed/Tufted_Duck/XC246677-Czernica_Aythia_fuligula_Poland_Jarek_Matusiak_20150314_34_chunk007.wav,3.0,XC246677-Czernica_Aythia_fuligula_Poland_Jarek_Matusiak_20150314_34.mp3
Tufted_Duck,XC246677-Czernica_Aythia_fuligula_Poland_Jarek_Matusiak_20150314_34,8,data/processed/Tufted_Duck/XC246677-Czernica_Aythia_fuligula_Poland_Jarek_Matusiak_20150314_34_chunk008.wav,3.0,XC246677-Czernica_Aythia_fuligula_Poland_Jarek_Matusiak_20150314_34.mp3
Tufted_Duck,XC246677-Czernica_Aythia_fuligula_Poland_Jarek_Matusiak_20150314_34,9,data/processed/Tufted_Duck/XC246677-Czernica_Aythia_fuligula_Poland_Jarek_Matusiak_20150314_34_chunk009.wav,3.0,XC246677-Czernica_Aythia_fuligula_Poland_Jarek_Matusiak_20150314_34.mp3
Tufted_Duck,XC246677-Czernica_Aythia_fuligula_Poland_Jarek_Matusiak_20150314_34,10,data/processed/Tufted_Duck/XC246677-Czernica_Aythia_fuligula_Poland_Jarek_Matusiak_20150314_34_chunk010.wav,3.0,XC246677-Czernica_Aythia_fuligula_Poland_Jarek_Matusiak_20150314_34.mp3
Tufted_Duck,XC246677-Czernica_Aythia_fuligula_Poland_Jarek_Matusiak_20150314_34,11,data/processed/Tufted_Duck/XC246677-Czernica_Aythia_fuligula_Poland_Jarek_Matusiak_20150314_34_chunk011.wav,3.0,XC246677-Czernica_Aythia_fuligula_Poland_Jarek_Matusiak_20150314_34.mp3
Tufted_Duck,XC246677-Czernica_Aythia_fuligula_Poland_Jarek_Matusiak_20150314_34,12,data/processed/Tufted_Duck/XC246677-Czernica_Aythia_fuligula_Poland_Jarek_Matusiak_20150314_34_chunk012.wav,3.0,XC246677-Czernica_Aythia_fuligula_Poland_Jarek_Matusiak_20150314_34.mp3
Tufted_Duck,XC246677-Czernica_Aythia_fuligula_Poland_Jarek_Matusiak_20150314_34,13,data/processed/Tufted_Duck/XC246677-Czernica_Aythia_fuligula_Poland_Jarek_Matusiak_20150314_34_chunk013.wav,3.0,XC246677-Czernica_Aythia_fuligula_Poland_Jarek_Matusiak_20150314_34.mp3
Tufted_Duck,XC246677-Czernica_Aythia_fuligula_Poland_Jarek_Matusiak_20150314_34,14,data/processed/Tufted_Duck/XC246677-Czernica_Aythia_fuligula_Poland_Jarek_Matusiak_20150314_34_chunk014.wav,3.0,XC246677-Czernica_Aythia_fuligula_Poland_Jarek_Matusiak_20150314_34.mp3
Tufted_Duck,XC251919-T06,0,data/processed/Tufted_Duck/XC251919-T06_chunk000.wav,3.0,XC251919-T06.mp3
Tufted_Duck,XC251919-T06,1,data/processed/Tufted_Duck/XC251919-T06_chunk001.wav,3.0,XC251919-T06.mp3
Tufted_Duck,XC251919-T06,2,data/processed/Tufted_Duck/XC251919-T06_chunk002.wav,3.0,XC251919-T06.mp3
Tufted_Duck,XC251919-T06,3,data/processed/Tufted_Duck/XC251919-T06_chunk003.wav,3.0,XC251919-T06.mp3
Tufted_Duck,XC251919-T06,4,data/processed/Tufted_Duck/XC251919-T06_chunk004.wav,3.0,XC251919-T06.mp3
Tufted_Duck,XC251919-T06,5,data/processed/Tufted_Duck/XC251919-T06_chunk005.wav,3.0,XC251919-T06.mp3
Tufted_Duck,XC251919-T06,6,data/processed/Tufted_Duck/XC251919-T06_chunk006.wav,3.0,XC251919-T06.mp3
Tufted_Duck,XC251919-T06,7,data/processed/Tufted_Duck/XC251919-T06_chunk007.wav,3.0,XC251919-T06.mp3
Tufted_Duck,XC251919-T06,8,data/processed/Tufted_Duck/XC251919-T06_chunk008.wav,3.0,XC251919-T06.mp3
Tufted_Duck,XC251919-T06,9,data/processed/Tufted_Duck/XC251919-T06_chunk009.wav,3.0,XC251919-T06.mp3
Tufted_Duck,XC251919-T06,10,data/processed/Tufted_Duck/XC251919-T06_chunk010.wav,3.0,XC251919-T06.mp3
Tufted_Duck,XC251919-T06,11,data/processed/Tufted_Duck/XC251919-T06_chunk011.wav,3.0,XC251919-T06.mp3
Tufted_Duck,XC251919-T06,12,data/processed/Tufted_Duck/XC251919-T06_chunk012.wav,3.0,XC251919-T06.mp3
Tufted_Duck,XC303149-Kuifeenden,0,data/processed/Tufted_Duck/XC303149-Kuifeenden_chunk000.wav,3.0,"XC303149-Kuifeenden bij Dijkgatsweide, NH 150116.mp3"
Tufted_Duck,XC303149-Kuifeenden,1,data/processed/Tufted_Duck/XC303149-Kuifeenden_chunk001.wav,3.0,"XC303149-Kuifeenden bij Dijkgatsweide, NH 150116.mp3"
Tufted_Duck,XC303149-Kuifeenden,2,data/processed/Tufted_Duck/XC303149-Kuifeenden_chunk002.wav,3.0,"XC303149-Kuifeenden bij Dijkgatsweide, NH 150116.mp3"
Tufted_Duck,XC303149-Kuifeenden,3,data/processed/Tufted_Duck/XC303149-Kuifeenden_chunk003.wav,3.0,"XC303149-Kuifeenden bij Dijkgatsweide, NH 150116.mp3"
Tufted_Duck,XC303149-Kuifeenden,4,data/processed/Tufted_Duck/XC303149-Kuifeenden_chunk004.wav,3.0,"XC303149-Kuifeenden bij Dijkgatsweide, NH 150116.mp3"
Tufted_Duck,XC303149-Kuifeenden,5,data/processed/Tufted_Duck/XC303149-Kuifeenden_chunk005.wav,3.0,"XC303149-Kuifeenden bij Dijkgatsweide, NH 150116.mp3"
Tufted_Duck,XC303149-Kuifeenden,6,data/processed/Tufted_Duck/XC303149-Kuifeenden_chunk006.wav,3.0,"XC303149-Kuifeenden bij Dijkgatsweide, NH 150116.mp3"
Tufted_Duck,XC303149-Kuifeenden,7,data/processed/Tufted_Duck/XC303149-Kuifeenden_chunk007.wav,3.0,"XC303149-Kuifeenden bij Dijkgatsweide, NH 150116.mp3"
Tufted_Duck,XC303149-Kuifeenden,8,data/processed/Tufted_Duck/XC303149-Kuifeenden_chunk008.wav,3.0,"XC303149-Kuifeenden bij Dijkgatsweide, NH 150116.mp3"
Tufted_Duck,XC303149-Kuifeenden,9,data/processed/Tufted_Duck/XC303149-Kuifeenden_chunk009.wav,3.0,"XC303149-Kuifeenden bij Dijkgatsweide, NH 150116.mp3"
Tufted_Duck,XC303149-Kuifeenden,10,data/processed/Tufted_Duck/XC303149-Kuifeenden_chunk010.wav,3.0,"XC303149-Kuifeenden bij Dijkgatsweide, NH 150116.mp3"
Tufted_Duck,XC303149-Kuifeenden,11,data/processed/Tufted_Duck/XC303149-Kuifeenden_chunk011.wav,3.0,"XC303149-Kuifeenden bij Dijkgatsweide, NH 150116.mp3"
Tufted_Duck,XC303149-Kuifeenden,12,data/processed/Tufted_Duck/XC303149-Kuifeenden_chunk012.wav,3.0,"XC303149-Kuifeenden bij Dijkgatsweide, NH 150116.mp3"
Tufted_Duck,XC303149-Kuifeenden,13,data/processed/Tufted_Duck/XC303149-Kuifeenden_chunk013.wav,3.0,"XC303149-Kuifeenden bij Dijkgatsweide, NH 150116.mp3"
Tufted_Duck,XC303149-Kuifeenden,14,data/processed/Tufted_Duck/XC303149-Kuifeenden_chunk014.wav,3.0,"XC303149-Kuifeenden bij Dijkgatsweide, NH 150116.mp3"
Tufted_Duck,XC303149-Kuifeenden,15,data/processed/Tufted_Duck/XC303149-Kuifeenden_chunk015.wav,3.0,"XC303149-Kuifeenden bij Dijkgatsweide, NH 150116.mp3"
Tufted_Duck,XC303149-Kuifeenden,16,data/processed/Tufted_Duck/XC303149-Kuifeenden_chunk016.wav,3.0,"XC303149-Kuifeenden bij Dijkgatsweide, NH 150116.mp3"
Tufted_Duck,XC361992-kuifeend,0,data/processed/Tufted_Duck/XC361992-kuifeend_chunk000.wav,3.0,XC361992-kuifeend.mp3
Tufted_Duck,XC361992-kuifeend,1,data/processed/Tufted_Duck/XC361992-kuifeend_chunk001.wav,3.0,XC361992-kuifeend.mp3
Tufted_Duck,XC361992-kuifeend,2,data/processed/Tufted_Duck/XC361992-kuifeend_chunk002.wav,3.0,XC361992-kuifeend.mp3
Tufted_Duck,XC361992-kuifeend,3,data/processed/Tufted_Duck/XC361992-kuifeend_chunk003.wav,3.0,XC361992-kuifeend.mp3
Tufted_Duck,XC361992-kuifeend,4,data/processed/Tufted_Duck/XC361992-kuifeend_chunk004.wav,3.0,XC361992-kuifeend.mp3
Tufted_Duck,XC361992-kuifeend,5,data/processed/Tufted_Duck/XC361992-kuifeend_chunk005.wav,3.0,XC361992-kuifeend.mp3
Tufted_Duck,XC361992-kuifeend,6,data/processed/Tufted_Duck/XC361992-kuifeend_chunk006.wav,3.0,XC361992-kuifeend.mp3
Tufted_Duck,XC361992-kuifeend,7,data/processed/Tufted_Duck/XC361992-kuifeend_chunk007.wav,3.0,XC361992-kuifeend.mp3
Tufted_Duck,XC361992-kuifeend,8,data/processed/Tufted_Duck/XC361992-kuifeend_chunk008.wav,3.0,XC361992-kuifeend.mp3
Tufted_Duck,XC361992-kuifeend,9,data/processed/Tufted_Duck/XC361992-kuifeend_chunk009.wav,3.0,XC361992-kuifeend.mp3
Tufted_Duck,XC361992-kuifeend,10,data/processed/Tufted_Duck/XC361992-kuifeend_chunk010.wav,3.0,XC361992-kuifeend.mp3
Tufted_Duck,XC361992-kuifeend,11,data/processed/Tufted_Duck/XC361992-kuifeend_chunk011.wav,3.0,XC361992-kuifeend.mp3
Tufted_Duck,XC361992-kuifeend,12,data/processed/Tufted_Duck/XC361992-kuifeend_chunk012.wav,3.0,XC361992-kuifeend.mp3
Tufted_Duck,XC361992-kuifeend,13,data/processed/Tufted_Duck/XC361992-kuifeend_chunk013.wav,3.0,XC361992-kuifeend.mp3
Tufted_Duck,XC361992-kuifeend,14,data/processed/Tufted_Duck/XC361992-kuifeend_chunk014.wav,3.0,XC361992-kuifeend.mp3
Tufted_Duck,XC361992-kuifeend,15,data/processed/Tufted_Duck/XC361992-kuifeend_chunk015.wav,3.0,XC361992-kuifeend.mp3
Tufted_Duck,XC361992-kuifeend,16,data/processed/Tufted_Duck/XC361992-kuifeend_chunk016.wav,3.0,XC361992-kuifeend.mp3
Tufted_Duck,XC361992-kuifeend,17,data/processed/Tufted_Duck/XC361992-kuifeend_chunk017.wav,3.0,XC361992-kuifeend.mp3
Tufted_Duck,XC361992-kuifeend,18,data/processed/Tufted_Duck/XC361992-kuifeend_chunk018.wav,3.0,XC361992-kuifeend.mp3
Tufted_Duck,XC361992-kuifeend,19,data/processed/Tufted_Duck/XC361992-kuifeend_chunk019.wav,3.0,XC361992-kuifeend.mp3
Tufted_Duck,XC361992-kuifeend,20,data/processed/Tufted_Duck/XC361992-kuifeend_chunk020.wav,3.0,XC361992-kuifeend.mp3
Tufted_Duck,XC361992-kuifeend,21,data/processed/Tufted_Duck/XC361992-kuifeend_chunk021.wav,3.0,XC361992-kuifeend.mp3
Tufted_Duck,XC361992-kuifeend,22,data/processed/Tufted_Duck/XC361992-kuifeend_chunk022.wav,3.0,XC361992-kuifeend.mp3
Tufted_Duck,XC361992-kuifeend,23,data/processed/Tufted_Duck/XC361992-kuifeend_chunk023.wav,3.0,XC361992-kuifeend.mp3
Tufted_Duck,XC361992-kuifeend,24,data/processed/Tufted_Duck/XC361992-kuifeend_chunk024.wav,3.0,XC361992-kuifeend.mp3
Tufted_Duck,XC361992-kuifeend,25,data/processed/Tufted_Duck/XC361992-kuifeend_chunk025.wav,3.0,XC361992-kuifeend.mp3
Tufted_Duck,XC361992-kuifeend,26,data/processed/Tufted_Duck/XC361992-kuifeend_chunk026.wav,3.0,XC361992-kuifeend.mp3
Tufted_Duck,XC361992-kuifeend,27,data/processed/Tufted_Duck/XC361992-kuifeend_chunk027.wav,3.0,XC361992-kuifeend.mp3
Tufted_Duck,XC361992-kuifeend,28,data/processed/Tufted_Duck/XC361992-kuifeend_chunk028.wav,3.0,XC361992-kuifeend.mp3
Tufted_Duck,XC361992-kuifeend,29,data/processed/Tufted_Duck/XC361992-kuifeend_chunk029.wav,3.0,XC361992-kuifeend.mp3
Tufted_Duck,XC361992-kuifeend,30,data/processed/Tufted_Duck/XC361992-kuifeend_chunk030.wav,3.0,XC361992-kuifeend.mp3
Tufted_Duck,XC361992-kuifeend,31,data/processed/Tufted_Duck/XC361992-kuifeend_chunk031.wav,3.0,XC361992-kuifeend.mp3
Tufted_Duck,XC361992-kuifeend,32,data/processed/Tufted_Duck/XC361992-kuifeend_chunk032.wav,3.0,XC361992-kuifeend.mp3
Tufted_Duck,XC361992-kuifeend,33,data/processed/Tufted_Duck/XC361992-kuifeend_chunk033.wav,3.0,XC361992-kuifeend.mp3
Tufted_Duck,XC361992-kuifeend,34,data/processed/Tufted_Duck/XC361992-kuifeend_chunk034.wav,3.0,XC361992-kuifeend.mp3
Tufted_Duck,XC361992-kuifeend,35,data/processed/Tufted_Duck/XC361992-kuifeend_chunk035.wav,3.0,XC361992-kuifeend.mp3
Tufted_Duck,XC361992-kuifeend,36,data/processed/Tufted_Duck/XC361992-kuifeend_chunk036.wav,3.0,XC361992-kuifeend.mp3
Tufted_Duck,XC361992-kuifeend,37,data/processed/Tufted_Duck/XC361992-kuifeend_chunk037.wav,3.0,XC361992-kuifeend.mp3
Tufted_Duck,XC361992-kuifeend,38,data/processed/Tufted_Duck/XC361992-kuifeend_chunk038.wav,3.0,XC361992-kuifeend.mp3
Tufted_Duck,XC361992-kuifeend,39,data/processed/Tufted_Duck/XC361992-kuifeend_chunk039.wav,3.0,XC361992-kuifeend.mp3
Tufted_Duck,XC361992-kuifeend,40,data/processed/Tufted_Duck/XC361992-kuifeend_chunk040.wav,3.0,XC361992-kuifeend.mp3
Tufted_Duck,"XC417298-Tafeleend,",0,"data/processed/Tufted_Duck/XC417298-Tafeleend,_chunk000.wav",3.0,"XC417298-Tafeleend, man, nachtroep, Waterrijk-oost, 270518, 0423 uur.mp3"
Tufted_Duck,"XC417298-Tafeleend,",1,"data/processed/Tufted_Duck/XC417298-Tafeleend,_chunk001.wav",3.0,"XC417298-Tafeleend, man, nachtroep, Waterrijk-oost, 270518, 0423 uur.mp3"
Tufted_Duck,"XC417298-Tafeleend,",2,"data/processed/Tufted_Duck/XC417298-Tafeleend,_chunk002.wav",3.0,"XC417298-Tafeleend, man, nachtroep, Waterrijk-oost, 270518, 0423 uur.mp3"
Tufted_Duck,"XC417298-Tafeleend,",3,"data/processed/Tufted_Duck/XC417298-Tafeleend,_chunk003.wav",3.0,"XC417298-Tafeleend, man, nachtroep, Waterrijk-oost, 270518, 0423 uur.mp3"
Tufted_Duck,"XC417298-Tafeleend,",4,"data/processed/Tufted_Duck/XC417298-Tafeleend,_chunk004.wav",3.0,"XC417298-Tafeleend, man, nachtroep, Waterrijk-oost, 270518, 0423 uur.mp3"
Tufted_Duck,"XC417298-Tafeleend,",5,"data/processed/Tufted_Duck/XC417298-Tafeleend,_chunk005.wav",3.0,"XC417298-Tafeleend, man, nachtroep, Waterrijk-oost, 270518, 0423 uur.mp3"
Tufted_Duck,XC432750-2018-07-19,0,data/processed/Tufted_Duck/XC432750-2018-07-19_chunk000.wav,3.0,XC432750-2018-07-19 Reykholar - Brajanslaekur - Latrabajarg 180719 Fuligule morillon grunt femelle (2).mp3
Tufted_Duck,XC432750-2018-07-19,1,data/processed/Tufted_Duck/XC432750-2018-07-19_chunk001.wav,3.0,XC432750-2018-07-19 Reykholar - Brajanslaekur - Latrabajarg 180719 Fuligule morillon grunt femelle (2).mp3
Tufted_Duck,XC432750-2018-07-19,2,data/processed/Tufted_Duck/XC432750-2018-07-19_chunk002.wav,3.0,XC432750-2018-07-19 Reykholar - Brajanslaekur - Latrabajarg 180719 Fuligule morillon grunt femelle (2).mp3
Tufted_Duck,XC432750-2018-07-19,3,data/processed/Tufted_Duck/XC432750-2018-07-19_chunk003.wav,3.0,XC432750-2018-07-19 Reykholar - Brajanslaekur - Latrabajarg 180719 Fuligule morillon grunt femelle (2).mp3
Tufted_Duck,XC432750-2018-07-19,4,data/processed/Tufted_Duck/XC432750-2018-07-19_chunk004.wav,3.0,XC432750-2018-07-19 Reykholar - Brajanslaekur - Latrabajarg 180719 Fuligule morillon grunt femelle (2).mp3
Tufted_Duck,XC432750-2018-07-19,5,data/processed/Tufted_Duck/XC432750-2018-07-19_chunk005.wav,3.0,XC432750-2018-07-19 Reykholar - Brajanslaekur - Latrabajarg 180719 Fuligule morillon grunt femelle (2).mp3
Tufted_Duck,XC432750-2018-07-19,6,data/processed/Tufted_Duck/XC432750-2018-07-19_chunk006.wav,3.0,XC432750-2018-07-19 Reykholar - Brajanslaekur - Latrabajarg 180719 Fuligule morillon grunt femelle (2).mp3
Tufted_Duck,XC432750-2018-07-19,7,data/processed/Tufted_Duck/XC432750-2018-07-19_chunk007.wav,3.0,XC432750-2018-07-19 Reykholar - Brajanslaekur - Latrabajarg 180719 Fuligule morillon grunt femelle (2).mp3
Tufted_Duck,XC432750-2018-07-19,8,data/processed/Tufted_Duck/XC432750-2018-07-19_chunk008.wav,3.0,XC432750-2018-07-19 Reykholar - Brajanslaekur - Latrabajarg 180719 Fuligule morillon grunt femelle (2).mp3
Tufted_Duck,XC432750-2018-07-19,9,data/processed/Tufted_Duck/XC432750-2018-07-19_chunk009.wav,3.0,XC432750-2018-07-19 Reykholar - Brajanslaekur - Latrabajarg 180719 Fuligule morillon grunt femelle (2).mp3
Tufted_Duck,XC432750-2018-07-19,10,data/processed/Tufted_Duck/XC432750-2018-07-19_chunk010.wav,3.0,XC432750-2018-07-19 Reykholar - Brajanslaekur - Latrabajarg 180719 Fuligule morillon grunt femelle (2).mp3
Tufted_Duck,XC432750-2018-07-19,11,data/processed/Tufted_Duck/XC432750-2018-07-19_chunk011.wav,3.0,XC432750-2018-07-19 Reykholar - Brajanslaekur - Latrabajarg 180719 Fuligule morillon grunt femelle (2).mp3
Tufted_Duck,XC432750-2018-07-19,12,data/processed/Tufted_Duck/XC432750-2018-07-19_chunk012.wav,3.0,XC432750-2018-07-19 Reykholar - Brajanslaekur - Latrabajarg 180719 Fuligule morillon grunt femelle (2).mp3
Tufted_Duck,XC432750-2018-07-19,13,data/processed/Tufted_Duck/XC432750-2018-07-19_chunk013.wav,3.0,XC432750-2018-07-19 Reykholar - Brajanslaekur - Latrabajarg 180719 Fuligule morillon grunt femelle (2).mp3
Tufted_Duck,XC432750-2018-07-19,14,data/processed/Tufted_Duck/XC432750-2018-07-19_chunk014.wav,3.0,XC432750-2018-07-19 Reykholar - Brajanslaekur - Latrabajarg 180719 Fuligule morillon grunt femelle (2).mp3
Tufted_Duck,XC432750-2018-07-19,15,data/processed/Tufted_Duck/XC432750-2018-07-19_chunk015.wav,3.0,XC432750-2018-07-19 Reykholar - Brajanslaekur - Latrabajarg 180719 Fuligule morillon grunt femelle (2).mp3
Tufted_Duck,XC432750-2018-07-19,16,data/processed/Tufted_Duck/XC432750-2018-07-19_chunk016.wav,3.0,XC432750-2018-07-19 Reykholar - Brajanslaekur - Latrabajarg 180719 Fuligule morillon grunt femelle (2).mp3
Tufted_Duck,XC432750-2018-07-19,17,data/processed/Tufted_Duck/XC432750-2018-07-19_chunk017.wav,3.0,XC432750-2018-07-19 Reykholar - Brajanslaekur - Latrabajarg 180719 Fuligule morillon grunt femelle (2).mp3
Tufted_Duck,XC432750-2018-07-19,18,data/processed/Tufted_Duck/XC432750-2018-07-19_chunk018.wav,3.0,XC432750-2018-07-19 Reykholar - Brajanslaekur - Latrabajarg 180719 Fuligule morillon grunt femelle (2).mp3
Tufted_Duck,"XC548762-Kuifeend,",0,"data/processed/Tufted_Duck/XC548762-Kuifeend,_chunk000.wav",3.0,"XC548762-Kuifeend, flight call, 011219, 0119 uur.mp3"
Tufted_Duck,"XC548762-Kuifeend,",1,"data/processed/Tufted_Duck/XC548762-Kuifeend,_chunk001.wav",3.0,"XC548762-Kuifeend, flight call, 011219, 0119 uur.mp3"
Tufted_Duck,"XC548762-Kuifeend,",2,"data/processed/Tufted_Duck/XC548762-Kuifeend,_chunk002.wav",3.0,"XC548762-Kuifeend, flight call, 011219, 0119 uur.mp3"
Tufted_Duck,"XC548762-Kuifeend,",3,"data/processed/Tufted_Duck/XC548762-Kuifeend,_chunk003.wav",3.0,"XC548762-Kuifeend, flight call, 011219, 0119 uur.mp3"
Tufted_Duck,"XC548762-Kuifeend,",4,"data/processed/Tufted_Duck/XC548762-Kuifeend,_chunk004.wav",3.0,"XC548762-Kuifeend, flight call, 011219, 0119 uur.mp3"
Tufted_Duck,"XC548762-Kuifeend,",5,"data/processed/Tufted_Duck/XC548762-Kuifeend,_chunk005.wav",3.0,"XC548762-Kuifeend, flight call, 011219, 0119 uur.mp3"
Tufted_Duck,"XC548762-Kuifeend,",6,"data/processed/Tufted_Duck/XC548762-Kuifeend,_chunk006.wav",3.0,"XC548762-Kuifeend, flight call, 011219, 0119 uur.mp3"
Tufted_Duck,"XC548762-Kuifeend,",7,"data/processed/Tufted_Duck/XC548762-Kuifeend,_chunk007.wav",3.0,"XC548762-Kuifeend, flight call, 011219, 0119 uur.mp3"
Tufted_Duck,"XC548762-Kuifeend,",8,"data/processed/Tufted_Duck/XC548762-Kuifeend,_chunk008.wav",3.0,"XC548762-Kuifeend, flight call, 011219, 0119 uur.mp3"
Tufted_Duck,"XC548762-Kuifeend,",9,"data/processed/Tufted_Duck/XC548762-Kuifeend,_chunk009.wav",3.0,"XC548762-Kuifeend, flight call, 011219, 0119 uur.mp3"
Tufted_Duck,"XC548762-Kuifeend,",10,"data/processed/Tufted_Duck/XC548762-Kuifeend,_chunk010.wav",3.0,"XC548762-Kuifeend, flight call, 011219, 0119 uur.mp3"
Tufted_Duck,"XC548762-Kuifeend,",11,"data/processed/Tufted_Duck/XC548762-Kuifeend,_chunk011.wav",3.0,"XC548762-Kuifeend, flight call, 011219, 0119 uur.mp3"
Tufted_Duck,"XC548762-Kuifeend,",12,"data/processed/Tufted_Duck/XC548762-Kuifeend,_chunk012.wav",3.0,"XC548762-Kuifeend, flight call, 011219, 0119 uur.mp3"
Tufted_Duck,"XC548762-Kuifeend,",13,"data/processed/Tufted_Duck/XC548762-Kuifeend,_chunk013.wav",3.0,"XC548762-Kuifeend, flight call, 011219, 0119 uur.mp3"
Tufted_Duck,"XC548762-Kuifeend,",14,"data/processed/Tufted_Duck/XC548762-Kuifeend,_chunk014.wav",3.0,"XC548762-Kuifeend, flight call, 011219, 0119 uur.mp3"
Tufted_Duck,"XC548762-Kuifeend,",15,"data/processed/Tufted_Duck/XC548762-Kuifeend,_chunk015.wav",3.0,"XC548762-Kuifeend, flight call, 011219, 0119 uur.mp3"
Tufted_Duck,"XC548762-Kuifeend,",16,"data/processed/Tufted_Duck/XC548762-Kuifeend,_chunk016.wav",3.0,"XC548762-Kuifeend, flight call, 011219, 0119 uur.mp3"
Tufted_Duck,"XC548762-Kuifeend,",17,"data/processed/Tufted_Duck/XC548762-Kuifeend,_chunk017.wav",3.0,"XC548762-Kuifeend, flight call, 011219, 0119 uur.mp3"
Tufted_Duck,XC590631-TD-D04,0,data/processed/Tufted_Duck/XC590631-TD-D04_chunk000.wav,3.0,XC590631-TD-D04.mp3
Tufted_Duck,XC590631-TD-D04,1,data/processed/Tufted_Duck/XC590631-TD-D04_chunk001.wav,3.0,XC590631-TD-D04.mp3
Tufted_Duck,XC590631-TD-D04,2,data/processed/Tufted_Duck/XC590631-TD-D04_chunk002.wav,3.0,XC590631-TD-D04.mp3
Tufted_Duck,XC590631-TD-D04,3,data/processed/Tufted_Duck/XC590631-TD-D04_chunk003.wav,3.0,XC590631-TD-D04.mp3
Tufted_Duck,XC590631-TD-D04,4,data/processed/Tufted_Duck/XC590631-TD-D04_chunk004.wav,3.0,XC590631-TD-D04.mp3
Tufted_Duck,XC590631-TD-D04,5,data/processed/Tufted_Duck/XC590631-TD-D04_chunk005.wav,3.0,XC590631-TD-D04.mp3
Tufted_Duck,XC590631-TD-D04,6,data/processed/Tufted_Duck/XC590631-TD-D04_chunk006.wav,3.0,XC590631-TD-D04.mp3
Tufted_Duck,XC590631-TD-D04,7,data/processed/Tufted_Duck/XC590631-TD-D04_chunk007.wav,3.0,XC590631-TD-D04.mp3
Tufted_Duck,XC590631-TD-D04,8,data/processed/Tufted_Duck/XC590631-TD-D04_chunk008.wav,3.0,XC590631-TD-D04.mp3
Tufted_Duck,XC590631-TD-D04,9,data/processed/Tufted_Duck/XC590631-TD-D04_chunk009.wav,3.0,XC590631-TD-D04.mp3
Tufted_Duck,XC590631-TD-D04,10,data/processed/Tufted_Duck/XC590631-TD-D04_chunk010.wav,3.0,XC590631-TD-D04.mp3
Tufted_Duck,XC590631-TD-D04,11,data/processed/Tufted_Duck/XC590631-TD-D04_chunk011.wav,3.0,XC590631-TD-D04.mp3
Tufted_Duck,XC590631-TD-D04,12,data/processed/Tufted_Duck/XC590631-TD-D04_chunk012.wav,3.0,XC590631-TD-D04.mp3
Tufted_Duck,XC590631-TD-D04,13,data/processed/Tufted_Duck/XC590631-TD-D04_chunk013.wav,3.0,XC590631-TD-D04.mp3
Tufted_Duck,XC590631-TD-D04,14,data/processed/Tufted_Duck/XC590631-TD-D04_chunk014.wav,3.0,XC590631-TD-D04.mp3
Tufted_Duck,XC590631-TD-D04,15,data/processed/Tufted_Duck/XC590631-TD-D04_chunk015.wav,3.0,XC590631-TD-D04.mp3
Tufted_Duck,XC590631-TD-D04,16,data/processed/Tufted_Duck/XC590631-TD-D04_chunk016.wav,3.0,XC590631-TD-D04.mp3
Tufted_Duck,XC590631-TD-D04,17,data/processed/Tufted_Duck/XC590631-TD-D04_chunk017.wav,3.0,XC590631-TD-D04.mp3
Tufted_Duck,XC590633-TD-03,0,data/processed/Tufted_Duck/XC590633-TD-03_chunk000.wav,3.0,XC590633-TD-03.mp3
Tufted_Duck,XC590633-TD-03,1,data/processed/Tufted_Duck/XC590633-TD-03_chunk001.wav,3.0,XC590633-TD-03.mp3
Tufted_Duck,XC590633-TD-03,2,data/processed/Tufted_Duck/XC590633-TD-03_chunk002.wav,3.0,XC590633-TD-03.mp3
Tufted_Duck,XC590633-TD-03,3,data/processed/Tufted_Duck/XC590633-TD-03_chunk003.wav,3.0,XC590633-TD-03.mp3
Tufted_Duck,XC590633-TD-03,4,data/processed/Tufted_Duck/XC590633-TD-03_chunk004.wav,3.0,XC590633-TD-03.mp3
Tufted_Duck,XC590633-TD-03,5,data/processed/Tufted_Duck/XC590633-TD-03_chunk005.wav,3.0,XC590633-TD-03.mp3
Tufted_Duck,XC590633-TD-03,6,data/processed/Tufted_Duck/XC590633-TD-03_chunk006.wav,3.0,XC590633-TD-03.mp3
Tufted_Duck,XC590633-TD-03,7,data/processed/Tufted_Duck/XC590633-TD-03_chunk007.wav,3.0,XC590633-TD-03.mp3
Tufted_Duck,XC590633-TD-03,8,data/processed/Tufted_Duck/XC590633-TD-03_chunk008.wav,3.0,XC590633-TD-03.mp3
Tufted_Duck,XC590633-TD-03,9,data/processed/Tufted_Duck/XC590633-TD-03_chunk009.wav,3.0,XC590633-TD-03.mp3
Tufted_Duck,XC590633-TD-03,10,data/processed/Tufted_Duck/XC590633-TD-03_chunk010.wav,3.0,XC590633-TD-03.mp3
Tufted_Duck,XC590633-TD-03,11,data/processed/Tufted_Duck/XC590633-TD-03_chunk011.wav,3.0,XC590633-TD-03.mp3
Tufted_Duck,XC590633-TD-03,12,data/processed/Tufted_Duck/XC590633-TD-03_chunk012.wav,3.0,XC590633-TD-03.mp3
Tufted_Duck,XC590633-TD-03,13,data/processed/Tufted_Duck/XC590633-TD-03_chunk013.wav,3.0,XC590633-TD-03.mp3
Tufted_Duck,XC590633-TD-03,14,data/processed/Tufted_Duck/XC590633-TD-03_chunk014.wav,3.0,XC590633-TD-03.mp3
Tufted_Duck,XC590633-TD-03,15,data/processed/Tufted_Duck/XC590633-TD-03_chunk015.wav,3.0,XC590633-TD-03.mp3
Tufted_Duck,XC590633-TD-03,16,data/processed/Tufted_Duck/XC590633-TD-03_chunk016.wav,3.0,XC590633-TD-03.mp3
Tufted_Duck,XC610917-Vigg_09,0,data/processed/Tufted_Duck/XC610917-Vigg_09_chunk000.wav,3.0,XC610917-Vigg_09.mp3
Tufted_Duck,XC610917-Vigg_09,1,data/processed/Tufted_Duck/XC610917-Vigg_09_chunk001.wav,3.0,XC610917-Vigg_09.mp3
Tufted_Duck,XC610917-Vigg_09,2,data/processed/Tufted_Duck/XC610917-Vigg_09_chunk002.wav,3.0,XC610917-Vigg_09.mp3
Tufted_Duck,"XC650592-Kuifeend,",0,"data/processed/Tufted_Duck/XC650592-Kuifeend,_chunk000.wav",3.0,"XC650592-Kuifeend, flight call, IGS, 050521, 0129 uur.mp3"
Tufted_Duck,"XC650592-Kuifeend,",1,"data/processed/Tufted_Duck/XC650592-Kuifeend,_chunk001.wav",3.0,"XC650592-Kuifeend, flight call, IGS, 050521, 0129 uur.mp3"
Tufted_Duck,"XC650592-Kuifeend,",2,"data/processed/Tufted_Duck/XC650592-Kuifeend,_chunk002.wav",3.0,"XC650592-Kuifeend, flight call, IGS, 050521, 0129 uur.mp3"
Tufted_Duck,"XC650592-Kuifeend,",3,"data/processed/Tufted_Duck/XC650592-Kuifeend,_chunk003.wav",3.0,"XC650592-Kuifeend, flight call, IGS, 050521, 0129 uur.mp3"
Tufted_Duck,XC730564-Fuligule,0,data/processed/Tufted_Duck/XC730564-Fuligule_chunk000.wav,3.0,XC730564-Fuligule morillon femelle cris d'alarme ++.mp3
Tufted_Duck,XC730564-Fuligule,1,data/processed/Tufted_Duck/XC730564-Fuligule_chunk001.wav,3.0,XC730564-Fuligule morillon femelle cris d'alarme ++.mp3
Tufted_Duck,XC730564-Fuligule,2,data/processed/Tufted_Duck/XC730564-Fuligule_chunk002.wav,3.0,XC730564-Fuligule morillon femelle cris d'alarme ++.mp3
Tufted_Duck,XC730564-Fuligule,3,data/processed/Tufted_Duck/XC730564-Fuligule_chunk003.wav,3.0,XC730564-Fuligule morillon femelle cris d'alarme ++.mp3
Tufted_Duck,XC730564-Fuligule,4,data/processed/Tufted_Duck/XC730564-Fuligule_chunk004.wav,3.0,XC730564-Fuligule morillon femelle cris d'alarme ++.mp3
Tufted_Duck,XC730564-Fuligule,5,data/processed/Tufted_Duck/XC730564-Fuligule_chunk005.wav,3.0,XC730564-Fuligule morillon femelle cris d'alarme ++.mp3
Tufted_Duck,XC730564-Fuligule,6,data/processed/Tufted_Duck/XC730564-Fuligule_chunk006.wav,3.0,XC730564-Fuligule morillon femelle cris d'alarme ++.mp3
Tufted_Duck,XC730564-Fuligule,7,data/processed/Tufted_Duck/XC730564-Fuligule_chunk007.wav,3.0,XC730564-Fuligule morillon femelle cris d'alarme ++.mp3
Tufted_Duck,XC730564-Fuligule,8,data/processed/Tufted_Duck/XC730564-Fuligule_chunk008.wav,3.0,XC730564-Fuligule morillon femelle cris d'alarme ++.mp3
Tufted_Duck,XC730564-Fuligule,9,data/processed/Tufted_Duck/XC730564-Fuligule_chunk009.wav,3.0,XC730564-Fuligule morillon femelle cris d'alarme ++.mp3
Tufted_Duck,XC730564-Fuligule,10,data/processed/Tufted_Duck/XC730564-Fuligule_chunk010.wav,3.0,XC730564-Fuligule morillon femelle cris d'alarme ++.mp3
Tufted_Duck,XC730564-Fuligule,11,data/processed/Tufted_Duck/XC730564-Fuligule_chunk011.wav,3.0,XC730564-Fuligule morillon femelle cris d'alarme ++.mp3
Tufted_Duck,XC730564-Fuligule,12,data/processed/Tufted_Duck/XC730564-Fuligule_chunk012.wav,3.0,XC730564-Fuligule morillon femelle cris d'alarme ++.mp3
Tufted_Duck,XC730564-Fuligule,13,data/processed/Tufted_Duck/XC730564-Fuligule_chunk013.wav,3.0,XC730564-Fuligule morillon femelle cris d'alarme ++.mp3
Tufted_Duck,XC730564-Fuligule,14,data/processed/Tufted_Duck/XC730564-Fuligule_chunk014.wav,3.0,XC730564-Fuligule morillon femelle cris d'alarme ++.mp3
Tufted_Duck,XC730564-Fuligule,15,data/processed/Tufted_Duck/XC730564-Fuligule_chunk015.wav,3.0,XC730564-Fuligule morillon femelle cris d'alarme ++.mp3
Tufted_Duck,XC730564-Fuligule,16,data/processed/Tufted_Duck/XC730564-Fuligule_chunk016.wav,3.0,XC730564-Fuligule morillon femelle cris d'alarme ++.mp3
Tufted_Duck,XC730564-Fuligule,17,data/processed/Tufted_Duck/XC730564-Fuligule_chunk017.wav,3.0,XC730564-Fuligule morillon femelle cris d'alarme ++.mp3
Tufted_Duck,XC730564-Fuligule,18,data/processed/Tufted_Duck/XC730564-Fuligule_chunk018.wav,3.0,XC730564-Fuligule morillon femelle cris d'alarme ++.mp3
Tufted_Duck,XC730564-Fuligule,19,data/processed/Tufted_Duck/XC730564-Fuligule_chunk019.wav,3.0,XC730564-Fuligule morillon femelle cris d'alarme ++.mp3
Tufted_Duck,XC730568-Fuligule,0,data/processed/Tufted_Duck/XC730568-Fuligule_chunk000.wav,3.0,XC730568-Fuligule morillon femelle nombreux cris variés et quelques chants de mâle ++.mp3
Tufted_Duck,XC730568-Fuligule,1,data/processed/Tufted_Duck/XC730568-Fuligule_chunk001.wav,3.0,XC730568-Fuligule morillon femelle nombreux cris variés et quelques chants de mâle ++.mp3
Tufted_Duck,XC730568-Fuligule,2,data/processed/Tufted_Duck/XC730568-Fuligule_chunk002.wav,3.0,XC730568-Fuligule morillon femelle nombreux cris variés et quelques chants de mâle ++.mp3
Tufted_Duck,XC730568-Fuligule,3,data/processed/Tufted_Duck/XC730568-Fuligule_chunk003.wav,3.0,XC730568-Fuligule morillon femelle nombreux cris variés et quelques chants de mâle ++.mp3
Tufted_Duck,XC730568-Fuligule,4,data/processed/Tufted_Duck/XC730568-Fuligule_chunk004.wav,3.0,XC730568-Fuligule morillon femelle nombreux cris variés et quelques chants de mâle ++.mp3
Tufted_Duck,XC730568-Fuligule,5,data/processed/Tufted_Duck/XC730568-Fuligule_chunk005.wav,3.0,XC730568-Fuligule morillon femelle nombreux cris variés et quelques chants de mâle ++.mp3
Tufted_Duck,XC730568-Fuligule,6,data/processed/Tufted_Duck/XC730568-Fuligule_chunk006.wav,3.0,XC730568-Fuligule morillon femelle nombreux cris variés et quelques chants de mâle ++.mp3
Tufted_Duck,XC730568-Fuligule,7,data/processed/Tufted_Duck/XC730568-Fuligule_chunk007.wav,3.0,XC730568-Fuligule morillon femelle nombreux cris variés et quelques chants de mâle ++.mp3
Tufted_Duck,XC730568-Fuligule,8,data/processed/Tufted_Duck/XC730568-Fuligule_chunk008.wav,3.0,XC730568-Fuligule morillon femelle nombreux cris variés et quelques chants de mâle ++.mp3
Tufted_Duck,XC730568-Fuligule,9,data/processed/Tufted_Duck/XC730568-Fuligule_chunk009.wav,3.0,XC730568-Fuligule morillon femelle nombreux cris variés et quelques chants de mâle ++.mp3
Tufted_Duck,XC730568-Fuligule,10,data/processed/Tufted_Duck/XC730568-Fuligule_chunk010.wav,3.0,XC730568-Fuligule morillon femelle nombreux cris variés et quelques chants de mâle ++.mp3
Tufted_Duck,XC730568-Fuligule,11,data/processed/Tufted_Duck/XC730568-Fuligule_chunk011.wav,3.0,XC730568-Fuligule morillon femelle nombreux cris variés et quelques chants de mâle ++.mp3
Tufted_Duck,XC730568-Fuligule,12,data/processed/Tufted_Duck/XC730568-Fuligule_chunk012.wav,3.0,XC730568-Fuligule morillon femelle nombreux cris variés et quelques chants de mâle ++.mp3
Tufted_Duck,XC730568-Fuligule,13,data/processed/Tufted_Duck/XC730568-Fuligule_chunk013.wav,3.0,XC730568-Fuligule morillon femelle nombreux cris variés et quelques chants de mâle ++.mp3
Tufted_Duck,XC730568-Fuligule,14,data/processed/Tufted_Duck/XC730568-Fuligule_chunk014.wav,3.0,XC730568-Fuligule morillon femelle nombreux cris variés et quelques chants de mâle ++.mp3
Tufted_Duck,XC730568-Fuligule,15,data/processed/Tufted_Duck/XC730568-Fuligule_chunk015.wav,3.0,XC730568-Fuligule morillon femelle nombreux cris variés et quelques chants de mâle ++.mp3
Tufted_Duck,XC730568-Fuligule,16,data/processed/Tufted_Duck/XC730568-Fuligule_chunk016.wav,3.0,XC730568-Fuligule morillon femelle nombreux cris variés et quelques chants de mâle ++.mp3
Tufted_Duck,XC730568-Fuligule,17,data/processed/Tufted_Duck/XC730568-Fuligule_chunk017.wav,3.0,XC730568-Fuligule morillon femelle nombreux cris variés et quelques chants de mâle ++.mp3
Tufted_Duck,XC730568-Fuligule,18,data/processed/Tufted_Duck/XC730568-Fuligule_chunk018.wav,3.0,XC730568-Fuligule morillon femelle nombreux cris variés et quelques chants de mâle ++.mp3
Tufted_Duck,XC730568-Fuligule,19,data/processed/Tufted_Duck/XC730568-Fuligule_chunk019.wav,3.0,XC730568-Fuligule morillon femelle nombreux cris variés et quelques chants de mâle ++.mp3
Tufted_Duck,XC730568-Fuligule,20,data/processed/Tufted_Duck/XC730568-Fuligule_chunk020.wav,3.0,XC730568-Fuligule morillon femelle nombreux cris variés et quelques chants de mâle ++.mp3
Tufted_Duck,XC730568-Fuligule,21,data/processed/Tufted_Duck/XC730568-Fuligule_chunk021.wav,3.0,XC730568-Fuligule morillon femelle nombreux cris variés et quelques chants de mâle ++.mp3
Tufted_Duck,XC730568-Fuligule,22,data/processed/Tufted_Duck/XC730568-Fuligule_chunk022.wav,3.0,XC730568-Fuligule morillon femelle nombreux cris variés et quelques chants de mâle ++.mp3
Tufted_Duck,XC730568-Fuligule,23,data/processed/Tufted_Duck/XC730568-Fuligule_chunk023.wav,3.0,XC730568-Fuligule morillon femelle nombreux cris variés et quelques chants de mâle ++.mp3
Tufted_Duck,XC730568-Fuligule,24,data/processed/Tufted_Duck/XC730568-Fuligule_chunk024.wav,3.0,XC730568-Fuligule morillon femelle nombreux cris variés et quelques chants de mâle ++.mp3
Tufted_Duck,XC730568-Fuligule,25,data/processed/Tufted_Duck/XC730568-Fuligule_chunk025.wav,3.0,XC730568-Fuligule morillon femelle nombreux cris variés et quelques chants de mâle ++.mp3
Tufted_Duck,XC730568-Fuligule,26,data/processed/Tufted_Duck/XC730568-Fuligule_chunk026.wav,3.0,XC730568-Fuligule morillon femelle nombreux cris variés et quelques chants de mâle ++.mp3
Tufted_Duck,XC730568-Fuligule,27,data/processed/Tufted_Duck/XC730568-Fuligule_chunk027.wav,3.0,XC730568-Fuligule morillon femelle nombreux cris variés et quelques chants de mâle ++.mp3
Tufted_Duck,XC730568-Fuligule,28,data/processed/Tufted_Duck/XC730568-Fuligule_chunk028.wav,3.0,XC730568-Fuligule morillon femelle nombreux cris variés et quelques chants de mâle ++.mp3
Tufted_Duck,XC730568-Fuligule,29,data/processed/Tufted_Duck/XC730568-Fuligule_chunk029.wav,3.0,XC730568-Fuligule morillon femelle nombreux cris variés et quelques chants de mâle ++.mp3
Tufted_Duck,XC730568-Fuligule,30,data/processed/Tufted_Duck/XC730568-Fuligule_chunk030.wav,3.0,XC730568-Fuligule morillon femelle nombreux cris variés et quelques chants de mâle ++.mp3
Tufted_Duck,XC730568-Fuligule,31,data/processed/Tufted_Duck/XC730568-Fuligule_chunk031.wav,3.0,XC730568-Fuligule morillon femelle nombreux cris variés et quelques chants de mâle ++.mp3
Tufted_Duck,XC730568-Fuligule,32,data/processed/Tufted_Duck/XC730568-Fuligule_chunk032.wav,3.0,XC730568-Fuligule morillon femelle nombreux cris variés et quelques chants de mâle ++.mp3
Tufted_Duck,XC730568-Fuligule,33,data/processed/Tufted_Duck/XC730568-Fuligule_chunk033.wav,3.0,XC730568-Fuligule morillon femelle nombreux cris variés et quelques chants de mâle ++.mp3
Tufted_Duck,XC730568-Fuligule,34,data/processed/Tufted_Duck/XC730568-Fuligule_chunk034.wav,3.0,XC730568-Fuligule morillon femelle nombreux cris variés et quelques chants de mâle ++.mp3
Tufted_Duck,XC730568-Fuligule,35,data/processed/Tufted_Duck/XC730568-Fuligule_chunk035.wav,3.0,XC730568-Fuligule morillon femelle nombreux cris variés et quelques chants de mâle ++.mp3
Tufted_Duck,XC730568-Fuligule,36,data/processed/Tufted_Duck/XC730568-Fuligule_chunk036.wav,3.0,XC730568-Fuligule morillon femelle nombreux cris variés et quelques chants de mâle ++.mp3
Tufted_Duck,XC730568-Fuligule,37,data/processed/Tufted_Duck/XC730568-Fuligule_chunk037.wav,3.0,XC730568-Fuligule morillon femelle nombreux cris variés et quelques chants de mâle ++.mp3
Tufted_Duck,XC730568-Fuligule,38,data/processed/Tufted_Duck/XC730568-Fuligule_chunk038.wav,3.0,XC730568-Fuligule morillon femelle nombreux cris variés et quelques chants de mâle ++.mp3
Tufted_Duck,XC730568-Fuligule,39,data/processed/Tufted_Duck/XC730568-Fuligule_chunk039.wav,3.0,XC730568-Fuligule morillon femelle nombreux cris variés et quelques chants de mâle ++.mp3
Tufted_Duck,XC730568-Fuligule,40,data/processed/Tufted_Duck/XC730568-Fuligule_chunk040.wav,3.0,XC730568-Fuligule morillon femelle nombreux cris variés et quelques chants de mâle ++.mp3
Tufted_Duck,XC730568-Fuligule,41,data/processed/Tufted_Duck/XC730568-Fuligule_chunk041.wav,3.0,XC730568-Fuligule morillon femelle nombreux cris variés et quelques chants de mâle ++.mp3
Tufted_Duck,XC730568-Fuligule,42,data/processed/Tufted_Duck/XC730568-Fuligule_chunk042.wav,3.0,XC730568-Fuligule morillon femelle nombreux cris variés et quelques chants de mâle ++.mp3
Tufted_Duck,XC730568-Fuligule,43,data/processed/Tufted_Duck/XC730568-Fuligule_chunk043.wav,3.0,XC730568-Fuligule morillon femelle nombreux cris variés et quelques chants de mâle ++.mp3
Tufted_Duck,XC730568-Fuligule,44,data/processed/Tufted_Duck/XC730568-Fuligule_chunk044.wav,3.0,XC730568-Fuligule morillon femelle nombreux cris variés et quelques chants de mâle ++.mp3
Tufted_Duck,XC730568-Fuligule,45,data/processed/Tufted_Duck/XC730568-Fuligule_chunk045.wav,3.0,XC730568-Fuligule morillon femelle nombreux cris variés et quelques chants de mâle ++.mp3
Tufted_Duck,XC730568-Fuligule,46,data/processed/Tufted_Duck/XC730568-Fuligule_chunk046.wav,3.0,XC730568-Fuligule morillon femelle nombreux cris variés et quelques chants de mâle ++.mp3
Tufted_Duck,XC730568-Fuligule,47,data/processed/Tufted_Duck/XC730568-Fuligule_chunk047.wav,3.0,XC730568-Fuligule morillon femelle nombreux cris variés et quelques chants de mâle ++.mp3
Tufted_Duck,XC730568-Fuligule,48,data/processed/Tufted_Duck/XC730568-Fuligule_chunk048.wav,3.0,XC730568-Fuligule morillon femelle nombreux cris variés et quelques chants de mâle ++.mp3
Tufted_Duck,XC730568-Fuligule,49,data/processed/Tufted_Duck/XC730568-Fuligule_chunk049.wav,3.0,XC730568-Fuligule morillon femelle nombreux cris variés et quelques chants de mâle ++.mp3
Tufted_Duck,XC730568-Fuligule,50,data/processed/Tufted_Duck/XC730568-Fuligule_chunk050.wav,3.0,XC730568-Fuligule morillon femelle nombreux cris variés et quelques chants de mâle ++.mp3
Tufted_Duck,XC730568-Fuligule,51,data/processed/Tufted_Duck/XC730568-Fuligule_chunk051.wav,3.0,XC730568-Fuligule morillon femelle nombreux cris variés et quelques chants de mâle ++.mp3
Tufted_Duck,XC730568-Fuligule,52,data/processed/Tufted_Duck/XC730568-Fuligule_chunk052.wav,3.0,XC730568-Fuligule morillon femelle nombreux cris variés et quelques chants de mâle ++.mp3
Tufted_Duck,XC730568-Fuligule,53,data/processed/Tufted_Duck/XC730568-Fuligule_chunk053.wav,3.0,XC730568-Fuligule morillon femelle nombreux cris variés et quelques chants de mâle ++.mp3
Tufted_Duck,XC730568-Fuligule,54,data/processed/Tufted_Duck/XC730568-Fuligule_chunk054.wav,3.0,XC730568-Fuligule morillon femelle nombreux cris variés et quelques chants de mâle ++.mp3
Tufted_Duck,XC730568-Fuligule,55,data/processed/Tufted_Duck/XC730568-Fuligule_chunk055.wav,3.0,XC730568-Fuligule morillon femelle nombreux cris variés et quelques chants de mâle ++.mp3
Tufted_Duck,XC730568-Fuligule,56,data/processed/Tufted_Duck/XC730568-Fuligule_chunk056.wav,3.0,XC730568-Fuligule morillon femelle nombreux cris variés et quelques chants de mâle ++.mp3
Tufted_Duck,XC730568-Fuligule,57,data/processed/Tufted_Duck/XC730568-Fuligule_chunk057.wav,3.0,XC730568-Fuligule morillon femelle nombreux cris variés et quelques chants de mâle ++.mp3
Tufted_Duck,XC730568-Fuligule,58,data/processed/Tufted_Duck/XC730568-Fuligule_chunk058.wav,3.0,XC730568-Fuligule morillon femelle nombreux cris variés et quelques chants de mâle ++.mp3
Tufted_Duck,XC730568-Fuligule,59,data/processed/Tufted_Duck/XC730568-Fuligule_chunk059.wav,3.0,XC730568-Fuligule morillon femelle nombreux cris variés et quelques chants de mâle ++.mp3
Tufted_Duck,XC730568-Fuligule,60,data/processed/Tufted_Duck/XC730568-Fuligule_chunk060.wav,3.0,XC730568-Fuligule morillon femelle nombreux cris variés et quelques chants de mâle ++.mp3
Tufted_Duck,XC730568-Fuligule,61,data/processed/Tufted_Duck/XC730568-Fuligule_chunk061.wav,3.0,XC730568-Fuligule morillon femelle nombreux cris variés et quelques chants de mâle ++.mp3
Tufted_Duck,XC730568-Fuligule,62,data/processed/Tufted_Duck/XC730568-Fuligule_chunk062.wav,3.0,XC730568-Fuligule morillon femelle nombreux cris variés et quelques chants de mâle ++.mp3
Tufted_Duck,XC730568-Fuligule,63,data/processed/Tufted_Duck/XC730568-Fuligule_chunk063.wav,3.0,XC730568-Fuligule morillon femelle nombreux cris variés et quelques chants de mâle ++.mp3
Tufted_Duck,XC730568-Fuligule,64,data/processed/Tufted_Duck/XC730568-Fuligule_chunk064.wav,3.0,XC730568-Fuligule morillon femelle nombreux cris variés et quelques chants de mâle ++.mp3
Tufted_Duck,XC730568-Fuligule,65,data/processed/Tufted_Duck/XC730568-Fuligule_chunk065.wav,3.0,XC730568-Fuligule morillon femelle nombreux cris variés et quelques chants de mâle ++.mp3
Tufted_Duck,XC730568-Fuligule,66,data/processed/Tufted_Duck/XC730568-Fuligule_chunk066.wav,3.0,XC730568-Fuligule morillon femelle nombreux cris variés et quelques chants de mâle ++.mp3
Tufted_Duck,XC730568-Fuligule,67,data/processed/Tufted_Duck/XC730568-Fuligule_chunk067.wav,3.0,XC730568-Fuligule morillon femelle nombreux cris variés et quelques chants de mâle ++.mp3
Tufted_Duck,XC730568-Fuligule,68,data/processed/Tufted_Duck/XC730568-Fuligule_chunk068.wav,3.0,XC730568-Fuligule morillon femelle nombreux cris variés et quelques chants de mâle ++.mp3
Tufted_Duck,XC730568-Fuligule,69,data/processed/Tufted_Duck/XC730568-Fuligule_chunk069.wav,3.0,XC730568-Fuligule morillon femelle nombreux cris variés et quelques chants de mâle ++.mp3
Tufted_Duck,XC730568-Fuligule,70,data/processed/Tufted_Duck/XC730568-Fuligule_chunk070.wav,3.0,XC730568-Fuligule morillon femelle nombreux cris variés et quelques chants de mâle ++.mp3
Tufted_Duck,XC730568-Fuligule,71,data/processed/Tufted_Duck/XC730568-Fuligule_chunk071.wav,3.0,XC730568-Fuligule morillon femelle nombreux cris variés et quelques chants de mâle ++.mp3
Tufted_Duck,XC730568-Fuligule,72,data/processed/Tufted_Duck/XC730568-Fuligule_chunk072.wav,3.0,XC730568-Fuligule morillon femelle nombreux cris variés et quelques chants de mâle ++.mp3
Tufted_Duck,XC730568-Fuligule,73,data/processed/Tufted_Duck/XC730568-Fuligule_chunk073.wav,3.0,XC730568-Fuligule morillon femelle nombreux cris variés et quelques chants de mâle ++.mp3
Tufted_Duck,XC730568-Fuligule,74,data/processed/Tufted_Duck/XC730568-Fuligule_chunk074.wav,3.0,XC730568-Fuligule morillon femelle nombreux cris variés et quelques chants de mâle ++.mp3
Tufted_Duck,XC730568-Fuligule,75,data/processed/Tufted_Duck/XC730568-Fuligule_chunk075.wav,3.0,XC730568-Fuligule morillon femelle nombreux cris variés et quelques chants de mâle ++.mp3
Tufted_Duck,XC730568-Fuligule,76,data/processed/Tufted_Duck/XC730568-Fuligule_chunk076.wav,3.0,XC730568-Fuligule morillon femelle nombreux cris variés et quelques chants de mâle ++.mp3
Tufted_Duck,XC730568-Fuligule,77,data/processed/Tufted_Duck/XC730568-Fuligule_chunk077.wav,3.0,XC730568-Fuligule morillon femelle nombreux cris variés et quelques chants de mâle ++.mp3
Tufted_Duck,XC730568-Fuligule,78,data/processed/Tufted_Duck/XC730568-Fuligule_chunk078.wav,3.0,XC730568-Fuligule morillon femelle nombreux cris variés et quelques chants de mâle ++.mp3
Tufted_Duck,XC730568-Fuligule,79,data/processed/Tufted_Duck/XC730568-Fuligule_chunk079.wav,3.0,XC730568-Fuligule morillon femelle nombreux cris variés et quelques chants de mâle ++.mp3
Tufted_Duck,XC730568-Fuligule,80,data/processed/Tufted_Duck/XC730568-Fuligule_chunk080.wav,3.0,XC730568-Fuligule morillon femelle nombreux cris variés et quelques chants de mâle ++.mp3
Tufted_Duck,XC730568-Fuligule,81,data/processed/Tufted_Duck/XC730568-Fuligule_chunk081.wav,3.0,XC730568-Fuligule morillon femelle nombreux cris variés et quelques chants de mâle ++.mp3
Tufted_Duck,XC730568-Fuligule,82,data/processed/Tufted_Duck/XC730568-Fuligule_chunk082.wav,3.0,XC730568-Fuligule morillon femelle nombreux cris variés et quelques chants de mâle ++.mp3
Tufted_Duck,XC730568-Fuligule,83,data/processed/Tufted_Duck/XC730568-Fuligule_chunk083.wav,3.0,XC730568-Fuligule morillon femelle nombreux cris variés et quelques chants de mâle ++.mp3
Tufted_Duck,XC730568-Fuligule,84,data/processed/Tufted_Duck/XC730568-Fuligule_chunk084.wav,3.0,XC730568-Fuligule morillon femelle nombreux cris variés et quelques chants de mâle ++.mp3
Tufted_Duck,XC730568-Fuligule,85,data/processed/Tufted_Duck/XC730568-Fuligule_chunk085.wav,3.0,XC730568-Fuligule morillon femelle nombreux cris variés et quelques chants de mâle ++.mp3
Tufted_Duck,XC730568-Fuligule,86,data/processed/Tufted_Duck/XC730568-Fuligule_chunk086.wav,3.0,XC730568-Fuligule morillon femelle nombreux cris variés et quelques chants de mâle ++.mp3
Tufted_Duck,XC730568-Fuligule,87,data/processed/Tufted_Duck/XC730568-Fuligule_chunk087.wav,3.0,XC730568-Fuligule morillon femelle nombreux cris variés et quelques chants de mâle ++.mp3
Tufted_Duck,XC730568-Fuligule,88,data/processed/Tufted_Duck/XC730568-Fuligule_chunk088.wav,3.0,XC730568-Fuligule morillon femelle nombreux cris variés et quelques chants de mâle ++.mp3
Tufted_Duck,XC736694-Tufted,0,data/processed/Tufted_Duck/XC736694-Tufted_chunk000.wav,3.0,XC736694-Tufted Duck fem 10 July 0811.mp3
Tufted_Duck,XC736694-Tufted,1,data/processed/Tufted_Duck/XC736694-Tufted_chunk001.wav,3.0,XC736694-Tufted Duck fem 10 July 0811.mp3
Tufted_Duck,XC736694-Tufted,2,data/processed/Tufted_Duck/XC736694-Tufted_chunk002.wav,3.0,XC736694-Tufted Duck fem 10 July 0811.mp3
Tufted_Duck,XC736694-Tufted,3,data/processed/Tufted_Duck/XC736694-Tufted_chunk003.wav,3.0,XC736694-Tufted Duck fem 10 July 0811.mp3
Tufted_Duck,XC736694-Tufted,4,data/processed/Tufted_Duck/XC736694-Tufted_chunk004.wav,3.0,XC736694-Tufted Duck fem 10 July 0811.mp3
Tufted_Duck,XC736694-Tufted,5,data/processed/Tufted_Duck/XC736694-Tufted_chunk005.wav,3.0,XC736694-Tufted Duck fem 10 July 0811.mp3
Tufted_Duck,XC736694-Tufted,6,data/processed/Tufted_Duck/XC736694-Tufted_chunk006.wav,3.0,XC736694-Tufted Duck fem 10 July 0811.mp3
Tufted_Duck,XC736694-Tufted,7,data/processed/Tufted_Duck/XC736694-Tufted_chunk007.wav,3.0,XC736694-Tufted Duck fem 10 July 0811.mp3
Tufted_Duck,XC736694-Tufted,8,data/processed/Tufted_Duck/XC736694-Tufted_chunk008.wav,3.0,XC736694-Tufted Duck fem 10 July 0811.mp3
Tufted_Duck,XC736694-Tufted,9,data/processed/Tufted_Duck/XC736694-Tufted_chunk009.wav,3.0,XC736694-Tufted Duck fem 10 July 0811.mp3
Tufted_Duck,XC736694-Tufted,10,data/processed/Tufted_Duck/XC736694-Tufted_chunk010.wav,3.0,XC736694-Tufted Duck fem 10 July 0811.mp3
Tufted_Duck,XC736694-Tufted,11,data/processed/Tufted_Duck/XC736694-Tufted_chunk011.wav,3.0,XC736694-Tufted Duck fem 10 July 0811.mp3
Tufted_Duck,XC736694-Tufted,12,data/processed/Tufted_Duck/XC736694-Tufted_chunk012.wav,3.0,XC736694-Tufted Duck fem 10 July 0811.mp3
Tufted_Duck,XC736694-Tufted,13,data/processed/Tufted_Duck/XC736694-Tufted_chunk013.wav,3.0,XC736694-Tufted Duck fem 10 July 0811.mp3
Tufted_Duck,XC736694-Tufted,14,data/processed/Tufted_Duck/XC736694-Tufted_chunk014.wav,3.0,XC736694-Tufted Duck fem 10 July 0811.mp3
Tufted_Duck,XC736694-Tufted,15,data/processed/Tufted_Duck/XC736694-Tufted_chunk015.wav,3.0,XC736694-Tufted Duck fem 10 July 0811.mp3
Tufted_Duck,XC736694-Tufted,16,data/processed/Tufted_Duck/XC736694-Tufted_chunk016.wav,3.0,XC736694-Tufted Duck fem 10 July 0811.mp3
Tufted_Duck,XC736694-Tufted,17,data/processed/Tufted_Duck/XC736694-Tufted_chunk017.wav,3.0,XC736694-Tufted Duck fem 10 July 0811.mp3
Tufted_Duck,XC736694-Tufted,18,data/processed/Tufted_Duck/XC736694-Tufted_chunk018.wav,3.0,XC736694-Tufted Duck fem 10 July 0811.mp3
Tufted_Duck,XC736694-Tufted,19,data/processed/Tufted_Duck/XC736694-Tufted_chunk019.wav,3.0,XC736694-Tufted Duck fem 10 July 0811.mp3
Tufted_Duck,XC736694-Tufted,20,data/processed/Tufted_Duck/XC736694-Tufted_chunk020.wav,3.0,XC736694-Tufted Duck fem 10 July 0811.mp3
Tufted_Duck,XC736694-Tufted,21,data/processed/Tufted_Duck/XC736694-Tufted_chunk021.wav,3.0,XC736694-Tufted Duck fem 10 July 0811.mp3
Tufted_Duck,XC736694-Tufted,22,data/processed/Tufted_Duck/XC736694-Tufted_chunk022.wav,3.0,XC736694-Tufted Duck fem 10 July 0811.mp3
Tufted_Duck,XC736694-Tufted,23,data/processed/Tufted_Duck/XC736694-Tufted_chunk023.wav,3.0,XC736694-Tufted Duck fem 10 July 0811.mp3
Tufted_Duck,XC736694-Tufted,24,data/processed/Tufted_Duck/XC736694-Tufted_chunk024.wav,3.0,XC736694-Tufted Duck fem 10 July 0811.mp3
Tufted_Duck,XC736694-Tufted,25,data/processed/Tufted_Duck/XC736694-Tufted_chunk025.wav,3.0,XC736694-Tufted Duck fem 10 July 0811.mp3
Tufted_Duck,XC736694-Tufted,26,data/processed/Tufted_Duck/XC736694-Tufted_chunk026.wav,3.0,XC736694-Tufted Duck fem 10 July 0811.mp3
Tufted_Duck,XC736694-Tufted,27,data/processed/Tufted_Duck/XC736694-Tufted_chunk027.wav,3.0,XC736694-Tufted Duck fem 10 July 0811.mp3
Tufted_Duck,XC736694-Tufted,28,data/processed/Tufted_Duck/XC736694-Tufted_chunk028.wav,3.0,XC736694-Tufted Duck fem 10 July 0811.mp3
Tufted_Duck,XC736694-Tufted,29,data/processed/Tufted_Duck/XC736694-Tufted_chunk029.wav,3.0,XC736694-Tufted Duck fem 10 July 0811.mp3
Tufted_Duck,XC736694-Tufted,30,data/processed/Tufted_Duck/XC736694-Tufted_chunk030.wav,3.0,XC736694-Tufted Duck fem 10 July 0811.mp3
Tufted_Duck,XC736694-Tufted,31,data/processed/Tufted_Duck/XC736694-Tufted_chunk031.wav,3.0,XC736694-Tufted Duck fem 10 July 0811.mp3
Tufted_Duck,XC736694-Tufted,32,data/processed/Tufted_Duck/XC736694-Tufted_chunk032.wav,3.0,XC736694-Tufted Duck fem 10 July 0811.mp3
Tufted_Duck,XC736694-Tufted,33,data/processed/Tufted_Duck/XC736694-Tufted_chunk033.wav,3.0,XC736694-Tufted Duck fem 10 July 0811.mp3
Tufted_Duck,XC736695-Tuftie,0,data/processed/Tufted_Duck/XC736695-Tuftie_chunk000.wav,3.0,XC736695-Tuftie female 10 July 0735.mp3
Tufted_Duck,XC736695-Tuftie,1,data/processed/Tufted_Duck/XC736695-Tuftie_chunk001.wav,3.0,XC736695-Tuftie female 10 July 0735.mp3
Tufted_Duck,XC736695-Tuftie,2,data/processed/Tufted_Duck/XC736695-Tuftie_chunk002.wav,3.0,XC736695-Tuftie female 10 July 0735.mp3
Tufted_Duck,XC736695-Tuftie,3,data/processed/Tufted_Duck/XC736695-Tuftie_chunk003.wav,3.0,XC736695-Tuftie female 10 July 0735.mp3
Tufted_Duck,XC736695-Tuftie,4,data/processed/Tufted_Duck/XC736695-Tuftie_chunk004.wav,3.0,XC736695-Tuftie female 10 July 0735.mp3
Tufted_Duck,XC736695-Tuftie,5,data/processed/Tufted_Duck/XC736695-Tuftie_chunk005.wav,3.0,XC736695-Tuftie female 10 July 0735.mp3
Tufted_Duck,XC736695-Tuftie,6,data/processed/Tufted_Duck/XC736695-Tuftie_chunk006.wav,3.0,XC736695-Tuftie female 10 July 0735.mp3
Tufted_Duck,XC736695-Tuftie,7,data/processed/Tufted_Duck/XC736695-Tuftie_chunk007.wav,3.0,XC736695-Tuftie female 10 July 0735.mp3
Tufted_Duck,XC736695-Tuftie,8,data/processed/Tufted_Duck/XC736695-Tuftie_chunk008.wav,3.0,XC736695-Tuftie female 10 July 0735.mp3
Tufted_Duck,XC736695-Tuftie,9,data/processed/Tufted_Duck/XC736695-Tuftie_chunk009.wav,3.0,XC736695-Tuftie female 10 July 0735.mp3
Tufted_Duck,XC736695-Tuftie,10,data/processed/Tufted_Duck/XC736695-Tuftie_chunk010.wav,3.0,XC736695-Tuftie female 10 July 0735.mp3
Tufted_Duck,XC736695-Tuftie,11,data/processed/Tufted_Duck/XC736695-Tuftie_chunk011.wav,3.0,XC736695-Tuftie female 10 July 0735.mp3
Tufted_Duck,XC736695-Tuftie,12,data/processed/Tufted_Duck/XC736695-Tuftie_chunk012.wav,3.0,XC736695-Tuftie female 10 July 0735.mp3
Tufted_Duck,XC736695-Tuftie,13,data/processed/Tufted_Duck/XC736695-Tuftie_chunk013.wav,3.0,XC736695-Tuftie female 10 July 0735.mp3
Tufted_Duck,XC736695-Tuftie,14,data/processed/Tufted_Duck/XC736695-Tuftie_chunk014.wav,3.0,XC736695-Tuftie female 10 July 0735.mp3
Tufted_Duck,XC736695-Tuftie,15,data/processed/Tufted_Duck/XC736695-Tuftie_chunk015.wav,3.0,XC736695-Tuftie female 10 July 0735.mp3
Tufted_Duck,XC736695-Tuftie,16,data/processed/Tufted_Duck/XC736695-Tuftie_chunk016.wav,3.0,XC736695-Tuftie female 10 July 0735.mp3
Tufted_Duck,XC736695-Tuftie,17,data/processed/Tufted_Duck/XC736695-Tuftie_chunk017.wav,3.0,XC736695-Tuftie female 10 July 0735.mp3
Tufted_Duck,"XC760407-Kuifeend,-flight-call,-IGS,-280622,-0222-uur",0,"data/processed/Tufted_Duck/XC760407-Kuifeend,-flight-call,-IGS,-280622,-0222-uur_chunk000.wav",3.0,"XC760407-Kuifeend,-flight-call,-IGS,-280622,-0222-uur.mp3"
Tufted_Duck,"XC760407-Kuifeend,-flight-call,-IGS,-280622,-0222-uur",1,"data/processed/Tufted_Duck/XC760407-Kuifeend,-flight-call,-IGS,-280622,-0222-uur_chunk001.wav",3.0,"XC760407-Kuifeend,-flight-call,-IGS,-280622,-0222-uur.mp3"
Tufted_Duck,"XC760407-Kuifeend,-flight-call,-IGS,-280622,-0222-uur",2,"data/processed/Tufted_Duck/XC760407-Kuifeend,-flight-call,-IGS,-280622,-0222-uur_chunk002.wav",3.0,"XC760407-Kuifeend,-flight-call,-IGS,-280622,-0222-uur.mp3"
Tufted_Duck,"XC760407-Kuifeend,-flight-call,-IGS,-280622,-0222-uur",3,"data/processed/Tufted_Duck/XC760407-Kuifeend,-flight-call,-IGS,-280622,-0222-uur_chunk003.wav",3.0,"XC760407-Kuifeend,-flight-call,-IGS,-280622,-0222-uur.mp3"
Eurasian_Wigeon,120603-001brunnakke,0,data/processed/Eurasian_Wigeon/120603-001brunnakke_chunk000.wav,3.0,120603-001brunnakke.mp3
Eurasian_Wigeon,120603-001brunnakke,1,data/processed/Eurasian_Wigeon/120603-001brunnakke_chunk001.wav,3.0,120603-001brunnakke.mp3
Eurasian_Wigeon,Blasand-flyktlate-hona-Myvatn-2011-05-31-kl.06.40-00.46,0,data/processed/Eurasian_Wigeon/Blasand-flyktlate-hona-Myvatn-2011-05-31-kl.06.40-00.46_chunk000.wav,3.0,Blasand-flyktlate-hona-Myvatn-2011-05-31-kl.06.40-00.46.mp3
Eurasian_Wigeon,Blasand-flyktlate-hona-Myvatn-2011-05-31-kl.06.40-00.46,1,data/processed/Eurasian_Wigeon/Blasand-flyktlate-hona-Myvatn-2011-05-31-kl.06.40-00.46_chunk001.wav,3.0,Blasand-flyktlate-hona-Myvatn-2011-05-31-kl.06.40-00.46.mp3
Eurasian_Wigeon,Blasand-flyktlate-hona-Myvatn-2011-05-31-kl.06.40-00.46,2,data/processed/Eurasian_Wigeon/Blasand-flyktlate-hona-Myvatn-2011-05-31-kl.06.40-00.46_chunk002.wav,3.0,Blasand-flyktlate-hona-Myvatn-2011-05-31-kl.06.40-00.46.mp3
Eurasian_Wigeon,Blasand-flyktlate-hona-Myvatn-2011-05-31-kl.06.40-00.46,3,data/processed/Eurasian_Wigeon/Blasand-flyktlate-hona-Myvatn-2011-05-31-kl.06.40-00.46_chunk003.wav,3.0,Blasand-flyktlate-hona-Myvatn-2011-05-31-kl.06.40-00.46.mp3
Eurasian_Wigeon,Blasand-flyktlate-hona-Myvatn-2011-05-31-kl.06.40-00.46,4,data/processed/Eurasian_Wigeon/Blasand-flyktlate-hona-Myvatn-2011-05-31-kl.06.40-00.46_chunk004.wav,3.0,Blasand-flyktlate-hona-Myvatn-2011-05-31-kl.06.40-00.46.mp3
Eurasian_Wigeon,Blasand-flyktlate-hona-Myvatn-2011-05-31-kl.06.40-00.46,5,data/processed/Eurasian_Wigeon/Blasand-flyktlate-hona-Myvatn-2011-05-31-kl.06.40-00.46_chunk005.wav,3.0,Blasand-flyktlate-hona-Myvatn-2011-05-31-kl.06.40-00.46.mp3
Eurasian_Wigeon,Blasand-flyktlate-hona-Myvatn-2011-05-31-kl.06.40-00.46,6,data/processed/Eurasian_Wigeon/Blasand-flyktlate-hona-Myvatn-2011-05-31-kl.06.40-00.46_chunk006.wav,3.0,Blasand-flyktlate-hona-Myvatn-2011-05-31-kl.06.40-00.46.mp3
Eurasian_Wigeon,Blasand-flyktlate-hona-Myvatn-2011-05-31-kl.06.40-00.46,7,data/processed/Eurasian_Wigeon/Blasand-flyktlate-hona-Myvatn-2011-05-31-kl.06.40-00.46_chunk007.wav,3.0,Blasand-flyktlate-hona-Myvatn-2011-05-31-kl.06.40-00.46.mp3
Eurasian_Wigeon,Blasand-flyktlate-hona-Myvatn-2011-05-31-kl.06.40-00.46,8,data/processed/Eurasian_Wigeon/Blasand-flyktlate-hona-Myvatn-2011-05-31-kl.06.40-00.46_chunk008.wav,3.0,Blasand-flyktlate-hona-Myvatn-2011-05-31-kl.06.40-00.46.mp3
Eurasian_Wigeon,Blasand-flyktlate-hona-Myvatn-2011-05-31-kl.06.40-00.46,9,data/processed/Eurasian_Wigeon/Blasand-flyktlate-hona-Myvatn-2011-05-31-kl.06.40-00.46_chunk009.wav,3.0,Blasand-flyktlate-hona-Myvatn-2011-05-31-kl.06.40-00.46.mp3
Eurasian_Wigeon,Blasand-flyktlate-hona-Myvatn-2011-05-31-kl.06.40-00.46,10,data/processed/Eurasian_Wigeon/Blasand-flyktlate-hona-Myvatn-2011-05-31-kl.06.40-00.46_chunk010.wav,3.0,Blasand-flyktlate-hona-Myvatn-2011-05-31-kl.06.40-00.46.mp3
Eurasian_Wigeon,Blasand-flyktlate-hona-Myvatn-2011-05-31-kl.06.40-00.46,11,data/processed/Eurasian_Wigeon/Blasand-flyktlate-hona-Myvatn-2011-05-31-kl.06.40-00.46_chunk011.wav,3.0,Blasand-flyktlate-hona-Myvatn-2011-05-31-kl.06.40-00.46.mp3
Eurasian_Wigeon,Blasand-flyktlate-hona-Myvatn-2011-05-31-kl.06.40-00.46,12,data/processed/Eurasian_Wigeon/Blasand-flyktlate-hona-Myvatn-2011-05-31-kl.06.40-00.46_chunk012.wav,3.0,Blasand-flyktlate-hona-Myvatn-2011-05-31-kl.06.40-00.46.mp3
Eurasian_Wigeon,Blasand-flyktlate-hona-Myvatn-2011-05-31-kl.06.40-00.46,13,data/processed/Eurasian_Wigeon/Blasand-flyktlate-hona-Myvatn-2011-05-31-kl.06.40-00.46_chunk013.wav,3.0,Blasand-flyktlate-hona-Myvatn-2011-05-31-kl.06.40-00.46.mp3
Eurasian_Wigeon,Blasand-flyktlate-hona-Myvatn-2011-05-31-kl.06.40-00.46,14,data/processed/Eurasian_Wigeon/Blasand-flyktlate-hona-Myvatn-2011-05-31-kl.06.40-00.46_chunk014.wav,3.0,Blasand-flyktlate-hona-Myvatn-2011-05-31-kl.06.40-00.46.mp3
Eurasian_Wigeon,Blasand-flyktlate-hona-Myvatn-2011-05-31-kl.06.40-00.46,15,data/processed/Eurasian_Wigeon/Blasand-flyktlate-hona-Myvatn-2011-05-31-kl.06.40-00.46_chunk015.wav,3.0,Blasand-flyktlate-hona-Myvatn-2011-05-31-kl.06.40-00.46.mp3
Eurasian_Wigeon,Blasand-spelande-Myvatn-2011-05-31-kl.-16.21-00.17,0,data/processed/Eurasian_Wigeon/Blasand-spelande-Myvatn-2011-05-31-kl.-16.21-00.17_chunk000.wav,3.0,Blasand-spelande-Myvatn-2011-05-31-kl.-16.21-00.17.mp3
Eurasian_Wigeon,Blasand-spelande-Myvatn-2011-05-31-kl.-16.21-00.17,1,data/processed/Eurasian_Wigeon/Blasand-spelande-Myvatn-2011-05-31-kl.-16.21-00.17_chunk001.wav,3.0,Blasand-spelande-Myvatn-2011-05-31-kl.-16.21-00.17.mp3
Eurasian_Wigeon,Blasand-spelande-Myvatn-2011-05-31-kl.-16.21-00.17,2,data/processed/Eurasian_Wigeon/Blasand-spelande-Myvatn-2011-05-31-kl.-16.21-00.17_chunk002.wav,3.0,Blasand-spelande-Myvatn-2011-05-31-kl.-16.21-00.17.mp3
Eurasian_Wigeon,Blasand-spelande-Myvatn-2011-05-31-kl.-16.21-00.17,3,data/processed/Eurasian_Wigeon/Blasand-spelande-Myvatn-2011-05-31-kl.-16.21-00.17_chunk003.wav,3.0,Blasand-spelande-Myvatn-2011-05-31-kl.-16.21-00.17.mp3
Eurasian_Wigeon,Blasand-spelande-Myvatn-2011-05-31-kl.-16.21-00.17,4,data/processed/Eurasian_Wigeon/Blasand-spelande-Myvatn-2011-05-31-kl.-16.21-00.17_chunk004.wav,3.0,Blasand-spelande-Myvatn-2011-05-31-kl.-16.21-00.17.mp3
Eurasian_Wigeon,Blasand-spelande-Myvatn-2011-05-31-kl.-16.21-00.17,5,data/processed/Eurasian_Wigeon/Blasand-spelande-Myvatn-2011-05-31-kl.-16.21-00.17_chunk005.wav,3.0,Blasand-spelande-Myvatn-2011-05-31-kl.-16.21-00.17.mp3
Eurasian_Wigeon,Blasand-spelande-Myvatn2011-05-30-kl.06.37-00.11,0,data/processed/Eurasian_Wigeon/Blasand-spelande-Myvatn2011-05-30-kl.06.37-00.11_chunk000.wav,3.0,Blasand-spelande-Myvatn2011-05-30-kl.06.37-00.11.mp3
Eurasian_Wigeon,Blasand-spelande-Myvatn2011-05-30-kl.06.37-00.11,1,data/processed/Eurasian_Wigeon/Blasand-spelande-Myvatn2011-05-30-kl.06.37-00.11_chunk001.wav,3.0,Blasand-spelande-Myvatn2011-05-30-kl.06.37-00.11.mp3
Eurasian_Wigeon,Blasand-spelande-Myvatn2011-05-30-kl.06.37-00.11,2,data/processed/Eurasian_Wigeon/Blasand-spelande-Myvatn2011-05-30-kl.06.37-00.11_chunk002.wav,3.0,Blasand-spelande-Myvatn2011-05-30-kl.06.37-00.11.mp3
Eurasian_Wigeon,Blasand-spelande-Myvatn2011-05-30-kl.06.37-00.11,3,data/processed/Eurasian_Wigeon/Blasand-spelande-Myvatn2011-05-30-kl.06.37-00.11_chunk003.wav,3.0,Blasand-spelande-Myvatn2011-05-30-kl.06.37-00.11.mp3
Eurasian_Wigeon,PfeifenteKatingerWatt6-3-12_16-50,0,data/processed/Eurasian_Wigeon/PfeifenteKatingerWatt6-3-12_16-50_chunk000.wav,3.0,PfeifenteKatingerWatt6-3-12_16-50.mp3
Eurasian_Wigeon,PfeifenteKatingerWatt6-3-12_16-50,1,data/processed/Eurasian_Wigeon/PfeifenteKatingerWatt6-3-12_16-50_chunk001.wav,3.0,PfeifenteKatingerWatt6-3-12_16-50.mp3
Eurasian_Wigeon,PfeifenteKatingerWatt6-3-12_16-50,2,data/processed/Eurasian_Wigeon/PfeifenteKatingerWatt6-3-12_16-50_chunk002.wav,3.0,PfeifenteKatingerWatt6-3-12_16-50.mp3
Eurasian_Wigeon,PfeifenteKatingerWatt6-3-12_16-50,3,data/processed/Eurasian_Wigeon/PfeifenteKatingerWatt6-3-12_16-50_chunk003.wav,3.0,PfeifenteKatingerWatt6-3-12_16-50.mp3
Eurasian_Wigeon,PfeifenteKatingerWatt6-3-12_16-50,4,data/processed/Eurasian_Wigeon/PfeifenteKatingerWatt6-3-12_16-50_chunk004.wav,3.0,PfeifenteKatingerWatt6-3-12_16-50.mp3
Eurasian_Wigeon,PfeifenteKatingerWatt6-3-12_16-50,5,data/processed/Eurasian_Wigeon/PfeifenteKatingerWatt6-3-12_16-50_chunk005.wav,3.0,PfeifenteKatingerWatt6-3-12_16-50.mp3
Eurasian_Wigeon,PfeifenteKatingerWatt6-3-12_16-50,6,data/processed/Eurasian_Wigeon/PfeifenteKatingerWatt6-3-12_16-50_chunk006.wav,3.0,PfeifenteKatingerWatt6-3-12_16-50.mp3
Eurasian_Wigeon,PfeifenteWattwurm17-10-11_17-32,0,data/processed/Eurasian_Wigeon/PfeifenteWattwurm17-10-11_17-32_chunk000.wav,3.0,PfeifenteWattwurm17-10-11_17-32.mp3
Eurasian_Wigeon,PfeifenteWattwurm17-10-11_17-32,1,data/processed/Eurasian_Wigeon/PfeifenteWattwurm17-10-11_17-32_chunk001.wav,3.0,PfeifenteWattwurm17-10-11_17-32.mp3
Eurasian_Wigeon,PfeifenteWattwurm17-10-11_17-32,2,data/processed/Eurasian_Wigeon/PfeifenteWattwurm17-10-11_17-32_chunk002.wav,3.0,PfeifenteWattwurm17-10-11_17-32.mp3
Eurasian_Wigeon,PfeifenteWattwurm17-10-11_17-32,3,data/processed/Eurasian_Wigeon/PfeifenteWattwurm17-10-11_17-32_chunk003.wav,3.0,PfeifenteWattwurm17-10-11_17-32.mp3
Eurasian_Wigeon,PfeifenteWattwurm17-10-11_17-32,4,data/processed/Eurasian_Wigeon/PfeifenteWattwurm17-10-11_17-32_chunk004.wav,3.0,PfeifenteWattwurm17-10-11_17-32.mp3
Eurasian_Wigeon,PfeifenteWattwurm17-10-11_17-32,5,data/processed/Eurasian_Wigeon/PfeifenteWattwurm17-10-11_17-32_chunk005.wav,3.0,PfeifenteWattwurm17-10-11_17-32.mp3
Eurasian_Wigeon,PfeifenteWattwurm17-10-11_17-32,6,data/processed/Eurasian_Wigeon/PfeifenteWattwurm17-10-11_17-32_chunk006.wav,3.0,PfeifenteWattwurm17-10-11_17-32.mp3
Eurasian_Wigeon,PfeifenteWattwurm17-10-11_17-32,7,data/processed/Eurasian_Wigeon/PfeifenteWattwurm17-10-11_17-32_chunk007.wav,3.0,PfeifenteWattwurm17-10-11_17-32.mp3
Eurasian_Wigeon,PfeifenteWattwurm17-10-11_17-32,8,data/processed/Eurasian_Wigeon/PfeifenteWattwurm17-10-11_17-32_chunk008.wav,3.0,PfeifenteWattwurm17-10-11_17-32.mp3
Eurasian_Wigeon,PfeifenteWattwurm17-10-11_17-32,9,data/processed/Eurasian_Wigeon/PfeifenteWattwurm17-10-11_17-32_chunk009.wav,3.0,PfeifenteWattwurm17-10-11_17-32.mp3
Eurasian_Wigeon,PfeifenteWattwurm17-10-11_17-32,10,data/processed/Eurasian_Wigeon/PfeifenteWattwurm17-10-11_17-32_chunk010.wav,3.0,PfeifenteWattwurm17-10-11_17-32.mp3
Eurasian_Wigeon,PfeifenteWattwurm17-10-11_17-32,11,data/processed/Eurasian_Wigeon/PfeifenteWattwurm17-10-11_17-32_chunk011.wav,3.0,PfeifenteWattwurm17-10-11_17-32.mp3
Eurasian_Wigeon,PfeifenteWattwurm17-10-11_17-32,12,data/processed/Eurasian_Wigeon/PfeifenteWattwurm17-10-11_17-32_chunk012.wav,3.0,PfeifenteWattwurm17-10-11_17-32.mp3
Eurasian_Wigeon,PfeifenteWattwurm17-10-11_17-32,13,data/processed/Eurasian_Wigeon/PfeifenteWattwurm17-10-11_17-32_chunk013.wav,3.0,PfeifenteWattwurm17-10-11_17-32.mp3
Eurasian_Wigeon,R09_0036Wigeon_ACL,0,data/processed/Eurasian_Wigeon/R09_0036Wigeon_ACL_chunk000.wav,3.0,R09_0036Wigeon_ACL.mp3
Eurasian_Wigeon,R09_0036Wigeon_ACL,1,data/processed/Eurasian_Wigeon/R09_0036Wigeon_ACL_chunk001.wav,3.0,R09_0036Wigeon_ACL.mp3
Eurasian_Wigeon,R09_0036Wigeon_ACL,2,data/processed/Eurasian_Wigeon/R09_0036Wigeon_ACL_chunk002.wav,3.0,R09_0036Wigeon_ACL.mp3
Eurasian_Wigeon,R09_0036Wigeon_ACL,3,data/processed/Eurasian_Wigeon/R09_0036Wigeon_ACL_chunk003.wav,3.0,R09_0036Wigeon_ACL.mp3
Eurasian_Wigeon,R09_0036Wigeon_ACL,4,data/processed/Eurasian_Wigeon/R09_0036Wigeon_ACL_chunk004.wav,3.0,R09_0036Wigeon_ACL.mp3
Eurasian_Wigeon,R09_0036Wigeon_ACL,5,data/processed/Eurasian_Wigeon/R09_0036Wigeon_ACL_chunk005.wav,3.0,R09_0036Wigeon_ACL.mp3
Eurasian_Wigeon,R09_0036Wigeon_ACL,6,data/processed/Eurasian_Wigeon/R09_0036Wigeon_ACL_chunk006.wav,3.0,R09_0036Wigeon_ACL.mp3
Eurasian_Wigeon,R09_0036Wigeon_ACL,7,data/processed/Eurasian_Wigeon/R09_0036Wigeon_ACL_chunk007.wav,3.0,R09_0036Wigeon_ACL.mp3
Eurasian_Wigeon,R09_0036Wigeon_ACL,8,data/processed/Eurasian_Wigeon/R09_0036Wigeon_ACL_chunk008.wav,3.0,R09_0036Wigeon_ACL.mp3
Eurasian_Wigeon,R09_0036Wigeon_ACL,9,data/processed/Eurasian_Wigeon/R09_0036Wigeon_ACL_chunk009.wav,3.0,R09_0036Wigeon_ACL.mp3
Eurasian_Wigeon,R09_0036Wigeon_ACL,10,data/processed/Eurasian_Wigeon/R09_0036Wigeon_ACL_chunk010.wav,3.0,R09_0036Wigeon_ACL.mp3
Eurasian_Wigeon,R09_0036Wigeon_ACL,11,data/processed/Eurasian_Wigeon/R09_0036Wigeon_ACL_chunk011.wav,3.0,R09_0036Wigeon_ACL.mp3
Eurasian_Wigeon,R09_0036Wigeon_ACL,12,data/processed/Eurasian_Wigeon/R09_0036Wigeon_ACL_chunk012.wav,3.0,R09_0036Wigeon_ACL.mp3
Eurasian_Wigeon,R09_0036Wigeon_ACL,13,data/processed/Eurasian_Wigeon/R09_0036Wigeon_ACL_chunk013.wav,3.0,R09_0036Wigeon_ACL.mp3
Eurasian_Wigeon,R09_0036Wigeon_ACL,14,data/processed/Eurasian_Wigeon/R09_0036Wigeon_ACL_chunk014.wav,3.0,R09_0036Wigeon_ACL.mp3
Eurasian_Wigeon,R09_0036Wigeon_ACL,15,data/processed/Eurasian_Wigeon/R09_0036Wigeon_ACL_chunk015.wav,3.0,R09_0036Wigeon_ACL.mp3
Eurasian_Wigeon,R09_0036Wigeon_ACL,16,data/processed/Eurasian_Wigeon/R09_0036Wigeon_ACL_chunk016.wav,3.0,R09_0036Wigeon_ACL.mp3
Eurasian_Wigeon,XC113187-Anas_penelope_Poland_Jarek_Matusiak_20110312-032,0,data/processed/Eurasian_Wigeon/XC113187-Anas_penelope_Poland_Jarek_Matusiak_20110312-032_chunk000.wav,3.0,XC113187-Anas_penelope_Poland_Jarek_Matusiak_20110312-032.mp3
Eurasian_Wigeon,XC113187-Anas_penelope_Poland_Jarek_Matusiak_20110312-032,1,data/processed/Eurasian_Wigeon/XC113187-Anas_penelope_Poland_Jarek_Matusiak_20110312-032_chunk001.wav,3.0,XC113187-Anas_penelope_Poland_Jarek_Matusiak_20110312-032.mp3
Eurasian_Wigeon,XC113187-Anas_penelope_Poland_Jarek_Matusiak_20110312-032,2,data/processed/Eurasian_Wigeon/XC113187-Anas_penelope_Poland_Jarek_Matusiak_20110312-032_chunk002.wav,3.0,XC113187-Anas_penelope_Poland_Jarek_Matusiak_20110312-032.mp3
Eurasian_Wigeon,XC113187-Anas_penelope_Poland_Jarek_Matusiak_20110312-032,3,data/processed/Eurasian_Wigeon/XC113187-Anas_penelope_Poland_Jarek_Matusiak_20110312-032_chunk003.wav,3.0,XC113187-Anas_penelope_Poland_Jarek_Matusiak_20110312-032.mp3
Eurasian_Wigeon,XC113187-Anas_penelope_Poland_Jarek_Matusiak_20110312-032,4,data/processed/Eurasian_Wigeon/XC113187-Anas_penelope_Poland_Jarek_Matusiak_20110312-032_chunk004.wav,3.0,XC113187-Anas_penelope_Poland_Jarek_Matusiak_20110312-032.mp3
Eurasian_Wigeon,XC113187-Anas_penelope_Poland_Jarek_Matusiak_20110312-032,5,data/processed/Eurasian_Wigeon/XC113187-Anas_penelope_Poland_Jarek_Matusiak_20110312-032_chunk005.wav,3.0,XC113187-Anas_penelope_Poland_Jarek_Matusiak_20110312-032.mp3
Eurasian_Wigeon,XC113187-Anas_penelope_Poland_Jarek_Matusiak_20110312-032,6,data/processed/Eurasian_Wigeon/XC113187-Anas_penelope_Poland_Jarek_Matusiak_20110312-032_chunk006.wav,3.0,XC113187-Anas_penelope_Poland_Jarek_Matusiak_20110312-032.mp3
Eurasian_Wigeon,XC113187-Anas_penelope_Poland_Jarek_Matusiak_20110312-032,7,data/processed/Eurasian_Wigeon/XC113187-Anas_penelope_Poland_Jarek_Matusiak_20110312-032_chunk007.wav,3.0,XC113187-Anas_penelope_Poland_Jarek_Matusiak_20110312-032.mp3
Eurasian_Wigeon,XC113187-Anas_penelope_Poland_Jarek_Matusiak_20110312-032,8,data/processed/Eurasian_Wigeon/XC113187-Anas_penelope_Poland_Jarek_Matusiak_20110312-032_chunk008.wav,3.0,XC113187-Anas_penelope_Poland_Jarek_Matusiak_20110312-032.mp3
Eurasian_Wigeon,XC113187-Anas_penelope_Poland_Jarek_Matusiak_20110312-032,9,data/processed/Eurasian_Wigeon/XC113187-Anas_penelope_Poland_Jarek_Matusiak_20110312-032_chunk009.wav,3.0,XC113187-Anas_penelope_Poland_Jarek_Matusiak_20110312-032.mp3
Eurasian_Wigeon,XC113187-Anas_penelope_Poland_Jarek_Matusiak_20110312-032,10,data/processed/Eurasian_Wigeon/XC113187-Anas_penelope_Poland_Jarek_Matusiak_20110312-032_chunk010.wav,3.0,XC113187-Anas_penelope_Poland_Jarek_Matusiak_20110312-032.mp3
Eurasian_Wigeon,XC113187-Anas_penelope_Poland_Jarek_Matusiak_20110312-032,11,data/processed/Eurasian_Wigeon/XC113187-Anas_penelope_Poland_Jarek_Matusiak_20110312-032_chunk011.wav,3.0,XC113187-Anas_penelope_Poland_Jarek_Matusiak_20110312-032.mp3
Eurasian_Wigeon,XC113187-Anas_penelope_Poland_Jarek_Matusiak_20110312-032,12,data/processed/Eurasian_Wigeon/XC113187-Anas_penelope_Poland_Jarek_Matusiak_20110312-032_chunk012.wav,3.0,XC113187-Anas_penelope_Poland_Jarek_Matusiak_20110312-032.mp3
Eurasian_Wigeon,XC113187-Anas_penelope_Poland_Jarek_Matusiak_20110312-032,13,data/processed/Eurasian_Wigeon/XC113187-Anas_penelope_Poland_Jarek_Matusiak_20110312-032_chunk013.wav,3.0,XC113187-Anas_penelope_Poland_Jarek_Matusiak_20110312-032.mp3
Eurasian_Wigeon,XC113187-Anas_penelope_Poland_Jarek_Matusiak_20110312-032,14,data/processed/Eurasian_Wigeon/XC113187-Anas_penelope_Poland_Jarek_Matusiak_20110312-032_chunk014.wav,3.0,XC113187-Anas_penelope_Poland_Jarek_Matusiak_20110312-032.mp3
Eurasian_Wigeon,XC113187-Anas_penelope_Poland_Jarek_Matusiak_20110312-032,15,data/processed/Eurasian_Wigeon/XC113187-Anas_penelope_Poland_Jarek_Matusiak_20110312-032_chunk015.wav,3.0,XC113187-Anas_penelope_Poland_Jarek_Matusiak_20110312-032.mp3
Eurasian_Wigeon,XC113187-Anas_penelope_Poland_Jarek_Matusiak_20110312-032,16,data/processed/Eurasian_Wigeon/XC113187-Anas_penelope_Poland_Jarek_Matusiak_20110312-032_chunk016.wav,3.0,XC113187-Anas_penelope_Poland_Jarek_Matusiak_20110312-032.mp3
Eurasian_Wigeon,XC113187-Anas_penelope_Poland_Jarek_Matusiak_20110312-032,17,data/processed/Eurasian_Wigeon/XC113187-Anas_penelope_Poland_Jarek_Matusiak_20110312-032_chunk017.wav,3.0,XC113187-Anas_penelope_Poland_Jarek_Matusiak_20110312-032.mp3
Eurasian_Wigeon,XC113187-Anas_penelope_Poland_Jarek_Matusiak_20110312-032,18,data/processed/Eurasian_Wigeon/XC113187-Anas_penelope_Poland_Jarek_Matusiak_20110312-032_chunk018.wav,3.0,XC113187-Anas_penelope_Poland_Jarek_Matusiak_20110312-032.mp3
Eurasian_Wigeon,XC113187-Anas_penelope_Poland_Jarek_Matusiak_20110312-032,19,data/processed/Eurasian_Wigeon/XC113187-Anas_penelope_Poland_Jarek_Matusiak_20110312-032_chunk019.wav,3.0,XC113187-Anas_penelope_Poland_Jarek_Matusiak_20110312-032.mp3
Eurasian_Wigeon,XC113187-Anas_penelope_Poland_Jarek_Matusiak_20110312-032,20,data/processed/Eurasian_Wigeon/XC113187-Anas_penelope_Poland_Jarek_Matusiak_20110312-032_chunk020.wav,3.0,XC113187-Anas_penelope_Poland_Jarek_Matusiak_20110312-032.mp3
Eurasian_Wigeon,XC113187-Anas_penelope_Poland_Jarek_Matusiak_20110312-032,21,data/processed/Eurasian_Wigeon/XC113187-Anas_penelope_Poland_Jarek_Matusiak_20110312-032_chunk021.wav,3.0,XC113187-Anas_penelope_Poland_Jarek_Matusiak_20110312-032.mp3
Eurasian_Wigeon,XC113187-Anas_penelope_Poland_Jarek_Matusiak_20110312-032,22,data/processed/Eurasian_Wigeon/XC113187-Anas_penelope_Poland_Jarek_Matusiak_20110312-032_chunk022.wav,3.0,XC113187-Anas_penelope_Poland_Jarek_Matusiak_20110312-032.mp3
Eurasian_Wigeon,XC113187-Anas_penelope_Poland_Jarek_Matusiak_20110312-032,23,data/processed/Eurasian_Wigeon/XC113187-Anas_penelope_Poland_Jarek_Matusiak_20110312-032_chunk023.wav,3.0,XC113187-Anas_penelope_Poland_Jarek_Matusiak_20110312-032.mp3
Eurasian_Wigeon,XC113187-Anas_penelope_Poland_Jarek_Matusiak_20110312-032,24,data/processed/Eurasian_Wigeon/XC113187-Anas_penelope_Poland_Jarek_Matusiak_20110312-032_chunk024.wav,3.0,XC113187-Anas_penelope_Poland_Jarek_Matusiak_20110312-032.mp3
Eurasian_Wigeon,XC113187-Anas_penelope_Poland_Jarek_Matusiak_20110312-032,25,data/processed/Eurasian_Wigeon/XC113187-Anas_penelope_Poland_Jarek_Matusiak_20110312-032_chunk025.wav,3.0,XC113187-Anas_penelope_Poland_Jarek_Matusiak_20110312-032.mp3
Eurasian_Wigeon,XC113187-Anas_penelope_Poland_Jarek_Matusiak_20110312-032,26,data/processed/Eurasian_Wigeon/XC113187-Anas_penelope_Poland_Jarek_Matusiak_20110312-032_chunk026.wav,3.0,XC113187-Anas_penelope_Poland_Jarek_Matusiak_20110312-032.mp3
Eurasian_Wigeon,XC113187-Anas_penelope_Poland_Jarek_Matusiak_20110312-032,27,data/processed/Eurasian_Wigeon/XC113187-Anas_penelope_Poland_Jarek_Matusiak_20110312-032_chunk027.wav,3.0,XC113187-Anas_penelope_Poland_Jarek_Matusiak_20110312-032.mp3
Eurasian_Wigeon,XC113187-Anas_penelope_Poland_Jarek_Matusiak_20110312-032,28,data/processed/Eurasian_Wigeon/XC113187-Anas_penelope_Poland_Jarek_Matusiak_20110312-032_chunk028.wav,3.0,XC113187-Anas_penelope_Poland_Jarek_Matusiak_20110312-032.mp3
Eurasian_Wigeon,XC113187-Anas_penelope_Poland_Jarek_Matusiak_20110312-032,29,data/processed/Eurasian_Wigeon/XC113187-Anas_penelope_Poland_Jarek_Matusiak_20110312-032_chunk029.wav,3.0,XC113187-Anas_penelope_Poland_Jarek_Matusiak_20110312-032.mp3
Eurasian_Wigeon,XC113187-Anas_penelope_Poland_Jarek_Matusiak_20110312-032,30,data/processed/Eurasian_Wigeon/XC113187-Anas_penelope_Poland_Jarek_Matusiak_20110312-032_chunk030.wav,3.0,XC113187-Anas_penelope_Poland_Jarek_Matusiak_20110312-032.mp3
Eurasian_Wigeon,XC113187-Anas_penelope_Poland_Jarek_Matusiak_20110312-032,31,data/processed/Eurasian_Wigeon/XC113187-Anas_penelope_Poland_Jarek_Matusiak_20110312-032_chunk031.wav,3.0,XC113187-Anas_penelope_Poland_Jarek_Matusiak_20110312-032.mp3
Eurasian_Wigeon,XC113187-Anas_penelope_Poland_Jarek_Matusiak_20110312-032,32,data/processed/Eurasian_Wigeon/XC113187-Anas_penelope_Poland_Jarek_Matusiak_20110312-032_chunk032.wav,3.0,XC113187-Anas_penelope_Poland_Jarek_Matusiak_20110312-032.mp3
Eurasian_Wigeon,XC113187-Anas_penelope_Poland_Jarek_Matusiak_20110312-032,33,data/processed/Eurasian_Wigeon/XC113187-Anas_penelope_Poland_Jarek_Matusiak_20110312-032_chunk033.wav,3.0,XC113187-Anas_penelope_Poland_Jarek_Matusiak_20110312-032.mp3
Eurasian_Wigeon,XC113187-Anas_penelope_Poland_Jarek_Matusiak_20110312-032,34,data/processed/Eurasian_Wigeon/XC113187-Anas_penelope_Poland_Jarek_Matusiak_20110312-032_chunk034.wav,3.0,XC113187-Anas_penelope_Poland_Jarek_Matusiak_20110312-032.mp3
Eurasian_Wigeon,XC113187-Anas_penelope_Poland_Jarek_Matusiak_20110312-032,35,data/processed/Eurasian_Wigeon/XC113187-Anas_penelope_Poland_Jarek_Matusiak_20110312-032_chunk035.wav,3.0,XC113187-Anas_penelope_Poland_Jarek_Matusiak_20110312-032.mp3
Eurasian_Wigeon,XC113187-Anas_penelope_Poland_Jarek_Matusiak_20110312-032,36,data/processed/Eurasian_Wigeon/XC113187-Anas_penelope_Poland_Jarek_Matusiak_20110312-032_chunk036.wav,3.0,XC113187-Anas_penelope_Poland_Jarek_Matusiak_20110312-032.mp3
Eurasian_Wigeon,XC113187-Anas_penelope_Poland_Jarek_Matusiak_20110312-032,37,data/processed/Eurasian_Wigeon/XC113187-Anas_penelope_Poland_Jarek_Matusiak_20110312-032_chunk037.wav,3.0,XC113187-Anas_penelope_Poland_Jarek_Matusiak_20110312-032.mp3
Eurasian_Wigeon,XC113187-Anas_penelope_Poland_Jarek_Matusiak_20110312-032,38,data/processed/Eurasian_Wigeon/XC113187-Anas_penelope_Poland_Jarek_Matusiak_20110312-032_chunk038.wav,3.0,XC113187-Anas_penelope_Poland_Jarek_Matusiak_20110312-032.mp3
Eurasian_Wigeon,XC113187-Anas_penelope_Poland_Jarek_Matusiak_20110312-032,39,data/processed/Eurasian_Wigeon/XC113187-Anas_penelope_Poland_Jarek_Matusiak_20110312-032_chunk039.wav,3.0,XC113187-Anas_penelope_Poland_Jarek_Matusiak_20110312-032.mp3
Eurasian_Wigeon,XC113187-Anas_penelope_Poland_Jarek_Matusiak_20110312-032,40,data/processed/Eurasian_Wigeon/XC113187-Anas_penelope_Poland_Jarek_Matusiak_20110312-032_chunk040.wav,3.0,XC113187-Anas_penelope_Poland_Jarek_Matusiak_20110312-032.mp3
Eurasian_Wigeon,XC113187-Anas_penelope_Poland_Jarek_Matusiak_20110312-032,41,data/processed/Eurasian_Wigeon/XC113187-Anas_penelope_Poland_Jarek_Matusiak_20110312-032_chunk041.wav,3.0,XC113187-Anas_penelope_Poland_Jarek_Matusiak_20110312-032.mp3
Eurasian_Wigeon,XC113187-Anas_penelope_Poland_Jarek_Matusiak_20110312-032,42,data/processed/Eurasian_Wigeon/XC113187-Anas_penelope_Poland_Jarek_Matusiak_20110312-032_chunk042.wav,3.0,XC113187-Anas_penelope_Poland_Jarek_Matusiak_20110312-032.mp3
Eurasian_Wigeon,XC113187-Anas_penelope_Poland_Jarek_Matusiak_20110312-032,43,data/processed/Eurasian_Wigeon/XC113187-Anas_penelope_Poland_Jarek_Matusiak_20110312-032_chunk043.wav,3.0,XC113187-Anas_penelope_Poland_Jarek_Matusiak_20110312-032.mp3
Eurasian_Wigeon,XC113187-Anas_penelope_Poland_Jarek_Matusiak_20110312-032,44,data/processed/Eurasian_Wigeon/XC113187-Anas_penelope_Poland_Jarek_Matusiak_20110312-032_chunk044.wav,3.0,XC113187-Anas_penelope_Poland_Jarek_Matusiak_20110312-032.mp3
Eurasian_Wigeon,XC113187-Anas_penelope_Poland_Jarek_Matusiak_20110312-032,45,data/processed/Eurasian_Wigeon/XC113187-Anas_penelope_Poland_Jarek_Matusiak_20110312-032_chunk045.wav,3.0,XC113187-Anas_penelope_Poland_Jarek_Matusiak_20110312-032.mp3
Eurasian_Wigeon,XC113187-Anas_penelope_Poland_Jarek_Matusiak_20110312-032,46,data/processed/Eurasian_Wigeon/XC113187-Anas_penelope_Poland_Jarek_Matusiak_20110312-032_chunk046.wav,3.0,XC113187-Anas_penelope_Poland_Jarek_Matusiak_20110312-032.mp3
Eurasian_Wigeon,XC113187-Anas_penelope_Poland_Jarek_Matusiak_20110312-032,47,data/processed/Eurasian_Wigeon/XC113187-Anas_penelope_Poland_Jarek_Matusiak_20110312-032_chunk047.wav,3.0,XC113187-Anas_penelope_Poland_Jarek_Matusiak_20110312-032.mp3
Eurasian_Wigeon,XC113187-Anas_penelope_Poland_Jarek_Matusiak_20110312-032,48,data/processed/Eurasian_Wigeon/XC113187-Anas_penelope_Poland_Jarek_Matusiak_20110312-032_chunk048.wav,3.0,XC113187-Anas_penelope_Poland_Jarek_Matusiak_20110312-032.mp3
Eurasian_Wigeon,XC113187-Anas_penelope_Poland_Jarek_Matusiak_20110312-032,49,data/processed/Eurasian_Wigeon/XC113187-Anas_penelope_Poland_Jarek_Matusiak_20110312-032_chunk049.wav,3.0,XC113187-Anas_penelope_Poland_Jarek_Matusiak_20110312-032.mp3
Eurasian_Wigeon,XC113187-Anas_penelope_Poland_Jarek_Matusiak_20110312-032,50,data/processed/Eurasian_Wigeon/XC113187-Anas_penelope_Poland_Jarek_Matusiak_20110312-032_chunk050.wav,3.0,XC113187-Anas_penelope_Poland_Jarek_Matusiak_20110312-032.mp3
Eurasian_Wigeon,XC113187-Anas_penelope_Poland_Jarek_Matusiak_20110312-032,51,data/processed/Eurasian_Wigeon/XC113187-Anas_penelope_Poland_Jarek_Matusiak_20110312-032_chunk051.wav,3.0,XC113187-Anas_penelope_Poland_Jarek_Matusiak_20110312-032.mp3
Eurasian_Wigeon,XC113187-Anas_penelope_Poland_Jarek_Matusiak_20110312-032,52,data/processed/Eurasian_Wigeon/XC113187-Anas_penelope_Poland_Jarek_Matusiak_20110312-032_chunk052.wav,3.0,XC113187-Anas_penelope_Poland_Jarek_Matusiak_20110312-032.mp3
Eurasian_Wigeon,XC113187-Anas_penelope_Poland_Jarek_Matusiak_20110312-032,53,data/processed/Eurasian_Wigeon/XC113187-Anas_penelope_Poland_Jarek_Matusiak_20110312-032_chunk053.wav,3.0,XC113187-Anas_penelope_Poland_Jarek_Matusiak_20110312-032.mp3
Eurasian_Wigeon,XC113187-Anas_penelope_Poland_Jarek_Matusiak_20110312-032,54,data/processed/Eurasian_Wigeon/XC113187-Anas_penelope_Poland_Jarek_Matusiak_20110312-032_chunk054.wav,3.0,XC113187-Anas_penelope_Poland_Jarek_Matusiak_20110312-032.mp3
Eurasian_Wigeon,XC113187-Anas_penelope_Poland_Jarek_Matusiak_20110312-032,55,data/processed/Eurasian_Wigeon/XC113187-Anas_penelope_Poland_Jarek_Matusiak_20110312-032_chunk055.wav,3.0,XC113187-Anas_penelope_Poland_Jarek_Matusiak_20110312-032.mp3
Eurasian_Wigeon,XC113187-Anas_penelope_Poland_Jarek_Matusiak_20110312-032,56,data/processed/Eurasian_Wigeon/XC113187-Anas_penelope_Poland_Jarek_Matusiak_20110312-032_chunk056.wav,3.0,XC113187-Anas_penelope_Poland_Jarek_Matusiak_20110312-032.mp3
Eurasian_Wigeon,XC113187-Anas_penelope_Poland_Jarek_Matusiak_20110312-032,57,data/processed/Eurasian_Wigeon/XC113187-Anas_penelope_Poland_Jarek_Matusiak_20110312-032_chunk057.wav,3.0,XC113187-Anas_penelope_Poland_Jarek_Matusiak_20110312-032.mp3
Eurasian_Wigeon,XC143305-Brunnakke,0,data/processed/Eurasian_Wigeon/XC143305-Brunnakke_chunk000.wav,3.0,XC143305-Brunnakke XC Giske 20.mars 2013 kl. 11.30.mp3
Eurasian_Wigeon,XC143305-Brunnakke,1,data/processed/Eurasian_Wigeon/XC143305-Brunnakke_chunk001.wav,3.0,XC143305-Brunnakke XC Giske 20.mars 2013 kl. 11.30.mp3
Eurasian_Wigeon,XC143305-Brunnakke,2,data/processed/Eurasian_Wigeon/XC143305-Brunnakke_chunk002.wav,3.0,XC143305-Brunnakke XC Giske 20.mars 2013 kl. 11.30.mp3
Eurasian_Wigeon,XC143305-Brunnakke,3,data/processed/Eurasian_Wigeon/XC143305-Brunnakke_chunk003.wav,3.0,XC143305-Brunnakke XC Giske 20.mars 2013 kl. 11.30.mp3
Eurasian_Wigeon,XC143305-Brunnakke,4,data/processed/Eurasian_Wigeon/XC143305-Brunnakke_chunk004.wav,3.0,XC143305-Brunnakke XC Giske 20.mars 2013 kl. 11.30.mp3
Eurasian_Wigeon,XC143305-Brunnakke,5,data/processed/Eurasian_Wigeon/XC143305-Brunnakke_chunk005.wav,3.0,XC143305-Brunnakke XC Giske 20.mars 2013 kl. 11.30.mp3
Eurasian_Wigeon,XC143305-Brunnakke,6,data/processed/Eurasian_Wigeon/XC143305-Brunnakke_chunk006.wav,3.0,XC143305-Brunnakke XC Giske 20.mars 2013 kl. 11.30.mp3
Eurasian_Wigeon,XC143305-Brunnakke,7,data/processed/Eurasian_Wigeon/XC143305-Brunnakke_chunk007.wav,3.0,XC143305-Brunnakke XC Giske 20.mars 2013 kl. 11.30.mp3
Eurasian_Wigeon,XC143305-Brunnakke,8,data/processed/Eurasian_Wigeon/XC143305-Brunnakke_chunk008.wav,3.0,XC143305-Brunnakke XC Giske 20.mars 2013 kl. 11.30.mp3
Eurasian_Wigeon,XC143305-Brunnakke,9,data/processed/Eurasian_Wigeon/XC143305-Brunnakke_chunk009.wav,3.0,XC143305-Brunnakke XC Giske 20.mars 2013 kl. 11.30.mp3
Eurasian_Wigeon,XC143305-Brunnakke,10,data/processed/Eurasian_Wigeon/XC143305-Brunnakke_chunk010.wav,3.0,XC143305-Brunnakke XC Giske 20.mars 2013 kl. 11.30.mp3
Eurasian_Wigeon,XC143305-Brunnakke,11,data/processed/Eurasian_Wigeon/XC143305-Brunnakke_chunk011.wav,3.0,XC143305-Brunnakke XC Giske 20.mars 2013 kl. 11.30.mp3
Eurasian_Wigeon,XC143305-Brunnakke,12,data/processed/Eurasian_Wigeon/XC143305-Brunnakke_chunk012.wav,3.0,XC143305-Brunnakke XC Giske 20.mars 2013 kl. 11.30.mp3
Eurasian_Wigeon,XC143305-Brunnakke,13,data/processed/Eurasian_Wigeon/XC143305-Brunnakke_chunk013.wav,3.0,XC143305-Brunnakke XC Giske 20.mars 2013 kl. 11.30.mp3
Eurasian_Wigeon,XC143305-Brunnakke,14,data/processed/Eurasian_Wigeon/XC143305-Brunnakke_chunk014.wav,3.0,XC143305-Brunnakke XC Giske 20.mars 2013 kl. 11.30.mp3
Eurasian_Wigeon,XC143305-Brunnakke,15,data/processed/Eurasian_Wigeon/XC143305-Brunnakke_chunk015.wav,3.0,XC143305-Brunnakke XC Giske 20.mars 2013 kl. 11.30.mp3
Eurasian_Wigeon,XC143305-Brunnakke,16,data/processed/Eurasian_Wigeon/XC143305-Brunnakke_chunk016.wav,3.0,XC143305-Brunnakke XC Giske 20.mars 2013 kl. 11.30.mp3
Eurasian_Wigeon,XC143305-Brunnakke,17,data/processed/Eurasian_Wigeon/XC143305-Brunnakke_chunk017.wav,3.0,XC143305-Brunnakke XC Giske 20.mars 2013 kl. 11.30.mp3
Eurasian_Wigeon,XC143305-Brunnakke,18,data/processed/Eurasian_Wigeon/XC143305-Brunnakke_chunk018.wav,3.0,XC143305-Brunnakke XC Giske 20.mars 2013 kl. 11.30.mp3
Eurasian_Wigeon,XC143305-Brunnakke,19,data/processed/Eurasian_Wigeon/XC143305-Brunnakke_chunk019.wav,3.0,XC143305-Brunnakke XC Giske 20.mars 2013 kl. 11.30.mp3
Eurasian_Wigeon,XC143305-Brunnakke,20,data/processed/Eurasian_Wigeon/XC143305-Brunnakke_chunk020.wav,3.0,XC143305-Brunnakke XC Giske 20.mars 2013 kl. 11.30.mp3
Eurasian_Wigeon,XC143305-Brunnakke,21,data/processed/Eurasian_Wigeon/XC143305-Brunnakke_chunk021.wav,3.0,XC143305-Brunnakke XC Giske 20.mars 2013 kl. 11.30.mp3
Eurasian_Wigeon,XC143305-Brunnakke,22,data/processed/Eurasian_Wigeon/XC143305-Brunnakke_chunk022.wav,3.0,XC143305-Brunnakke XC Giske 20.mars 2013 kl. 11.30.mp3
Eurasian_Wigeon,XC143305-Brunnakke,23,data/processed/Eurasian_Wigeon/XC143305-Brunnakke_chunk023.wav,3.0,XC143305-Brunnakke XC Giske 20.mars 2013 kl. 11.30.mp3
Eurasian_Wigeon,XC280925-047,0,data/processed/Eurasian_Wigeon/XC280925-047_chunk000.wav,3.0,XC280925-047 1 Smient 1 Roep mannetje.mp3
Eurasian_Wigeon,XC280925-047,1,data/processed/Eurasian_Wigeon/XC280925-047_chunk001.wav,3.0,XC280925-047 1 Smient 1 Roep mannetje.mp3
Eurasian_Wigeon,XC280925-047,2,data/processed/Eurasian_Wigeon/XC280925-047_chunk002.wav,3.0,XC280925-047 1 Smient 1 Roep mannetje.mp3
Eurasian_Wigeon,XC280925-047,3,data/processed/Eurasian_Wigeon/XC280925-047_chunk003.wav,3.0,XC280925-047 1 Smient 1 Roep mannetje.mp3
Eurasian_Wigeon,XC280925-047,4,data/processed/Eurasian_Wigeon/XC280925-047_chunk004.wav,3.0,XC280925-047 1 Smient 1 Roep mannetje.mp3
Eurasian_Wigeon,"XC349677-Smienten,",0,"data/processed/Eurasian_Wigeon/XC349677-Smienten,_chunk000.wav",3.0,"XC349677-Smienten, groupcalls in sloot, Oudeland van Strijen, 080117 0819 uur.mp3"
Eurasian_Wigeon,"XC349677-Smienten,",1,"data/processed/Eurasian_Wigeon/XC349677-Smienten,_chunk001.wav",3.0,"XC349677-Smienten, groupcalls in sloot, Oudeland van Strijen, 080117 0819 uur.mp3"
Eurasian_Wigeon,"XC349677-Smienten,",2,"data/processed/Eurasian_Wigeon/XC349677-Smienten,_chunk002.wav",3.0,"XC349677-Smienten, groupcalls in sloot, Oudeland van Strijen, 080117 0819 uur.mp3"
Eurasian_Wigeon,"XC349677-Smienten,",3,"data/processed/Eurasian_Wigeon/XC349677-Smienten,_chunk003.wav",3.0,"XC349677-Smienten, groupcalls in sloot, Oudeland van Strijen, 080117 0819 uur.mp3"
Eurasian_Wigeon,"XC349677-Smienten,",4,"data/processed/Eurasian_Wigeon/XC349677-Smienten,_chunk004.wav",3.0,"XC349677-Smienten, groupcalls in sloot, Oudeland van Strijen, 080117 0819 uur.mp3"
Eurasian_Wigeon,"XC349677-Smienten,",5,"data/processed/Eurasian_Wigeon/XC349677-Smienten,_chunk005.wav",3.0,"XC349677-Smienten, groupcalls in sloot, Oudeland van Strijen, 080117 0819 uur.mp3"
Eurasian_Wigeon,"XC349677-Smienten,",6,"data/processed/Eurasian_Wigeon/XC349677-Smienten,_chunk006.wav",3.0,"XC349677-Smienten, groupcalls in sloot, Oudeland van Strijen, 080117 0819 uur.mp3"
Eurasian_Wigeon,"XC349677-Smienten,",7,"data/processed/Eurasian_Wigeon/XC349677-Smienten,_chunk007.wav",3.0,"XC349677-Smienten, groupcalls in sloot, Oudeland van Strijen, 080117 0819 uur.mp3"
Eurasian_Wigeon,"XC349677-Smienten,",8,"data/processed/Eurasian_Wigeon/XC349677-Smienten,_chunk008.wav",3.0,"XC349677-Smienten, groupcalls in sloot, Oudeland van Strijen, 080117 0819 uur.mp3"
Eurasian_Wigeon,"XC349677-Smienten,",9,"data/processed/Eurasian_Wigeon/XC349677-Smienten,_chunk009.wav",3.0,"XC349677-Smienten, groupcalls in sloot, Oudeland van Strijen, 080117 0819 uur.mp3"
Eurasian_Wigeon,"XC349677-Smienten,",10,"data/processed/Eurasian_Wigeon/XC349677-Smienten,_chunk010.wav",3.0,"XC349677-Smienten, groupcalls in sloot, Oudeland van Strijen, 080117 0819 uur.mp3"
Eurasian_Wigeon,"XC349677-Smienten,",11,"data/processed/Eurasian_Wigeon/XC349677-Smienten,_chunk011.wav",3.0,"XC349677-Smienten, groupcalls in sloot, Oudeland van Strijen, 080117 0819 uur.mp3"
Eurasian_Wigeon,"XC349677-Smienten,",12,"data/processed/Eurasian_Wigeon/XC349677-Smienten,_chunk012.wav",3.0,"XC349677-Smienten, groupcalls in sloot, Oudeland van Strijen, 080117 0819 uur.mp3"
Eurasian_Wigeon,"XC349677-Smienten,",13,"data/processed/Eurasian_Wigeon/XC349677-Smienten,_chunk013.wav",3.0,"XC349677-Smienten, groupcalls in sloot, Oudeland van Strijen, 080117 0819 uur.mp3"
Eurasian_Wigeon,"XC349677-Smienten,",14,"data/processed/Eurasian_Wigeon/XC349677-Smienten,_chunk014.wav",3.0,"XC349677-Smienten, groupcalls in sloot, Oudeland van Strijen, 080117 0819 uur.mp3"
Eurasian_Wigeon,"XC349677-Smienten,",15,"data/processed/Eurasian_Wigeon/XC349677-Smienten,_chunk015.wav",3.0,"XC349677-Smienten, groupcalls in sloot, Oudeland van Strijen, 080117 0819 uur.mp3"
Eurasian_Wigeon,"XC349677-Smienten,",16,"data/processed/Eurasian_Wigeon/XC349677-Smienten,_chunk016.wav",3.0,"XC349677-Smienten, groupcalls in sloot, Oudeland van Strijen, 080117 0819 uur.mp3"
Eurasian_Wigeon,"XC349677-Smienten,",17,"data/processed/Eurasian_Wigeon/XC349677-Smienten,_chunk017.wav",3.0,"XC349677-Smienten, groupcalls in sloot, Oudeland van Strijen, 080117 0819 uur.mp3"
Eurasian_Wigeon,"XC349677-Smienten,",18,"data/processed/Eurasian_Wigeon/XC349677-Smienten,_chunk018.wav",3.0,"XC349677-Smienten, groupcalls in sloot, Oudeland van Strijen, 080117 0819 uur.mp3"
Eurasian_Wigeon,"XC350170-Smienten,",0,"data/processed/Eurasian_Wigeon/XC350170-Smienten,_chunk000.wav",3.0,"XC350170-Smienten, groupcalls in sloot, Oudeland van Strijen, 080117, 0819 uur SMARTPHONE-versie.mp3"
Eurasian_Wigeon,"XC350170-Smienten,",1,"data/processed/Eurasian_Wigeon/XC350170-Smienten,_chunk001.wav",3.0,"XC350170-Smienten, groupcalls in sloot, Oudeland van Strijen, 080117, 0819 uur SMARTPHONE-versie.mp3"
Eurasian_Wigeon,"XC350170-Smienten,",2,"data/processed/Eurasian_Wigeon/XC350170-Smienten,_chunk002.wav",3.0,"XC350170-Smienten, groupcalls in sloot, Oudeland van Strijen, 080117, 0819 uur SMARTPHONE-versie.mp3"
Eurasian_Wigeon,"XC350170-Smienten,",3,"data/processed/Eurasian_Wigeon/XC350170-Smienten,_chunk003.wav",3.0,"XC350170-Smienten, groupcalls in sloot, Oudeland van Strijen, 080117, 0819 uur SMARTPHONE-versie.mp3"
Eurasian_Wigeon,"XC350170-Smienten,",4,"data/processed/Eurasian_Wigeon/XC350170-Smienten,_chunk004.wav",3.0,"XC350170-Smienten, groupcalls in sloot, Oudeland van Strijen, 080117, 0819 uur SMARTPHONE-versie.mp3"
Eurasian_Wigeon,"XC350170-Smienten,",5,"data/processed/Eurasian_Wigeon/XC350170-Smienten,_chunk005.wav",3.0,"XC350170-Smienten, groupcalls in sloot, Oudeland van Strijen, 080117, 0819 uur SMARTPHONE-versie.mp3"
Eurasian_Wigeon,"XC350170-Smienten,",6,"data/processed/Eurasian_Wigeon/XC350170-Smienten,_chunk006.wav",3.0,"XC350170-Smienten, groupcalls in sloot, Oudeland van Strijen, 080117, 0819 uur SMARTPHONE-versie.mp3"
Eurasian_Wigeon,"XC350170-Smienten,",7,"data/processed/Eurasian_Wigeon/XC350170-Smienten,_chunk007.wav",3.0,"XC350170-Smienten, groupcalls in sloot, Oudeland van Strijen, 080117, 0819 uur SMARTPHONE-versie.mp3"
Eurasian_Wigeon,"XC350170-Smienten,",8,"data/processed/Eurasian_Wigeon/XC350170-Smienten,_chunk008.wav",3.0,"XC350170-Smienten, groupcalls in sloot, Oudeland van Strijen, 080117, 0819 uur SMARTPHONE-versie.mp3"
Eurasian_Wigeon,"XC350170-Smienten,",9,"data/processed/Eurasian_Wigeon/XC350170-Smienten,_chunk009.wav",3.0,"XC350170-Smienten, groupcalls in sloot, Oudeland van Strijen, 080117, 0819 uur SMARTPHONE-versie.mp3"
Eurasian_Wigeon,"XC350170-Smienten,",10,"data/processed/Eurasian_Wigeon/XC350170-Smienten,_chunk010.wav",3.0,"XC350170-Smienten, groupcalls in sloot, Oudeland van Strijen, 080117, 0819 uur SMARTPHONE-versie.mp3"
Eurasian_Wigeon,"XC350170-Smienten,",11,"data/processed/Eurasian_Wigeon/XC350170-Smienten,_chunk011.wav",3.0,"XC350170-Smienten, groupcalls in sloot, Oudeland van Strijen, 080117, 0819 uur SMARTPHONE-versie.mp3"
Eurasian_Wigeon,"XC350170-Smienten,",12,"data/processed/Eurasian_Wigeon/XC350170-Smienten,_chunk012.wav",3.0,"XC350170-Smienten, groupcalls in sloot, Oudeland van Strijen, 080117, 0819 uur SMARTPHONE-versie.mp3"
Eurasian_Wigeon,"XC350170-Smienten,",13,"data/processed/Eurasian_Wigeon/XC350170-Smienten,_chunk013.wav",3.0,"XC350170-Smienten, groupcalls in sloot, Oudeland van Strijen, 080117, 0819 uur SMARTPHONE-versie.mp3"
Eurasian_Wigeon,"XC350170-Smienten,",14,"data/processed/Eurasian_Wigeon/XC350170-Smienten,_chunk014.wav",3.0,"XC350170-Smienten, groupcalls in sloot, Oudeland van Strijen, 080117, 0819 uur SMARTPHONE-versie.mp3"
Eurasian_Wigeon,"XC350170-Smienten,",15,"data/processed/Eurasian_Wigeon/XC350170-Smienten,_chunk015.wav",3.0,"XC350170-Smienten, groupcalls in sloot, Oudeland van Strijen, 080117, 0819 uur SMARTPHONE-versie.mp3"
Eurasian_Wigeon,"XC350170-Smienten,",16,"data/processed/Eurasian_Wigeon/XC350170-Smienten,_chunk016.wav",3.0,"XC350170-Smienten, groupcalls in sloot, Oudeland van Strijen, 080117, 0819 uur SMARTPHONE-versie.mp3"
Eurasian_Wigeon,"XC350170-Smienten,",17,"data/processed/Eurasian_Wigeon/XC350170-Smienten,_chunk017.wav",3.0,"XC350170-Smienten, groupcalls in sloot, Oudeland van Strijen, 080117, 0819 uur SMARTPHONE-versie.mp3"
Eurasian_Wigeon,"XC350170-Smienten,",18,"data/processed/Eurasian_Wigeon/XC350170-Smienten,_chunk018.wav",3.0,"XC350170-Smienten, groupcalls in sloot, Oudeland van Strijen, 080117, 0819 uur SMARTPHONE-versie.mp3"
Eurasian_Wigeon,"XC350170-Smienten,",19,"data/processed/Eurasian_Wigeon/XC350170-Smienten,_chunk019.wav",3.0,"XC350170-Smienten, groupcalls in sloot, Oudeland van Strijen, 080117, 0819 uur SMARTPHONE-versie.mp3"
Eurasian_Wigeon,"XC350170-Smienten,",20,"data/processed/Eurasian_Wigeon/XC350170-Smienten,_chunk020.wav",3.0,"XC350170-Smienten, groupcalls in sloot, Oudeland van Strijen, 080117, 0819 uur SMARTPHONE-versie.mp3"
Eurasian_Wigeon,"XC513319-Smient,",0,"data/processed/Eurasian_Wigeon/XC513319-Smient,_chunk000.wav",3.0,"XC513319-Smient, flight call individual, 021219, 0023 uur.mp3"
Eurasian_Wigeon,"XC513319-Smient,",1,"data/processed/Eurasian_Wigeon/XC513319-Smient,_chunk001.wav",3.0,"XC513319-Smient, flight call individual, 021219, 0023 uur.mp3"
Eurasian_Wigeon,"XC513319-Smient,",2,"data/processed/Eurasian_Wigeon/XC513319-Smient,_chunk002.wav",3.0,"XC513319-Smient, flight call individual, 021219, 0023 uur.mp3"
Eurasian_Wigeon,"XC513319-Smient,",3,"data/processed/Eurasian_Wigeon/XC513319-Smient,_chunk003.wav",3.0,"XC513319-Smient, flight call individual, 021219, 0023 uur.mp3"
Eurasian_Wigeon,"XC513319-Smient,",4,"data/processed/Eurasian_Wigeon/XC513319-Smient,_chunk004.wav",3.0,"XC513319-Smient, flight call individual, 021219, 0023 uur.mp3"
Eurasian_Wigeon,"XC513319-Smient,",5,"data/processed/Eurasian_Wigeon/XC513319-Smient,_chunk005.wav",3.0,"XC513319-Smient, flight call individual, 021219, 0023 uur.mp3"
Eurasian_Wigeon,"XC513319-Smient,",6,"data/processed/Eurasian_Wigeon/XC513319-Smient,_chunk006.wav",3.0,"XC513319-Smient, flight call individual, 021219, 0023 uur.mp3"
Eurasian_Wigeon,"XC513319-Smient,",7,"data/processed/Eurasian_Wigeon/XC513319-Smient,_chunk007.wav",3.0,"XC513319-Smient, flight call individual, 021219, 0023 uur.mp3"
Eurasian_Wigeon,"XC513319-Smient,",8,"data/processed/Eurasian_Wigeon/XC513319-Smient,_chunk008.wav",3.0,"XC513319-Smient, flight call individual, 021219, 0023 uur.mp3"
Eurasian_Wigeon,XC535543-Canard,0,data/processed/Eurasian_Wigeon/XC535543-Canard_chunk000.wav,3.0,XC535543-Canard siffleur male sifflement +.mp3
Eurasian_Wigeon,XC535543-Canard,1,data/processed/Eurasian_Wigeon/XC535543-Canard_chunk001.wav,3.0,XC535543-Canard siffleur male sifflement +.mp3
Eurasian_Wigeon,XC535543-Canard,2,data/processed/Eurasian_Wigeon/XC535543-Canard_chunk002.wav,3.0,XC535543-Canard siffleur male sifflement +.mp3
Eurasian_Wigeon,XC535543-Canard,3,data/processed/Eurasian_Wigeon/XC535543-Canard_chunk003.wav,3.0,XC535543-Canard siffleur male sifflement +.mp3
Eurasian_Wigeon,XC535543-Canard,4,data/processed/Eurasian_Wigeon/XC535543-Canard_chunk004.wav,3.0,XC535543-Canard siffleur male sifflement +.mp3
Eurasian_Wigeon,XC535543-Canard,5,data/processed/Eurasian_Wigeon/XC535543-Canard_chunk005.wav,3.0,XC535543-Canard siffleur male sifflement +.mp3
Eurasian_Wigeon,XC535543-Canard,6,data/processed/Eurasian_Wigeon/XC535543-Canard_chunk006.wav,3.0,XC535543-Canard siffleur male sifflement +.mp3
Eurasian_Wigeon,XC535543-Canard,7,data/processed/Eurasian_Wigeon/XC535543-Canard_chunk007.wav,3.0,XC535543-Canard siffleur male sifflement +.mp3
Eurasian_Wigeon,XC535543-Canard,8,data/processed/Eurasian_Wigeon/XC535543-Canard_chunk008.wav,3.0,XC535543-Canard siffleur male sifflement +.mp3
Eurasian_Wigeon,XC535543-Canard,9,data/processed/Eurasian_Wigeon/XC535543-Canard_chunk009.wav,3.0,XC535543-Canard siffleur male sifflement +.mp3
Eurasian_Wigeon,XC535543-Canard,10,data/processed/Eurasian_Wigeon/XC535543-Canard_chunk010.wav,3.0,XC535543-Canard siffleur male sifflement +.mp3
Eurasian_Wigeon,XC535543-Canard,11,data/processed/Eurasian_Wigeon/XC535543-Canard_chunk011.wav,3.0,XC535543-Canard siffleur male sifflement +.mp3
Eurasian_Wigeon,XC535543-Canard,12,data/processed/Eurasian_Wigeon/XC535543-Canard_chunk012.wav,3.0,XC535543-Canard siffleur male sifflement +.mp3
Eurasian_Wigeon,XC535543-Canard,13,data/processed/Eurasian_Wigeon/XC535543-Canard_chunk013.wav,3.0,XC535543-Canard siffleur male sifflement +.mp3
Eurasian_Wigeon,XC535543-Canard,14,data/processed/Eurasian_Wigeon/XC535543-Canard_chunk014.wav,3.0,XC535543-Canard siffleur male sifflement +.mp3
Eurasian_Wigeon,XC535543-Canard,15,data/processed/Eurasian_Wigeon/XC535543-Canard_chunk015.wav,3.0,XC535543-Canard siffleur male sifflement +.mp3
Eurasian_Wigeon,XC535543-Canard,16,data/processed/Eurasian_Wigeon/XC535543-Canard_chunk016.wav,3.0,XC535543-Canard siffleur male sifflement +.mp3
Eurasian_Wigeon,XC535543-Canard,17,data/processed/Eurasian_Wigeon/XC535543-Canard_chunk017.wav,3.0,XC535543-Canard siffleur male sifflement +.mp3
Eurasian_Wigeon,XC535543-Canard,18,data/processed/Eurasian_Wigeon/XC535543-Canard_chunk018.wav,3.0,XC535543-Canard siffleur male sifflement +.mp3
Eurasian_Wigeon,XC535543-Canard,19,data/processed/Eurasian_Wigeon/XC535543-Canard_chunk019.wav,3.0,XC535543-Canard siffleur male sifflement +.mp3
Eurasian_Wigeon,XC535543-Canard,20,data/processed/Eurasian_Wigeon/XC535543-Canard_chunk020.wav,3.0,XC535543-Canard siffleur male sifflement +.mp3
Eurasian_Wigeon,XC535543-Canard,21,data/processed/Eurasian_Wigeon/XC535543-Canard_chunk021.wav,3.0,XC535543-Canard siffleur male sifflement +.mp3
Eurasian_Wigeon,XC535543-Canard,22,data/processed/Eurasian_Wigeon/XC535543-Canard_chunk022.wav,3.0,XC535543-Canard siffleur male sifflement +.mp3
Eurasian_Wigeon,XC536039-Jarek,0,data/processed/Eurasian_Wigeon/XC536039-Jarek_chunk000.wav,3.0,XC536039-Jarek Matusiak-225 (2) świstun przelot nocą.mp3
Eurasian_Wigeon,XC536039-Jarek,1,data/processed/Eurasian_Wigeon/XC536039-Jarek_chunk001.wav,3.0,XC536039-Jarek Matusiak-225 (2) świstun przelot nocą.mp3
Eurasian_Wigeon,XC536039-Jarek,2,data/processed/Eurasian_Wigeon/XC536039-Jarek_chunk002.wav,3.0,XC536039-Jarek Matusiak-225 (2) świstun przelot nocą.mp3
Eurasian_Wigeon,XC536039-Jarek,3,data/processed/Eurasian_Wigeon/XC536039-Jarek_chunk003.wav,3.0,XC536039-Jarek Matusiak-225 (2) świstun przelot nocą.mp3
Eurasian_Wigeon,XC591945-wig-162217d,0,data/processed/Eurasian_Wigeon/XC591945-wig-162217d_chunk000.wav,3.0,XC591945-wig-162217d.mp3
Eurasian_Wigeon,XC591946-wig-162217a,0,data/processed/Eurasian_Wigeon/XC591946-wig-162217a_chunk000.wav,3.0,XC591946-wig-162217a.mp3
Eurasian_Wigeon,XC591948-wig-162217c,0,data/processed/Eurasian_Wigeon/XC591948-wig-162217c_chunk000.wav,3.0,XC591948-wig-162217c.mp3
Eurasian_Wigeon,XC591948-wig-162217c,1,data/processed/Eurasian_Wigeon/XC591948-wig-162217c_chunk001.wav,3.0,XC591948-wig-162217c.mp3
Eurasian_Wigeon,XC591948-wig-162217c,2,data/processed/Eurasian_Wigeon/XC591948-wig-162217c_chunk002.wav,3.0,XC591948-wig-162217c.mp3
Eurasian_Wigeon,XC591950-wig-162218,0,data/processed/Eurasian_Wigeon/XC591950-wig-162218_chunk000.wav,3.0,XC591950-wig-162218.mp3
Eurasian_Wigeon,XC591950-wig-162218,1,data/processed/Eurasian_Wigeon/XC591950-wig-162218_chunk001.wav,3.0,XC591950-wig-162218.mp3
Eurasian_Wigeon,XC591950-wig-162218,2,data/processed/Eurasian_Wigeon/XC591950-wig-162218_chunk002.wav,3.0,XC591950-wig-162218.mp3
Eurasian_Wigeon,XC591950-wig-162218,3,data/processed/Eurasian_Wigeon/XC591950-wig-162218_chunk003.wav,3.0,XC591950-wig-162218.mp3
Eurasian_Wigeon,XC591950-wig-162218,4,data/processed/Eurasian_Wigeon/XC591950-wig-162218_chunk004.wav,3.0,XC591950-wig-162218.mp3
Eurasian_Wigeon,XC591950-wig-162218,5,data/processed/Eurasian_Wigeon/XC591950-wig-162218_chunk005.wav,3.0,XC591950-wig-162218.mp3
Eurasian_Wigeon,XC591950-wig-162218,6,data/processed/Eurasian_Wigeon/XC591950-wig-162218_chunk006.wav,3.0,XC591950-wig-162218.mp3
Eurasian_Wigeon,XC591950-wig-162218,7,data/processed/Eurasian_Wigeon/XC591950-wig-162218_chunk007.wav,3.0,XC591950-wig-162218.mp3
Eurasian_Wigeon,XC591950-wig-162218,8,data/processed/Eurasian_Wigeon/XC591950-wig-162218_chunk008.wav,3.0,XC591950-wig-162218.mp3
Eurasian_Wigeon,XC591950-wig-162218,9,data/processed/Eurasian_Wigeon/XC591950-wig-162218_chunk009.wav,3.0,XC591950-wig-162218.mp3
Eurasian_Wigeon,XC591950-wig-162218,10,data/processed/Eurasian_Wigeon/XC591950-wig-162218_chunk010.wav,3.0,XC591950-wig-162218.mp3
Eurasian_Wigeon,XC591950-wig-162218,11,data/processed/Eurasian_Wigeon/XC591950-wig-162218_chunk011.wav,3.0,XC591950-wig-162218.mp3
Eurasian_Wigeon,XC591950-wig-162218,12,data/processed/Eurasian_Wigeon/XC591950-wig-162218_chunk012.wav,3.0,XC591950-wig-162218.mp3
Eurasian_Wigeon,XC591950-wig-162218,13,data/processed/Eurasian_Wigeon/XC591950-wig-162218_chunk013.wav,3.0,XC591950-wig-162218.mp3
Eurasian_Wigeon,XC591950-wig-162218,14,data/processed/Eurasian_Wigeon/XC591950-wig-162218_chunk014.wav,3.0,XC591950-wig-162218.mp3
Eurasian_Wigeon,XC591950-wig-162218,15,data/processed/Eurasian_Wigeon/XC591950-wig-162218_chunk015.wav,3.0,XC591950-wig-162218.mp3
Eurasian_Wigeon,XC591950-wig-162218,16,data/processed/Eurasian_Wigeon/XC591950-wig-162218_chunk016.wav,3.0,XC591950-wig-162218.mp3
Eurasian_Wigeon,XC591950-wig-162218,17,data/processed/Eurasian_Wigeon/XC591950-wig-162218_chunk017.wav,3.0,XC591950-wig-162218.mp3
Eurasian_Wigeon,XC591950-wig-162218,18,data/processed/Eurasian_Wigeon/XC591950-wig-162218_chunk018.wav,3.0,XC591950-wig-162218.mp3
Eurasian_Wigeon,XC591950-wig-162218,19,data/processed/Eurasian_Wigeon/XC591950-wig-162218_chunk019.wav,3.0,XC591950-wig-162218.mp3
Eurasian_Wigeon,XC591950-wig-162218,20,data/processed/Eurasian_Wigeon/XC591950-wig-162218_chunk020.wav,3.0,XC591950-wig-162218.mp3
Eurasian_Wigeon,XC615223-Smient,0,data/processed/Eurasian_Wigeon/XC615223-Smient_chunk000.wav,3.0,XC615223-Smient 20210116-02a.mp3
Eurasian_Wigeon,XC615223-Smient,1,data/processed/Eurasian_Wigeon/XC615223-Smient_chunk001.wav,3.0,XC615223-Smient 20210116-02a.mp3
Eurasian_Wigeon,XC615223-Smient,2,data/processed/Eurasian_Wigeon/XC615223-Smient_chunk002.wav,3.0,XC615223-Smient 20210116-02a.mp3
Eurasian_Wigeon,XC615223-Smient,3,data/processed/Eurasian_Wigeon/XC615223-Smient_chunk003.wav,3.0,XC615223-Smient 20210116-02a.mp3
Eurasian_Wigeon,XC615223-Smient,4,data/processed/Eurasian_Wigeon/XC615223-Smient_chunk004.wav,3.0,XC615223-Smient 20210116-02a.mp3
Eurasian_Wigeon,XC615223-Smient,5,data/processed/Eurasian_Wigeon/XC615223-Smient_chunk005.wav,3.0,XC615223-Smient 20210116-02a.mp3
Eurasian_Wigeon,XC615223-Smient,6,data/processed/Eurasian_Wigeon/XC615223-Smient_chunk006.wav,3.0,XC615223-Smient 20210116-02a.mp3
Eurasian_Wigeon,XC615223-Smient,7,data/processed/Eurasian_Wigeon/XC615223-Smient_chunk007.wav,3.0,XC615223-Smient 20210116-02a.mp3
Eurasian_Wigeon,XC615223-Smient,8,data/processed/Eurasian_Wigeon/XC615223-Smient_chunk008.wav,3.0,XC615223-Smient 20210116-02a.mp3
Eurasian_Wigeon,XC615223-Smient,9,data/processed/Eurasian_Wigeon/XC615223-Smient_chunk009.wav,3.0,XC615223-Smient 20210116-02a.mp3
Eurasian_Wigeon,XC615223-Smient,10,data/processed/Eurasian_Wigeon/XC615223-Smient_chunk010.wav,3.0,XC615223-Smient 20210116-02a.mp3
Eurasian_Wigeon,XC615223-Smient,11,data/processed/Eurasian_Wigeon/XC615223-Smient_chunk011.wav,3.0,XC615223-Smient 20210116-02a.mp3
Eurasian_Wigeon,XC615223-Smient,12,data/processed/Eurasian_Wigeon/XC615223-Smient_chunk012.wav,3.0,XC615223-Smient 20210116-02a.mp3
Eurasian_Wigeon,XC615223-Smient,13,data/processed/Eurasian_Wigeon/XC615223-Smient_chunk013.wav,3.0,XC615223-Smient 20210116-02a.mp3
Eurasian_Wigeon,XC615223-Smient,14,data/processed/Eurasian_Wigeon/XC615223-Smient_chunk014.wav,3.0,XC615223-Smient 20210116-02a.mp3
Eurasian_Wigeon,XC615223-Smient,15,data/processed/Eurasian_Wigeon/XC615223-Smient_chunk015.wav,3.0,XC615223-Smient 20210116-02a.mp3
Eurasian_Wigeon,XC615223-Smient,16,data/processed/Eurasian_Wigeon/XC615223-Smient_chunk016.wav,3.0,XC615223-Smient 20210116-02a.mp3
Eurasian_Wigeon,XC615223-Smient,17,data/processed/Eurasian_Wigeon/XC615223-Smient_chunk017.wav,3.0,XC615223-Smient 20210116-02a.mp3
Eurasian_Wigeon,XC615223-Smient,18,data/processed/Eurasian_Wigeon/XC615223-Smient_chunk018.wav,3.0,XC615223-Smient 20210116-02a.mp3
Eurasian_Wigeon,XC615223-Smient,19,data/processed/Eurasian_Wigeon/XC615223-Smient_chunk019.wav,3.0,XC615223-Smient 20210116-02a.mp3
Eurasian_Wigeon,XC615223-Smient,20,data/processed/Eurasian_Wigeon/XC615223-Smient_chunk020.wav,3.0,XC615223-Smient 20210116-02a.mp3
Eurasian_Wigeon,XC615223-Smient,21,data/processed/Eurasian_Wigeon/XC615223-Smient_chunk021.wav,3.0,XC615223-Smient 20210116-02a.mp3
Eurasian_Wigeon,XC615223-Smient,22,data/processed/Eurasian_Wigeon/XC615223-Smient_chunk022.wav,3.0,XC615223-Smient 20210116-02a.mp3
Eurasian_Wigeon,XC615223-Smient,23,data/processed/Eurasian_Wigeon/XC615223-Smient_chunk023.wav,3.0,XC615223-Smient 20210116-02a.mp3
Eurasian_Wigeon,XC615223-Smient,24,data/processed/Eurasian_Wigeon/XC615223-Smient_chunk024.wav,3.0,XC615223-Smient 20210116-02a.mp3
Eurasian_Wigeon,XC674850-Mareca,0,data/processed/Eurasian_Wigeon/XC674850-Mareca_chunk000.wav,3.0,"XC674850-Mareca penelope 210612-13_002,оз. Утиное,17-50--01-54, AAAA+ male song.MP3"
Eurasian_Wigeon,XC674850-Mareca,1,data/processed/Eurasian_Wigeon/XC674850-Mareca_chunk001.wav,3.0,"XC674850-Mareca penelope 210612-13_002,оз. Утиное,17-50--01-54, AAAA+ male song.MP3"
Eurasian_Wigeon,XC674850-Mareca,2,data/processed/Eurasian_Wigeon/XC674850-Mareca_chunk002.wav,3.0,"XC674850-Mareca penelope 210612-13_002,оз. Утиное,17-50--01-54, AAAA+ male song.MP3"
Eurasian_Wigeon,XC674850-Mareca,3,data/processed/Eurasian_Wigeon/XC674850-Mareca_chunk003.wav,3.0,"XC674850-Mareca penelope 210612-13_002,оз. Утиное,17-50--01-54, AAAA+ male song.MP3"
Eurasian_Wigeon,XC674850-Mareca,4,data/processed/Eurasian_Wigeon/XC674850-Mareca_chunk004.wav,3.0,"XC674850-Mareca penelope 210612-13_002,оз. Утиное,17-50--01-54, AAAA+ male song.MP3"
Eurasian_Wigeon,XC674850-Mareca,5,data/processed/Eurasian_Wigeon/XC674850-Mareca_chunk005.wav,3.0,"XC674850-Mareca penelope 210612-13_002,оз. Утиное,17-50--01-54, AAAA+ male song.MP3"
Eurasian_Wigeon,XC674850-Mareca,6,data/processed/Eurasian_Wigeon/XC674850-Mareca_chunk006.wav,3.0,"XC674850-Mareca penelope 210612-13_002,оз. Утиное,17-50--01-54, AAAA+ male song.MP3"
Eurasian_Wigeon,XC674850-Mareca,7,data/processed/Eurasian_Wigeon/XC674850-Mareca_chunk007.wav,3.0,"XC674850-Mareca penelope 210612-13_002,оз. Утиное,17-50--01-54, AAAA+ male song.MP3"
Eurasian_Wigeon,XC674850-Mareca,8,data/processed/Eurasian_Wigeon/XC674850-Mareca_chunk008.wav,3.0,"XC674850-Mareca penelope 210612-13_002,оз. Утиное,17-50--01-54, AAAA+ male song.MP3"
Eurasian_Wigeon,XC674850-Mareca,9,data/processed/Eurasian_Wigeon/XC674850-Mareca_chunk009.wav,3.0,"XC674850-Mareca penelope 210612-13_002,оз. Утиное,17-50--01-54, AAAA+ male song.MP3"
Eurasian_Wigeon,XC674850-Mareca,10,data/processed/Eurasian_Wigeon/XC674850-Mareca_chunk010.wav,3.0,"XC674850-Mareca penelope 210612-13_002,оз. Утиное,17-50--01-54, AAAA+ male song.MP3"
Eurasian_Wigeon,XC674850-Mareca,11,data/processed/Eurasian_Wigeon/XC674850-Mareca_chunk011.wav,3.0,"XC674850-Mareca penelope 210612-13_002,оз. Утиное,17-50--01-54, AAAA+ male song.MP3"
Eurasian_Wigeon,XC674850-Mareca,12,data/processed/Eurasian_Wigeon/XC674850-Mareca_chunk012.wav,3.0,"XC674850-Mareca penelope 210612-13_002,оз. Утиное,17-50--01-54, AAAA+ male song.MP3"
Eurasian_Wigeon,XC674850-Mareca,13,data/processed/Eurasian_Wigeon/XC674850-Mareca_chunk013.wav,3.0,"XC674850-Mareca penelope 210612-13_002,оз. Утиное,17-50--01-54, AAAA+ male song.MP3"
Eurasian_Wigeon,XC674850-Mareca,14,data/processed/Eurasian_Wigeon/XC674850-Mareca_chunk014.wav,3.0,"XC674850-Mareca penelope 210612-13_002,оз. Утиное,17-50--01-54, AAAA+ male song.MP3"
Eurasian_Wigeon,XC674850-Mareca,15,data/processed/Eurasian_Wigeon/XC674850-Mareca_chunk015.wav,3.0,"XC674850-Mareca penelope 210612-13_002,оз. Утиное,17-50--01-54, AAAA+ male song.MP3"
Eurasian_Wigeon,XC674850-Mareca,16,data/processed/Eurasian_Wigeon/XC674850-Mareca_chunk016.wav,3.0,"XC674850-Mareca penelope 210612-13_002,оз. Утиное,17-50--01-54, AAAA+ male song.MP3"
Eurasian_Wigeon,XC674850-Mareca,17,data/processed/Eurasian_Wigeon/XC674850-Mareca_chunk017.wav,3.0,"XC674850-Mareca penelope 210612-13_002,оз. Утиное,17-50--01-54, AAAA+ male song.MP3"
Eurasian_Wigeon,XC674850-Mareca,18,data/processed/Eurasian_Wigeon/XC674850-Mareca_chunk018.wav,3.0,"XC674850-Mareca penelope 210612-13_002,оз. Утиное,17-50--01-54, AAAA+ male song.MP3"
Eurasian_Wigeon,XC674850-Mareca,19,data/processed/Eurasian_Wigeon/XC674850-Mareca_chunk019.wav,3.0,"XC674850-Mareca penelope 210612-13_002,оз. Утиное,17-50--01-54, AAAA+ male song.MP3"
Eurasian_Wigeon,XC674850-Mareca,20,data/processed/Eurasian_Wigeon/XC674850-Mareca_chunk020.wav,3.0,"XC674850-Mareca penelope 210612-13_002,оз. Утиное,17-50--01-54, AAAA+ male song.MP3"
Eurasian_Wigeon,XC674850-Mareca,21,data/processed/Eurasian_Wigeon/XC674850-Mareca_chunk021.wav,3.0,"XC674850-Mareca penelope 210612-13_002,оз. Утиное,17-50--01-54, AAAA+ male song.MP3"
Eurasian_Wigeon,XC674850-Mareca,22,data/processed/Eurasian_Wigeon/XC674850-Mareca_chunk022.wav,3.0,"XC674850-Mareca penelope 210612-13_002,оз. Утиное,17-50--01-54, AAAA+ male song.MP3"
Eurasian_Wigeon,XC674850-Mareca,23,data/processed/Eurasian_Wigeon/XC674850-Mareca_chunk023.wav,3.0,"XC674850-Mareca penelope 210612-13_002,оз. Утиное,17-50--01-54, AAAA+ male song.MP3"
Eurasian_Wigeon,XC674850-Mareca,24,data/processed/Eurasian_Wigeon/XC674850-Mareca_chunk024.wav,3.0,"XC674850-Mareca penelope 210612-13_002,оз. Утиное,17-50--01-54, AAAA+ male song.MP3"
Eurasian_Wigeon,XC674850-Mareca,25,data/processed/Eurasian_Wigeon/XC674850-Mareca_chunk025.wav,3.0,"XC674850-Mareca penelope 210612-13_002,оз. Утиное,17-50--01-54, AAAA+ male song.MP3"
Eurasian_Wigeon,XC674850-Mareca,26,data/processed/Eurasian_Wigeon/XC674850-Mareca_chunk026.wav,3.0,"XC674850-Mareca penelope 210612-13_002,оз. Утиное,17-50--01-54, AAAA+ male song.MP3"
Eurasian_Wigeon,XC674850-Mareca,27,data/processed/Eurasian_Wigeon/XC674850-Mareca_chunk027.wav,3.0,"XC674850-Mareca penelope 210612-13_002,оз. Утиное,17-50--01-54, AAAA+ male song.MP3"
Eurasian_Wigeon,XC674850-Mareca,28,data/processed/Eurasian_Wigeon/XC674850-Mareca_chunk028.wav,3.0,"XC674850-Mareca penelope 210612-13_002,оз. Утиное,17-50--01-54, AAAA+ male song.MP3"
Eurasian_Wigeon,XC674850-Mareca,29,data/processed/Eurasian_Wigeon/XC674850-Mareca_chunk029.wav,3.0,"XC674850-Mareca penelope 210612-13_002,оз. Утиное,17-50--01-54, AAAA+ male song.MP3"
Eurasian_Wigeon,XC674850-Mareca,30,data/processed/Eurasian_Wigeon/XC674850-Mareca_chunk030.wav,3.0,"XC674850-Mareca penelope 210612-13_002,оз. Утиное,17-50--01-54, AAAA+ male song.MP3"
Eurasian_Wigeon,XC674850-Mareca,31,data/processed/Eurasian_Wigeon/XC674850-Mareca_chunk031.wav,3.0,"XC674850-Mareca penelope 210612-13_002,оз. Утиное,17-50--01-54, AAAA+ male song.MP3"
Eurasian_Wigeon,XC674850-Mareca,32,data/processed/Eurasian_Wigeon/XC674850-Mareca_chunk032.wav,3.0,"XC674850-Mareca penelope 210612-13_002,оз. Утиное,17-50--01-54, AAAA+ male song.MP3"
Eurasian_Wigeon,XC674850-Mareca,33,data/processed/Eurasian_Wigeon/XC674850-Mareca_chunk033.wav,3.0,"XC674850-Mareca penelope 210612-13_002,оз. Утиное,17-50--01-54, AAAA+ male song.MP3"
Eurasian_Wigeon,XC674850-Mareca,34,data/processed/Eurasian_Wigeon/XC674850-Mareca_chunk034.wav,3.0,"XC674850-Mareca penelope 210612-13_002,оз. Утиное,17-50--01-54, AAAA+ male song.MP3"
Eurasian_Wigeon,XC674850-Mareca,35,data/processed/Eurasian_Wigeon/XC674850-Mareca_chunk035.wav,3.0,"XC674850-Mareca penelope 210612-13_002,оз. Утиное,17-50--01-54, AAAA+ male song.MP3"
Eurasian_Wigeon,XC674850-Mareca,36,data/processed/Eurasian_Wigeon/XC674850-Mareca_chunk036.wav,3.0,"XC674850-Mareca penelope 210612-13_002,оз. Утиное,17-50--01-54, AAAA+ male song.MP3"
Eurasian_Wigeon,XC674850-Mareca,37,data/processed/Eurasian_Wigeon/XC674850-Mareca_chunk037.wav,3.0,"XC674850-Mareca penelope 210612-13_002,оз. Утиное,17-50--01-54, AAAA+ male song.MP3"
Eurasian_Wigeon,XC674850-Mareca,38,data/processed/Eurasian_Wigeon/XC674850-Mareca_chunk038.wav,3.0,"XC674850-Mareca penelope 210612-13_002,оз. Утиное,17-50--01-54, AAAA+ male song.MP3"
Eurasian_Wigeon,XC674850-Mareca,39,data/processed/Eurasian_Wigeon/XC674850-Mareca_chunk039.wav,3.0,"XC674850-Mareca penelope 210612-13_002,оз. Утиное,17-50--01-54, AAAA+ male song.MP3"
Eurasian_Wigeon,XC674850-Mareca,40,data/processed/Eurasian_Wigeon/XC674850-Mareca_chunk040.wav,3.0,"XC674850-Mareca penelope 210612-13_002,оз. Утиное,17-50--01-54, AAAA+ male song.MP3"
Eurasian_Wigeon,"XC712573-Smient,",0,"data/processed/Eurasian_Wigeon/XC712573-Smient,_chunk000.wav",3.0,"XC712573-Smient, flight call, small flock, IGS, 280322, 2200 uur.mp3"
Eurasian_Wigeon,"XC712573-Smient,",1,"data/processed/Eurasian_Wigeon/XC712573-Smient,_chunk001.wav",3.0,"XC712573-Smient, flight call, small flock, IGS, 280322, 2200 uur.mp3"
Eurasian_Wigeon,"XC712573-Smient,",2,"data/processed/Eurasian_Wigeon/XC712573-Smient,_chunk002.wav",3.0,"XC712573-Smient, flight call, small flock, IGS, 280322, 2200 uur.mp3"
Eurasian_Wigeon,"XC712573-Smient,",3,"data/processed/Eurasian_Wigeon/XC712573-Smient,_chunk003.wav",3.0,"XC712573-Smient, flight call, small flock, IGS, 280322, 2200 uur.mp3"
Eurasian_Wigeon,XC718662-Bläsand_06,0,data/processed/Eurasian_Wigeon/XC718662-Bläsand_06_chunk000.wav,3.0,XC718662-Bläsand_06.mp3
Eurasian_Wigeon,XC718662-Bläsand_06,1,data/processed/Eurasian_Wigeon/XC718662-Bläsand_06_chunk001.wav,3.0,XC718662-Bläsand_06.mp3
Eurasian_Wigeon,XC718662-Bläsand_06,2,data/processed/Eurasian_Wigeon/XC718662-Bläsand_06_chunk002.wav,3.0,XC718662-Bläsand_06.mp3
Eurasian_Wigeon,XC718662-Bläsand_06,3,data/processed/Eurasian_Wigeon/XC718662-Bläsand_06_chunk003.wav,3.0,XC718662-Bläsand_06.mp3
Eurasian_Wigeon,XC718662-Bläsand_06,4,data/processed/Eurasian_Wigeon/XC718662-Bläsand_06_chunk004.wav,3.0,XC718662-Bläsand_06.mp3
Eurasian_Wigeon,XC718662-Bläsand_06,5,data/processed/Eurasian_Wigeon/XC718662-Bläsand_06_chunk005.wav,3.0,XC718662-Bläsand_06.mp3
Eurasian_Wigeon,XC780288-Canard-siffleur-PAS-+,0,data/processed/Eurasian_Wigeon/XC780288-Canard-siffleur-PAS-+_chunk000.wav,3.0,XC780288-Canard-siffleur-PAS-+.mp3
Eurasian_Wigeon,XC780288-Canard-siffleur-PAS-+,1,data/processed/Eurasian_Wigeon/XC780288-Canard-siffleur-PAS-+_chunk001.wav,3.0,XC780288-Canard-siffleur-PAS-+.mp3
Eurasian_Wigeon,XC780288-Canard-siffleur-PAS-+,2,data/processed/Eurasian_Wigeon/XC780288-Canard-siffleur-PAS-+_chunk002.wav,3.0,XC780288-Canard-siffleur-PAS-+.mp3
Eurasian_Wigeon,XC780288-Canard-siffleur-PAS-+,3,data/processed/Eurasian_Wigeon/XC780288-Canard-siffleur-PAS-+_chunk003.wav,3.0,XC780288-Canard-siffleur-PAS-+.mp3
Eurasian_Wigeon,XC780288-Canard-siffleur-PAS-+,4,data/processed/Eurasian_Wigeon/XC780288-Canard-siffleur-PAS-+_chunk004.wav,3.0,XC780288-Canard-siffleur-PAS-+.mp3
Eurasian_Wigeon,XC780288-Canard-siffleur-PAS-+,5,data/processed/Eurasian_Wigeon/XC780288-Canard-siffleur-PAS-+_chunk005.wav,3.0,XC780288-Canard-siffleur-PAS-+.mp3
Eurasian_Wigeon,XC780288-Canard-siffleur-PAS-+,6,data/processed/Eurasian_Wigeon/XC780288-Canard-siffleur-PAS-+_chunk006.wav,3.0,XC780288-Canard-siffleur-PAS-+.mp3
Eurasian_Wigeon,XC780288-Canard-siffleur-PAS-+,7,data/processed/Eurasian_Wigeon/XC780288-Canard-siffleur-PAS-+_chunk007.wav,3.0,XC780288-Canard-siffleur-PAS-+.mp3
Eurasian_Wigeon,XC780288-Canard-siffleur-PAS-+,8,data/processed/Eurasian_Wigeon/XC780288-Canard-siffleur-PAS-+_chunk008.wav,3.0,XC780288-Canard-siffleur-PAS-+.mp3
Eurasian_Wigeon,XC780288-Canard-siffleur-PAS-+,9,data/processed/Eurasian_Wigeon/XC780288-Canard-siffleur-PAS-+_chunk009.wav,3.0,XC780288-Canard-siffleur-PAS-+.mp3
Eurasian_Wigeon,XC780288-Canard-siffleur-PAS-+,10,data/processed/Eurasian_Wigeon/XC780288-Canard-siffleur-PAS-+_chunk010.wav,3.0,XC780288-Canard-siffleur-PAS-+.mp3
Eurasian_Wigeon,XC780288-Canard-siffleur-PAS-+,11,data/processed/Eurasian_Wigeon/XC780288-Canard-siffleur-PAS-+_chunk011.wav,3.0,XC780288-Canard-siffleur-PAS-+.mp3
Eurasian_Wigeon,XC780288-Canard-siffleur-PAS-+,12,data/processed/Eurasian_Wigeon/XC780288-Canard-siffleur-PAS-+_chunk012.wav,3.0,XC780288-Canard-siffleur-PAS-+.mp3
Eurasian_Wigeon,XC780288-Canard-siffleur-PAS-+,13,data/processed/Eurasian_Wigeon/XC780288-Canard-siffleur-PAS-+_chunk013.wav,3.0,XC780288-Canard-siffleur-PAS-+.mp3
Eurasian_Wigeon,XC780288-Canard-siffleur-PAS-+,14,data/processed/Eurasian_Wigeon/XC780288-Canard-siffleur-PAS-+_chunk014.wav,3.0,XC780288-Canard-siffleur-PAS-+.mp3
Eurasian_Wigeon,XC780288-Canard-siffleur-PAS-+,15,data/processed/Eurasian_Wigeon/XC780288-Canard-siffleur-PAS-+_chunk015.wav,3.0,XC780288-Canard-siffleur-PAS-+.mp3
Eurasian_Wigeon,XC780288-Canard-siffleur-PAS-+,16,data/processed/Eurasian_Wigeon/XC780288-Canard-siffleur-PAS-+_chunk016.wav,3.0,XC780288-Canard-siffleur-PAS-+.mp3
Eurasian_Wigeon,XC780288-Canard-siffleur-PAS-+,17,data/processed/Eurasian_Wigeon/XC780288-Canard-siffleur-PAS-+_chunk017.wav,3.0,XC780288-Canard-siffleur-PAS-+.mp3
Eurasian_Wigeon,XC780288-Canard-siffleur-PAS-+,18,data/processed/Eurasian_Wigeon/XC780288-Canard-siffleur-PAS-+_chunk018.wav,3.0,XC780288-Canard-siffleur-PAS-+.mp3
Eurasian_Wigeon,XC780288-Canard-siffleur-PAS-+,19,data/processed/Eurasian_Wigeon/XC780288-Canard-siffleur-PAS-+_chunk019.wav,3.0,XC780288-Canard-siffleur-PAS-+.mp3
Eurasian_Wigeon,XC780288-Canard-siffleur-PAS-+,20,data/processed/Eurasian_Wigeon/XC780288-Canard-siffleur-PAS-+_chunk020.wav,3.0,XC780288-Canard-siffleur-PAS-+.mp3
Eurasian_Wigeon,XC780288-Canard-siffleur-PAS-+,21,data/processed/Eurasian_Wigeon/XC780288-Canard-siffleur-PAS-+_chunk021.wav,3.0,XC780288-Canard-siffleur-PAS-+.mp3
Eurasian_Wigeon,XC780288-Canard-siffleur-PAS-+,22,data/processed/Eurasian_Wigeon/XC780288-Canard-siffleur-PAS-+_chunk022.wav,3.0,XC780288-Canard-siffleur-PAS-+.mp3
Eurasian_Wigeon,XC780288-Canard-siffleur-PAS-+,23,data/processed/Eurasian_Wigeon/XC780288-Canard-siffleur-PAS-+_chunk023.wav,3.0,XC780288-Canard-siffleur-PAS-+.mp3
Eurasian_Wigeon,XC780288-Canard-siffleur-PAS-+,24,data/processed/Eurasian_Wigeon/XC780288-Canard-siffleur-PAS-+_chunk024.wav,3.0,XC780288-Canard-siffleur-PAS-+.mp3
Eurasian_Wigeon,XC780288-Canard-siffleur-PAS-+,25,data/processed/Eurasian_Wigeon/XC780288-Canard-siffleur-PAS-+_chunk025.wav,3.0,XC780288-Canard-siffleur-PAS-+.mp3
Eurasian_Wigeon,XC780288-Canard-siffleur-PAS-+,26,data/processed/Eurasian_Wigeon/XC780288-Canard-siffleur-PAS-+_chunk026.wav,3.0,XC780288-Canard-siffleur-PAS-+.mp3
Eurasian_Wigeon,XC780288-Canard-siffleur-PAS-+,27,data/processed/Eurasian_Wigeon/XC780288-Canard-siffleur-PAS-+_chunk027.wav,3.0,XC780288-Canard-siffleur-PAS-+.mp3
Eurasian_Wigeon,XC780288-Canard-siffleur-PAS-+,28,data/processed/Eurasian_Wigeon/XC780288-Canard-siffleur-PAS-+_chunk028.wav,3.0,XC780288-Canard-siffleur-PAS-+.mp3
Eurasian_Wigeon,XC780288-Canard-siffleur-PAS-+,29,data/processed/Eurasian_Wigeon/XC780288-Canard-siffleur-PAS-+_chunk029.wav,3.0,XC780288-Canard-siffleur-PAS-+.mp3
Eurasian_Wigeon,XC780288-Canard-siffleur-PAS-+,30,data/processed/Eurasian_Wigeon/XC780288-Canard-siffleur-PAS-+_chunk030.wav,3.0,XC780288-Canard-siffleur-PAS-+.mp3
Eurasian_Wigeon,XC780288-Canard-siffleur-PAS-+,31,data/processed/Eurasian_Wigeon/XC780288-Canard-siffleur-PAS-+_chunk031.wav,3.0,XC780288-Canard-siffleur-PAS-+.mp3
Eurasian_Wigeon,XC780288-Canard-siffleur-PAS-+,32,data/processed/Eurasian_Wigeon/XC780288-Canard-siffleur-PAS-+_chunk032.wav,3.0,XC780288-Canard-siffleur-PAS-+.mp3
Eurasian_Wigeon,XC780288-Canard-siffleur-PAS-+,33,data/processed/Eurasian_Wigeon/XC780288-Canard-siffleur-PAS-+_chunk033.wav,3.0,XC780288-Canard-siffleur-PAS-+.mp3
Eurasian_Wigeon,XC780288-Canard-siffleur-PAS-+,34,data/processed/Eurasian_Wigeon/XC780288-Canard-siffleur-PAS-+_chunk034.wav,3.0,XC780288-Canard-siffleur-PAS-+.mp3
Eurasian_Wigeon,XC780288-Canard-siffleur-PAS-+,35,data/processed/Eurasian_Wigeon/XC780288-Canard-siffleur-PAS-+_chunk035.wav,3.0,XC780288-Canard-siffleur-PAS-+.mp3
Eurasian_Wigeon,XC780288-Canard-siffleur-PAS-+,36,data/processed/Eurasian_Wigeon/XC780288-Canard-siffleur-PAS-+_chunk036.wav,3.0,XC780288-Canard-siffleur-PAS-+.mp3
Eurasian_Wigeon,XC780288-Canard-siffleur-PAS-+,37,data/processed/Eurasian_Wigeon/XC780288-Canard-siffleur-PAS-+_chunk037.wav,3.0,XC780288-Canard-siffleur-PAS-+.mp3
Eurasian_Wigeon,XC780288-Canard-siffleur-PAS-+,38,data/processed/Eurasian_Wigeon/XC780288-Canard-siffleur-PAS-+_chunk038.wav,3.0,XC780288-Canard-siffleur-PAS-+.mp3
Eurasian_Wigeon,XC780288-Canard-siffleur-PAS-+,39,data/processed/Eurasian_Wigeon/XC780288-Canard-siffleur-PAS-+_chunk039.wav,3.0,XC780288-Canard-siffleur-PAS-+.mp3
Eurasian_Wigeon,XC780288-Canard-siffleur-PAS-+,40,data/processed/Eurasian_Wigeon/XC780288-Canard-siffleur-PAS-+_chunk040.wav,3.0,XC780288-Canard-siffleur-PAS-+.mp3
Eurasian_Wigeon,XC780288-Canard-siffleur-PAS-+,41,data/processed/Eurasian_Wigeon/XC780288-Canard-siffleur-PAS-+_chunk041.wav,3.0,XC780288-Canard-siffleur-PAS-+.mp3
Eurasian_Wigeon,XC780288-Canard-siffleur-PAS-+,42,data/processed/Eurasian_Wigeon/XC780288-Canard-siffleur-PAS-+_chunk042.wav,3.0,XC780288-Canard-siffleur-PAS-+.mp3
Eurasian_Wigeon,XC780288-Canard-siffleur-PAS-+,43,data/processed/Eurasian_Wigeon/XC780288-Canard-siffleur-PAS-+_chunk043.wav,3.0,XC780288-Canard-siffleur-PAS-+.mp3
Eurasian_Wigeon,XC780288-Canard-siffleur-PAS-+,44,data/processed/Eurasian_Wigeon/XC780288-Canard-siffleur-PAS-+_chunk044.wav,3.0,XC780288-Canard-siffleur-PAS-+.mp3
Eurasian_Wigeon,XC780288-Canard-siffleur-PAS-+,45,data/processed/Eurasian_Wigeon/XC780288-Canard-siffleur-PAS-+_chunk045.wav,3.0,XC780288-Canard-siffleur-PAS-+.mp3
Eurasian_Wigeon,XC780288-Canard-siffleur-PAS-+,46,data/processed/Eurasian_Wigeon/XC780288-Canard-siffleur-PAS-+_chunk046.wav,3.0,XC780288-Canard-siffleur-PAS-+.mp3
Eurasian_Wigeon,XC780288-Canard-siffleur-PAS-+,47,data/processed/Eurasian_Wigeon/XC780288-Canard-siffleur-PAS-+_chunk047.wav,3.0,XC780288-Canard-siffleur-PAS-+.mp3
Eurasian_Wigeon,XC780288-Canard-siffleur-PAS-+,48,data/processed/Eurasian_Wigeon/XC780288-Canard-siffleur-PAS-+_chunk048.wav,3.0,XC780288-Canard-siffleur-PAS-+.mp3
Eurasian_Wigeon,XC780288-Canard-siffleur-PAS-+,49,data/processed/Eurasian_Wigeon/XC780288-Canard-siffleur-PAS-+_chunk049.wav,3.0,XC780288-Canard-siffleur-PAS-+.mp3
Eurasian_Wigeon,XC780288-Canard-siffleur-PAS-+,50,data/processed/Eurasian_Wigeon/XC780288-Canard-siffleur-PAS-+_chunk050.wav,3.0,XC780288-Canard-siffleur-PAS-+.mp3
Eurasian_Wigeon,XC780288-Canard-siffleur-PAS-+,51,data/processed/Eurasian_Wigeon/XC780288-Canard-siffleur-PAS-+_chunk051.wav,3.0,XC780288-Canard-siffleur-PAS-+.mp3
Eurasian_Wigeon,XC780288-Canard-siffleur-PAS-+,52,data/processed/Eurasian_Wigeon/XC780288-Canard-siffleur-PAS-+_chunk052.wav,3.0,XC780288-Canard-siffleur-PAS-+.mp3
Eurasian_Wigeon,XC780288-Canard-siffleur-PAS-+,53,data/processed/Eurasian_Wigeon/XC780288-Canard-siffleur-PAS-+_chunk053.wav,3.0,XC780288-Canard-siffleur-PAS-+.mp3
Eurasian_Wigeon,XC780288-Canard-siffleur-PAS-+,54,data/processed/Eurasian_Wigeon/XC780288-Canard-siffleur-PAS-+_chunk054.wav,3.0,XC780288-Canard-siffleur-PAS-+.mp3
Eurasian_Wigeon,XC780288-Canard-siffleur-PAS-+,55,data/processed/Eurasian_Wigeon/XC780288-Canard-siffleur-PAS-+_chunk055.wav,3.0,XC780288-Canard-siffleur-PAS-+.mp3
Eurasian_Wigeon,XC780288-Canard-siffleur-PAS-+,56,data/processed/Eurasian_Wigeon/XC780288-Canard-siffleur-PAS-+_chunk056.wav,3.0,XC780288-Canard-siffleur-PAS-+.mp3
Eurasian_Wigeon,XC780288-Canard-siffleur-PAS-+,57,data/processed/Eurasian_Wigeon/XC780288-Canard-siffleur-PAS-+_chunk057.wav,3.0,XC780288-Canard-siffleur-PAS-+.mp3
Eurasian_Wigeon,XC780288-Canard-siffleur-PAS-+,58,data/processed/Eurasian_Wigeon/XC780288-Canard-siffleur-PAS-+_chunk058.wav,3.0,XC780288-Canard-siffleur-PAS-+.mp3
Eurasian_Wigeon,XC780288-Canard-siffleur-PAS-+,59,data/processed/Eurasian_Wigeon/XC780288-Canard-siffleur-PAS-+_chunk059.wav,3.0,XC780288-Canard-siffleur-PAS-+.mp3
Eurasian_Wigeon,XC780288-Canard-siffleur-PAS-+,60,data/processed/Eurasian_Wigeon/XC780288-Canard-siffleur-PAS-+_chunk060.wav,3.0,XC780288-Canard-siffleur-PAS-+.mp3
Eurasian_Wigeon,XC780288-Canard-siffleur-PAS-+,61,data/processed/Eurasian_Wigeon/XC780288-Canard-siffleur-PAS-+_chunk061.wav,3.0,XC780288-Canard-siffleur-PAS-+.mp3
Eurasian_Wigeon,XC780288-Canard-siffleur-PAS-+,62,data/processed/Eurasian_Wigeon/XC780288-Canard-siffleur-PAS-+_chunk062.wav,3.0,XC780288-Canard-siffleur-PAS-+.mp3
Eurasian_Wigeon,XC780288-Canard-siffleur-PAS-+,63,data/processed/Eurasian_Wigeon/XC780288-Canard-siffleur-PAS-+_chunk063.wav,3.0,XC780288-Canard-siffleur-PAS-+.mp3
Eurasian_Wigeon,XC780288-Canard-siffleur-PAS-+,64,data/processed/Eurasian_Wigeon/XC780288-Canard-siffleur-PAS-+_chunk064.wav,3.0,XC780288-Canard-siffleur-PAS-+.mp3
Eurasian_Wigeon,XC780288-Canard-siffleur-PAS-+,65,data/processed/Eurasian_Wigeon/XC780288-Canard-siffleur-PAS-+_chunk065.wav,3.0,XC780288-Canard-siffleur-PAS-+.mp3
Eurasian_Wigeon,XC780288-Canard-siffleur-PAS-+,66,data/processed/Eurasian_Wigeon/XC780288-Canard-siffleur-PAS-+_chunk066.wav,3.0,XC780288-Canard-siffleur-PAS-+.mp3
Eurasian_Wigeon,XC780288-Canard-siffleur-PAS-+,67,data/processed/Eurasian_Wigeon/XC780288-Canard-siffleur-PAS-+_chunk067.wav,3.0,XC780288-Canard-siffleur-PAS-+.mp3
Eurasian_Wigeon,XC780288-Canard-siffleur-PAS-+,68,data/processed/Eurasian_Wigeon/XC780288-Canard-siffleur-PAS-+_chunk068.wav,3.0,XC780288-Canard-siffleur-PAS-+.mp3
Eurasian_Wigeon,XC780288-Canard-siffleur-PAS-+,69,data/processed/Eurasian_Wigeon/XC780288-Canard-siffleur-PAS-+_chunk069.wav,3.0,XC780288-Canard-siffleur-PAS-+.mp3
Eurasian_Wigeon,XC780288-Canard-siffleur-PAS-+,70,data/processed/Eurasian_Wigeon/XC780288-Canard-siffleur-PAS-+_chunk070.wav,3.0,XC780288-Canard-siffleur-PAS-+.mp3
Eurasian_Wigeon,XC780288-Canard-siffleur-PAS-+,71,data/processed/Eurasian_Wigeon/XC780288-Canard-siffleur-PAS-+_chunk071.wav,3.0,XC780288-Canard-siffleur-PAS-+.mp3
Eurasian_Wigeon,XC780288-Canard-siffleur-PAS-+,72,data/processed/Eurasian_Wigeon/XC780288-Canard-siffleur-PAS-+_chunk072.wav,3.0,XC780288-Canard-siffleur-PAS-+.mp3
Eurasian_Wigeon,XC780288-Canard-siffleur-PAS-+,73,data/processed/Eurasian_Wigeon/XC780288-Canard-siffleur-PAS-+_chunk073.wav,3.0,XC780288-Canard-siffleur-PAS-+.mp3
Eurasian_Wigeon,XC780288-Canard-siffleur-PAS-+,74,data/processed/Eurasian_Wigeon/XC780288-Canard-siffleur-PAS-+_chunk074.wav,3.0,XC780288-Canard-siffleur-PAS-+.mp3
Eurasian_Wigeon,XC780288-Canard-siffleur-PAS-+,75,data/processed/Eurasian_Wigeon/XC780288-Canard-siffleur-PAS-+_chunk075.wav,3.0,XC780288-Canard-siffleur-PAS-+.mp3
Eurasian_Wigeon,XC780288-Canard-siffleur-PAS-+,76,data/processed/Eurasian_Wigeon/XC780288-Canard-siffleur-PAS-+_chunk076.wav,3.0,XC780288-Canard-siffleur-PAS-+.mp3
Eurasian_Wigeon,XC780288-Canard-siffleur-PAS-+,77,data/processed/Eurasian_Wigeon/XC780288-Canard-siffleur-PAS-+_chunk077.wav,3.0,XC780288-Canard-siffleur-PAS-+.mp3
Eurasian_Wigeon,XC780288-Canard-siffleur-PAS-+,78,data/processed/Eurasian_Wigeon/XC780288-Canard-siffleur-PAS-+_chunk078.wav,3.0,XC780288-Canard-siffleur-PAS-+.mp3
Eurasian_Wigeon,XC780288-Canard-siffleur-PAS-+,79,data/processed/Eurasian_Wigeon/XC780288-Canard-siffleur-PAS-+_chunk079.wav,3.0,XC780288-Canard-siffleur-PAS-+.mp3
Eurasian_Wigeon,XC780288-Canard-siffleur-PAS-+,80,data/processed/Eurasian_Wigeon/XC780288-Canard-siffleur-PAS-+_chunk080.wav,3.0,XC780288-Canard-siffleur-PAS-+.mp3
Eurasian_Wigeon,XC780288-Canard-siffleur-PAS-+,81,data/processed/Eurasian_Wigeon/XC780288-Canard-siffleur-PAS-+_chunk081.wav,3.0,XC780288-Canard-siffleur-PAS-+.mp3
Eurasian_Wigeon,XC780288-Canard-siffleur-PAS-+,82,data/processed/Eurasian_Wigeon/XC780288-Canard-siffleur-PAS-+_chunk082.wav,3.0,XC780288-Canard-siffleur-PAS-+.mp3
Eurasian_Wigeon,XC780288-Canard-siffleur-PAS-+,83,data/processed/Eurasian_Wigeon/XC780288-Canard-siffleur-PAS-+_chunk083.wav,3.0,XC780288-Canard-siffleur-PAS-+.mp3
Eurasian_Wigeon,XC780288-Canard-siffleur-PAS-+,84,data/processed/Eurasian_Wigeon/XC780288-Canard-siffleur-PAS-+_chunk084.wav,3.0,XC780288-Canard-siffleur-PAS-+.mp3
Eurasian_Wigeon,XC780288-Canard-siffleur-PAS-+,85,data/processed/Eurasian_Wigeon/XC780288-Canard-siffleur-PAS-+_chunk085.wav,3.0,XC780288-Canard-siffleur-PAS-+.mp3
Eurasian_Wigeon,XC780288-Canard-siffleur-PAS-+,86,data/processed/Eurasian_Wigeon/XC780288-Canard-siffleur-PAS-+_chunk086.wav,3.0,XC780288-Canard-siffleur-PAS-+.mp3
Eurasian_Wigeon,XC780288-Canard-siffleur-PAS-+,87,data/processed/Eurasian_Wigeon/XC780288-Canard-siffleur-PAS-+_chunk087.wav,3.0,XC780288-Canard-siffleur-PAS-+.mp3
Eurasian_Wigeon,XC780288-Canard-siffleur-PAS-+,88,data/processed/Eurasian_Wigeon/XC780288-Canard-siffleur-PAS-+_chunk088.wav,3.0,XC780288-Canard-siffleur-PAS-+.mp3
Eurasian_Wigeon,XC780288-Canard-siffleur-PAS-+,89,data/processed/Eurasian_Wigeon/XC780288-Canard-siffleur-PAS-+_chunk089.wav,3.0,XC780288-Canard-siffleur-PAS-+.mp3
Eurasian_Wigeon,XC780288-Canard-siffleur-PAS-+,90,data/processed/Eurasian_Wigeon/XC780288-Canard-siffleur-PAS-+_chunk090.wav,3.0,XC780288-Canard-siffleur-PAS-+.mp3
Eurasian_Wigeon,XC780288-Canard-siffleur-PAS-+,91,data/processed/Eurasian_Wigeon/XC780288-Canard-siffleur-PAS-+_chunk091.wav,3.0,XC780288-Canard-siffleur-PAS-+.mp3
Eurasian_Wigeon,XC780288-Canard-siffleur-PAS-+,92,data/processed/Eurasian_Wigeon/XC780288-Canard-siffleur-PAS-+_chunk092.wav,3.0,XC780288-Canard-siffleur-PAS-+.mp3
Eurasian_Wigeon,XC780288-Canard-siffleur-PAS-+,93,data/processed/Eurasian_Wigeon/XC780288-Canard-siffleur-PAS-+_chunk093.wav,3.0,XC780288-Canard-siffleur-PAS-+.mp3
Eurasian_Wigeon,XC780288-Canard-siffleur-PAS-+,94,data/processed/Eurasian_Wigeon/XC780288-Canard-siffleur-PAS-+_chunk094.wav,3.0,XC780288-Canard-siffleur-PAS-+.mp3
Eurasian_Wigeon,XC780288-Canard-siffleur-PAS-+,95,data/processed/Eurasian_Wigeon/XC780288-Canard-siffleur-PAS-+_chunk095.wav,3.0,XC780288-Canard-siffleur-PAS-+.mp3
Eurasian_Wigeon,XC780288-Canard-siffleur-PAS-+,96,data/processed/Eurasian_Wigeon/XC780288-Canard-siffleur-PAS-+_chunk096.wav,3.0,XC780288-Canard-siffleur-PAS-+.mp3
Eurasian_Wigeon,XC780288-Canard-siffleur-PAS-+,97,data/processed/Eurasian_Wigeon/XC780288-Canard-siffleur-PAS-+_chunk097.wav,3.0,XC780288-Canard-siffleur-PAS-+.mp3
Eurasian_Wigeon,XC780288-Canard-siffleur-PAS-+,98,data/processed/Eurasian_Wigeon/XC780288-Canard-siffleur-PAS-+_chunk098.wav,3.0,XC780288-Canard-siffleur-PAS-+.mp3
Eurasian_Wigeon,XC780288-Canard-siffleur-PAS-+,99,data/processed/Eurasian_Wigeon/XC780288-Canard-siffleur-PAS-+_chunk099.wav,3.0,XC780288-Canard-siffleur-PAS-+.mp3
Eurasian_Wigeon,XC780288-Canard-siffleur-PAS-+,100,data/processed/Eurasian_Wigeon/XC780288-Canard-siffleur-PAS-+_chunk100.wav,3.0,XC780288-Canard-siffleur-PAS-+.mp3
Eurasian_Wigeon,XC780288-Canard-siffleur-PAS-+,101,data/processed/Eurasian_Wigeon/XC780288-Canard-siffleur-PAS-+_chunk101.wav,3.0,XC780288-Canard-siffleur-PAS-+.mp3
Eurasian_Wigeon,XC780288-Canard-siffleur-PAS-+,102,data/processed/Eurasian_Wigeon/XC780288-Canard-siffleur-PAS-+_chunk102.wav,3.0,XC780288-Canard-siffleur-PAS-+.mp3
Eurasian_Wigeon,XC780288-Canard-siffleur-PAS-+,103,data/processed/Eurasian_Wigeon/XC780288-Canard-siffleur-PAS-+_chunk103.wav,3.0,XC780288-Canard-siffleur-PAS-+.mp3
Eurasian_Wigeon,XC780288-Canard-siffleur-PAS-+,104,data/processed/Eurasian_Wigeon/XC780288-Canard-siffleur-PAS-+_chunk104.wav,3.0,XC780288-Canard-siffleur-PAS-+.mp3
Eurasian_Wigeon,XC780288-Canard-siffleur-PAS-+,105,data/processed/Eurasian_Wigeon/XC780288-Canard-siffleur-PAS-+_chunk105.wav,3.0,XC780288-Canard-siffleur-PAS-+.mp3
Eurasian_Wigeon,XC780288-Canard-siffleur-PAS-+,106,data/processed/Eurasian_Wigeon/XC780288-Canard-siffleur-PAS-+_chunk106.wav,3.0,XC780288-Canard-siffleur-PAS-+.mp3
Eurasian_Wigeon,XC780288-Canard-siffleur-PAS-+,107,data/processed/Eurasian_Wigeon/XC780288-Canard-siffleur-PAS-+_chunk107.wav,3.0,XC780288-Canard-siffleur-PAS-+.mp3
Eurasian_Wigeon,XC780288-Canard-siffleur-PAS-+,108,data/processed/Eurasian_Wigeon/XC780288-Canard-siffleur-PAS-+_chunk108.wav,3.0,XC780288-Canard-siffleur-PAS-+.mp3
Eurasian_Wigeon,XC780288-Canard-siffleur-PAS-+,109,data/processed/Eurasian_Wigeon/XC780288-Canard-siffleur-PAS-+_chunk109.wav,3.0,XC780288-Canard-siffleur-PAS-+.mp3
Eurasian_Wigeon,XC780288-Canard-siffleur-PAS-+,110,data/processed/Eurasian_Wigeon/XC780288-Canard-siffleur-PAS-+_chunk110.wav,3.0,XC780288-Canard-siffleur-PAS-+.mp3
Eurasian_Wigeon,XC780288-Canard-siffleur-PAS-+,111,data/processed/Eurasian_Wigeon/XC780288-Canard-siffleur-PAS-+_chunk111.wav,3.0,XC780288-Canard-siffleur-PAS-+.mp3
Eurasian_Wigeon,XC780288-Canard-siffleur-PAS-+,112,data/processed/Eurasian_Wigeon/XC780288-Canard-siffleur-PAS-+_chunk112.wav,3.0,XC780288-Canard-siffleur-PAS-+.mp3
Eurasian_Wigeon,XC780288-Canard-siffleur-PAS-+,113,data/processed/Eurasian_Wigeon/XC780288-Canard-siffleur-PAS-+_chunk113.wav,3.0,XC780288-Canard-siffleur-PAS-+.mp3
Eurasian_Wigeon,XC780288-Canard-siffleur-PAS-+,114,data/processed/Eurasian_Wigeon/XC780288-Canard-siffleur-PAS-+_chunk114.wav,3.0,XC780288-Canard-siffleur-PAS-+.mp3
Eurasian_Wigeon,XC780288-Canard-siffleur-PAS-+,115,data/processed/Eurasian_Wigeon/XC780288-Canard-siffleur-PAS-+_chunk115.wav,3.0,XC780288-Canard-siffleur-PAS-+.mp3
Eurasian_Wigeon,XC780288-Canard-siffleur-PAS-+,116,data/processed/Eurasian_Wigeon/XC780288-Canard-siffleur-PAS-+_chunk116.wav,3.0,XC780288-Canard-siffleur-PAS-+.mp3
Eurasian_Wigeon,XC780288-Canard-siffleur-PAS-+,117,data/processed/Eurasian_Wigeon/XC780288-Canard-siffleur-PAS-+_chunk117.wav,3.0,XC780288-Canard-siffleur-PAS-+.mp3
Eurasian_Wigeon,XC780288-Canard-siffleur-PAS-+,118,data/processed/Eurasian_Wigeon/XC780288-Canard-siffleur-PAS-+_chunk118.wav,3.0,XC780288-Canard-siffleur-PAS-+.mp3
Eurasian_Wigeon,XC780288-Canard-siffleur-PAS-+,119,data/processed/Eurasian_Wigeon/XC780288-Canard-siffleur-PAS-+_chunk119.wav,3.0,XC780288-Canard-siffleur-PAS-+.mp3
Eurasian_Wigeon,XC780288-Canard-siffleur-PAS-+,120,data/processed/Eurasian_Wigeon/XC780288-Canard-siffleur-PAS-+_chunk120.wav,3.0,XC780288-Canard-siffleur-PAS-+.mp3
Eurasian_Wigeon,XC780288-Canard-siffleur-PAS-+,121,data/processed/Eurasian_Wigeon/XC780288-Canard-siffleur-PAS-+_chunk121.wav,3.0,XC780288-Canard-siffleur-PAS-+.mp3
Eurasian_Wigeon,XC780288-Canard-siffleur-PAS-+,122,data/processed/Eurasian_Wigeon/XC780288-Canard-siffleur-PAS-+_chunk122.wav,3.0,XC780288-Canard-siffleur-PAS-+.mp3
Eurasian_Wigeon,XC780288-Canard-siffleur-PAS-+,123,data/processed/Eurasian_Wigeon/XC780288-Canard-siffleur-PAS-+_chunk123.wav,3.0,XC780288-Canard-siffleur-PAS-+.mp3
Eurasian_Wigeon,XC780288-Canard-siffleur-PAS-+,124,data/processed/Eurasian_Wigeon/XC780288-Canard-siffleur-PAS-+_chunk124.wav,3.0,XC780288-Canard-siffleur-PAS-+.mp3
Eurasian_Wigeon,XC780288-Canard-siffleur-PAS-+,125,data/processed/Eurasian_Wigeon/XC780288-Canard-siffleur-PAS-+_chunk125.wav,3.0,XC780288-Canard-siffleur-PAS-+.mp3
Eurasian_Wigeon,XC780288-Canard-siffleur-PAS-+,126,data/processed/Eurasian_Wigeon/XC780288-Canard-siffleur-PAS-+_chunk126.wav,3.0,XC780288-Canard-siffleur-PAS-+.mp3
Eurasian_Wigeon,XC780288-Canard-siffleur-PAS-+,127,data/processed/Eurasian_Wigeon/XC780288-Canard-siffleur-PAS-+_chunk127.wav,3.0,XC780288-Canard-siffleur-PAS-+.mp3
Eurasian_Wigeon,XC780288-Canard-siffleur-PAS-+,128,data/processed/Eurasian_Wigeon/XC780288-Canard-siffleur-PAS-+_chunk128.wav,3.0,XC780288-Canard-siffleur-PAS-+.mp3
Eurasian_Wigeon,XC780288-Canard-siffleur-PAS-+,129,data/processed/Eurasian_Wigeon/XC780288-Canard-siffleur-PAS-+_chunk129.wav,3.0,XC780288-Canard-siffleur-PAS-+.mp3
Eurasian_Wigeon,XC780288-Canard-siffleur-PAS-+,130,data/processed/Eurasian_Wigeon/XC780288-Canard-siffleur-PAS-+_chunk130.wav,3.0,XC780288-Canard-siffleur-PAS-+.mp3
Eurasian_Wigeon,XC780288-Canard-siffleur-PAS-+,131,data/processed/Eurasian_Wigeon/XC780288-Canard-siffleur-PAS-+_chunk131.wav,3.0,XC780288-Canard-siffleur-PAS-+.mp3
Eurasian_Wigeon,XC780288-Canard-siffleur-PAS-+,132,data/processed/Eurasian_Wigeon/XC780288-Canard-siffleur-PAS-+_chunk132.wav,3.0,XC780288-Canard-siffleur-PAS-+.mp3
Eurasian_Wigeon,XC780288-Canard-siffleur-PAS-+,133,data/processed/Eurasian_Wigeon/XC780288-Canard-siffleur-PAS-+_chunk133.wav,3.0,XC780288-Canard-siffleur-PAS-+.mp3
Eurasian_Wigeon,XC780288-Canard-siffleur-PAS-+,134,data/processed/Eurasian_Wigeon/XC780288-Canard-siffleur-PAS-+_chunk134.wav,3.0,XC780288-Canard-siffleur-PAS-+.mp3
Eurasian_Wigeon,XC780288-Canard-siffleur-PAS-+,135,data/processed/Eurasian_Wigeon/XC780288-Canard-siffleur-PAS-+_chunk135.wav,3.0,XC780288-Canard-siffleur-PAS-+.mp3
Eurasian_Wigeon,XC780288-Canard-siffleur-PAS-+,136,data/processed/Eurasian_Wigeon/XC780288-Canard-siffleur-PAS-+_chunk136.wav,3.0,XC780288-Canard-siffleur-PAS-+.mp3
Eurasian_Wigeon,XC780288-Canard-siffleur-PAS-+,137,data/processed/Eurasian_Wigeon/XC780288-Canard-siffleur-PAS-+_chunk137.wav,3.0,XC780288-Canard-siffleur-PAS-+.mp3
Eurasian_Wigeon,XC780288-Canard-siffleur-PAS-+,138,data/processed/Eurasian_Wigeon/XC780288-Canard-siffleur-PAS-+_chunk138.wav,3.0,XC780288-Canard-siffleur-PAS-+.mp3
Eurasian_Wigeon,XC780288-Canard-siffleur-PAS-+,139,data/processed/Eurasian_Wigeon/XC780288-Canard-siffleur-PAS-+_chunk139.wav,3.0,XC780288-Canard-siffleur-PAS-+.mp3
Eurasian_Wigeon,XC780288-Canard-siffleur-PAS-+,140,data/processed/Eurasian_Wigeon/XC780288-Canard-siffleur-PAS-+_chunk140.wav,3.0,XC780288-Canard-siffleur-PAS-+.mp3
Eurasian_Wigeon,XC780288-Canard-siffleur-PAS-+,141,data/processed/Eurasian_Wigeon/XC780288-Canard-siffleur-PAS-+_chunk141.wav,3.0,XC780288-Canard-siffleur-PAS-+.mp3
Eurasian_Wigeon,XC780288-Canard-siffleur-PAS-+,142,data/processed/Eurasian_Wigeon/XC780288-Canard-siffleur-PAS-+_chunk142.wav,3.0,XC780288-Canard-siffleur-PAS-+.mp3
Eurasian_Wigeon,XC780288-Canard-siffleur-PAS-+,143,data/processed/Eurasian_Wigeon/XC780288-Canard-siffleur-PAS-+_chunk143.wav,3.0,XC780288-Canard-siffleur-PAS-+.mp3
Eurasian_Wigeon,XC780288-Canard-siffleur-PAS-+,144,data/processed/Eurasian_Wigeon/XC780288-Canard-siffleur-PAS-+_chunk144.wav,3.0,XC780288-Canard-siffleur-PAS-+.mp3
Eurasian_Wigeon,XC780288-Canard-siffleur-PAS-+,145,data/processed/Eurasian_Wigeon/XC780288-Canard-siffleur-PAS-+_chunk145.wav,3.0,XC780288-Canard-siffleur-PAS-+.mp3
Eurasian_Wigeon,XC780288-Canard-siffleur-PAS-+,146,data/processed/Eurasian_Wigeon/XC780288-Canard-siffleur-PAS-+_chunk146.wav,3.0,XC780288-Canard-siffleur-PAS-+.mp3
Eurasian_Wigeon,XC780288-Canard-siffleur-PAS-+,147,data/processed/Eurasian_Wigeon/XC780288-Canard-siffleur-PAS-+_chunk147.wav,3.0,XC780288-Canard-siffleur-PAS-+.mp3
Eurasian_Wigeon,XC780288-Canard-siffleur-PAS-+,148,data/processed/Eurasian_Wigeon/XC780288-Canard-siffleur-PAS-+_chunk148.wav,3.0,XC780288-Canard-siffleur-PAS-+.mp3
Eurasian_Wigeon,XC780288-Canard-siffleur-PAS-+,149,data/processed/Eurasian_Wigeon/XC780288-Canard-siffleur-PAS-+_chunk149.wav,3.0,XC780288-Canard-siffleur-PAS-+.mp3
Eurasian_Wigeon,XC780288-Canard-siffleur-PAS-+,150,data/processed/Eurasian_Wigeon/XC780288-Canard-siffleur-PAS-+_chunk150.wav,3.0,XC780288-Canard-siffleur-PAS-+.mp3
Eurasian_Wigeon,XC780288-Canard-siffleur-PAS-+,151,data/processed/Eurasian_Wigeon/XC780288-Canard-siffleur-PAS-+_chunk151.wav,3.0,XC780288-Canard-siffleur-PAS-+.mp3
Eurasian_Wigeon,XC780288-Canard-siffleur-PAS-+,152,data/processed/Eurasian_Wigeon/XC780288-Canard-siffleur-PAS-+_chunk152.wav,3.0,XC780288-Canard-siffleur-PAS-+.mp3
Eurasian_Wigeon,XC780288-Canard-siffleur-PAS-+,153,data/processed/Eurasian_Wigeon/XC780288-Canard-siffleur-PAS-+_chunk153.wav,3.0,XC780288-Canard-siffleur-PAS-+.mp3
Eurasian_Wigeon,XC780288-Canard-siffleur-PAS-+,154,data/processed/Eurasian_Wigeon/XC780288-Canard-siffleur-PAS-+_chunk154.wav,3.0,XC780288-Canard-siffleur-PAS-+.mp3
Eurasian_Wigeon,XC780288-Canard-siffleur-PAS-+,155,data/processed/Eurasian_Wigeon/XC780288-Canard-siffleur-PAS-+_chunk155.wav,3.0,XC780288-Canard-siffleur-PAS-+.mp3
Eurasian_Wigeon,XC780288-Canard-siffleur-PAS-+,156,data/processed/Eurasian_Wigeon/XC780288-Canard-siffleur-PAS-+_chunk156.wav,3.0,XC780288-Canard-siffleur-PAS-+.mp3
Eurasian_Wigeon,XC780288-Canard-siffleur-PAS-+,157,data/processed/Eurasian_Wigeon/XC780288-Canard-siffleur-PAS-+_chunk157.wav,3.0,XC780288-Canard-siffleur-PAS-+.mp3
Eurasian_Wigeon,XC780288-Canard-siffleur-PAS-+,158,data/processed/Eurasian_Wigeon/XC780288-Canard-siffleur-PAS-+_chunk158.wav,3.0,XC780288-Canard-siffleur-PAS-+.mp3
Eurasian_Wigeon,XC780288-Canard-siffleur-PAS-+,159,data/processed/Eurasian_Wigeon/XC780288-Canard-siffleur-PAS-+_chunk159.wav,3.0,XC780288-Canard-siffleur-PAS-+.mp3
Eurasian_Wigeon,XC780288-Canard-siffleur-PAS-+,160,data/processed/Eurasian_Wigeon/XC780288-Canard-siffleur-PAS-+_chunk160.wav,3.0,XC780288-Canard-siffleur-PAS-+.mp3
Eurasian_Wigeon,XC872896-Canard-siffleur-mâle-++-2,0,data/processed/Eurasian_Wigeon/XC872896-Canard-siffleur-mâle-++-2_chunk000.wav,3.0,XC872896-Canard-siffleur-mâle-++-2.wav
Eurasian_Wigeon,XC872896-Canard-siffleur-mâle-++-2,1,data/processed/Eurasian_Wigeon/XC872896-Canard-siffleur-mâle-++-2_chunk001.wav,3.0,XC872896-Canard-siffleur-mâle-++-2.wav
Eurasian_Wigeon,XC872896-Canard-siffleur-mâle-++-2,2,data/processed/Eurasian_Wigeon/XC872896-Canard-siffleur-mâle-++-2_chunk002.wav,3.0,XC872896-Canard-siffleur-mâle-++-2.wav
Eurasian_Wigeon,XC872896-Canard-siffleur-mâle-++-2,3,data/processed/Eurasian_Wigeon/XC872896-Canard-siffleur-mâle-++-2_chunk003.wav,3.0,XC872896-Canard-siffleur-mâle-++-2.wav
Eurasian_Wigeon,XC872896-Canard-siffleur-mâle-++-2,4,data/processed/Eurasian_Wigeon/XC872896-Canard-siffleur-mâle-++-2_chunk004.wav,3.0,XC872896-Canard-siffleur-mâle-++-2.wav
Eurasian_Wigeon,XC872897-Canard-siffleur-mâle-++,0,data/processed/Eurasian_Wigeon/XC872897-Canard-siffleur-mâle-++_chunk000.wav,3.0,XC872897-Canard-siffleur-mâle-++.wav
Eurasian_Wigeon,XC872897-Canard-siffleur-mâle-++,1,data/processed/Eurasian_Wigeon/XC872897-Canard-siffleur-mâle-++_chunk001.wav,3.0,XC872897-Canard-siffleur-mâle-++.wav
Eurasian_Wigeon,XC872897-Canard-siffleur-mâle-++,2,data/processed/Eurasian_Wigeon/XC872897-Canard-siffleur-mâle-++_chunk002.wav,3.0,XC872897-Canard-siffleur-mâle-++.wav
Eurasian_Wigeon,XC872897-Canard-siffleur-mâle-++,3,data/processed/Eurasian_Wigeon/XC872897-Canard-siffleur-mâle-++_chunk003.wav,3.0,XC872897-Canard-siffleur-mâle-++.wav
Eurasian_Wigeon,XC872897-Canard-siffleur-mâle-++,4,data/processed/Eurasian_Wigeon/XC872897-Canard-siffleur-mâle-++_chunk004.wav,3.0,XC872897-Canard-siffleur-mâle-++.wav
Eurasian_Wigeon,XC872897-Canard-siffleur-mâle-++,5,data/processed/Eurasian_Wigeon/XC872897-Canard-siffleur-mâle-++_chunk005.wav,3.0,XC872897-Canard-siffleur-mâle-++.wav
Eurasian_Wigeon,XC872897-Canard-siffleur-mâle-++,6,data/processed/Eurasian_Wigeon/XC872897-Canard-siffleur-mâle-++_chunk006.wav,3.0,XC872897-Canard-siffleur-mâle-++.wav
Eurasian_Wigeon,XC872897-Canard-siffleur-mâle-++,7,data/processed/Eurasian_Wigeon/XC872897-Canard-siffleur-mâle-++_chunk007.wav,3.0,XC872897-Canard-siffleur-mâle-++.wav
Eurasian_Wigeon,XC872897-Canard-siffleur-mâle-++,8,data/processed/Eurasian_Wigeon/XC872897-Canard-siffleur-mâle-++_chunk008.wav,3.0,XC872897-Canard-siffleur-mâle-++.wav
Eurasian_Wigeon,XC872897-Canard-siffleur-mâle-++,9,data/processed/Eurasian_Wigeon/XC872897-Canard-siffleur-mâle-++_chunk009.wav,3.0,XC872897-Canard-siffleur-mâle-++.wav
Eurasian_Wigeon,"XC993491-Smient,-fligth-call,-IGS,-120325,-2019-uur",0,"data/processed/Eurasian_Wigeon/XC993491-Smient,-fligth-call,-IGS,-120325,-2019-uur_chunk000.wav",3.0,"XC993491-Smient,-fligth-call,-IGS,-120325,-2019-uur.wav"
Eurasian_Wigeon,"XC993491-Smient,-fligth-call,-IGS,-120325,-2019-uur",1,"data/processed/Eurasian_Wigeon/XC993491-Smient,-fligth-call,-IGS,-120325,-2019-uur_chunk001.wav",3.0,"XC993491-Smient,-fligth-call,-IGS,-120325,-2019-uur.wav"
Eurasian_Wigeon,"XC993491-Smient,-fligth-call,-IGS,-120325,-2019-uur",2,"data/processed/Eurasian_Wigeon/XC993491-Smient,-fligth-call,-IGS,-120325,-2019-uur_chunk002.wav",3.0,"XC993491-Smient,-fligth-call,-IGS,-120325,-2019-uur.wav"
Eurasian_Wigeon,"XC993491-Smient,-fligth-call,-IGS,-120325,-2019-uur",3,"data/processed/Eurasian_Wigeon/XC993491-Smient,-fligth-call,-IGS,-120325,-2019-uur_chunk003.wav",3.0,"XC993491-Smient,-fligth-call,-IGS,-120325,-2019-uur.wav"
Eurasian_Wigeon,"XC993491-Smient,-fligth-call,-IGS,-120325,-2019-uur",4,"data/processed/Eurasian_Wigeon/XC993491-Smient,-fligth-call,-IGS,-120325,-2019-uur_chunk004.wav",3.0,"XC993491-Smient,-fligth-call,-IGS,-120325,-2019-uur.wav"
Eurasian_Wigeon,"XC993491-Smient,-fligth-call,-IGS,-120325,-2019-uur",5,"data/processed/Eurasian_Wigeon/XC993491-Smient,-fligth-call,-IGS,-120325,-2019-uur_chunk005.wav",3.0,"XC993491-Smient,-fligth-call,-IGS,-120325,-2019-uur.wav"
Eurasian_Wigeon,"XC993491-Smient,-fligth-call,-IGS,-120325,-2019-uur",6,"data/processed/Eurasian_Wigeon/XC993491-Smient,-fligth-call,-IGS,-120325,-2019-uur_chunk006.wav",3.0,"XC993491-Smient,-fligth-call,-IGS,-120325,-2019-uur.wav"
Eurasian_Wigeon,"XC993491-Smient,-fligth-call,-IGS,-120325,-2019-uur",7,"data/processed/Eurasian_Wigeon/XC993491-Smient,-fligth-call,-IGS,-120325,-2019-uur_chunk007.wav",3.0,"XC993491-Smient,-fligth-call,-IGS,-120325,-2019-uur.wav"
Eurasian_Wigeon,eurasianwigeon-norfolk180102farrow,0,data/processed/Eurasian_Wigeon/eurasianwigeon-norfolk180102farrow_chunk000.wav,3.0,eurasianwigeon-norfolk180102farrow.mp3
Eurasian_Wigeon,eurasianwigeon-norfolk180102farrow,1,data/processed/Eurasian_Wigeon/eurasianwigeon-norfolk180102farrow_chunk001.wav,3.0,eurasianwigeon-norfolk180102farrow.mp3
Eurasian_Wigeon,eurasianwigeon-norfolk180102farrow,2,data/processed/Eurasian_Wigeon/eurasianwigeon-norfolk180102farrow_chunk002.wav,3.0,eurasianwigeon-norfolk180102farrow.mp3
Eurasian_Wigeon,eurasianwigeon-norfolk180102farrow,3,data/processed/Eurasian_Wigeon/eurasianwigeon-norfolk180102farrow_chunk003.wav,3.0,eurasianwigeon-norfolk180102farrow.mp3
Eurasian_Wigeon,eurasianwigeon-norfolk180102farrow,4,data/processed/Eurasian_Wigeon/eurasianwigeon-norfolk180102farrow_chunk004.wav,3.0,eurasianwigeon-norfolk180102farrow.mp3
Eurasian_Wigeon,eurasianwigeon-norfolk180102farrow,5,data/processed/Eurasian_Wigeon/eurasianwigeon-norfolk180102farrow_chunk005.wav,3.0,eurasianwigeon-norfolk180102farrow.mp3
Eurasian_Wigeon,eurasianwigeon-norfolk180102farrow,6,data/processed/Eurasian_Wigeon/eurasianwigeon-norfolk180102farrow_chunk006.wav,3.0,eurasianwigeon-norfolk180102farrow.mp3
Eurasian_Wigeon,eurasianwigeon-norfolk180102farrow,7,data/processed/Eurasian_Wigeon/eurasianwigeon-norfolk180102farrow_chunk007.wav,3.0,eurasianwigeon-norfolk180102farrow.mp3
Eurasian_Wigeon,eurasianwigeon-norfolk180102farrow,8,data/processed/Eurasian_Wigeon/eurasianwigeon-norfolk180102farrow_chunk008.wav,3.0,eurasianwigeon-norfolk180102farrow.mp3
Eurasian_Wigeon,eurasianwigeon-norfolk180102farrow,9,data/processed/Eurasian_Wigeon/eurasianwigeon-norfolk180102farrow_chunk009.wav,3.0,eurasianwigeon-norfolk180102farrow.mp3
Common_Goldeneye,Common,0,data/processed/Common_Goldeneye/Common_chunk000.wav,3.0,Common Goldeneye2012-6-7-1.mp3
Common_Goldeneye,Common,1,data/processed/Common_Goldeneye/Common_chunk001.wav,3.0,Common Goldeneye2012-6-7-1.mp3
Common_Goldeneye,Common,2,data/processed/Common_Goldeneye/Common_chunk002.wav,3.0,Common Goldeneye2012-6-7-1.mp3
Common_Goldeneye,Common,3,data/processed/Common_Goldeneye/Common_chunk003.wav,3.0,Common Goldeneye2012-6-7-1.mp3
Common_Goldeneye,Common,4,data/processed/Common_Goldeneye/Common_chunk004.wav,3.0,Common Goldeneye2012-6-7-1.mp3
Common_Goldeneye,"XC1102323-260221--0707--Common-Goldeneye-Vernon-River-Bridge,-amcr,bcch,cora,",0,"data/processed/Common_Goldeneye/XC1102323-260221--0707--Common-Goldeneye-Vernon-River-Bridge,-amcr,bcch,cora,_chunk000.wav",3.0,"XC1102323-260221--0707--Common-Goldeneye-Vernon-River-Bridge,-amcr,bcch,cora,.wav"
Common_Goldeneye,"XC1102323-260221--0707--Common-Goldeneye-Vernon-River-Bridge,-amcr,bcch,cora,",1,"data/processed/Common_Goldeneye/XC1102323-260221--0707--Common-Goldeneye-Vernon-River-Bridge,-amcr,bcch,cora,_chunk001.wav",3.0,"XC1102323-260221--0707--Common-Goldeneye-Vernon-River-Bridge,-amcr,bcch,cora,.wav"
Common_Goldeneye,"XC1102323-260221--0707--Common-Goldeneye-Vernon-River-Bridge,-amcr,bcch,cora,",2,"data/processed/Common_Goldeneye/XC1102323-260221--0707--Common-Goldeneye-Vernon-River-Bridge,-amcr,bcch,cora,_chunk002.wav",3.0,"XC1102323-260221--0707--Common-Goldeneye-Vernon-River-Bridge,-amcr,bcch,cora,.wav"
Common_Goldeneye,"XC1102323-260221--0707--Common-Goldeneye-Vernon-River-Bridge,-amcr,bcch,cora,",3,"data/processed/Common_Goldeneye/XC1102323-260221--0707--Common-Goldeneye-Vernon-River-Bridge,-amcr,bcch,cora,_chunk003.wav",3.0,"XC1102323-260221--0707--Common-Goldeneye-Vernon-River-Bridge,-amcr,bcch,cora,.wav"
Common_Goldeneye,"XC1102323-260221--0707--Common-Goldeneye-Vernon-River-Bridge,-amcr,bcch,cora,",4,"data/processed/Common_Goldeneye/XC1102323-260221--0707--Common-Goldeneye-Vernon-River-Bridge,-amcr,bcch,cora,_chunk004.wav",3.0,"XC1102323-260221--0707--Common-Goldeneye-Vernon-River-Bridge,-amcr,bcch,cora,.wav"
Common_Goldeneye,"XC1102323-260221--0707--Common-Goldeneye-Vernon-River-Bridge,-amcr,bcch,cora,",5,"data/processed/Common_Goldeneye/XC1102323-260221--0707--Common-Goldeneye-Vernon-River-Bridge,-amcr,bcch,cora,_chunk005.wav",3.0,"XC1102323-260221--0707--Common-Goldeneye-Vernon-River-Bridge,-amcr,bcch,cora,.wav"
Common_Goldeneye,"XC1102323-260221--0707--Common-Goldeneye-Vernon-River-Bridge,-amcr,bcch,cora,",6,"data/processed/Common_Goldeneye/XC1102323-260221--0707--Common-Goldeneye-Vernon-River-Bridge,-amcr,bcch,cora,_chunk006.wav",3.0,"XC1102323-260221--0707--Common-Goldeneye-Vernon-River-Bridge,-amcr,bcch,cora,.wav"
Common_Goldeneye,"XC1102323-260221--0707--Common-Goldeneye-Vernon-River-Bridge,-amcr,bcch,cora,",7,"data/processed/Common_Goldeneye/XC1102323-260221--0707--Common-Goldeneye-Vernon-River-Bridge,-amcr,bcch,cora,_chunk007.wav",3.0,"XC1102323-260221--0707--Common-Goldeneye-Vernon-River-Bridge,-amcr,bcch,cora,.wav"
Common_Goldeneye,"XC1102323-260221--0707--Common-Goldeneye-Vernon-River-Bridge,-amcr,bcch,cora,",8,"data/processed/Common_Goldeneye/XC1102323-260221--0707--Common-Goldeneye-Vernon-River-Bridge,-amcr,bcch,cora,_chunk008.wav",3.0,"XC1102323-260221--0707--Common-Goldeneye-Vernon-River-Bridge,-amcr,bcch,cora,.wav"
Common_Goldeneye,"XC1102323-260221--0707--Common-Goldeneye-Vernon-River-Bridge,-amcr,bcch,cora,",9,"data/processed/Common_Goldeneye/XC1102323-260221--0707--Common-Goldeneye-Vernon-River-Bridge,-amcr,bcch,cora,_chunk009.wav",3.0,"XC1102323-260221--0707--Common-Goldeneye-Vernon-River-Bridge,-amcr,bcch,cora,.wav"
Common_Goldeneye,"XC1102323-260221--0707--Common-Goldeneye-Vernon-River-Bridge,-amcr,bcch,cora,",10,"data/processed/Common_Goldeneye/XC1102323-260221--0707--Common-Goldeneye-Vernon-River-Bridge,-amcr,bcch,cora,_chunk010.wav",3.0,"XC1102323-260221--0707--Common-Goldeneye-Vernon-River-Bridge,-amcr,bcch,cora,.wav"
Common_Goldeneye,"XC1102323-260221--0707--Common-Goldeneye-Vernon-River-Bridge,-amcr,bcch,cora,",11,"data/processed/Common_Goldeneye/XC1102323-260221--0707--Common-Goldeneye-Vernon-River-Bridge,-amcr,bcch,cora,_chunk011.wav",3.0,"XC1102323-260221--0707--Common-Goldeneye-Vernon-River-Bridge,-amcr,bcch,cora,.wav"
Common_Goldeneye,"XC1102323-260221--0707--Common-Goldeneye-Vernon-River-Bridge,-amcr,bcch,cora,",12,"data/processed/Common_Goldeneye/XC1102323-260221--0707--Common-Goldeneye-Vernon-River-Bridge,-amcr,bcch,cora,_chunk012.wav",3.0,"XC1102323-260221--0707--Common-Goldeneye-Vernon-River-Bridge,-amcr,bcch,cora,.wav"
Common_Goldeneye,"XC1102323-260221--0707--Common-Goldeneye-Vernon-River-Bridge,-amcr,bcch,cora,",13,"data/processed/Common_Goldeneye/XC1102323-260221--0707--Common-Goldeneye-Vernon-River-Bridge,-amcr,bcch,cora,_chunk013.wav",3.0,"XC1102323-260221--0707--Common-Goldeneye-Vernon-River-Bridge,-amcr,bcch,cora,.wav"
Common_Goldeneye,"XC1102323-260221--0707--Common-Goldeneye-Vernon-River-Bridge,-amcr,bcch,cora,",14,"data/processed/Common_Goldeneye/XC1102323-260221--0707--Common-Goldeneye-Vernon-River-Bridge,-amcr,bcch,cora,_chunk014.wav",3.0,"XC1102323-260221--0707--Common-Goldeneye-Vernon-River-Bridge,-amcr,bcch,cora,.wav"
Common_Goldeneye,"XC1102323-260221--0707--Common-Goldeneye-Vernon-River-Bridge,-amcr,bcch,cora,",15,"data/processed/Common_Goldeneye/XC1102323-260221--0707--Common-Goldeneye-Vernon-River-Bridge,-amcr,bcch,cora,_chunk015.wav",3.0,"XC1102323-260221--0707--Common-Goldeneye-Vernon-River-Bridge,-amcr,bcch,cora,.wav"
Common_Goldeneye,"XC1102323-260221--0707--Common-Goldeneye-Vernon-River-Bridge,-amcr,bcch,cora,",16,"data/processed/Common_Goldeneye/XC1102323-260221--0707--Common-Goldeneye-Vernon-River-Bridge,-amcr,bcch,cora,_chunk016.wav",3.0,"XC1102323-260221--0707--Common-Goldeneye-Vernon-River-Bridge,-amcr,bcch,cora,.wav"
Common_Goldeneye,"XC1102323-260221--0707--Common-Goldeneye-Vernon-River-Bridge,-amcr,bcch,cora,",17,"data/processed/Common_Goldeneye/XC1102323-260221--0707--Common-Goldeneye-Vernon-River-Bridge,-amcr,bcch,cora,_chunk017.wav",3.0,"XC1102323-260221--0707--Common-Goldeneye-Vernon-River-Bridge,-amcr,bcch,cora,.wav"
Common_Goldeneye,"XC1102323-260221--0707--Common-Goldeneye-Vernon-River-Bridge,-amcr,bcch,cora,",18,"data/processed/Common_Goldeneye/XC1102323-260221--0707--Common-Goldeneye-Vernon-River-Bridge,-amcr,bcch,cora,_chunk018.wav",3.0,"XC1102323-260221--0707--Common-Goldeneye-Vernon-River-Bridge,-amcr,bcch,cora,.wav"
Common_Goldeneye,"XC1102323-260221--0707--Common-Goldeneye-Vernon-River-Bridge,-amcr,bcch,cora,",19,"data/processed/Common_Goldeneye/XC1102323-260221--0707--Common-Goldeneye-Vernon-River-Bridge,-amcr,bcch,cora,_chunk019.wav",3.0,"XC1102323-260221--0707--Common-Goldeneye-Vernon-River-Bridge,-amcr,bcch,cora,.wav"
Common_Goldeneye,"XC1102323-260221--0707--Common-Goldeneye-Vernon-River-Bridge,-amcr,bcch,cora,",20,"data/processed/Common_Goldeneye/XC1102323-260221--0707--Common-Goldeneye-Vernon-River-Bridge,-amcr,bcch,cora,_chunk020.wav",3.0,"XC1102323-260221--0707--Common-Goldeneye-Vernon-River-Bridge,-amcr,bcch,cora,.wav"
Common_Goldeneye,"XC1102323-260221--0707--Common-Goldeneye-Vernon-River-Bridge,-amcr,bcch,cora,",21,"data/processed/Common_Goldeneye/XC1102323-260221--0707--Common-Goldeneye-Vernon-River-Bridge,-amcr,bcch,cora,_chunk021.wav",3.0,"XC1102323-260221--0707--Common-Goldeneye-Vernon-River-Bridge,-amcr,bcch,cora,.wav"
Common_Goldeneye,"XC1102323-260221--0707--Common-Goldeneye-Vernon-River-Bridge,-amcr,bcch,cora,",22,"data/processed/Common_Goldeneye/XC1102323-260221--0707--Common-Goldeneye-Vernon-River-Bridge,-amcr,bcch,cora,_chunk022.wav",3.0,"XC1102323-260221--0707--Common-Goldeneye-Vernon-River-Bridge,-amcr,bcch,cora,.wav"
Common_Goldeneye,"XC1102323-260221--0707--Common-Goldeneye-Vernon-River-Bridge,-amcr,bcch,cora,",23,"data/processed/Common_Goldeneye/XC1102323-260221--0707--Common-Goldeneye-Vernon-River-Bridge,-amcr,bcch,cora,_chunk023.wav",3.0,"XC1102323-260221--0707--Common-Goldeneye-Vernon-River-Bridge,-amcr,bcch,cora,.wav"
Common_Goldeneye,"XC1102323-260221--0707--Common-Goldeneye-Vernon-River-Bridge,-amcr,bcch,cora,",24,"data/processed/Common_Goldeneye/XC1102323-260221--0707--Common-Goldeneye-Vernon-River-Bridge,-amcr,bcch,cora,_chunk024.wav",3.0,"XC1102323-260221--0707--Common-Goldeneye-Vernon-River-Bridge,-amcr,bcch,cora,.wav"
Common_Goldeneye,"XC1102323-260221--0707--Common-Goldeneye-Vernon-River-Bridge,-amcr,bcch,cora,",25,"data/processed/Common_Goldeneye/XC1102323-260221--0707--Common-Goldeneye-Vernon-River-Bridge,-amcr,bcch,cora,_chunk025.wav",3.0,"XC1102323-260221--0707--Common-Goldeneye-Vernon-River-Bridge,-amcr,bcch,cora,.wav"
Common_Goldeneye,"XC1102323-260221--0707--Common-Goldeneye-Vernon-River-Bridge,-amcr,bcch,cora,",26,"data/processed/Common_Goldeneye/XC1102323-260221--0707--Common-Goldeneye-Vernon-River-Bridge,-amcr,bcch,cora,_chunk026.wav",3.0,"XC1102323-260221--0707--Common-Goldeneye-Vernon-River-Bridge,-amcr,bcch,cora,.wav"
Common_Goldeneye,"XC1102323-260221--0707--Common-Goldeneye-Vernon-River-Bridge,-amcr,bcch,cora,",27,"data/processed/Common_Goldeneye/XC1102323-260221--0707--Common-Goldeneye-Vernon-River-Bridge,-amcr,bcch,cora,_chunk027.wav",3.0,"XC1102323-260221--0707--Common-Goldeneye-Vernon-River-Bridge,-amcr,bcch,cora,.wav"
Common_Goldeneye,"XC1102323-260221--0707--Common-Goldeneye-Vernon-River-Bridge,-amcr,bcch,cora,",28,"data/processed/Common_Goldeneye/XC1102323-260221--0707--Common-Goldeneye-Vernon-River-Bridge,-amcr,bcch,cora,_chunk028.wav",3.0,"XC1102323-260221--0707--Common-Goldeneye-Vernon-River-Bridge,-amcr,bcch,cora,.wav"
Common_Goldeneye,"XC1102323-260221--0707--Common-Goldeneye-Vernon-River-Bridge,-amcr,bcch,cora,",29,"data/processed/Common_Goldeneye/XC1102323-260221--0707--Common-Goldeneye-Vernon-River-Bridge,-amcr,bcch,cora,_chunk029.wav",3.0,"XC1102323-260221--0707--Common-Goldeneye-Vernon-River-Bridge,-amcr,bcch,cora,.wav"
Common_Goldeneye,"XC1102323-260221--0707--Common-Goldeneye-Vernon-River-Bridge,-amcr,bcch,cora,",30,"data/processed/Common_Goldeneye/XC1102323-260221--0707--Common-Goldeneye-Vernon-River-Bridge,-amcr,bcch,cora,_chunk030.wav",3.0,"XC1102323-260221--0707--Common-Goldeneye-Vernon-River-Bridge,-amcr,bcch,cora,.wav"
Common_Goldeneye,"XC1102323-260221--0707--Common-Goldeneye-Vernon-River-Bridge,-amcr,bcch,cora,",31,"data/processed/Common_Goldeneye/XC1102323-260221--0707--Common-Goldeneye-Vernon-River-Bridge,-amcr,bcch,cora,_chunk031.wav",3.0,"XC1102323-260221--0707--Common-Goldeneye-Vernon-River-Bridge,-amcr,bcch,cora,.wav"
Common_Goldeneye,"XC1102323-260221--0707--Common-Goldeneye-Vernon-River-Bridge,-amcr,bcch,cora,",32,"data/processed/Common_Goldeneye/XC1102323-260221--0707--Common-Goldeneye-Vernon-River-Bridge,-amcr,bcch,cora,_chunk032.wav",3.0,"XC1102323-260221--0707--Common-Goldeneye-Vernon-River-Bridge,-amcr,bcch,cora,.wav"
Common_Goldeneye,"XC1102323-260221--0707--Common-Goldeneye-Vernon-River-Bridge,-amcr,bcch,cora,",33,"data/processed/Common_Goldeneye/XC1102323-260221--0707--Common-Goldeneye-Vernon-River-Bridge,-amcr,bcch,cora,_chunk033.wav",3.0,"XC1102323-260221--0707--Common-Goldeneye-Vernon-River-Bridge,-amcr,bcch,cora,.wav"
Common_Goldeneye,"XC1102323-260221--0707--Common-Goldeneye-Vernon-River-Bridge,-amcr,bcch,cora,",34,"data/processed/Common_Goldeneye/XC1102323-260221--0707--Common-Goldeneye-Vernon-River-Bridge,-amcr,bcch,cora,_chunk034.wav",3.0,"XC1102323-260221--0707--Common-Goldeneye-Vernon-River-Bridge,-amcr,bcch,cora,.wav"
Common_Goldeneye,"XC1102323-260221--0707--Common-Goldeneye-Vernon-River-Bridge,-amcr,bcch,cora,",35,"data/processed/Common_Goldeneye/XC1102323-260221--0707--Common-Goldeneye-Vernon-River-Bridge,-amcr,bcch,cora,_chunk035.wav",3.0,"XC1102323-260221--0707--Common-Goldeneye-Vernon-River-Bridge,-amcr,bcch,cora,.wav"
Common_Goldeneye,"XC1102323-260221--0707--Common-Goldeneye-Vernon-River-Bridge,-amcr,bcch,cora,",36,"data/processed/Common_Goldeneye/XC1102323-260221--0707--Common-Goldeneye-Vernon-River-Bridge,-amcr,bcch,cora,_chunk036.wav",3.0,"XC1102323-260221--0707--Common-Goldeneye-Vernon-River-Bridge,-amcr,bcch,cora,.wav"
Common_Goldeneye,"XC1102323-260221--0707--Common-Goldeneye-Vernon-River-Bridge,-amcr,bcch,cora,",37,"data/processed/Common_Goldeneye/XC1102323-260221--0707--Common-Goldeneye-Vernon-River-Bridge,-amcr,bcch,cora,_chunk037.wav",3.0,"XC1102323-260221--0707--Common-Goldeneye-Vernon-River-Bridge,-amcr,bcch,cora,.wav"
Common_Goldeneye,"XC1102323-260221--0707--Common-Goldeneye-Vernon-River-Bridge,-amcr,bcch,cora,",38,"data/processed/Common_Goldeneye/XC1102323-260221--0707--Common-Goldeneye-Vernon-River-Bridge,-amcr,bcch,cora,_chunk038.wav",3.0,"XC1102323-260221--0707--Common-Goldeneye-Vernon-River-Bridge,-amcr,bcch,cora,.wav"
Common_Goldeneye,"XC1102323-260221--0707--Common-Goldeneye-Vernon-River-Bridge,-amcr,bcch,cora,",39,"data/processed/Common_Goldeneye/XC1102323-260221--0707--Common-Goldeneye-Vernon-River-Bridge,-amcr,bcch,cora,_chunk039.wav",3.0,"XC1102323-260221--0707--Common-Goldeneye-Vernon-River-Bridge,-amcr,bcch,cora,.wav"
Common_Goldeneye,"XC1102323-260221--0707--Common-Goldeneye-Vernon-River-Bridge,-amcr,bcch,cora,",40,"data/processed/Common_Goldeneye/XC1102323-260221--0707--Common-Goldeneye-Vernon-River-Bridge,-amcr,bcch,cora,_chunk040.wav",3.0,"XC1102323-260221--0707--Common-Goldeneye-Vernon-River-Bridge,-amcr,bcch,cora,.wav"
Common_Goldeneye,"XC1102323-260221--0707--Common-Goldeneye-Vernon-River-Bridge,-amcr,bcch,cora,",41,"data/processed/Common_Goldeneye/XC1102323-260221--0707--Common-Goldeneye-Vernon-River-Bridge,-amcr,bcch,cora,_chunk041.wav",3.0,"XC1102323-260221--0707--Common-Goldeneye-Vernon-River-Bridge,-amcr,bcch,cora,.wav"
Common_Goldeneye,"XC1102323-260221--0707--Common-Goldeneye-Vernon-River-Bridge,-amcr,bcch,cora,",42,"data/processed/Common_Goldeneye/XC1102323-260221--0707--Common-Goldeneye-Vernon-River-Bridge,-amcr,bcch,cora,_chunk042.wav",3.0,"XC1102323-260221--0707--Common-Goldeneye-Vernon-River-Bridge,-amcr,bcch,cora,.wav"
Common_Goldeneye,"XC1102323-260221--0707--Common-Goldeneye-Vernon-River-Bridge,-amcr,bcch,cora,",43,"data/processed/Common_Goldeneye/XC1102323-260221--0707--Common-Goldeneye-Vernon-River-Bridge,-amcr,bcch,cora,_chunk043.wav",3.0,"XC1102323-260221--0707--Common-Goldeneye-Vernon-River-Bridge,-amcr,bcch,cora,.wav"
Common_Goldeneye,"XC1102323-260221--0707--Common-Goldeneye-Vernon-River-Bridge,-amcr,bcch,cora,",44,"data/processed/Common_Goldeneye/XC1102323-260221--0707--Common-Goldeneye-Vernon-River-Bridge,-amcr,bcch,cora,_chunk044.wav",3.0,"XC1102323-260221--0707--Common-Goldeneye-Vernon-River-Bridge,-amcr,bcch,cora,.wav"
Common_Goldeneye,"XC1102323-260221--0707--Common-Goldeneye-Vernon-River-Bridge,-amcr,bcch,cora,",45,"data/processed/Common_Goldeneye/XC1102323-260221--0707--Common-Goldeneye-Vernon-River-Bridge,-amcr,bcch,cora,_chunk045.wav",3.0,"XC1102323-260221--0707--Common-Goldeneye-Vernon-River-Bridge,-amcr,bcch,cora,.wav"
Common_Goldeneye,"XC1102323-260221--0707--Common-Goldeneye-Vernon-River-Bridge,-amcr,bcch,cora,",46,"data/processed/Common_Goldeneye/XC1102323-260221--0707--Common-Goldeneye-Vernon-River-Bridge,-amcr,bcch,cora,_chunk046.wav",3.0,"XC1102323-260221--0707--Common-Goldeneye-Vernon-River-Bridge,-amcr,bcch,cora,.wav"
Common_Goldeneye,"XC1102323-260221--0707--Common-Goldeneye-Vernon-River-Bridge,-amcr,bcch,cora,",47,"data/processed/Common_Goldeneye/XC1102323-260221--0707--Common-Goldeneye-Vernon-River-Bridge,-amcr,bcch,cora,_chunk047.wav",3.0,"XC1102323-260221--0707--Common-Goldeneye-Vernon-River-Bridge,-amcr,bcch,cora,.wav"
Common_Goldeneye,"XC1102323-260221--0707--Common-Goldeneye-Vernon-River-Bridge,-amcr,bcch,cora,",48,"data/processed/Common_Goldeneye/XC1102323-260221--0707--Common-Goldeneye-Vernon-River-Bridge,-amcr,bcch,cora,_chunk048.wav",3.0,"XC1102323-260221--0707--Common-Goldeneye-Vernon-River-Bridge,-amcr,bcch,cora,.wav"
Common_Goldeneye,"XC1102323-260221--0707--Common-Goldeneye-Vernon-River-Bridge,-amcr,bcch,cora,",49,"data/processed/Common_Goldeneye/XC1102323-260221--0707--Common-Goldeneye-Vernon-River-Bridge,-amcr,bcch,cora,_chunk049.wav",3.0,"XC1102323-260221--0707--Common-Goldeneye-Vernon-River-Bridge,-amcr,bcch,cora,.wav"
Common_Goldeneye,"XC1102323-260221--0707--Common-Goldeneye-Vernon-River-Bridge,-amcr,bcch,cora,",50,"data/processed/Common_Goldeneye/XC1102323-260221--0707--Common-Goldeneye-Vernon-River-Bridge,-amcr,bcch,cora,_chunk050.wav",3.0,"XC1102323-260221--0707--Common-Goldeneye-Vernon-River-Bridge,-amcr,bcch,cora,.wav"
Common_Goldeneye,"XC1102323-260221--0707--Common-Goldeneye-Vernon-River-Bridge,-amcr,bcch,cora,",51,"data/processed/Common_Goldeneye/XC1102323-260221--0707--Common-Goldeneye-Vernon-River-Bridge,-amcr,bcch,cora,_chunk051.wav",3.0,"XC1102323-260221--0707--Common-Goldeneye-Vernon-River-Bridge,-amcr,bcch,cora,.wav"
Common_Goldeneye,"XC1102323-260221--0707--Common-Goldeneye-Vernon-River-Bridge,-amcr,bcch,cora,",52,"data/processed/Common_Goldeneye/XC1102323-260221--0707--Common-Goldeneye-Vernon-River-Bridge,-amcr,bcch,cora,_chunk052.wav",3.0,"XC1102323-260221--0707--Common-Goldeneye-Vernon-River-Bridge,-amcr,bcch,cora,.wav"
Common_Goldeneye,"XC1102323-260221--0707--Common-Goldeneye-Vernon-River-Bridge,-amcr,bcch,cora,",53,"data/processed/Common_Goldeneye/XC1102323-260221--0707--Common-Goldeneye-Vernon-River-Bridge,-amcr,bcch,cora,_chunk053.wav",3.0,"XC1102323-260221--0707--Common-Goldeneye-Vernon-River-Bridge,-amcr,bcch,cora,.wav"
Common_Goldeneye,"XC1102323-260221--0707--Common-Goldeneye-Vernon-River-Bridge,-amcr,bcch,cora,",54,"data/processed/Common_Goldeneye/XC1102323-260221--0707--Common-Goldeneye-Vernon-River-Bridge,-amcr,bcch,cora,_chunk054.wav",3.0,"XC1102323-260221--0707--Common-Goldeneye-Vernon-River-Bridge,-amcr,bcch,cora,.wav"
Common_Goldeneye,"XC1102323-260221--0707--Common-Goldeneye-Vernon-River-Bridge,-amcr,bcch,cora,",55,"data/processed/Common_Goldeneye/XC1102323-260221--0707--Common-Goldeneye-Vernon-River-Bridge,-amcr,bcch,cora,_chunk055.wav",3.0,"XC1102323-260221--0707--Common-Goldeneye-Vernon-River-Bridge,-amcr,bcch,cora,.wav"
Common_Goldeneye,"XC1102323-260221--0707--Common-Goldeneye-Vernon-River-Bridge,-amcr,bcch,cora,",56,"data/processed/Common_Goldeneye/XC1102323-260221--0707--Common-Goldeneye-Vernon-River-Bridge,-amcr,bcch,cora,_chunk056.wav",3.0,"XC1102323-260221--0707--Common-Goldeneye-Vernon-River-Bridge,-amcr,bcch,cora,.wav"
Common_Goldeneye,"XC1102323-260221--0707--Common-Goldeneye-Vernon-River-Bridge,-amcr,bcch,cora,",57,"data/processed/Common_Goldeneye/XC1102323-260221--0707--Common-Goldeneye-Vernon-River-Bridge,-amcr,bcch,cora,_chunk057.wav",3.0,"XC1102323-260221--0707--Common-Goldeneye-Vernon-River-Bridge,-amcr,bcch,cora,.wav"
Common_Goldeneye,"XC1102323-260221--0707--Common-Goldeneye-Vernon-River-Bridge,-amcr,bcch,cora,",58,"data/processed/Common_Goldeneye/XC1102323-260221--0707--Common-Goldeneye-Vernon-River-Bridge,-amcr,bcch,cora,_chunk058.wav",3.0,"XC1102323-260221--0707--Common-Goldeneye-Vernon-River-Bridge,-amcr,bcch,cora,.wav"
Common_Goldeneye,"XC1102323-260221--0707--Common-Goldeneye-Vernon-River-Bridge,-amcr,bcch,cora,",59,"data/processed/Common_Goldeneye/XC1102323-260221--0707--Common-Goldeneye-Vernon-River-Bridge,-amcr,bcch,cora,_chunk059.wav",3.0,"XC1102323-260221--0707--Common-Goldeneye-Vernon-River-Bridge,-amcr,bcch,cora,.wav"
Common_Goldeneye,XC110325-Knipa-2012-04-27,0,data/processed/Common_Goldeneye/XC110325-Knipa-2012-04-27_chunk000.wav,3.0,XC110325-Knipa-2012-04-27.mp3
Common_Goldeneye,XC110325-Knipa-2012-04-27,1,data/processed/Common_Goldeneye/XC110325-Knipa-2012-04-27_chunk001.wav,3.0,XC110325-Knipa-2012-04-27.mp3
Common_Goldeneye,XC110325-Knipa-2012-04-27,2,data/processed/Common_Goldeneye/XC110325-Knipa-2012-04-27_chunk002.wav,3.0,XC110325-Knipa-2012-04-27.mp3
Common_Goldeneye,XC110325-Knipa-2012-04-27,3,data/processed/Common_Goldeneye/XC110325-Knipa-2012-04-27_chunk003.wav,3.0,XC110325-Knipa-2012-04-27.mp3
Common_Goldeneye,XC110325-Knipa-2012-04-27,4,data/processed/Common_Goldeneye/XC110325-Knipa-2012-04-27_chunk004.wav,3.0,XC110325-Knipa-2012-04-27.mp3
Common_Goldeneye,XC110325-Knipa-2012-04-27,5,data/processed/Common_Goldeneye/XC110325-Knipa-2012-04-27_chunk005.wav,3.0,XC110325-Knipa-2012-04-27.mp3
Common_Goldeneye,XC110325-Knipa-2012-04-27,6,data/processed/Common_Goldeneye/XC110325-Knipa-2012-04-27_chunk006.wav,3.0,XC110325-Knipa-2012-04-27.mp3
Common_Goldeneye,XC110325-Knipa-2012-04-27,7,data/processed/Common_Goldeneye/XC110325-Knipa-2012-04-27_chunk007.wav,3.0,XC110325-Knipa-2012-04-27.mp3
Common_Goldeneye,XC110325-Knipa-2012-04-27,8,data/processed/Common_Goldeneye/XC110325-Knipa-2012-04-27_chunk008.wav,3.0,XC110325-Knipa-2012-04-27.mp3
Common_Goldeneye,XC110325-Knipa-2012-04-27,9,data/processed/Common_Goldeneye/XC110325-Knipa-2012-04-27_chunk009.wav,3.0,XC110325-Knipa-2012-04-27.mp3
Common_Goldeneye,XC173918-bucephala_clangula_notecka_chlebowo_wielkopolskie_12.04.2014_0909,0,data/processed/Common_Goldeneye/XC173918-bucephala_clangula_notecka_chlebowo_wielkopolskie_12.04.2014_0909_chunk000.wav,3.0,XC173918-bucephala_clangula_notecka_chlebowo_wielkopolskie_12.04.2014_0909.mp3
Common_Goldeneye,XC173918-bucephala_clangula_notecka_chlebowo_wielkopolskie_12.04.2014_0909,1,data/processed/Common_Goldeneye/XC173918-bucephala_clangula_notecka_chlebowo_wielkopolskie_12.04.2014_0909_chunk001.wav,3.0,XC173918-bucephala_clangula_notecka_chlebowo_wielkopolskie_12.04.2014_0909.mp3
Common_Goldeneye,XC173918-bucephala_clangula_notecka_chlebowo_wielkopolskie_12.04.2014_0909,2,data/processed/Common_Goldeneye/XC173918-bucephala_clangula_notecka_chlebowo_wielkopolskie_12.04.2014_0909_chunk002.wav,3.0,XC173918-bucephala_clangula_notecka_chlebowo_wielkopolskie_12.04.2014_0909.mp3
Common_Goldeneye,XC173918-bucephala_clangula_notecka_chlebowo_wielkopolskie_12.04.2014_0909,3,data/processed/Common_Goldeneye/XC173918-bucephala_clangula_notecka_chlebowo_wielkopolskie_12.04.2014_0909_chunk003.wav,3.0,XC173918-bucephala_clangula_notecka_chlebowo_wielkopolskie_12.04.2014_0909.mp3
Common_Goldeneye,XC197022-Knipa-(2014-04-19,0,data/processed/Common_Goldeneye/XC197022-Knipa-(2014-04-19_chunk000.wav,3.0,XC197022-Knipa-(2014-04-19 06.33)-LS114426.mp3
Common_Goldeneye,XC197022-Knipa-(2014-04-19,1,data/processed/Common_Goldeneye/XC197022-Knipa-(2014-04-19_chunk001.wav,3.0,XC197022-Knipa-(2014-04-19 06.33)-LS114426.mp3
Common_Goldeneye,XC197022-Knipa-(2014-04-19,2,data/processed/Common_Goldeneye/XC197022-Knipa-(2014-04-19_chunk002.wav,3.0,XC197022-Knipa-(2014-04-19 06.33)-LS114426.mp3
Common_Goldeneye,XC197022-Knipa-(2014-04-19,3,data/processed/Common_Goldeneye/XC197022-Knipa-(2014-04-19_chunk003.wav,3.0,XC197022-Knipa-(2014-04-19 06.33)-LS114426.mp3
Common_Goldeneye,XC197022-Knipa-(2014-04-19,4,data/processed/Common_Goldeneye/XC197022-Knipa-(2014-04-19_chunk004.wav,3.0,XC197022-Knipa-(2014-04-19 06.33)-LS114426.mp3
Common_Goldeneye,XC197022-Knipa-(2014-04-19,5,data/processed/Common_Goldeneye/XC197022-Knipa-(2014-04-19_chunk005.wav,3.0,XC197022-Knipa-(2014-04-19 06.33)-LS114426.mp3
Common_Goldeneye,XC197022-Knipa-(2014-04-19,6,data/processed/Common_Goldeneye/XC197022-Knipa-(2014-04-19_chunk006.wav,3.0,XC197022-Knipa-(2014-04-19 06.33)-LS114426.mp3
Common_Goldeneye,XC197022-Knipa-(2014-04-19,7,data/processed/Common_Goldeneye/XC197022-Knipa-(2014-04-19_chunk007.wav,3.0,XC197022-Knipa-(2014-04-19 06.33)-LS114426.mp3
Common_Goldeneye,XC197022-Knipa-(2014-04-19,8,data/processed/Common_Goldeneye/XC197022-Knipa-(2014-04-19_chunk008.wav,3.0,XC197022-Knipa-(2014-04-19 06.33)-LS114426.mp3
Common_Goldeneye,XC197022-Knipa-(2014-04-19,9,data/processed/Common_Goldeneye/XC197022-Knipa-(2014-04-19_chunk009.wav,3.0,XC197022-Knipa-(2014-04-19 06.33)-LS114426.mp3
Common_Goldeneye,XC197022-Knipa-(2014-04-19,10,data/processed/Common_Goldeneye/XC197022-Knipa-(2014-04-19_chunk010.wav,3.0,XC197022-Knipa-(2014-04-19 06.33)-LS114426.mp3
Common_Goldeneye,XC197022-Knipa-(2014-04-19,11,data/processed/Common_Goldeneye/XC197022-Knipa-(2014-04-19_chunk011.wav,3.0,XC197022-Knipa-(2014-04-19 06.33)-LS114426.mp3
Common_Goldeneye,XC197022-Knipa-(2014-04-19,12,data/processed/Common_Goldeneye/XC197022-Knipa-(2014-04-19_chunk012.wav,3.0,XC197022-Knipa-(2014-04-19 06.33)-LS114426.mp3
Common_Goldeneye,XC197022-Knipa-(2014-04-19,13,data/processed/Common_Goldeneye/XC197022-Knipa-(2014-04-19_chunk013.wav,3.0,XC197022-Knipa-(2014-04-19 06.33)-LS114426.mp3
Common_Goldeneye,XC197022-Knipa-(2014-04-19,14,data/processed/Common_Goldeneye/XC197022-Knipa-(2014-04-19_chunk014.wav,3.0,XC197022-Knipa-(2014-04-19 06.33)-LS114426.mp3
Common_Goldeneye,XC197022-Knipa-(2014-04-19,15,data/processed/Common_Goldeneye/XC197022-Knipa-(2014-04-19_chunk015.wav,3.0,XC197022-Knipa-(2014-04-19 06.33)-LS114426.mp3
Common_Goldeneye,XC197022-Knipa-(2014-04-19,16,data/processed/Common_Goldeneye/XC197022-Knipa-(2014-04-19_chunk016.wav,3.0,XC197022-Knipa-(2014-04-19 06.33)-LS114426.mp3
Common_Goldeneye,XC197022-Knipa-(2014-04-19,17,data/processed/Common_Goldeneye/XC197022-Knipa-(2014-04-19_chunk017.wav,3.0,XC197022-Knipa-(2014-04-19 06.33)-LS114426.mp3
Common_Goldeneye,XC197022-Knipa-(2014-04-19,18,data/processed/Common_Goldeneye/XC197022-Knipa-(2014-04-19_chunk018.wav,3.0,XC197022-Knipa-(2014-04-19 06.33)-LS114426.mp3
Common_Goldeneye,XC197022-Knipa-(2014-04-19,19,data/processed/Common_Goldeneye/XC197022-Knipa-(2014-04-19_chunk019.wav,3.0,XC197022-Knipa-(2014-04-19 06.33)-LS114426.mp3
Common_Goldeneye,XC197022-Knipa-(2014-04-19,20,data/processed/Common_Goldeneye/XC197022-Knipa-(2014-04-19_chunk020.wav,3.0,XC197022-Knipa-(2014-04-19 06.33)-LS114426.mp3
Common_Goldeneye,XC197022-Knipa-(2014-04-19,21,data/processed/Common_Goldeneye/XC197022-Knipa-(2014-04-19_chunk021.wav,3.0,XC197022-Knipa-(2014-04-19 06.33)-LS114426.mp3
Common_Goldeneye,XC197022-Knipa-(2014-04-19,22,data/processed/Common_Goldeneye/XC197022-Knipa-(2014-04-19_chunk022.wav,3.0,XC197022-Knipa-(2014-04-19 06.33)-LS114426.mp3
Common_Goldeneye,XC197022-Knipa-(2014-04-19,23,data/processed/Common_Goldeneye/XC197022-Knipa-(2014-04-19_chunk023.wav,3.0,XC197022-Knipa-(2014-04-19 06.33)-LS114426.mp3
Common_Goldeneye,XC197022-Knipa-(2014-04-19,24,data/processed/Common_Goldeneye/XC197022-Knipa-(2014-04-19_chunk024.wav,3.0,XC197022-Knipa-(2014-04-19 06.33)-LS114426.mp3
Common_Goldeneye,XC197022-Knipa-(2014-04-19,25,data/processed/Common_Goldeneye/XC197022-Knipa-(2014-04-19_chunk025.wav,3.0,XC197022-Knipa-(2014-04-19 06.33)-LS114426.mp3
Common_Goldeneye,XC197022-Knipa-(2014-04-19,26,data/processed/Common_Goldeneye/XC197022-Knipa-(2014-04-19_chunk026.wav,3.0,XC197022-Knipa-(2014-04-19 06.33)-LS114426.mp3
Common_Goldeneye,XC197023-Knipa-(2014-04-19,0,data/processed/Common_Goldeneye/XC197023-Knipa-(2014-04-19_chunk000.wav,3.0,XC197023-Knipa-(2014-04-19 10.04)-LS114440.mp3
Common_Goldeneye,XC197023-Knipa-(2014-04-19,1,data/processed/Common_Goldeneye/XC197023-Knipa-(2014-04-19_chunk001.wav,3.0,XC197023-Knipa-(2014-04-19 10.04)-LS114440.mp3
Common_Goldeneye,XC197023-Knipa-(2014-04-19,2,data/processed/Common_Goldeneye/XC197023-Knipa-(2014-04-19_chunk002.wav,3.0,XC197023-Knipa-(2014-04-19 10.04)-LS114440.mp3
Common_Goldeneye,XC197023-Knipa-(2014-04-19,3,data/processed/Common_Goldeneye/XC197023-Knipa-(2014-04-19_chunk003.wav,3.0,XC197023-Knipa-(2014-04-19 10.04)-LS114440.mp3
Common_Goldeneye,XC197023-Knipa-(2014-04-19,4,data/processed/Common_Goldeneye/XC197023-Knipa-(2014-04-19_chunk004.wav,3.0,XC197023-Knipa-(2014-04-19 10.04)-LS114440.mp3
Common_Goldeneye,XC197023-Knipa-(2014-04-19,5,data/processed/Common_Goldeneye/XC197023-Knipa-(2014-04-19_chunk005.wav,3.0,XC197023-Knipa-(2014-04-19 10.04)-LS114440.mp3
Common_Goldeneye,XC197023-Knipa-(2014-04-19,6,data/processed/Common_Goldeneye/XC197023-Knipa-(2014-04-19_chunk006.wav,3.0,XC197023-Knipa-(2014-04-19 10.04)-LS114440.mp3
Common_Goldeneye,XC202285-bucephala_clangula_Poland_Jarek_Matusiak_20141111_58,0,data/processed/Common_Goldeneye/XC202285-bucephala_clangula_Poland_Jarek_Matusiak_20141111_58_chunk000.wav,3.0,XC202285-bucephala_clangula_Poland_Jarek_Matusiak_20141111_58.mp3
Common_Goldeneye,XC202285-bucephala_clangula_Poland_Jarek_Matusiak_20141111_58,1,data/processed/Common_Goldeneye/XC202285-bucephala_clangula_Poland_Jarek_Matusiak_20141111_58_chunk001.wav,3.0,XC202285-bucephala_clangula_Poland_Jarek_Matusiak_20141111_58.mp3
Common_Goldeneye,XC202285-bucephala_clangula_Poland_Jarek_Matusiak_20141111_58,2,data/processed/Common_Goldeneye/XC202285-bucephala_clangula_Poland_Jarek_Matusiak_20141111_58_chunk002.wav,3.0,XC202285-bucephala_clangula_Poland_Jarek_Matusiak_20141111_58.mp3
Common_Goldeneye,XC202285-bucephala_clangula_Poland_Jarek_Matusiak_20141111_58,3,data/processed/Common_Goldeneye/XC202285-bucephala_clangula_Poland_Jarek_Matusiak_20141111_58_chunk003.wav,3.0,XC202285-bucephala_clangula_Poland_Jarek_Matusiak_20141111_58.mp3
Common_Goldeneye,XC202285-bucephala_clangula_Poland_Jarek_Matusiak_20141111_58,4,data/processed/Common_Goldeneye/XC202285-bucephala_clangula_Poland_Jarek_Matusiak_20141111_58_chunk004.wav,3.0,XC202285-bucephala_clangula_Poland_Jarek_Matusiak_20141111_58.mp3
Common_Goldeneye,XC202285-bucephala_clangula_Poland_Jarek_Matusiak_20141111_58,5,data/processed/Common_Goldeneye/XC202285-bucephala_clangula_Poland_Jarek_Matusiak_20141111_58_chunk005.wav,3.0,XC202285-bucephala_clangula_Poland_Jarek_Matusiak_20141111_58.mp3
Common_Goldeneye,XC202285-bucephala_clangula_Poland_Jarek_Matusiak_20141111_58,6,data/processed/Common_Goldeneye/XC202285-bucephala_clangula_Poland_Jarek_Matusiak_20141111_58_chunk006.wav,3.0,XC202285-bucephala_clangula_Poland_Jarek_Matusiak_20141111_58.mp3
Common_Goldeneye,XC202285-bucephala_clangula_Poland_Jarek_Matusiak_20141111_58,7,data/processed/Common_Goldeneye/XC202285-bucephala_clangula_Poland_Jarek_Matusiak_20141111_58_chunk007.wav,3.0,XC202285-bucephala_clangula_Poland_Jarek_Matusiak_20141111_58.mp3
Common_Goldeneye,XC202285-bucephala_clangula_Poland_Jarek_Matusiak_20141111_58,8,data/processed/Common_Goldeneye/XC202285-bucephala_clangula_Poland_Jarek_Matusiak_20141111_58_chunk008.wav,3.0,XC202285-bucephala_clangula_Poland_Jarek_Matusiak_20141111_58.mp3
Common_Goldeneye,XC202285-bucephala_clangula_Poland_Jarek_Matusiak_20141111_58,9,data/processed/Common_Goldeneye/XC202285-bucephala_clangula_Poland_Jarek_Matusiak_20141111_58_chunk009.wav,3.0,XC202285-bucephala_clangula_Poland_Jarek_Matusiak_20141111_58.mp3
Common_Goldeneye,XC202285-bucephala_clangula_Poland_Jarek_Matusiak_20141111_58,10,data/processed/Common_Goldeneye/XC202285-bucephala_clangula_Poland_Jarek_Matusiak_20141111_58_chunk010.wav,3.0,XC202285-bucephala_clangula_Poland_Jarek_Matusiak_20141111_58.mp3
Common_Goldeneye,XC202285-bucephala_clangula_Poland_Jarek_Matusiak_20141111_58,11,data/processed/Common_Goldeneye/XC202285-bucephala_clangula_Poland_Jarek_Matusiak_20141111_58_chunk011.wav,3.0,XC202285-bucephala_clangula_Poland_Jarek_Matusiak_20141111_58.mp3
Common_Goldeneye,XC202285-bucephala_clangula_Poland_Jarek_Matusiak_20141111_58,12,data/processed/Common_Goldeneye/XC202285-bucephala_clangula_Poland_Jarek_Matusiak_20141111_58_chunk012.wav,3.0,XC202285-bucephala_clangula_Poland_Jarek_Matusiak_20141111_58.mp3
Common_Goldeneye,XC202285-bucephala_clangula_Poland_Jarek_Matusiak_20141111_58,13,data/processed/Common_Goldeneye/XC202285-bucephala_clangula_Poland_Jarek_Matusiak_20141111_58_chunk013.wav,3.0,XC202285-bucephala_clangula_Poland_Jarek_Matusiak_20141111_58.mp3
Common_Goldeneye,XC202285-bucephala_clangula_Poland_Jarek_Matusiak_20141111_58,14,data/processed/Common_Goldeneye/XC202285-bucephala_clangula_Poland_Jarek_Matusiak_20141111_58_chunk014.wav,3.0,XC202285-bucephala_clangula_Poland_Jarek_Matusiak_20141111_58.mp3
Common_Goldeneye,XC202285-bucephala_clangula_Poland_Jarek_Matusiak_20141111_58,15,data/processed/Common_Goldeneye/XC202285-bucephala_clangula_Poland_Jarek_Matusiak_20141111_58_chunk015.wav,3.0,XC202285-bucephala_clangula_Poland_Jarek_Matusiak_20141111_58.mp3
Common_Goldeneye,XC202285-bucephala_clangula_Poland_Jarek_Matusiak_20141111_58,16,data/processed/Common_Goldeneye/XC202285-bucephala_clangula_Poland_Jarek_Matusiak_20141111_58_chunk016.wav,3.0,XC202285-bucephala_clangula_Poland_Jarek_Matusiak_20141111_58.mp3
Common_Goldeneye,XC202285-bucephala_clangula_Poland_Jarek_Matusiak_20141111_58,17,data/processed/Common_Goldeneye/XC202285-bucephala_clangula_Poland_Jarek_Matusiak_20141111_58_chunk017.wav,3.0,XC202285-bucephala_clangula_Poland_Jarek_Matusiak_20141111_58.mp3
Common_Goldeneye,XC202285-bucephala_clangula_Poland_Jarek_Matusiak_20141111_58,18,data/processed/Common_Goldeneye/XC202285-bucephala_clangula_Poland_Jarek_Matusiak_20141111_58_chunk018.wav,3.0,XC202285-bucephala_clangula_Poland_Jarek_Matusiak_20141111_58.mp3
Common_Goldeneye,XC202285-bucephala_clangula_Poland_Jarek_Matusiak_20141111_58,19,data/processed/Common_Goldeneye/XC202285-bucephala_clangula_Poland_Jarek_Matusiak_20141111_58_chunk019.wav,3.0,XC202285-bucephala_clangula_Poland_Jarek_Matusiak_20141111_58.mp3
Common_Goldeneye,XC202285-bucephala_clangula_Poland_Jarek_Matusiak_20141111_58,20,data/processed/Common_Goldeneye/XC202285-bucephala_clangula_Poland_Jarek_Matusiak_20141111_58_chunk020.wav,3.0,XC202285-bucephala_clangula_Poland_Jarek_Matusiak_20141111_58.mp3
Common_Goldeneye,XC202285-bucephala_clangula_Poland_Jarek_Matusiak_20141111_58,21,data/processed/Common_Goldeneye/XC202285-bucephala_clangula_Poland_Jarek_Matusiak_20141111_58_chunk021.wav,3.0,XC202285-bucephala_clangula_Poland_Jarek_Matusiak_20141111_58.mp3
Common_Goldeneye,XC202285-bucephala_clangula_Poland_Jarek_Matusiak_20141111_58,22,data/processed/Common_Goldeneye/XC202285-bucephala_clangula_Poland_Jarek_Matusiak_20141111_58_chunk022.wav,3.0,XC202285-bucephala_clangula_Poland_Jarek_Matusiak_20141111_58.mp3
Common_Goldeneye,XC202285-bucephala_clangula_Poland_Jarek_Matusiak_20141111_58,23,data/processed/Common_Goldeneye/XC202285-bucephala_clangula_Poland_Jarek_Matusiak_20141111_58_chunk023.wav,3.0,XC202285-bucephala_clangula_Poland_Jarek_Matusiak_20141111_58.mp3
Common_Goldeneye,XC202285-bucephala_clangula_Poland_Jarek_Matusiak_20141111_58,24,data/processed/Common_Goldeneye/XC202285-bucephala_clangula_Poland_Jarek_Matusiak_20141111_58_chunk024.wav,3.0,XC202285-bucephala_clangula_Poland_Jarek_Matusiak_20141111_58.mp3
Common_Goldeneye,XC202285-bucephala_clangula_Poland_Jarek_Matusiak_20141111_58,25,data/processed/Common_Goldeneye/XC202285-bucephala_clangula_Poland_Jarek_Matusiak_20141111_58_chunk025.wav,3.0,XC202285-bucephala_clangula_Poland_Jarek_Matusiak_20141111_58.mp3
Common_Goldeneye,XC202285-bucephala_clangula_Poland_Jarek_Matusiak_20141111_58,26,data/processed/Common_Goldeneye/XC202285-bucephala_clangula_Poland_Jarek_Matusiak_20141111_58_chunk026.wav,3.0,XC202285-bucephala_clangula_Poland_Jarek_Matusiak_20141111_58.mp3
Common_Goldeneye,XC202285-bucephala_clangula_Poland_Jarek_Matusiak_20141111_58,27,data/processed/Common_Goldeneye/XC202285-bucephala_clangula_Poland_Jarek_Matusiak_20141111_58_chunk027.wav,3.0,XC202285-bucephala_clangula_Poland_Jarek_Matusiak_20141111_58.mp3
Common_Goldeneye,XC210484-140609_0438-Bucephala,0,data/processed/Common_Goldeneye/XC210484-140609_0438-Bucephala_chunk000.wav,3.0,XC210484-140609_0438-Bucephala clangula.mp3
Common_Goldeneye,XC210484-140609_0438-Bucephala,1,data/processed/Common_Goldeneye/XC210484-140609_0438-Bucephala_chunk001.wav,3.0,XC210484-140609_0438-Bucephala clangula.mp3
Common_Goldeneye,XC210484-140609_0438-Bucephala,2,data/processed/Common_Goldeneye/XC210484-140609_0438-Bucephala_chunk002.wav,3.0,XC210484-140609_0438-Bucephala clangula.mp3
Common_Goldeneye,XC210484-140609_0438-Bucephala,3,data/processed/Common_Goldeneye/XC210484-140609_0438-Bucephala_chunk003.wav,3.0,XC210484-140609_0438-Bucephala clangula.mp3
Common_Goldeneye,XC210484-140609_0438-Bucephala,4,data/processed/Common_Goldeneye/XC210484-140609_0438-Bucephala_chunk004.wav,3.0,XC210484-140609_0438-Bucephala clangula.mp3
Common_Goldeneye,XC210484-140609_0438-Bucephala,5,data/processed/Common_Goldeneye/XC210484-140609_0438-Bucephala_chunk005.wav,3.0,XC210484-140609_0438-Bucephala clangula.mp3
Common_Goldeneye,XC210484-140609_0438-Bucephala,6,data/processed/Common_Goldeneye/XC210484-140609_0438-Bucephala_chunk006.wav,3.0,XC210484-140609_0438-Bucephala clangula.mp3
Common_Goldeneye,XC210484-140609_0438-Bucephala,7,data/processed/Common_Goldeneye/XC210484-140609_0438-Bucephala_chunk007.wav,3.0,XC210484-140609_0438-Bucephala clangula.mp3
Common_Goldeneye,XC210484-140609_0438-Bucephala,8,data/processed/Common_Goldeneye/XC210484-140609_0438-Bucephala_chunk008.wav,3.0,XC210484-140609_0438-Bucephala clangula.mp3
Common_Goldeneye,XC210484-140609_0438-Bucephala,9,data/processed/Common_Goldeneye/XC210484-140609_0438-Bucephala_chunk009.wav,3.0,XC210484-140609_0438-Bucephala clangula.mp3
Common_Goldeneye,XC210484-140609_0438-Bucephala,10,data/processed/Common_Goldeneye/XC210484-140609_0438-Bucephala_chunk010.wav,3.0,XC210484-140609_0438-Bucephala clangula.mp3
Common_Goldeneye,XC210484-140609_0438-Bucephala,11,data/processed/Common_Goldeneye/XC210484-140609_0438-Bucephala_chunk011.wav,3.0,XC210484-140609_0438-Bucephala clangula.mp3
Common_Goldeneye,XC210484-140609_0438-Bucephala,12,data/processed/Common_Goldeneye/XC210484-140609_0438-Bucephala_chunk012.wav,3.0,XC210484-140609_0438-Bucephala clangula.mp3
Common_Goldeneye,XC210484-140609_0438-Bucephala,13,data/processed/Common_Goldeneye/XC210484-140609_0438-Bucephala_chunk013.wav,3.0,XC210484-140609_0438-Bucephala clangula.mp3
Common_Goldeneye,XC210484-140609_0438-Bucephala,14,data/processed/Common_Goldeneye/XC210484-140609_0438-Bucephala_chunk014.wav,3.0,XC210484-140609_0438-Bucephala clangula.mp3
Common_Goldeneye,"XC448262--Knipa-vingljud-Amperna,",0,"data/processed/Common_Goldeneye/XC448262--Knipa-vingljud-Amperna,_chunk000.wav",3.0,"XC448262--Knipa-vingljud-Amperna, Brevik Vg-(2017-04-23 10.14)-LS140651.mp3"
Common_Goldeneye,"XC448262--Knipa-vingljud-Amperna,",1,"data/processed/Common_Goldeneye/XC448262--Knipa-vingljud-Amperna,_chunk001.wav",3.0,"XC448262--Knipa-vingljud-Amperna, Brevik Vg-(2017-04-23 10.14)-LS140651.mp3"
Common_Goldeneye,"XC448262--Knipa-vingljud-Amperna,",2,"data/processed/Common_Goldeneye/XC448262--Knipa-vingljud-Amperna,_chunk002.wav",3.0,"XC448262--Knipa-vingljud-Amperna, Brevik Vg-(2017-04-23 10.14)-LS140651.mp3"
Common_Goldeneye,"XC448262--Knipa-vingljud-Amperna,",3,"data/processed/Common_Goldeneye/XC448262--Knipa-vingljud-Amperna,_chunk003.wav",3.0,"XC448262--Knipa-vingljud-Amperna, Brevik Vg-(2017-04-23 10.14)-LS140651.mp3"
Common_Goldeneye,"XC448262--Knipa-vingljud-Amperna,",4,"data/processed/Common_Goldeneye/XC448262--Knipa-vingljud-Amperna,_chunk004.wav",3.0,"XC448262--Knipa-vingljud-Amperna, Brevik Vg-(2017-04-23 10.14)-LS140651.mp3"
Common_Goldeneye,"XC448262--Knipa-vingljud-Amperna,",5,"data/processed/Common_Goldeneye/XC448262--Knipa-vingljud-Amperna,_chunk005.wav",3.0,"XC448262--Knipa-vingljud-Amperna, Brevik Vg-(2017-04-23 10.14)-LS140651.mp3"
Common_Goldeneye,"XC448262--Knipa-vingljud-Amperna,",6,"data/processed/Common_Goldeneye/XC448262--Knipa-vingljud-Amperna,_chunk006.wav",3.0,"XC448262--Knipa-vingljud-Amperna, Brevik Vg-(2017-04-23 10.14)-LS140651.mp3"
Common_Goldeneye,XC507254-Bcla,0,data/processed/Common_Goldeneye/XC507254-Bcla_chunk000.wav,3.0,XC507254-Bcla Pöntössä.mp3
Common_Goldeneye,XC507254-Bcla,1,data/processed/Common_Goldeneye/XC507254-Bcla_chunk001.wav,3.0,XC507254-Bcla Pöntössä.mp3
Common_Goldeneye,XC507254-Bcla,2,data/processed/Common_Goldeneye/XC507254-Bcla_chunk002.wav,3.0,XC507254-Bcla Pöntössä.mp3
Common_Goldeneye,XC507254-Bcla,3,data/processed/Common_Goldeneye/XC507254-Bcla_chunk003.wav,3.0,XC507254-Bcla Pöntössä.mp3
Common_Goldeneye,XC507254-Bcla,4,data/processed/Common_Goldeneye/XC507254-Bcla_chunk004.wav,3.0,XC507254-Bcla Pöntössä.mp3
Common_Goldeneye,XC507254-Bcla,5,data/processed/Common_Goldeneye/XC507254-Bcla_chunk005.wav,3.0,XC507254-Bcla Pöntössä.mp3
Common_Goldeneye,XC507254-Bcla,6,data/processed/Common_Goldeneye/XC507254-Bcla_chunk006.wav,3.0,XC507254-Bcla Pöntössä.mp3
Common_Goldeneye,XC507254-Bcla,7,data/processed/Common_Goldeneye/XC507254-Bcla_chunk007.wav,3.0,XC507254-Bcla Pöntössä.mp3
Common_Goldeneye,XC507254-Bcla,8,data/processed/Common_Goldeneye/XC507254-Bcla_chunk008.wav,3.0,XC507254-Bcla Pöntössä.mp3
Common_Goldeneye,"XC511551-Brilduiker,",0,"data/processed/Common_Goldeneye/XC511551-Brilduiker,_chunk000.wav",3.0,"XC511551-Brilduiker, wingbeats, 2910119, 0305 uur.mp3"
Common_Goldeneye,"XC511551-Brilduiker,",1,"data/processed/Common_Goldeneye/XC511551-Brilduiker,_chunk001.wav",3.0,"XC511551-Brilduiker, wingbeats, 2910119, 0305 uur.mp3"
Common_Goldeneye,"XC511551-Brilduiker,",2,"data/processed/Common_Goldeneye/XC511551-Brilduiker,_chunk002.wav",3.0,"XC511551-Brilduiker, wingbeats, 2910119, 0305 uur.mp3"
Common_Goldeneye,"XC511551-Brilduiker,",3,"data/processed/Common_Goldeneye/XC511551-Brilduiker,_chunk003.wav",3.0,"XC511551-Brilduiker, wingbeats, 2910119, 0305 uur.mp3"
Common_Goldeneye,"XC511551-Brilduiker,",4,"data/processed/Common_Goldeneye/XC511551-Brilduiker,_chunk004.wav",3.0,"XC511551-Brilduiker, wingbeats, 2910119, 0305 uur.mp3"
Common_Goldeneye,"XC511551-Brilduiker,",5,"data/processed/Common_Goldeneye/XC511551-Brilduiker,_chunk005.wav",3.0,"XC511551-Brilduiker, wingbeats, 2910119, 0305 uur.mp3"
Common_Goldeneye,"XC511551-Brilduiker,",6,"data/processed/Common_Goldeneye/XC511551-Brilduiker,_chunk006.wav",3.0,"XC511551-Brilduiker, wingbeats, 2910119, 0305 uur.mp3"
Common_Goldeneye,XC531106-MixPre-135,0,data/processed/Common_Goldeneye/XC531106-MixPre-135_chunk000.wav,3.0,XC531106-MixPre-135 (2) gągoł skrzydła.mp3
Common_Goldeneye,XC531106-MixPre-135,1,data/processed/Common_Goldeneye/XC531106-MixPre-135_chunk001.wav,3.0,XC531106-MixPre-135 (2) gągoł skrzydła.mp3
Common_Goldeneye,XC531106-MixPre-135,2,data/processed/Common_Goldeneye/XC531106-MixPre-135_chunk002.wav,3.0,XC531106-MixPre-135 (2) gągoł skrzydła.mp3
Common_Goldeneye,XC531106-MixPre-135,3,data/processed/Common_Goldeneye/XC531106-MixPre-135_chunk003.wav,3.0,XC531106-MixPre-135 (2) gągoł skrzydła.mp3
Common_Goldeneye,XC531106-MixPre-135,4,data/processed/Common_Goldeneye/XC531106-MixPre-135_chunk004.wav,3.0,XC531106-MixPre-135 (2) gągoł skrzydła.mp3
Common_Goldeneye,XC531106-MixPre-135,5,data/processed/Common_Goldeneye/XC531106-MixPre-135_chunk005.wav,3.0,XC531106-MixPre-135 (2) gągoł skrzydła.mp3
Common_Goldeneye,XC558930-Knipa_06,0,data/processed/Common_Goldeneye/XC558930-Knipa_06_chunk000.wav,3.0,XC558930-Knipa_06.mp3
Common_Goldeneye,XC558930-Knipa_06,1,data/processed/Common_Goldeneye/XC558930-Knipa_06_chunk001.wav,3.0,XC558930-Knipa_06.mp3
Common_Goldeneye,XC558930-Knipa_06,2,data/processed/Common_Goldeneye/XC558930-Knipa_06_chunk002.wav,3.0,XC558930-Knipa_06.mp3
Common_Goldeneye,XC579754-Geye-13,0,data/processed/Common_Goldeneye/XC579754-Geye-13_chunk000.wav,3.0,XC579754-Geye-13.mp3
Common_Goldeneye,XC579754-Geye-13,1,data/processed/Common_Goldeneye/XC579754-Geye-13_chunk001.wav,3.0,XC579754-Geye-13.mp3
Common_Goldeneye,XC579754-Geye-13,2,data/processed/Common_Goldeneye/XC579754-Geye-13_chunk002.wav,3.0,XC579754-Geye-13.mp3
Common_Goldeneye,XC579754-Geye-13,3,data/processed/Common_Goldeneye/XC579754-Geye-13_chunk003.wav,3.0,XC579754-Geye-13.mp3
Common_Goldeneye,XC579754-Geye-13,4,data/processed/Common_Goldeneye/XC579754-Geye-13_chunk004.wav,3.0,XC579754-Geye-13.mp3
Common_Goldeneye,XC579754-Geye-13,5,data/processed/Common_Goldeneye/XC579754-Geye-13_chunk005.wav,3.0,XC579754-Geye-13.mp3
Common_Goldeneye,XC579754-Geye-13,6,data/processed/Common_Goldeneye/XC579754-Geye-13_chunk006.wav,3.0,XC579754-Geye-13.mp3
Common_Goldeneye,XC579754-Geye-13,7,data/processed/Common_Goldeneye/XC579754-Geye-13_chunk007.wav,3.0,XC579754-Geye-13.mp3
Common_Goldeneye,XC579754-Geye-13,8,data/processed/Common_Goldeneye/XC579754-Geye-13_chunk008.wav,3.0,XC579754-Geye-13.mp3
Common_Goldeneye,XC579754-Geye-13,9,data/processed/Common_Goldeneye/XC579754-Geye-13_chunk009.wav,3.0,XC579754-Geye-13.mp3
Common_Goldeneye,XC579754-Geye-13,10,data/processed/Common_Goldeneye/XC579754-Geye-13_chunk010.wav,3.0,XC579754-Geye-13.mp3
Common_Goldeneye,XC579754-Geye-13,11,data/processed/Common_Goldeneye/XC579754-Geye-13_chunk011.wav,3.0,XC579754-Geye-13.mp3
Common_Goldeneye,XC579754-Geye-13,12,data/processed/Common_Goldeneye/XC579754-Geye-13_chunk012.wav,3.0,XC579754-Geye-13.mp3
Common_Goldeneye,XC579754-Geye-13,13,data/processed/Common_Goldeneye/XC579754-Geye-13_chunk013.wav,3.0,XC579754-Geye-13.mp3
Common_Goldeneye,XC579754-Geye-13,14,data/processed/Common_Goldeneye/XC579754-Geye-13_chunk014.wav,3.0,XC579754-Geye-13.mp3
Common_Goldeneye,XC579754-Geye-13,15,data/processed/Common_Goldeneye/XC579754-Geye-13_chunk015.wav,3.0,XC579754-Geye-13.mp3
Common_Goldeneye,XC579754-Geye-13,16,data/processed/Common_Goldeneye/XC579754-Geye-13_chunk016.wav,3.0,XC579754-Geye-13.mp3
Common_Goldeneye,XC579754-Geye-13,17,data/processed/Common_Goldeneye/XC579754-Geye-13_chunk017.wav,3.0,XC579754-Geye-13.mp3
Common_Goldeneye,XC579754-Geye-13,18,data/processed/Common_Goldeneye/XC579754-Geye-13_chunk018.wav,3.0,XC579754-Geye-13.mp3
Common_Goldeneye,XC579754-Geye-13,19,data/processed/Common_Goldeneye/XC579754-Geye-13_chunk019.wav,3.0,XC579754-Geye-13.mp3
Common_Goldeneye,XC579754-Geye-13,20,data/processed/Common_Goldeneye/XC579754-Geye-13_chunk020.wav,3.0,XC579754-Geye-13.mp3
Common_Goldeneye,XC590646-Geye-07,0,data/processed/Common_Goldeneye/XC590646-Geye-07_chunk000.wav,3.0,XC590646-Geye-07.mp3
Common_Goldeneye,XC590646-Geye-07,1,data/processed/Common_Goldeneye/XC590646-Geye-07_chunk001.wav,3.0,XC590646-Geye-07.mp3
Common_Goldeneye,XC590646-Geye-07,2,data/processed/Common_Goldeneye/XC590646-Geye-07_chunk002.wav,3.0,XC590646-Geye-07.mp3
Common_Goldeneye,XC590646-Geye-07,3,data/processed/Common_Goldeneye/XC590646-Geye-07_chunk003.wav,3.0,XC590646-Geye-07.mp3
Common_Goldeneye,XC590646-Geye-07,4,data/processed/Common_Goldeneye/XC590646-Geye-07_chunk004.wav,3.0,XC590646-Geye-07.mp3
Common_Goldeneye,XC620504-JAREK-MATUSIAK-A-1064,0,data/processed/Common_Goldeneye/XC620504-JAREK-MATUSIAK-A-1064_chunk000.wav,3.0,XC620504-JAREK-MATUSIAK-A-1064 (2) gąłoły super.mp3
Common_Goldeneye,XC620504-JAREK-MATUSIAK-A-1064,1,data/processed/Common_Goldeneye/XC620504-JAREK-MATUSIAK-A-1064_chunk001.wav,3.0,XC620504-JAREK-MATUSIAK-A-1064 (2) gąłoły super.mp3
Common_Goldeneye,XC620504-JAREK-MATUSIAK-A-1064,2,data/processed/Common_Goldeneye/XC620504-JAREK-MATUSIAK-A-1064_chunk002.wav,3.0,XC620504-JAREK-MATUSIAK-A-1064 (2) gąłoły super.mp3
Common_Goldeneye,XC620504-JAREK-MATUSIAK-A-1064,3,data/processed/Common_Goldeneye/XC620504-JAREK-MATUSIAK-A-1064_chunk003.wav,3.0,XC620504-JAREK-MATUSIAK-A-1064 (2) gąłoły super.mp3
Common_Goldeneye,XC620504-JAREK-MATUSIAK-A-1064,4,data/processed/Common_Goldeneye/XC620504-JAREK-MATUSIAK-A-1064_chunk004.wav,3.0,XC620504-JAREK-MATUSIAK-A-1064 (2) gąłoły super.mp3
Common_Goldeneye,XC620504-JAREK-MATUSIAK-A-1064,5,data/processed/Common_Goldeneye/XC620504-JAREK-MATUSIAK-A-1064_chunk005.wav,3.0,XC620504-JAREK-MATUSIAK-A-1064 (2) gąłoły super.mp3
Common_Goldeneye,XC620504-JAREK-MATUSIAK-A-1064,6,data/processed/Common_Goldeneye/XC620504-JAREK-MATUSIAK-A-1064_chunk006.wav,3.0,XC620504-JAREK-MATUSIAK-A-1064 (2) gąłoły super.mp3
Common_Goldeneye,XC621977-JAREK-MATUSIAK-A-1059,0,data/processed/Common_Goldeneye/XC621977-JAREK-MATUSIAK-A-1059_chunk000.wav,3.0,XC621977-JAREK-MATUSIAK-A-1059 (7) gągoły (2).mp3
Common_Goldeneye,XC621977-JAREK-MATUSIAK-A-1059,1,data/processed/Common_Goldeneye/XC621977-JAREK-MATUSIAK-A-1059_chunk001.wav,3.0,XC621977-JAREK-MATUSIAK-A-1059 (7) gągoły (2).mp3
Common_Goldeneye,XC621977-JAREK-MATUSIAK-A-1059,2,data/processed/Common_Goldeneye/XC621977-JAREK-MATUSIAK-A-1059_chunk002.wav,3.0,XC621977-JAREK-MATUSIAK-A-1059 (7) gągoły (2).mp3
Common_Goldeneye,XC621977-JAREK-MATUSIAK-A-1059,3,data/processed/Common_Goldeneye/XC621977-JAREK-MATUSIAK-A-1059_chunk003.wav,3.0,XC621977-JAREK-MATUSIAK-A-1059 (7) gągoły (2).mp3
Common_Goldeneye,XC621977-JAREK-MATUSIAK-A-1059,4,data/processed/Common_Goldeneye/XC621977-JAREK-MATUSIAK-A-1059_chunk004.wav,3.0,XC621977-JAREK-MATUSIAK-A-1059 (7) gągoły (2).mp3
Common_Goldeneye,XC621979-JAREK-MATUSIAK-A-1059,0,data/processed/Common_Goldeneye/XC621979-JAREK-MATUSIAK-A-1059_chunk000.wav,3.0,XC621979-JAREK-MATUSIAK-A-1059 (5) gągoł (2).mp3
Common_Goldeneye,XC621981-JAREK-MATUSIAK-A-1059,0,data/processed/Common_Goldeneye/XC621981-JAREK-MATUSIAK-A-1059_chunk000.wav,3.0,XC621981-JAREK-MATUSIAK-A-1059 (9) gągoły (2).mp3
Common_Goldeneye,XC621981-JAREK-MATUSIAK-A-1059,1,data/processed/Common_Goldeneye/XC621981-JAREK-MATUSIAK-A-1059_chunk001.wav,3.0,XC621981-JAREK-MATUSIAK-A-1059 (9) gągoły (2).mp3
Common_Goldeneye,XC621981-JAREK-MATUSIAK-A-1059,2,data/processed/Common_Goldeneye/XC621981-JAREK-MATUSIAK-A-1059_chunk002.wav,3.0,XC621981-JAREK-MATUSIAK-A-1059 (9) gągoły (2).mp3
Common_Goldeneye,XC621981-JAREK-MATUSIAK-A-1059,3,data/processed/Common_Goldeneye/XC621981-JAREK-MATUSIAK-A-1059_chunk003.wav,3.0,XC621981-JAREK-MATUSIAK-A-1059 (9) gągoły (2).mp3
Common_Goldeneye,XC621985-JAREK-MATUSIAK-A-1060,0,data/processed/Common_Goldeneye/XC621985-JAREK-MATUSIAK-A-1060_chunk000.wav,3.0,XC621985-JAREK-MATUSIAK-A-1060 (2) gągoły bielik.mp3
Common_Goldeneye,XC621985-JAREK-MATUSIAK-A-1060,1,data/processed/Common_Goldeneye/XC621985-JAREK-MATUSIAK-A-1060_chunk001.wav,3.0,XC621985-JAREK-MATUSIAK-A-1060 (2) gągoły bielik.mp3
Common_Goldeneye,XC621985-JAREK-MATUSIAK-A-1060,2,data/processed/Common_Goldeneye/XC621985-JAREK-MATUSIAK-A-1060_chunk002.wav,3.0,XC621985-JAREK-MATUSIAK-A-1060 (2) gągoły bielik.mp3
Common_Goldeneye,XC621985-JAREK-MATUSIAK-A-1060,3,data/processed/Common_Goldeneye/XC621985-JAREK-MATUSIAK-A-1060_chunk003.wav,3.0,XC621985-JAREK-MATUSIAK-A-1060 (2) gągoły bielik.mp3
Common_Goldeneye,XC621985-JAREK-MATUSIAK-A-1060,4,data/processed/Common_Goldeneye/XC621985-JAREK-MATUSIAK-A-1060_chunk004.wav,3.0,XC621985-JAREK-MATUSIAK-A-1060 (2) gągoły bielik.mp3
Common_Goldeneye,XC621985-JAREK-MATUSIAK-A-1060,5,data/processed/Common_Goldeneye/XC621985-JAREK-MATUSIAK-A-1060_chunk005.wav,3.0,XC621985-JAREK-MATUSIAK-A-1060 (2) gągoły bielik.mp3
Common_Goldeneye,XC621985-JAREK-MATUSIAK-A-1060,6,data/processed/Common_Goldeneye/XC621985-JAREK-MATUSIAK-A-1060_chunk006.wav,3.0,XC621985-JAREK-MATUSIAK-A-1060 (2) gągoły bielik.mp3
Common_Goldeneye,XC621985-JAREK-MATUSIAK-A-1060,7,data/processed/Common_Goldeneye/XC621985-JAREK-MATUSIAK-A-1060_chunk007.wav,3.0,XC621985-JAREK-MATUSIAK-A-1060 (2) gągoły bielik.mp3
Common_Goldeneye,XC621985-JAREK-MATUSIAK-A-1060,8,data/processed/Common_Goldeneye/XC621985-JAREK-MATUSIAK-A-1060_chunk008.wav,3.0,XC621985-JAREK-MATUSIAK-A-1060 (2) gągoły bielik.mp3
Common_Goldeneye,XC621985-JAREK-MATUSIAK-A-1060,9,data/processed/Common_Goldeneye/XC621985-JAREK-MATUSIAK-A-1060_chunk009.wav,3.0,XC621985-JAREK-MATUSIAK-A-1060 (2) gągoły bielik.mp3
Common_Goldeneye,XC621985-JAREK-MATUSIAK-A-1060,10,data/processed/Common_Goldeneye/XC621985-JAREK-MATUSIAK-A-1060_chunk010.wav,3.0,XC621985-JAREK-MATUSIAK-A-1060 (2) gągoły bielik.mp3
Common_Goldeneye,XC621985-JAREK-MATUSIAK-A-1060,11,data/processed/Common_Goldeneye/XC621985-JAREK-MATUSIAK-A-1060_chunk011.wav,3.0,XC621985-JAREK-MATUSIAK-A-1060 (2) gągoły bielik.mp3
Common_Goldeneye,XC621985-JAREK-MATUSIAK-A-1060,12,data/processed/Common_Goldeneye/XC621985-JAREK-MATUSIAK-A-1060_chunk012.wav,3.0,XC621985-JAREK-MATUSIAK-A-1060 (2) gągoły bielik.mp3
Common_Goldeneye,XC621985-JAREK-MATUSIAK-A-1060,13,data/processed/Common_Goldeneye/XC621985-JAREK-MATUSIAK-A-1060_chunk013.wav,3.0,XC621985-JAREK-MATUSIAK-A-1060 (2) gągoły bielik.mp3
Common_Goldeneye,XC621985-JAREK-MATUSIAK-A-1060,14,data/processed/Common_Goldeneye/XC621985-JAREK-MATUSIAK-A-1060_chunk014.wav,3.0,XC621985-JAREK-MATUSIAK-A-1060 (2) gągoły bielik.mp3
Common_Goldeneye,XC621985-JAREK-MATUSIAK-A-1060,15,data/processed/Common_Goldeneye/XC621985-JAREK-MATUSIAK-A-1060_chunk015.wav,3.0,XC621985-JAREK-MATUSIAK-A-1060 (2) gągoły bielik.mp3
Common_Goldeneye,XC621985-JAREK-MATUSIAK-A-1060,16,data/processed/Common_Goldeneye/XC621985-JAREK-MATUSIAK-A-1060_chunk016.wav,3.0,XC621985-JAREK-MATUSIAK-A-1060 (2) gągoły bielik.mp3
Common_Goldeneye,XC621985-JAREK-MATUSIAK-A-1060,17,data/processed/Common_Goldeneye/XC621985-JAREK-MATUSIAK-A-1060_chunk017.wav,3.0,XC621985-JAREK-MATUSIAK-A-1060 (2) gągoły bielik.mp3
Common_Goldeneye,XC621985-JAREK-MATUSIAK-A-1060,18,data/processed/Common_Goldeneye/XC621985-JAREK-MATUSIAK-A-1060_chunk018.wav,3.0,XC621985-JAREK-MATUSIAK-A-1060 (2) gągoły bielik.mp3
Common_Goldeneye,XC621985-JAREK-MATUSIAK-A-1060,19,data/processed/Common_Goldeneye/XC621985-JAREK-MATUSIAK-A-1060_chunk019.wav,3.0,XC621985-JAREK-MATUSIAK-A-1060 (2) gągoły bielik.mp3
Common_Goldeneye,XC621985-JAREK-MATUSIAK-A-1060,20,data/processed/Common_Goldeneye/XC621985-JAREK-MATUSIAK-A-1060_chunk020.wav,3.0,XC621985-JAREK-MATUSIAK-A-1060 (2) gągoły bielik.mp3
Common_Goldeneye,XC621985-JAREK-MATUSIAK-A-1060,21,data/processed/Common_Goldeneye/XC621985-JAREK-MATUSIAK-A-1060_chunk021.wav,3.0,XC621985-JAREK-MATUSIAK-A-1060 (2) gągoły bielik.mp3
Common_Goldeneye,XC621985-JAREK-MATUSIAK-A-1060,22,data/processed/Common_Goldeneye/XC621985-JAREK-MATUSIAK-A-1060_chunk022.wav,3.0,XC621985-JAREK-MATUSIAK-A-1060 (2) gągoły bielik.mp3
Common_Goldeneye,XC621986-JAREK-MATUSIAK-A-1061,0,data/processed/Common_Goldeneye/XC621986-JAREK-MATUSIAK-A-1061_chunk000.wav,3.0,XC621986-JAREK-MATUSIAK-A-1061 (3) gągoły duże stado skrzydła (2).mp3
Common_Goldeneye,XC621986-JAREK-MATUSIAK-A-1061,1,data/processed/Common_Goldeneye/XC621986-JAREK-MATUSIAK-A-1061_chunk001.wav,3.0,XC621986-JAREK-MATUSIAK-A-1061 (3) gągoły duże stado skrzydła (2).mp3
Common_Goldeneye,XC621986-JAREK-MATUSIAK-A-1061,2,data/processed/Common_Goldeneye/XC621986-JAREK-MATUSIAK-A-1061_chunk002.wav,3.0,XC621986-JAREK-MATUSIAK-A-1061 (3) gągoły duże stado skrzydła (2).mp3
Common_Goldeneye,XC621986-JAREK-MATUSIAK-A-1061,3,data/processed/Common_Goldeneye/XC621986-JAREK-MATUSIAK-A-1061_chunk003.wav,3.0,XC621986-JAREK-MATUSIAK-A-1061 (3) gągoły duże stado skrzydła (2).mp3
Common_Goldeneye,XC621986-JAREK-MATUSIAK-A-1061,4,data/processed/Common_Goldeneye/XC621986-JAREK-MATUSIAK-A-1061_chunk004.wav,3.0,XC621986-JAREK-MATUSIAK-A-1061 (3) gągoły duże stado skrzydła (2).mp3
Common_Goldeneye,XC621986-JAREK-MATUSIAK-A-1061,5,data/processed/Common_Goldeneye/XC621986-JAREK-MATUSIAK-A-1061_chunk005.wav,3.0,XC621986-JAREK-MATUSIAK-A-1061 (3) gągoły duże stado skrzydła (2).mp3
Common_Goldeneye,XC621986-JAREK-MATUSIAK-A-1061,6,data/processed/Common_Goldeneye/XC621986-JAREK-MATUSIAK-A-1061_chunk006.wav,3.0,XC621986-JAREK-MATUSIAK-A-1061 (3) gągoły duże stado skrzydła (2).mp3
Common_Goldeneye,XC621986-JAREK-MATUSIAK-A-1061,7,data/processed/Common_Goldeneye/XC621986-JAREK-MATUSIAK-A-1061_chunk007.wav,3.0,XC621986-JAREK-MATUSIAK-A-1061 (3) gągoły duże stado skrzydła (2).mp3
Common_Goldeneye,XC621986-JAREK-MATUSIAK-A-1061,8,data/processed/Common_Goldeneye/XC621986-JAREK-MATUSIAK-A-1061_chunk008.wav,3.0,XC621986-JAREK-MATUSIAK-A-1061 (3) gągoły duże stado skrzydła (2).mp3
Common_Goldeneye,XC621986-JAREK-MATUSIAK-A-1061,9,data/processed/Common_Goldeneye/XC621986-JAREK-MATUSIAK-A-1061_chunk009.wav,3.0,XC621986-JAREK-MATUSIAK-A-1061 (3) gągoły duże stado skrzydła (2).mp3
Common_Goldeneye,XC621986-JAREK-MATUSIAK-A-1061,10,data/processed/Common_Goldeneye/XC621986-JAREK-MATUSIAK-A-1061_chunk010.wav,3.0,XC621986-JAREK-MATUSIAK-A-1061 (3) gągoły duże stado skrzydła (2).mp3
Common_Goldeneye,XC621986-JAREK-MATUSIAK-A-1061,11,data/processed/Common_Goldeneye/XC621986-JAREK-MATUSIAK-A-1061_chunk011.wav,3.0,XC621986-JAREK-MATUSIAK-A-1061 (3) gągoły duże stado skrzydła (2).mp3
Common_Goldeneye,XC621986-JAREK-MATUSIAK-A-1061,12,data/processed/Common_Goldeneye/XC621986-JAREK-MATUSIAK-A-1061_chunk012.wav,3.0,XC621986-JAREK-MATUSIAK-A-1061 (3) gągoły duże stado skrzydła (2).mp3
Common_Goldeneye,XC621986-JAREK-MATUSIAK-A-1061,13,data/processed/Common_Goldeneye/XC621986-JAREK-MATUSIAK-A-1061_chunk013.wav,3.0,XC621986-JAREK-MATUSIAK-A-1061 (3) gągoły duże stado skrzydła (2).mp3
Common_Goldeneye,XC621986-JAREK-MATUSIAK-A-1061,14,data/processed/Common_Goldeneye/XC621986-JAREK-MATUSIAK-A-1061_chunk014.wav,3.0,XC621986-JAREK-MATUSIAK-A-1061 (3) gągoły duże stado skrzydła (2).mp3
Common_Goldeneye,XC621986-JAREK-MATUSIAK-A-1061,15,data/processed/Common_Goldeneye/XC621986-JAREK-MATUSIAK-A-1061_chunk015.wav,3.0,XC621986-JAREK-MATUSIAK-A-1061 (3) gągoły duże stado skrzydła (2).mp3
Common_Goldeneye,XC621986-JAREK-MATUSIAK-A-1061,16,data/processed/Common_Goldeneye/XC621986-JAREK-MATUSIAK-A-1061_chunk016.wav,3.0,XC621986-JAREK-MATUSIAK-A-1061 (3) gągoły duże stado skrzydła (2).mp3
Common_Goldeneye,XC621986-JAREK-MATUSIAK-A-1061,17,data/processed/Common_Goldeneye/XC621986-JAREK-MATUSIAK-A-1061_chunk017.wav,3.0,XC621986-JAREK-MATUSIAK-A-1061 (3) gągoły duże stado skrzydła (2).mp3
Common_Goldeneye,XC621986-JAREK-MATUSIAK-A-1061,18,data/processed/Common_Goldeneye/XC621986-JAREK-MATUSIAK-A-1061_chunk018.wav,3.0,XC621986-JAREK-MATUSIAK-A-1061 (3) gągoły duże stado skrzydła (2).mp3
Common_Goldeneye,XC621986-JAREK-MATUSIAK-A-1061,19,data/processed/Common_Goldeneye/XC621986-JAREK-MATUSIAK-A-1061_chunk019.wav,3.0,XC621986-JAREK-MATUSIAK-A-1061 (3) gągoły duże stado skrzydła (2).mp3
Common_Goldeneye,XC621986-JAREK-MATUSIAK-A-1061,20,data/processed/Common_Goldeneye/XC621986-JAREK-MATUSIAK-A-1061_chunk020.wav,3.0,XC621986-JAREK-MATUSIAK-A-1061 (3) gągoły duże stado skrzydła (2).mp3
Common_Goldeneye,XC621986-JAREK-MATUSIAK-A-1061,21,data/processed/Common_Goldeneye/XC621986-JAREK-MATUSIAK-A-1061_chunk021.wav,3.0,XC621986-JAREK-MATUSIAK-A-1061 (3) gągoły duże stado skrzydła (2).mp3
Common_Goldeneye,XC621986-JAREK-MATUSIAK-A-1061,22,data/processed/Common_Goldeneye/XC621986-JAREK-MATUSIAK-A-1061_chunk022.wav,3.0,XC621986-JAREK-MATUSIAK-A-1061 (3) gągoły duże stado skrzydła (2).mp3
Common_Goldeneye,XC621986-JAREK-MATUSIAK-A-1061,23,data/processed/Common_Goldeneye/XC621986-JAREK-MATUSIAK-A-1061_chunk023.wav,3.0,XC621986-JAREK-MATUSIAK-A-1061 (3) gągoły duże stado skrzydła (2).mp3
Common_Goldeneye,XC621986-JAREK-MATUSIAK-A-1061,24,data/processed/Common_Goldeneye/XC621986-JAREK-MATUSIAK-A-1061_chunk024.wav,3.0,XC621986-JAREK-MATUSIAK-A-1061 (3) gągoły duże stado skrzydła (2).mp3
Common_Goldeneye,XC621986-JAREK-MATUSIAK-A-1061,25,data/processed/Common_Goldeneye/XC621986-JAREK-MATUSIAK-A-1061_chunk025.wav,3.0,XC621986-JAREK-MATUSIAK-A-1061 (3) gągoły duże stado skrzydła (2).mp3
Common_Goldeneye,XC621986-JAREK-MATUSIAK-A-1061,26,data/processed/Common_Goldeneye/XC621986-JAREK-MATUSIAK-A-1061_chunk026.wav,3.0,XC621986-JAREK-MATUSIAK-A-1061 (3) gągoły duże stado skrzydła (2).mp3
Common_Goldeneye,XC621986-JAREK-MATUSIAK-A-1061,27,data/processed/Common_Goldeneye/XC621986-JAREK-MATUSIAK-A-1061_chunk027.wav,3.0,XC621986-JAREK-MATUSIAK-A-1061 (3) gągoły duże stado skrzydła (2).mp3
Common_Goldeneye,XC641760-Knipa_11,0,data/processed/Common_Goldeneye/XC641760-Knipa_11_chunk000.wav,3.0,XC641760-Knipa_11.mp3
Common_Goldeneye,XC641760-Knipa_11,1,data/processed/Common_Goldeneye/XC641760-Knipa_11_chunk001.wav,3.0,XC641760-Knipa_11.mp3
Common_Goldeneye,XC641760-Knipa_11,2,data/processed/Common_Goldeneye/XC641760-Knipa_11_chunk002.wav,3.0,XC641760-Knipa_11.mp3
Common_Goldeneye,XC641760-Knipa_11,3,data/processed/Common_Goldeneye/XC641760-Knipa_11_chunk003.wav,3.0,XC641760-Knipa_11.mp3
Common_Goldeneye,XC641760-Knipa_11,4,data/processed/Common_Goldeneye/XC641760-Knipa_11_chunk004.wav,3.0,XC641760-Knipa_11.mp3
Common_Goldeneye,XC641760-Knipa_11,5,data/processed/Common_Goldeneye/XC641760-Knipa_11_chunk005.wav,3.0,XC641760-Knipa_11.mp3
Common_Goldeneye,XC641760-Knipa_11,6,data/processed/Common_Goldeneye/XC641760-Knipa_11_chunk006.wav,3.0,XC641760-Knipa_11.mp3
Common_Goldeneye,XC641760-Knipa_11,7,data/processed/Common_Goldeneye/XC641760-Knipa_11_chunk007.wav,3.0,XC641760-Knipa_11.mp3
Common_Goldeneye,XC641760-Knipa_11,8,data/processed/Common_Goldeneye/XC641760-Knipa_11_chunk008.wav,3.0,XC641760-Knipa_11.mp3
Common_Goldeneye,XC641760-Knipa_11,9,data/processed/Common_Goldeneye/XC641760-Knipa_11_chunk009.wav,3.0,XC641760-Knipa_11.mp3
Common_Goldeneye,XC643310-2010427_0732_[A]_knipa_vingljud_Gåcksätertjärn_[Telinga+Zoom]_edit,0,data/processed/Common_Goldeneye/XC643310-2010427_0732_[A]_knipa_vingljud_Gåcksätertjärn_[Telinga+Zoom]_edit_chunk000.wav,3.0,XC643310-2010427_0732_[A]_knipa_vingljud_Gåcksätertjärn_[Telinga+Zoom]_edit.mp3
Common_Goldeneye,XC643310-2010427_0732_[A]_knipa_vingljud_Gåcksätertjärn_[Telinga+Zoom]_edit,1,data/processed/Common_Goldeneye/XC643310-2010427_0732_[A]_knipa_vingljud_Gåcksätertjärn_[Telinga+Zoom]_edit_chunk001.wav,3.0,XC643310-2010427_0732_[A]_knipa_vingljud_Gåcksätertjärn_[Telinga+Zoom]_edit.mp3
Common_Goldeneye,XC643310-2010427_0732_[A]_knipa_vingljud_Gåcksätertjärn_[Telinga+Zoom]_edit,2,data/processed/Common_Goldeneye/XC643310-2010427_0732_[A]_knipa_vingljud_Gåcksätertjärn_[Telinga+Zoom]_edit_chunk002.wav,3.0,XC643310-2010427_0732_[A]_knipa_vingljud_Gåcksätertjärn_[Telinga+Zoom]_edit.mp3
Common_Goldeneye,XC643310-2010427_0732_[A]_knipa_vingljud_Gåcksätertjärn_[Telinga+Zoom]_edit,3,data/processed/Common_Goldeneye/XC643310-2010427_0732_[A]_knipa_vingljud_Gåcksätertjärn_[Telinga+Zoom]_edit_chunk003.wav,3.0,XC643310-2010427_0732_[A]_knipa_vingljud_Gåcksätertjärn_[Telinga+Zoom]_edit.mp3
Common_Goldeneye,XC643310-2010427_0732_[A]_knipa_vingljud_Gåcksätertjärn_[Telinga+Zoom]_edit,4,data/processed/Common_Goldeneye/XC643310-2010427_0732_[A]_knipa_vingljud_Gåcksätertjärn_[Telinga+Zoom]_edit_chunk004.wav,3.0,XC643310-2010427_0732_[A]_knipa_vingljud_Gåcksätertjärn_[Telinga+Zoom]_edit.mp3
Common_Goldeneye,XC643310-2010427_0732_[A]_knipa_vingljud_Gåcksätertjärn_[Telinga+Zoom]_edit,5,data/processed/Common_Goldeneye/XC643310-2010427_0732_[A]_knipa_vingljud_Gåcksätertjärn_[Telinga+Zoom]_edit_chunk005.wav,3.0,XC643310-2010427_0732_[A]_knipa_vingljud_Gåcksätertjärn_[Telinga+Zoom]_edit.mp3
Common_Goldeneye,XC643310-2010427_0732_[A]_knipa_vingljud_Gåcksätertjärn_[Telinga+Zoom]_edit,6,data/processed/Common_Goldeneye/XC643310-2010427_0732_[A]_knipa_vingljud_Gåcksätertjärn_[Telinga+Zoom]_edit_chunk006.wav,3.0,XC643310-2010427_0732_[A]_knipa_vingljud_Gåcksätertjärn_[Telinga+Zoom]_edit.mp3
Common_Goldeneye,XC715620-GE,0,data/processed/Common_Goldeneye/XC715620-GE_chunk000.wav,3.0,XC715620-GE.mp3
Common_Goldeneye,XC715620-GE,1,data/processed/Common_Goldeneye/XC715620-GE_chunk001.wav,3.0,XC715620-GE.mp3
Common_Goldeneye,XC715620-GE,2,data/processed/Common_Goldeneye/XC715620-GE_chunk002.wav,3.0,XC715620-GE.mp3
Common_Goldeneye,XC715620-GE,3,data/processed/Common_Goldeneye/XC715620-GE_chunk003.wav,3.0,XC715620-GE.mp3
Common_Goldeneye,XC715620-GE,4,data/processed/Common_Goldeneye/XC715620-GE_chunk004.wav,3.0,XC715620-GE.mp3
Common_Goldeneye,XC715620-GE,5,data/processed/Common_Goldeneye/XC715620-GE_chunk005.wav,3.0,XC715620-GE.mp3
Common_Goldeneye,XC715620-GE,6,data/processed/Common_Goldeneye/XC715620-GE_chunk006.wav,3.0,XC715620-GE.mp3
Common_Goldeneye,XC715620-GE,7,data/processed/Common_Goldeneye/XC715620-GE_chunk007.wav,3.0,XC715620-GE.mp3
Common_Goldeneye,XC715620-GE,8,data/processed/Common_Goldeneye/XC715620-GE_chunk008.wav,3.0,XC715620-GE.mp3
Common_Goldeneye,XC715620-GE,9,data/processed/Common_Goldeneye/XC715620-GE_chunk009.wav,3.0,XC715620-GE.mp3
Common_Goldeneye,XC715620-GE,10,data/processed/Common_Goldeneye/XC715620-GE_chunk010.wav,3.0,XC715620-GE.mp3
Common_Goldeneye,XC715620-GE,11,data/processed/Common_Goldeneye/XC715620-GE_chunk011.wav,3.0,XC715620-GE.mp3
Common_Goldeneye,XC715620-GE,12,data/processed/Common_Goldeneye/XC715620-GE_chunk012.wav,3.0,XC715620-GE.mp3
Common_Goldeneye,XC715620-GE,13,data/processed/Common_Goldeneye/XC715620-GE_chunk013.wav,3.0,XC715620-GE.mp3
Common_Goldeneye,XC715620-GE,14,data/processed/Common_Goldeneye/XC715620-GE_chunk014.wav,3.0,XC715620-GE.mp3
Common_Goldeneye,XC715620-GE,15,data/processed/Common_Goldeneye/XC715620-GE_chunk015.wav,3.0,XC715620-GE.mp3
Common_Goldeneye,XC715620-GE,16,data/processed/Common_Goldeneye/XC715620-GE_chunk016.wav,3.0,XC715620-GE.mp3
Common_Goldeneye,XC715620-GE,17,data/processed/Common_Goldeneye/XC715620-GE_chunk017.wav,3.0,XC715620-GE.mp3
Common_Goldeneye,XC715620-GE,18,data/processed/Common_Goldeneye/XC715620-GE_chunk018.wav,3.0,XC715620-GE.mp3
Common_Goldeneye,XC715620-GE,19,data/processed/Common_Goldeneye/XC715620-GE_chunk019.wav,3.0,XC715620-GE.mp3
Common_Goldeneye,XC715620-GE,20,data/processed/Common_Goldeneye/XC715620-GE_chunk020.wav,3.0,XC715620-GE.mp3
Common_Goldeneye,XC715620-GE,21,data/processed/Common_Goldeneye/XC715620-GE_chunk021.wav,3.0,XC715620-GE.mp3
Common_Goldeneye,XC715620-GE,22,data/processed/Common_Goldeneye/XC715620-GE_chunk022.wav,3.0,XC715620-GE.mp3
Common_Goldeneye,XC715620-GE,23,data/processed/Common_Goldeneye/XC715620-GE_chunk023.wav,3.0,XC715620-GE.mp3
Common_Goldeneye,XC715620-GE,24,data/processed/Common_Goldeneye/XC715620-GE_chunk024.wav,3.0,XC715620-GE.mp3
Common_Goldeneye,XC715620-GE,25,data/processed/Common_Goldeneye/XC715620-GE_chunk025.wav,3.0,XC715620-GE.mp3
Common_Goldeneye,XC715620-GE,26,data/processed/Common_Goldeneye/XC715620-GE_chunk026.wav,3.0,XC715620-GE.mp3
Common_Goldeneye,XC715620-GE,27,data/processed/Common_Goldeneye/XC715620-GE_chunk027.wav,3.0,XC715620-GE.mp3
Common_Goldeneye,XC715620-GE,28,data/processed/Common_Goldeneye/XC715620-GE_chunk028.wav,3.0,XC715620-GE.mp3
Common_Goldeneye,XC715620-GE,29,data/processed/Common_Goldeneye/XC715620-GE_chunk029.wav,3.0,XC715620-GE.mp3
Common_Goldeneye,XC715620-GE,30,data/processed/Common_Goldeneye/XC715620-GE_chunk030.wav,3.0,XC715620-GE.mp3
Common_Goldeneye,XC715620-GE,31,data/processed/Common_Goldeneye/XC715620-GE_chunk031.wav,3.0,XC715620-GE.mp3
Common_Goldeneye,XC715620-GE,32,data/processed/Common_Goldeneye/XC715620-GE_chunk032.wav,3.0,XC715620-GE.mp3
Common_Goldeneye,XC715620-GE,33,data/processed/Common_Goldeneye/XC715620-GE_chunk033.wav,3.0,XC715620-GE.mp3
Common_Goldeneye,XC715620-GE,34,data/processed/Common_Goldeneye/XC715620-GE_chunk034.wav,3.0,XC715620-GE.mp3
Common_Goldeneye,XC715620-GE,35,data/processed/Common_Goldeneye/XC715620-GE_chunk035.wav,3.0,XC715620-GE.mp3
Common_Goldeneye,XC715620-GE,36,data/processed/Common_Goldeneye/XC715620-GE_chunk036.wav,3.0,XC715620-GE.mp3
Common_Goldeneye,XC715620-GE,37,data/processed/Common_Goldeneye/XC715620-GE_chunk037.wav,3.0,XC715620-GE.mp3
Common_Goldeneye,XC715620-GE,38,data/processed/Common_Goldeneye/XC715620-GE_chunk038.wav,3.0,XC715620-GE.mp3
Common_Goldeneye,XC715620-GE,39,data/processed/Common_Goldeneye/XC715620-GE_chunk039.wav,3.0,XC715620-GE.mp3
Common_Goldeneye,XC715620-GE,40,data/processed/Common_Goldeneye/XC715620-GE_chunk040.wav,3.0,XC715620-GE.mp3
Common_Goldeneye,XC765958-Garrot-à-oeil-d-or-sifflements-d-ailes-+,0,data/processed/Common_Goldeneye/XC765958-Garrot-à-oeil-d-or-sifflements-d-ailes-+_chunk000.wav,3.0,XC765958-Garrot-à-oeil-d-or-sifflements-d-ailes-+.mp3
Common_Goldeneye,XC765958-Garrot-à-oeil-d-or-sifflements-d-ailes-+,1,data/processed/Common_Goldeneye/XC765958-Garrot-à-oeil-d-or-sifflements-d-ailes-+_chunk001.wav,3.0,XC765958-Garrot-à-oeil-d-or-sifflements-d-ailes-+.mp3
Common_Goldeneye,XC765958-Garrot-à-oeil-d-or-sifflements-d-ailes-+,2,data/processed/Common_Goldeneye/XC765958-Garrot-à-oeil-d-or-sifflements-d-ailes-+_chunk002.wav,3.0,XC765958-Garrot-à-oeil-d-or-sifflements-d-ailes-+.mp3
Common_Goldeneye,XC765958-Garrot-à-oeil-d-or-sifflements-d-ailes-+,3,data/processed/Common_Goldeneye/XC765958-Garrot-à-oeil-d-or-sifflements-d-ailes-+_chunk003.wav,3.0,XC765958-Garrot-à-oeil-d-or-sifflements-d-ailes-+.mp3
Common_Goldeneye,XC765958-Garrot-à-oeil-d-or-sifflements-d-ailes-+,4,data/processed/Common_Goldeneye/XC765958-Garrot-à-oeil-d-or-sifflements-d-ailes-+_chunk004.wav,3.0,XC765958-Garrot-à-oeil-d-or-sifflements-d-ailes-+.mp3
Common_Goldeneye,XC765958-Garrot-à-oeil-d-or-sifflements-d-ailes-+,5,data/processed/Common_Goldeneye/XC765958-Garrot-à-oeil-d-or-sifflements-d-ailes-+_chunk005.wav,3.0,XC765958-Garrot-à-oeil-d-or-sifflements-d-ailes-+.mp3
Common_Goldeneye,XC765958-Garrot-à-oeil-d-or-sifflements-d-ailes-+,6,data/processed/Common_Goldeneye/XC765958-Garrot-à-oeil-d-or-sifflements-d-ailes-+_chunk006.wav,3.0,XC765958-Garrot-à-oeil-d-or-sifflements-d-ailes-+.mp3
Common_Goldeneye,XC765958-Garrot-à-oeil-d-or-sifflements-d-ailes-+,7,data/processed/Common_Goldeneye/XC765958-Garrot-à-oeil-d-or-sifflements-d-ailes-+_chunk007.wav,3.0,XC765958-Garrot-à-oeil-d-or-sifflements-d-ailes-+.mp3
Common_Goldeneye,XC765958-Garrot-à-oeil-d-or-sifflements-d-ailes-+,8,data/processed/Common_Goldeneye/XC765958-Garrot-à-oeil-d-or-sifflements-d-ailes-+_chunk008.wav,3.0,XC765958-Garrot-à-oeil-d-or-sifflements-d-ailes-+.mp3
Common_Goldeneye,XC765958-Garrot-à-oeil-d-or-sifflements-d-ailes-+,9,data/processed/Common_Goldeneye/XC765958-Garrot-à-oeil-d-or-sifflements-d-ailes-+_chunk009.wav,3.0,XC765958-Garrot-à-oeil-d-or-sifflements-d-ailes-+.mp3
Common_Goldeneye,XC765958-Garrot-à-oeil-d-or-sifflements-d-ailes-+,10,data/processed/Common_Goldeneye/XC765958-Garrot-à-oeil-d-or-sifflements-d-ailes-+_chunk010.wav,3.0,XC765958-Garrot-à-oeil-d-or-sifflements-d-ailes-+.mp3
Common_Goldeneye,XC765958-Garrot-à-oeil-d-or-sifflements-d-ailes-+,11,data/processed/Common_Goldeneye/XC765958-Garrot-à-oeil-d-or-sifflements-d-ailes-+_chunk011.wav,3.0,XC765958-Garrot-à-oeil-d-or-sifflements-d-ailes-+.mp3
Common_Goldeneye,XC765958-Garrot-à-oeil-d-or-sifflements-d-ailes-+,12,data/processed/Common_Goldeneye/XC765958-Garrot-à-oeil-d-or-sifflements-d-ailes-+_chunk012.wav,3.0,XC765958-Garrot-à-oeil-d-or-sifflements-d-ailes-+.mp3
Common_Goldeneye,XC765958-Garrot-à-oeil-d-or-sifflements-d-ailes-+,13,data/processed/Common_Goldeneye/XC765958-Garrot-à-oeil-d-or-sifflements-d-ailes-+_chunk013.wav,3.0,XC765958-Garrot-à-oeil-d-or-sifflements-d-ailes-+.mp3
Common_Goldeneye,XC765958-Garrot-à-oeil-d-or-sifflements-d-ailes-+,14,data/processed/Common_Goldeneye/XC765958-Garrot-à-oeil-d-or-sifflements-d-ailes-+_chunk014.wav,3.0,XC765958-Garrot-à-oeil-d-or-sifflements-d-ailes-+.mp3
Common_Goldeneye,XC765958-Garrot-à-oeil-d-or-sifflements-d-ailes-+,15,data/processed/Common_Goldeneye/XC765958-Garrot-à-oeil-d-or-sifflements-d-ailes-+_chunk015.wav,3.0,XC765958-Garrot-à-oeil-d-or-sifflements-d-ailes-+.mp3
Common_Goldeneye,XC765958-Garrot-à-oeil-d-or-sifflements-d-ailes-+,16,data/processed/Common_Goldeneye/XC765958-Garrot-à-oeil-d-or-sifflements-d-ailes-+_chunk016.wav,3.0,XC765958-Garrot-à-oeil-d-or-sifflements-d-ailes-+.mp3
Common_Goldeneye,XC792699-Knipa_19,0,data/processed/Common_Goldeneye/XC792699-Knipa_19_chunk000.wav,3.0,XC792699-Knipa_19.mp3
Common_Goldeneye,XC792699-Knipa_19,1,data/processed/Common_Goldeneye/XC792699-Knipa_19_chunk001.wav,3.0,XC792699-Knipa_19.mp3
Common_Goldeneye,XC792699-Knipa_19,2,data/processed/Common_Goldeneye/XC792699-Knipa_19_chunk002.wav,3.0,XC792699-Knipa_19.mp3
Common_Goldeneye,XC792699-Knipa_19,3,data/processed/Common_Goldeneye/XC792699-Knipa_19_chunk003.wav,3.0,XC792699-Knipa_19.mp3
Common_Goldeneye,XC792699-Knipa_19,4,data/processed/Common_Goldeneye/XC792699-Knipa_19_chunk004.wav,3.0,XC792699-Knipa_19.mp3
Common_Goldeneye,XC792699-Knipa_19,5,data/processed/Common_Goldeneye/XC792699-Knipa_19_chunk005.wav,3.0,XC792699-Knipa_19.mp3
Common_Goldeneye,XC792699-Knipa_19,6,data/processed/Common_Goldeneye/XC792699-Knipa_19_chunk006.wav,3.0,XC792699-Knipa_19.mp3
Common_Goldeneye,XC792699-Knipa_19,7,data/processed/Common_Goldeneye/XC792699-Knipa_19_chunk007.wav,3.0,XC792699-Knipa_19.mp3
Common_Goldeneye,XC792699-Knipa_19,8,data/processed/Common_Goldeneye/XC792699-Knipa_19_chunk008.wav,3.0,XC792699-Knipa_19.mp3
Common_Goldeneye,XC792699-Knipa_19,9,data/processed/Common_Goldeneye/XC792699-Knipa_19_chunk009.wav,3.0,XC792699-Knipa_19.mp3
Common_Goldeneye,XC792699-Knipa_19,10,data/processed/Common_Goldeneye/XC792699-Knipa_19_chunk010.wav,3.0,XC792699-Knipa_19.mp3
Common_Goldeneye,XC792699-Knipa_19,11,data/processed/Common_Goldeneye/XC792699-Knipa_19_chunk011.wav,3.0,XC792699-Knipa_19.mp3
Common_Goldeneye,XC792699-Knipa_19,12,data/processed/Common_Goldeneye/XC792699-Knipa_19_chunk012.wav,3.0,XC792699-Knipa_19.mp3
Common_Goldeneye,XC792699-Knipa_19,13,data/processed/Common_Goldeneye/XC792699-Knipa_19_chunk013.wav,3.0,XC792699-Knipa_19.mp3
Common_Goldeneye,XC792699-Knipa_19,14,data/processed/Common_Goldeneye/XC792699-Knipa_19_chunk014.wav,3.0,XC792699-Knipa_19.mp3
Common_Goldeneye,XC792699-Knipa_19,15,data/processed/Common_Goldeneye/XC792699-Knipa_19_chunk015.wav,3.0,XC792699-Knipa_19.mp3
Common_Goldeneye,XC792699-Knipa_19,16,data/processed/Common_Goldeneye/XC792699-Knipa_19_chunk016.wav,3.0,XC792699-Knipa_19.mp3
Common_Goldeneye,XC799377-Knipa_22,0,data/processed/Common_Goldeneye/XC799377-Knipa_22_chunk000.wav,3.0,XC799377-Knipa_22.mp3
Common_Goldeneye,XC799377-Knipa_22,1,data/processed/Common_Goldeneye/XC799377-Knipa_22_chunk001.wav,3.0,XC799377-Knipa_22.mp3
Common_Goldeneye,XC799377-Knipa_22,2,data/processed/Common_Goldeneye/XC799377-Knipa_22_chunk002.wav,3.0,XC799377-Knipa_22.mp3
Common_Goldeneye,XC799377-Knipa_22,3,data/processed/Common_Goldeneye/XC799377-Knipa_22_chunk003.wav,3.0,XC799377-Knipa_22.mp3
Common_Goldeneye,XC799377-Knipa_22,4,data/processed/Common_Goldeneye/XC799377-Knipa_22_chunk004.wav,3.0,XC799377-Knipa_22.mp3
Common_Goldeneye,XC799377-Knipa_22,5,data/processed/Common_Goldeneye/XC799377-Knipa_22_chunk005.wav,3.0,XC799377-Knipa_22.mp3
Common_Goldeneye,XC799377-Knipa_22,6,data/processed/Common_Goldeneye/XC799377-Knipa_22_chunk006.wav,3.0,XC799377-Knipa_22.mp3
Common_Goldeneye,XC799377-Knipa_22,7,data/processed/Common_Goldeneye/XC799377-Knipa_22_chunk007.wav,3.0,XC799377-Knipa_22.mp3
Common_Goldeneye,XC799377-Knipa_22,8,data/processed/Common_Goldeneye/XC799377-Knipa_22_chunk008.wav,3.0,XC799377-Knipa_22.mp3
Common_Goldeneye,XC799377-Knipa_22,9,data/processed/Common_Goldeneye/XC799377-Knipa_22_chunk009.wav,3.0,XC799377-Knipa_22.mp3
Common_Goldeneye,XC799377-Knipa_22,10,data/processed/Common_Goldeneye/XC799377-Knipa_22_chunk010.wav,3.0,XC799377-Knipa_22.mp3
Common_Goldeneye,XC799377-Knipa_22,11,data/processed/Common_Goldeneye/XC799377-Knipa_22_chunk011.wav,3.0,XC799377-Knipa_22.mp3
Common_Goldeneye,XC799377-Knipa_22,12,data/processed/Common_Goldeneye/XC799377-Knipa_22_chunk012.wav,3.0,XC799377-Knipa_22.mp3
Common_Goldeneye,XC799377-Knipa_22,13,data/processed/Common_Goldeneye/XC799377-Knipa_22_chunk013.wav,3.0,XC799377-Knipa_22.mp3
Common_Goldeneye,XC799377-Knipa_22,14,data/processed/Common_Goldeneye/XC799377-Knipa_22_chunk014.wav,3.0,XC799377-Knipa_22.mp3
Common_Goldeneye,XC799377-Knipa_22,15,data/processed/Common_Goldeneye/XC799377-Knipa_22_chunk015.wav,3.0,XC799377-Knipa_22.mp3
Common_Goldeneye,XC799377-Knipa_22,16,data/processed/Common_Goldeneye/XC799377-Knipa_22_chunk016.wav,3.0,XC799377-Knipa_22.mp3
Common_Goldeneye,XC799377-Knipa_22,17,data/processed/Common_Goldeneye/XC799377-Knipa_22_chunk017.wav,3.0,XC799377-Knipa_22.mp3
Common_Goldeneye,XC799377-Knipa_22,18,data/processed/Common_Goldeneye/XC799377-Knipa_22_chunk018.wav,3.0,XC799377-Knipa_22.mp3
Common_Goldeneye,XC799377-Knipa_22,19,data/processed/Common_Goldeneye/XC799377-Knipa_22_chunk019.wav,3.0,XC799377-Knipa_22.mp3
Common_Goldeneye,XC799377-Knipa_22,20,data/processed/Common_Goldeneye/XC799377-Knipa_22_chunk020.wav,3.0,XC799377-Knipa_22.mp3
Common_Goldeneye,XC799377-Knipa_22,21,data/processed/Common_Goldeneye/XC799377-Knipa_22_chunk021.wav,3.0,XC799377-Knipa_22.mp3
Common_Goldeneye,XC799377-Knipa_22,22,data/processed/Common_Goldeneye/XC799377-Knipa_22_chunk022.wav,3.0,XC799377-Knipa_22.mp3
Common_Goldeneye,XC799377-Knipa_22,23,data/processed/Common_Goldeneye/XC799377-Knipa_22_chunk023.wav,3.0,XC799377-Knipa_22.mp3
Common_Goldeneye,XC799377-Knipa_22,24,data/processed/Common_Goldeneye/XC799377-Knipa_22_chunk024.wav,3.0,XC799377-Knipa_22.mp3
Common_Goldeneye,XC799377-Knipa_22,25,data/processed/Common_Goldeneye/XC799377-Knipa_22_chunk025.wav,3.0,XC799377-Knipa_22.mp3
Common_Goldeneye,XC799377-Knipa_22,26,data/processed/Common_Goldeneye/XC799377-Knipa_22_chunk026.wav,3.0,XC799377-Knipa_22.mp3
Common_Goldeneye,XC799377-Knipa_22,27,data/processed/Common_Goldeneye/XC799377-Knipa_22_chunk027.wav,3.0,XC799377-Knipa_22.mp3
Common_Goldeneye,XC799377-Knipa_22,28,data/processed/Common_Goldeneye/XC799377-Knipa_22_chunk028.wav,3.0,XC799377-Knipa_22.mp3
Common_Goldeneye,XC799377-Knipa_22,29,data/processed/Common_Goldeneye/XC799377-Knipa_22_chunk029.wav,3.0,XC799377-Knipa_22.mp3
Common_Goldeneye,XC799377-Knipa_22,30,data/processed/Common_Goldeneye/XC799377-Knipa_22_chunk030.wav,3.0,XC799377-Knipa_22.mp3
Common_Goldeneye,XC799377-Knipa_22,31,data/processed/Common_Goldeneye/XC799377-Knipa_22_chunk031.wav,3.0,XC799377-Knipa_22.mp3
Common_Goldeneye,XC799377-Knipa_22,32,data/processed/Common_Goldeneye/XC799377-Knipa_22_chunk032.wav,3.0,XC799377-Knipa_22.mp3
Common_Goldeneye,XC799377-Knipa_22,33,data/processed/Common_Goldeneye/XC799377-Knipa_22_chunk033.wav,3.0,XC799377-Knipa_22.mp3
Common_Goldeneye,XC799377-Knipa_22,34,data/processed/Common_Goldeneye/XC799377-Knipa_22_chunk034.wav,3.0,XC799377-Knipa_22.mp3
Common_Goldeneye,XC799377-Knipa_22,35,data/processed/Common_Goldeneye/XC799377-Knipa_22_chunk035.wav,3.0,XC799377-Knipa_22.mp3
Common_Goldeneye,XC799377-Knipa_22,36,data/processed/Common_Goldeneye/XC799377-Knipa_22_chunk036.wav,3.0,XC799377-Knipa_22.mp3
Common_Goldeneye,XC799377-Knipa_22,37,data/processed/Common_Goldeneye/XC799377-Knipa_22_chunk037.wav,3.0,XC799377-Knipa_22.mp3
Common_Goldeneye,XC799377-Knipa_22,38,data/processed/Common_Goldeneye/XC799377-Knipa_22_chunk038.wav,3.0,XC799377-Knipa_22.mp3
Common_Goldeneye,XC799377-Knipa_22,39,data/processed/Common_Goldeneye/XC799377-Knipa_22_chunk039.wav,3.0,XC799377-Knipa_22.mp3
Common_Goldeneye,XC799377-Knipa_22,40,data/processed/Common_Goldeneye/XC799377-Knipa_22_chunk040.wav,3.0,XC799377-Knipa_22.mp3
Common_Goldeneye,XC799377-Knipa_22,41,data/processed/Common_Goldeneye/XC799377-Knipa_22_chunk041.wav,3.0,XC799377-Knipa_22.mp3
Common_Goldeneye,XC799377-Knipa_22,42,data/processed/Common_Goldeneye/XC799377-Knipa_22_chunk042.wav,3.0,XC799377-Knipa_22.mp3
Common_Goldeneye,XC799377-Knipa_22,43,data/processed/Common_Goldeneye/XC799377-Knipa_22_chunk043.wav,3.0,XC799377-Knipa_22.mp3
Common_Goldeneye,XC799377-Knipa_22,44,data/processed/Common_Goldeneye/XC799377-Knipa_22_chunk044.wav,3.0,XC799377-Knipa_22.mp3
Common_Goldeneye,XC799377-Knipa_22,45,data/processed/Common_Goldeneye/XC799377-Knipa_22_chunk045.wav,3.0,XC799377-Knipa_22.mp3
Common_Goldeneye,XC799377-Knipa_22,46,data/processed/Common_Goldeneye/XC799377-Knipa_22_chunk046.wav,3.0,XC799377-Knipa_22.mp3
Common_Goldeneye,XC799377-Knipa_22,47,data/processed/Common_Goldeneye/XC799377-Knipa_22_chunk047.wav,3.0,XC799377-Knipa_22.mp3
Common_Goldeneye,XC986233-250407_0358-telkkä.-kevätkarkelot-joella,0,data/processed/Common_Goldeneye/XC986233-250407_0358-telkkä.-kevätkarkelot-joella_chunk000.wav,3.0,XC986233-250407_0358-telkkä.-kevätkarkelot-joella.mp3
Common_Goldeneye,XC986233-250407_0358-telkkä.-kevätkarkelot-joella,1,data/processed/Common_Goldeneye/XC986233-250407_0358-telkkä.-kevätkarkelot-joella_chunk001.wav,3.0,XC986233-250407_0358-telkkä.-kevätkarkelot-joella.mp3
Common_Goldeneye,XC986233-250407_0358-telkkä.-kevätkarkelot-joella,2,data/processed/Common_Goldeneye/XC986233-250407_0358-telkkä.-kevätkarkelot-joella_chunk002.wav,3.0,XC986233-250407_0358-telkkä.-kevätkarkelot-joella.mp3
Common_Goldeneye,XC986233-250407_0358-telkkä.-kevätkarkelot-joella,3,data/processed/Common_Goldeneye/XC986233-250407_0358-telkkä.-kevätkarkelot-joella_chunk003.wav,3.0,XC986233-250407_0358-telkkä.-kevätkarkelot-joella.mp3
Common_Goldeneye,XC986233-250407_0358-telkkä.-kevätkarkelot-joella,4,data/processed/Common_Goldeneye/XC986233-250407_0358-telkkä.-kevätkarkelot-joella_chunk004.wav,3.0,XC986233-250407_0358-telkkä.-kevätkarkelot-joella.mp3
Common_Goldeneye,XC986233-250407_0358-telkkä.-kevätkarkelot-joella,5,data/processed/Common_Goldeneye/XC986233-250407_0358-telkkä.-kevätkarkelot-joella_chunk005.wav,3.0,XC986233-250407_0358-telkkä.-kevätkarkelot-joella.mp3
Common_Goldeneye,XC986233-250407_0358-telkkä.-kevätkarkelot-joella,6,data/processed/Common_Goldeneye/XC986233-250407_0358-telkkä.-kevätkarkelot-joella_chunk006.wav,3.0,XC986233-250407_0358-telkkä.-kevätkarkelot-joella.mp3
Common_Goldeneye,XC986233-250407_0358-telkkä.-kevätkarkelot-joella,7,data/processed/Common_Goldeneye/XC986233-250407_0358-telkkä.-kevätkarkelot-joella_chunk007.wav,3.0,XC986233-250407_0358-telkkä.-kevätkarkelot-joella.mp3
Common_Goldeneye,XC986233-250407_0358-telkkä.-kevätkarkelot-joella,8,data/processed/Common_Goldeneye/XC986233-250407_0358-telkkä.-kevätkarkelot-joella_chunk008.wav,3.0,XC986233-250407_0358-telkkä.-kevätkarkelot-joella.mp3
Common_Goldeneye,XC986233-250407_0358-telkkä.-kevätkarkelot-joella,9,data/processed/Common_Goldeneye/XC986233-250407_0358-telkkä.-kevätkarkelot-joella_chunk009.wav,3.0,XC986233-250407_0358-telkkä.-kevätkarkelot-joella.mp3
Common_Goldeneye,XC986233-250407_0358-telkkä.-kevätkarkelot-joella,10,data/processed/Common_Goldeneye/XC986233-250407_0358-telkkä.-kevätkarkelot-joella_chunk010.wav,3.0,XC986233-250407_0358-telkkä.-kevätkarkelot-joella.mp3
Common_Goldeneye,XC986233-250407_0358-telkkä.-kevätkarkelot-joella,11,data/processed/Common_Goldeneye/XC986233-250407_0358-telkkä.-kevätkarkelot-joella_chunk011.wav,3.0,XC986233-250407_0358-telkkä.-kevätkarkelot-joella.mp3
Common_Goldeneye,XC986233-250407_0358-telkkä.-kevätkarkelot-joella,12,data/processed/Common_Goldeneye/XC986233-250407_0358-telkkä.-kevätkarkelot-joella_chunk012.wav,3.0,XC986233-250407_0358-telkkä.-kevätkarkelot-joella.mp3
Common_Goldeneye,XC986233-250407_0358-telkkä.-kevätkarkelot-joella,13,data/processed/Common_Goldeneye/XC986233-250407_0358-telkkä.-kevätkarkelot-joella_chunk013.wav,3.0,XC986233-250407_0358-telkkä.-kevätkarkelot-joella.mp3
Common_Goldeneye,XC986233-250407_0358-telkkä.-kevätkarkelot-joella,14,data/processed/Common_Goldeneye/XC986233-250407_0358-telkkä.-kevätkarkelot-joella_chunk014.wav,3.0,XC986233-250407_0358-telkkä.-kevätkarkelot-joella.mp3
Common_Goldeneye,XC986233-250407_0358-telkkä.-kevätkarkelot-joella,15,data/processed/Common_Goldeneye/XC986233-250407_0358-telkkä.-kevätkarkelot-joella_chunk015.wav,3.0,XC986233-250407_0358-telkkä.-kevätkarkelot-joella.mp3
Common_Goldeneye,XC986233-250407_0358-telkkä.-kevätkarkelot-joella,16,data/processed/Common_Goldeneye/XC986233-250407_0358-telkkä.-kevätkarkelot-joella_chunk016.wav,3.0,XC986233-250407_0358-telkkä.-kevätkarkelot-joella.mp3
Common_Goldeneye,XC986233-250407_0358-telkkä.-kevätkarkelot-joella,17,data/processed/Common_Goldeneye/XC986233-250407_0358-telkkä.-kevätkarkelot-joella_chunk017.wav,3.0,XC986233-250407_0358-telkkä.-kevätkarkelot-joella.mp3
Common_Goldeneye,XC986233-250407_0358-telkkä.-kevätkarkelot-joella,18,data/processed/Common_Goldeneye/XC986233-250407_0358-telkkä.-kevätkarkelot-joella_chunk018.wav,3.0,XC986233-250407_0358-telkkä.-kevätkarkelot-joella.mp3
Common_Goldeneye,XC986233-250407_0358-telkkä.-kevätkarkelot-joella,19,data/processed/Common_Goldeneye/XC986233-250407_0358-telkkä.-kevätkarkelot-joella_chunk019.wav,3.0,XC986233-250407_0358-telkkä.-kevätkarkelot-joella.mp3
Common_Goldeneye,XC986233-250407_0358-telkkä.-kevätkarkelot-joella,20,data/processed/Common_Goldeneye/XC986233-250407_0358-telkkä.-kevätkarkelot-joella_chunk020.wav,3.0,XC986233-250407_0358-telkkä.-kevätkarkelot-joella.mp3
Common_Goldeneye,XC986233-250407_0358-telkkä.-kevätkarkelot-joella,21,data/processed/Common_Goldeneye/XC986233-250407_0358-telkkä.-kevätkarkelot-joella_chunk021.wav,3.0,XC986233-250407_0358-telkkä.-kevätkarkelot-joella.mp3
Common_Goldeneye,XC986233-250407_0358-telkkä.-kevätkarkelot-joella,22,data/processed/Common_Goldeneye/XC986233-250407_0358-telkkä.-kevätkarkelot-joella_chunk022.wav,3.0,XC986233-250407_0358-telkkä.-kevätkarkelot-joella.mp3
Common_Goldeneye,XC986233-250407_0358-telkkä.-kevätkarkelot-joella,23,data/processed/Common_Goldeneye/XC986233-250407_0358-telkkä.-kevätkarkelot-joella_chunk023.wav,3.0,XC986233-250407_0358-telkkä.-kevätkarkelot-joella.mp3
Common_Goldeneye,XC986233-250407_0358-telkkä.-kevätkarkelot-joella,24,data/processed/Common_Goldeneye/XC986233-250407_0358-telkkä.-kevätkarkelot-joella_chunk024.wav,3.0,XC986233-250407_0358-telkkä.-kevätkarkelot-joella.mp3
Common_Goldeneye,XC986233-250407_0358-telkkä.-kevätkarkelot-joella,25,data/processed/Common_Goldeneye/XC986233-250407_0358-telkkä.-kevätkarkelot-joella_chunk025.wav,3.0,XC986233-250407_0358-telkkä.-kevätkarkelot-joella.mp3
Common_Goldeneye,XC986233-250407_0358-telkkä.-kevätkarkelot-joella,26,data/processed/Common_Goldeneye/XC986233-250407_0358-telkkä.-kevätkarkelot-joella_chunk026.wav,3.0,XC986233-250407_0358-telkkä.-kevätkarkelot-joella.mp3
Common_Goldeneye,XC986233-250407_0358-telkkä.-kevätkarkelot-joella,27,data/processed/Common_Goldeneye/XC986233-250407_0358-telkkä.-kevätkarkelot-joella_chunk027.wav,3.0,XC986233-250407_0358-telkkä.-kevätkarkelot-joella.mp3
Common_Goldeneye,XC986233-250407_0358-telkkä.-kevätkarkelot-joella,28,data/processed/Common_Goldeneye/XC986233-250407_0358-telkkä.-kevätkarkelot-joella_chunk028.wav,3.0,XC986233-250407_0358-telkkä.-kevätkarkelot-joella.mp3
Common_Goldeneye,XC986233-250407_0358-telkkä.-kevätkarkelot-joella,29,data/processed/Common_Goldeneye/XC986233-250407_0358-telkkä.-kevätkarkelot-joella_chunk029.wav,3.0,XC986233-250407_0358-telkkä.-kevätkarkelot-joella.mp3
Common_Goldeneye,XC986233-250407_0358-telkkä.-kevätkarkelot-joella,30,data/processed/Common_Goldeneye/XC986233-250407_0358-telkkä.-kevätkarkelot-joella_chunk030.wav,3.0,XC986233-250407_0358-telkkä.-kevätkarkelot-joella.mp3
Common_Goldeneye,XC986233-250407_0358-telkkä.-kevätkarkelot-joella,31,data/processed/Common_Goldeneye/XC986233-250407_0358-telkkä.-kevätkarkelot-joella_chunk031.wav,3.0,XC986233-250407_0358-telkkä.-kevätkarkelot-joella.mp3
Common_Goldeneye,XC986233-250407_0358-telkkä.-kevätkarkelot-joella,32,data/processed/Common_Goldeneye/XC986233-250407_0358-telkkä.-kevätkarkelot-joella_chunk032.wav,3.0,XC986233-250407_0358-telkkä.-kevätkarkelot-joella.mp3
Common_Goldeneye,XC986233-250407_0358-telkkä.-kevätkarkelot-joella,33,data/processed/Common_Goldeneye/XC986233-250407_0358-telkkä.-kevätkarkelot-joella_chunk033.wav,3.0,XC986233-250407_0358-telkkä.-kevätkarkelot-joella.mp3
Common_Goldeneye,XC986233-250407_0358-telkkä.-kevätkarkelot-joella,34,data/processed/Common_Goldeneye/XC986233-250407_0358-telkkä.-kevätkarkelot-joella_chunk034.wav,3.0,XC986233-250407_0358-telkkä.-kevätkarkelot-joella.mp3
Common_Goldeneye,XC986233-250407_0358-telkkä.-kevätkarkelot-joella,35,data/processed/Common_Goldeneye/XC986233-250407_0358-telkkä.-kevätkarkelot-joella_chunk035.wav,3.0,XC986233-250407_0358-telkkä.-kevätkarkelot-joella.mp3
Common_Goldeneye,XC986233-250407_0358-telkkä.-kevätkarkelot-joella,36,data/processed/Common_Goldeneye/XC986233-250407_0358-telkkä.-kevätkarkelot-joella_chunk036.wav,3.0,XC986233-250407_0358-telkkä.-kevätkarkelot-joella.mp3
Common_Goldeneye,XC986233-250407_0358-telkkä.-kevätkarkelot-joella,37,data/processed/Common_Goldeneye/XC986233-250407_0358-telkkä.-kevätkarkelot-joella_chunk037.wav,3.0,XC986233-250407_0358-telkkä.-kevätkarkelot-joella.mp3
Common_Goldeneye,XC986233-250407_0358-telkkä.-kevätkarkelot-joella,38,data/processed/Common_Goldeneye/XC986233-250407_0358-telkkä.-kevätkarkelot-joella_chunk038.wav,3.0,XC986233-250407_0358-telkkä.-kevätkarkelot-joella.mp3
Common_Goldeneye,XC986233-250407_0358-telkkä.-kevätkarkelot-joella,39,data/processed/Common_Goldeneye/XC986233-250407_0358-telkkä.-kevätkarkelot-joella_chunk039.wav,3.0,XC986233-250407_0358-telkkä.-kevätkarkelot-joella.mp3
Common_Goldeneye,XC986233-250407_0358-telkkä.-kevätkarkelot-joella,40,data/processed/Common_Goldeneye/XC986233-250407_0358-telkkä.-kevätkarkelot-joella_chunk040.wav,3.0,XC986233-250407_0358-telkkä.-kevätkarkelot-joella.mp3
Common_Goldeneye,XC986233-250407_0358-telkkä.-kevätkarkelot-joella,41,data/processed/Common_Goldeneye/XC986233-250407_0358-telkkä.-kevätkarkelot-joella_chunk041.wav,3.0,XC986233-250407_0358-telkkä.-kevätkarkelot-joella.mp3
Common_Goldeneye,XC986233-250407_0358-telkkä.-kevätkarkelot-joella,42,data/processed/Common_Goldeneye/XC986233-250407_0358-telkkä.-kevätkarkelot-joella_chunk042.wav,3.0,XC986233-250407_0358-telkkä.-kevätkarkelot-joella.mp3
Common_Goldeneye,XC986233-250407_0358-telkkä.-kevätkarkelot-joella,43,data/processed/Common_Goldeneye/XC986233-250407_0358-telkkä.-kevätkarkelot-joella_chunk043.wav,3.0,XC986233-250407_0358-telkkä.-kevätkarkelot-joella.mp3
Common_Goldeneye,XC986233-250407_0358-telkkä.-kevätkarkelot-joella,44,data/processed/Common_Goldeneye/XC986233-250407_0358-telkkä.-kevätkarkelot-joella_chunk044.wav,3.0,XC986233-250407_0358-telkkä.-kevätkarkelot-joella.mp3
Common_Goldeneye,XC986233-250407_0358-telkkä.-kevätkarkelot-joella,45,data/processed/Common_Goldeneye/XC986233-250407_0358-telkkä.-kevätkarkelot-joella_chunk045.wav,3.0,XC986233-250407_0358-telkkä.-kevätkarkelot-joella.mp3
Common_Goldeneye,XC986233-250407_0358-telkkä.-kevätkarkelot-joella,46,data/processed/Common_Goldeneye/XC986233-250407_0358-telkkä.-kevätkarkelot-joella_chunk046.wav,3.0,XC986233-250407_0358-telkkä.-kevätkarkelot-joella.mp3
Common_Goldeneye,XC986233-250407_0358-telkkä.-kevätkarkelot-joella,47,data/processed/Common_Goldeneye/XC986233-250407_0358-telkkä.-kevätkarkelot-joella_chunk047.wav,3.0,XC986233-250407_0358-telkkä.-kevätkarkelot-joella.mp3
Common_Goldeneye,XC998246-Knipa_27,0,data/processed/Common_Goldeneye/XC998246-Knipa_27_chunk000.wav,3.0,XC998246-Knipa_27.mp3
Common_Goldeneye,XC998246-Knipa_27,1,data/processed/Common_Goldeneye/XC998246-Knipa_27_chunk001.wav,3.0,XC998246-Knipa_27.mp3
Common_Goldeneye,XC998246-Knipa_27,2,data/processed/Common_Goldeneye/XC998246-Knipa_27_chunk002.wav,3.0,XC998246-Knipa_27.mp3
Common_Goldeneye,XC998246-Knipa_27,3,data/processed/Common_Goldeneye/XC998246-Knipa_27_chunk003.wav,3.0,XC998246-Knipa_27.mp3
Common_Goldeneye,XC998246-Knipa_27,4,data/processed/Common_Goldeneye/XC998246-Knipa_27_chunk004.wav,3.0,XC998246-Knipa_27.mp3
Common_Goldeneye,XC998246-Knipa_27,5,data/processed/Common_Goldeneye/XC998246-Knipa_27_chunk005.wav,3.0,XC998246-Knipa_27.mp3
Common_Goldeneye,XC998246-Knipa_27,6,data/processed/Common_Goldeneye/XC998246-Knipa_27_chunk006.wav,3.0,XC998246-Knipa_27.mp3
Common_Goldeneye,XC998246-Knipa_27,7,data/processed/Common_Goldeneye/XC998246-Knipa_27_chunk007.wav,3.0,XC998246-Knipa_27.mp3
Common_Goldeneye,XC998246-Knipa_27,8,data/processed/Common_Goldeneye/XC998246-Knipa_27_chunk008.wav,3.0,XC998246-Knipa_27.mp3
Common_Goldeneye,XC998246-Knipa_27,9,data/processed/Common_Goldeneye/XC998246-Knipa_27_chunk009.wav,3.0,XC998246-Knipa_27.mp3
Common_Goldeneye,XC998246-Knipa_27,10,data/processed/Common_Goldeneye/XC998246-Knipa_27_chunk010.wav,3.0,XC998246-Knipa_27.mp3
Common_Goldeneye,XC998246-Knipa_27,11,data/processed/Common_Goldeneye/XC998246-Knipa_27_chunk011.wav,3.0,XC998246-Knipa_27.mp3
Common_Goldeneye,XC998246-Knipa_27,12,data/processed/Common_Goldeneye/XC998246-Knipa_27_chunk012.wav,3.0,XC998246-Knipa_27.mp3
Common_Goldeneye,XC998246-Knipa_27,13,data/processed/Common_Goldeneye/XC998246-Knipa_27_chunk013.wav,3.0,XC998246-Knipa_27.mp3
Common_Goldeneye,XC998246-Knipa_27,14,data/processed/Common_Goldeneye/XC998246-Knipa_27_chunk014.wav,3.0,XC998246-Knipa_27.mp3
Common_Goldeneye,XC998355-Knipa_29,0,data/processed/Common_Goldeneye/XC998355-Knipa_29_chunk000.wav,3.0,XC998355-Knipa_29.mp3
Common_Goldeneye,XC998355-Knipa_29,1,data/processed/Common_Goldeneye/XC998355-Knipa_29_chunk001.wav,3.0,XC998355-Knipa_29.mp3
Common_Goldeneye,XC998355-Knipa_29,2,data/processed/Common_Goldeneye/XC998355-Knipa_29_chunk002.wav,3.0,XC998355-Knipa_29.mp3
Common_Goldeneye,XC998355-Knipa_29,3,data/processed/Common_Goldeneye/XC998355-Knipa_29_chunk003.wav,3.0,XC998355-Knipa_29.mp3
Common_Goldeneye,XC998355-Knipa_29,4,data/processed/Common_Goldeneye/XC998355-Knipa_29_chunk004.wav,3.0,XC998355-Knipa_29.mp3
Common_Goldeneye,XC998355-Knipa_29,5,data/processed/Common_Goldeneye/XC998355-Knipa_29_chunk005.wav,3.0,XC998355-Knipa_29.mp3
Common_Goldeneye,XC998355-Knipa_29,6,data/processed/Common_Goldeneye/XC998355-Knipa_29_chunk006.wav,3.0,XC998355-Knipa_29.mp3
Common_Goldeneye,XC998355-Knipa_29,7,data/processed/Common_Goldeneye/XC998355-Knipa_29_chunk007.wav,3.0,XC998355-Knipa_29.mp3
Common_Goldeneye,XC998355-Knipa_29,8,data/processed/Common_Goldeneye/XC998355-Knipa_29_chunk008.wav,3.0,XC998355-Knipa_29.mp3
Common_Goldeneye,bucephala_clangula_Tarchomin_Vistula_River_Warsaw_Poland_Jarek_Matusiak_20100110,0,data/processed/Common_Goldeneye/bucephala_clangula_Tarchomin_Vistula_River_Warsaw_Poland_Jarek_Matusiak_20100110_chunk000.wav,3.0,bucephala_clangula_Tarchomin_Vistula_River_Warsaw_Poland_Jarek_Matusiak_20100110.mp3
Common_Goldeneye,bucephala_clangula_Tarchomin_Vistula_River_Warsaw_Poland_Jarek_Matusiak_20100110,1,data/processed/Common_Goldeneye/bucephala_clangula_Tarchomin_Vistula_River_Warsaw_Poland_Jarek_Matusiak_20100110_chunk001.wav,3.0,bucephala_clangula_Tarchomin_Vistula_River_Warsaw_Poland_Jarek_Matusiak_20100110.mp3
Common_Goldeneye,bucephala_clangula_Tarchomin_Vistula_River_Warsaw_Poland_Jarek_Matusiak_20100110,2,data/processed/Common_Goldeneye/bucephala_clangula_Tarchomin_Vistula_River_Warsaw_Poland_Jarek_Matusiak_20100110_chunk002.wav,3.0,bucephala_clangula_Tarchomin_Vistula_River_Warsaw_Poland_Jarek_Matusiak_20100110.mp3
Common_Goldeneye,bucephala_clangula_Tarchomin_Vistula_River_Warsaw_Poland_Jarek_Matusiak_20100110,3,data/processed/Common_Goldeneye/bucephala_clangula_Tarchomin_Vistula_River_Warsaw_Poland_Jarek_Matusiak_20100110_chunk003.wav,3.0,bucephala_clangula_Tarchomin_Vistula_River_Warsaw_Poland_Jarek_Matusiak_20100110.mp3
Common_Goldeneye,bucephala_clangula_Tarchomin_Vistula_River_Warsaw_Poland_Jarek_Matusiak_20100110,4,data/processed/Common_Goldeneye/bucephala_clangula_Tarchomin_Vistula_River_Warsaw_Poland_Jarek_Matusiak_20100110_chunk004.wav,3.0,bucephala_clangula_Tarchomin_Vistula_River_Warsaw_Poland_Jarek_Matusiak_20100110.mp3
Northern_Shoveler,NORTHERN,0,data/processed/Northern_Shoveler/NORTHERN_chunk000.wav,3.0,NORTHERN SHOVELER mf Minot ND 52807.mp3
Northern_Shoveler,NORTHERN,1,data/processed/Northern_Shoveler/NORTHERN_chunk001.wav,3.0,NORTHERN SHOVELER mf Minot ND 52807.mp3
Northern_Shoveler,NORTHERN,2,data/processed/Northern_Shoveler/NORTHERN_chunk002.wav,3.0,NORTHERN SHOVELER mf Minot ND 52807.mp3
Northern_Shoveler,NORTHERN,3,data/processed/Northern_Shoveler/NORTHERN_chunk003.wav,3.0,NORTHERN SHOVELER mf Minot ND 52807.mp3
Northern_Shoveler,NORTHERN,4,data/processed/Northern_Shoveler/NORTHERN_chunk004.wav,3.0,NORTHERN SHOVELER mf Minot ND 52807.mp3
Northern_Shoveler,NORTHERN,5,data/processed/Northern_Shoveler/NORTHERN_chunk005.wav,3.0,NORTHERN SHOVELER mf Minot ND 52807.mp3
Northern_Shoveler,NORTHERN,6,data/processed/Northern_Shoveler/NORTHERN_chunk006.wav,3.0,NORTHERN SHOVELER mf Minot ND 52807.mp3
Northern_Shoveler,NORTHERN,7,data/processed/Northern_Shoveler/NORTHERN_chunk007.wav,3.0,NORTHERN SHOVELER mf Minot ND 52807.mp3
Northern_Shoveler,NORTHERN,8,data/processed/Northern_Shoveler/NORTHERN_chunk008.wav,3.0,NORTHERN SHOVELER mf Minot ND 52807.mp3
Northern_Shoveler,SkedandflygandehonajagadavspelandehanarRyholm2009-05-02,0,data/processed/Northern_Shoveler/SkedandflygandehonajagadavspelandehanarRyholm2009-05-02_chunk000.wav,3.0,SkedandflygandehonajagadavspelandehanarRyholm2009-05-02.mp3
Northern_Shoveler,SkedandflygandehonajagadavspelandehanarRyholm2009-05-02,1,data/processed/Northern_Shoveler/SkedandflygandehonajagadavspelandehanarRyholm2009-05-02_chunk001.wav,3.0,SkedandflygandehonajagadavspelandehanarRyholm2009-05-02.mp3
Northern_Shoveler,SkedandflygandehonajagadavspelandehanarRyholm2009-05-02,2,data/processed/Northern_Shoveler/SkedandflygandehonajagadavspelandehanarRyholm2009-05-02_chunk002.wav,3.0,SkedandflygandehonajagadavspelandehanarRyholm2009-05-02.mp3
Northern_Shoveler,SkedandflygandehonajagadavspelandehanarRyholm2009-05-02,3,data/processed/Northern_Shoveler/SkedandflygandehonajagadavspelandehanarRyholm2009-05-02_chunk003.wav,3.0,SkedandflygandehonajagadavspelandehanarRyholm2009-05-02.mp3
Northern_Shoveler,SkedandflygandehonajagadavspelandehanarRyholm2009-05-02,4,data/processed/Northern_Shoveler/SkedandflygandehonajagadavspelandehanarRyholm2009-05-02_chunk004.wav,3.0,SkedandflygandehonajagadavspelandehanarRyholm2009-05-02.mp3
Northern_Shoveler,SkedandflygandehonajagadavspelandehanarRyholm2009-05-02,5,data/processed/Northern_Shoveler/SkedandflygandehonajagadavspelandehanarRyholm2009-05-02_chunk005.wav,3.0,SkedandflygandehonajagadavspelandehanarRyholm2009-05-02.mp3
Northern_Shoveler,SkedandflygandehonajagadavspelandehanarRyholm2009-05-02,6,data/processed/Northern_Shoveler/SkedandflygandehonajagadavspelandehanarRyholm2009-05-02_chunk006.wav,3.0,SkedandflygandehonajagadavspelandehanarRyholm2009-05-02.mp3
Northern_Shoveler,SkedandflygandehonajagadavspelandehanarRyholm2009-05-02,7,data/processed/Northern_Shoveler/SkedandflygandehonajagadavspelandehanarRyholm2009-05-02_chunk007.wav,3.0,SkedandflygandehonajagadavspelandehanarRyholm2009-05-02.mp3
Northern_Shoveler,SkedandflygandehonajagadavspelandehanarRyholm2009-05-02,8,data/processed/Northern_Shoveler/SkedandflygandehonajagadavspelandehanarRyholm2009-05-02_chunk008.wav,3.0,SkedandflygandehonajagadavspelandehanarRyholm2009-05-02.mp3
Northern_Shoveler,SkedandflygandehonajagadavspelandehanarRyholm2009-05-02,9,data/processed/Northern_Shoveler/SkedandflygandehonajagadavspelandehanarRyholm2009-05-02_chunk009.wav,3.0,SkedandflygandehonajagadavspelandehanarRyholm2009-05-02.mp3
Northern_Shoveler,SkedandflygandehonajagadavspelandehanarRyholm2009-05-02,10,data/processed/Northern_Shoveler/SkedandflygandehonajagadavspelandehanarRyholm2009-05-02_chunk010.wav,3.0,SkedandflygandehonajagadavspelandehanarRyholm2009-05-02.mp3
Northern_Shoveler,SkedandflygandehonajagadavspelandehanarRyholm2009-05-02,11,data/processed/Northern_Shoveler/SkedandflygandehonajagadavspelandehanarRyholm2009-05-02_chunk011.wav,3.0,SkedandflygandehonajagadavspelandehanarRyholm2009-05-02.mp3
Northern_Shoveler,SkedandflygandehonajagadavspelandehanarRyholm2009-05-02,12,data/processed/Northern_Shoveler/SkedandflygandehonajagadavspelandehanarRyholm2009-05-02_chunk012.wav,3.0,SkedandflygandehonajagadavspelandehanarRyholm2009-05-02.mp3
Northern_Shoveler,SkedandflygandehonajagadavspelandehanarRyholm2009-05-02,13,data/processed/Northern_Shoveler/SkedandflygandehonajagadavspelandehanarRyholm2009-05-02_chunk013.wav,3.0,SkedandflygandehonajagadavspelandehanarRyholm2009-05-02.mp3
Northern_Shoveler,SkedandflygandehonajagadavspelandehanarRyholm2009-05-02,14,data/processed/Northern_Shoveler/SkedandflygandehonajagadavspelandehanarRyholm2009-05-02_chunk014.wav,3.0,SkedandflygandehonajagadavspelandehanarRyholm2009-05-02.mp3
Northern_Shoveler,SkedandflygandehonajagadavspelandehanarRyholm2009-05-02,15,data/processed/Northern_Shoveler/SkedandflygandehonajagadavspelandehanarRyholm2009-05-02_chunk015.wav,3.0,SkedandflygandehonajagadavspelandehanarRyholm2009-05-02.mp3
Northern_Shoveler,SkedandflygandehonajagadavspelandehanarRyholm2009-05-02,16,data/processed/Northern_Shoveler/SkedandflygandehonajagadavspelandehanarRyholm2009-05-02_chunk016.wav,3.0,SkedandflygandehonajagadavspelandehanarRyholm2009-05-02.mp3
Northern_Shoveler,SkedandflygandehonajagadavspelandehanarRyholm2009-05-02,17,data/processed/Northern_Shoveler/SkedandflygandehonajagadavspelandehanarRyholm2009-05-02_chunk017.wav,3.0,SkedandflygandehonajagadavspelandehanarRyholm2009-05-02.mp3
Northern_Shoveler,SkedandflygandehonajagadavspelandehanarRyholm2009-05-02,18,data/processed/Northern_Shoveler/SkedandflygandehonajagadavspelandehanarRyholm2009-05-02_chunk018.wav,3.0,SkedandflygandehonajagadavspelandehanarRyholm2009-05-02.mp3
Northern_Shoveler,SkedandflygandehonajagadavspelandehanarRyholm2009-05-02,19,data/processed/Northern_Shoveler/SkedandflygandehonajagadavspelandehanarRyholm2009-05-02_chunk019.wav,3.0,SkedandflygandehonajagadavspelandehanarRyholm2009-05-02.mp3
Northern_Shoveler,XC1041165-Canard-souchet_femelle_150525-8h,0,data/processed/Northern_Shoveler/XC1041165-Canard-souchet_femelle_150525-8h_chunk000.wav,3.0,XC1041165-Canard-souchet_femelle_150525-8h.mp3
Northern_Shoveler,XC1041165-Canard-souchet_femelle_150525-8h,1,data/processed/Northern_Shoveler/XC1041165-Canard-souchet_femelle_150525-8h_chunk001.wav,3.0,XC1041165-Canard-souchet_femelle_150525-8h.mp3
Northern_Shoveler,XC1041165-Canard-souchet_femelle_150525-8h,2,data/processed/Northern_Shoveler/XC1041165-Canard-souchet_femelle_150525-8h_chunk002.wav,3.0,XC1041165-Canard-souchet_femelle_150525-8h.mp3
Northern_Shoveler,XC1041165-Canard-souchet_femelle_150525-8h,3,data/processed/Northern_Shoveler/XC1041165-Canard-souchet_femelle_150525-8h_chunk003.wav,3.0,XC1041165-Canard-souchet_femelle_150525-8h.mp3
Northern_Shoveler,XC1079577-Shoveler_Northern1_M6MKH-911_BlackRiverChannelBank_Dusk_4thJune22,0,data/processed/Northern_Shoveler/XC1079577-Shoveler_Northern1_M6MKH-911_BlackRiverChannelBank_Dusk_4thJune22_chunk000.wav,3.0,XC1079577-Shoveler_Northern1_M6MKH-911_BlackRiverChannelBank_Dusk_4thJune22.mp3
Northern_Shoveler,XC1079577-Shoveler_Northern1_M6MKH-911_BlackRiverChannelBank_Dusk_4thJune22,1,data/processed/Northern_Shoveler/XC1079577-Shoveler_Northern1_M6MKH-911_BlackRiverChannelBank_Dusk_4thJune22_chunk001.wav,3.0,XC1079577-Shoveler_Northern1_M6MKH-911_BlackRiverChannelBank_Dusk_4thJune22.mp3
Northern_Shoveler,XC1079577-Shoveler_Northern1_M6MKH-911_BlackRiverChannelBank_Dusk_4thJune22,2,data/processed/Northern_Shoveler/XC1079577-Shoveler_Northern1_M6MKH-911_BlackRiverChannelBank_Dusk_4thJune22_chunk002.wav,3.0,XC1079577-Shoveler_Northern1_M6MKH-911_BlackRiverChannelBank_Dusk_4thJune22.mp3
Northern_Shoveler,XC1079577-Shoveler_Northern1_M6MKH-911_BlackRiverChannelBank_Dusk_4thJune22,3,data/processed/Northern_Shoveler/XC1079577-Shoveler_Northern1_M6MKH-911_BlackRiverChannelBank_Dusk_4thJune22_chunk003.wav,3.0,XC1079577-Shoveler_Northern1_M6MKH-911_BlackRiverChannelBank_Dusk_4thJune22.mp3
Northern_Shoveler,XC1079577-Shoveler_Northern1_M6MKH-911_BlackRiverChannelBank_Dusk_4thJune22,4,data/processed/Northern_Shoveler/XC1079577-Shoveler_Northern1_M6MKH-911_BlackRiverChannelBank_Dusk_4thJune22_chunk004.wav,3.0,XC1079577-Shoveler_Northern1_M6MKH-911_BlackRiverChannelBank_Dusk_4thJune22.mp3
Northern_Shoveler,XC110104-Northern,0,data/processed/Northern_Shoveler/XC110104-Northern_chunk000.wav,3.0,XC110104-Northern Shoveler2012-6-8-1-1.mp3
Northern_Shoveler,XC110104-Northern,1,data/processed/Northern_Shoveler/XC110104-Northern_chunk001.wav,3.0,XC110104-Northern Shoveler2012-6-8-1-1.mp3
Northern_Shoveler,XC110104-Northern,2,data/processed/Northern_Shoveler/XC110104-Northern_chunk002.wav,3.0,XC110104-Northern Shoveler2012-6-8-1-1.mp3
Northern_Shoveler,XC110104-Northern,3,data/processed/Northern_Shoveler/XC110104-Northern_chunk003.wav,3.0,XC110104-Northern Shoveler2012-6-8-1-1.mp3
Northern_Shoveler,XC110104-Northern,4,data/processed/Northern_Shoveler/XC110104-Northern_chunk004.wav,3.0,XC110104-Northern Shoveler2012-6-8-1-1.mp3
Northern_Shoveler,XC110104-Northern,5,data/processed/Northern_Shoveler/XC110104-Northern_chunk005.wav,3.0,XC110104-Northern Shoveler2012-6-8-1-1.mp3
Northern_Shoveler,XC110104-Northern,6,data/processed/Northern_Shoveler/XC110104-Northern_chunk006.wav,3.0,XC110104-Northern Shoveler2012-6-8-1-1.mp3
Northern_Shoveler,XC110104-Northern,7,data/processed/Northern_Shoveler/XC110104-Northern_chunk007.wav,3.0,XC110104-Northern Shoveler2012-6-8-1-1.mp3
Northern_Shoveler,XC110104-Northern,8,data/processed/Northern_Shoveler/XC110104-Northern_chunk008.wav,3.0,XC110104-Northern Shoveler2012-6-8-1-1.mp3
Northern_Shoveler,XC110104-Northern,9,data/processed/Northern_Shoveler/XC110104-Northern_chunk009.wav,3.0,XC110104-Northern Shoveler2012-6-8-1-1.mp3
Northern_Shoveler,XC110104-Northern,10,data/processed/Northern_Shoveler/XC110104-Northern_chunk010.wav,3.0,XC110104-Northern Shoveler2012-6-8-1-1.mp3
Northern_Shoveler,XC110104-Northern,11,data/processed/Northern_Shoveler/XC110104-Northern_chunk011.wav,3.0,XC110104-Northern Shoveler2012-6-8-1-1.mp3
Northern_Shoveler,XC110104-Northern,12,data/processed/Northern_Shoveler/XC110104-Northern_chunk012.wav,3.0,XC110104-Northern Shoveler2012-6-8-1-1.mp3
Northern_Shoveler,XC112786-Skedand-2011-04-24,0,data/processed/Northern_Shoveler/XC112786-Skedand-2011-04-24_chunk000.wav,3.0,XC112786-Skedand-2011-04-24.mp3
Northern_Shoveler,XC112786-Skedand-2011-04-24,1,data/processed/Northern_Shoveler/XC112786-Skedand-2011-04-24_chunk001.wav,3.0,XC112786-Skedand-2011-04-24.mp3
Northern_Shoveler,XC112786-Skedand-2011-04-24,2,data/processed/Northern_Shoveler/XC112786-Skedand-2011-04-24_chunk002.wav,3.0,XC112786-Skedand-2011-04-24.mp3
Northern_Shoveler,XC112786-Skedand-2011-04-24,3,data/processed/Northern_Shoveler/XC112786-Skedand-2011-04-24_chunk003.wav,3.0,XC112786-Skedand-2011-04-24.mp3
Northern_Shoveler,XC168803-NORTHERN,0,data/processed/Northern_Shoveler/XC168803-NORTHERN_chunk000.wav,3.0,XC168803-NORTHERN SHOVELER Lostwood ND 52607.mp3
Northern_Shoveler,XC168803-NORTHERN,1,data/processed/Northern_Shoveler/XC168803-NORTHERN_chunk001.wav,3.0,XC168803-NORTHERN SHOVELER Lostwood ND 52607.mp3
Northern_Shoveler,XC168803-NORTHERN,2,data/processed/Northern_Shoveler/XC168803-NORTHERN_chunk002.wav,3.0,XC168803-NORTHERN SHOVELER Lostwood ND 52607.mp3
Northern_Shoveler,XC168803-NORTHERN,3,data/processed/Northern_Shoveler/XC168803-NORTHERN_chunk003.wav,3.0,XC168803-NORTHERN SHOVELER Lostwood ND 52607.mp3
Northern_Shoveler,XC168805-NORTHERN,0,data/processed/Northern_Shoveler/XC168805-NORTHERN_chunk000.wav,3.0,XC168805-NORTHERN SHOVELER Henderson NV 02092013.mp3
Northern_Shoveler,XC168805-NORTHERN,1,data/processed/Northern_Shoveler/XC168805-NORTHERN_chunk001.wav,3.0,XC168805-NORTHERN SHOVELER Henderson NV 02092013.mp3
Northern_Shoveler,XC168805-NORTHERN,2,data/processed/Northern_Shoveler/XC168805-NORTHERN_chunk002.wav,3.0,XC168805-NORTHERN SHOVELER Henderson NV 02092013.mp3
Northern_Shoveler,XC168805-NORTHERN,3,data/processed/Northern_Shoveler/XC168805-NORTHERN_chunk003.wav,3.0,XC168805-NORTHERN SHOVELER Henderson NV 02092013.mp3
Northern_Shoveler,XC168805-NORTHERN,4,data/processed/Northern_Shoveler/XC168805-NORTHERN_chunk004.wav,3.0,XC168805-NORTHERN SHOVELER Henderson NV 02092013.mp3
Northern_Shoveler,XC168805-NORTHERN,5,data/processed/Northern_Shoveler/XC168805-NORTHERN_chunk005.wav,3.0,XC168805-NORTHERN SHOVELER Henderson NV 02092013.mp3
Northern_Shoveler,XC168805-NORTHERN,6,data/processed/Northern_Shoveler/XC168805-NORTHERN_chunk006.wav,3.0,XC168805-NORTHERN SHOVELER Henderson NV 02092013.mp3
Northern_Shoveler,XC168805-NORTHERN,7,data/processed/Northern_Shoveler/XC168805-NORTHERN_chunk007.wav,3.0,XC168805-NORTHERN SHOVELER Henderson NV 02092013.mp3
Northern_Shoveler,XC168805-NORTHERN,8,data/processed/Northern_Shoveler/XC168805-NORTHERN_chunk008.wav,3.0,XC168805-NORTHERN SHOVELER Henderson NV 02092013.mp3
Northern_Shoveler,XC168805-NORTHERN,9,data/processed/Northern_Shoveler/XC168805-NORTHERN_chunk009.wav,3.0,XC168805-NORTHERN SHOVELER Henderson NV 02092013.mp3
Northern_Shoveler,XC168805-NORTHERN,10,data/processed/Northern_Shoveler/XC168805-NORTHERN_chunk010.wav,3.0,XC168805-NORTHERN SHOVELER Henderson NV 02092013.mp3
Northern_Shoveler,XC168806-NORTHERN,0,data/processed/Northern_Shoveler/XC168806-NORTHERN_chunk000.wav,3.0,XC168806-NORTHERN SHOVELER3 Henderson NV 02092013.mp3
Northern_Shoveler,XC168806-NORTHERN,1,data/processed/Northern_Shoveler/XC168806-NORTHERN_chunk001.wav,3.0,XC168806-NORTHERN SHOVELER3 Henderson NV 02092013.mp3
Northern_Shoveler,XC168806-NORTHERN,2,data/processed/Northern_Shoveler/XC168806-NORTHERN_chunk002.wav,3.0,XC168806-NORTHERN SHOVELER3 Henderson NV 02092013.mp3
Northern_Shoveler,XC168806-NORTHERN,3,data/processed/Northern_Shoveler/XC168806-NORTHERN_chunk003.wav,3.0,XC168806-NORTHERN SHOVELER3 Henderson NV 02092013.mp3
Northern_Shoveler,XC168806-NORTHERN,4,data/processed/Northern_Shoveler/XC168806-NORTHERN_chunk004.wav,3.0,XC168806-NORTHERN SHOVELER3 Henderson NV 02092013.mp3
Northern_Shoveler,XC168806-NORTHERN,5,data/processed/Northern_Shoveler/XC168806-NORTHERN_chunk005.wav,3.0,XC168806-NORTHERN SHOVELER3 Henderson NV 02092013.mp3
Northern_Shoveler,XC168806-NORTHERN,6,data/processed/Northern_Shoveler/XC168806-NORTHERN_chunk006.wav,3.0,XC168806-NORTHERN SHOVELER3 Henderson NV 02092013.mp3
Northern_Shoveler,XC168806-NORTHERN,7,data/processed/Northern_Shoveler/XC168806-NORTHERN_chunk007.wav,3.0,XC168806-NORTHERN SHOVELER3 Henderson NV 02092013.mp3
Northern_Shoveler,XC168806-NORTHERN,8,data/processed/Northern_Shoveler/XC168806-NORTHERN_chunk008.wav,3.0,XC168806-NORTHERN SHOVELER3 Henderson NV 02092013.mp3
Northern_Shoveler,XC168806-NORTHERN,9,data/processed/Northern_Shoveler/XC168806-NORTHERN_chunk009.wav,3.0,XC168806-NORTHERN SHOVELER3 Henderson NV 02092013.mp3
Northern_Shoveler,XC168806-NORTHERN,10,data/processed/Northern_Shoveler/XC168806-NORTHERN_chunk010.wav,3.0,XC168806-NORTHERN SHOVELER3 Henderson NV 02092013.mp3
Northern_Shoveler,XC168806-NORTHERN,11,data/processed/Northern_Shoveler/XC168806-NORTHERN_chunk011.wav,3.0,XC168806-NORTHERN SHOVELER3 Henderson NV 02092013.mp3
Northern_Shoveler,XC168806-NORTHERN,12,data/processed/Northern_Shoveler/XC168806-NORTHERN_chunk012.wav,3.0,XC168806-NORTHERN SHOVELER3 Henderson NV 02092013.mp3
Northern_Shoveler,XC168806-NORTHERN,13,data/processed/Northern_Shoveler/XC168806-NORTHERN_chunk013.wav,3.0,XC168806-NORTHERN SHOVELER3 Henderson NV 02092013.mp3
Northern_Shoveler,XC168806-NORTHERN,14,data/processed/Northern_Shoveler/XC168806-NORTHERN_chunk014.wav,3.0,XC168806-NORTHERN SHOVELER3 Henderson NV 02092013.mp3
Northern_Shoveler,XC168806-NORTHERN,15,data/processed/Northern_Shoveler/XC168806-NORTHERN_chunk015.wav,3.0,XC168806-NORTHERN SHOVELER3 Henderson NV 02092013.mp3
Northern_Shoveler,XC168806-NORTHERN,16,data/processed/Northern_Shoveler/XC168806-NORTHERN_chunk016.wav,3.0,XC168806-NORTHERN SHOVELER3 Henderson NV 02092013.mp3
Northern_Shoveler,XC190730-Anas_clypatea_m2_Poland_Jarek_Matusiak_20140413_32,0,data/processed/Northern_Shoveler/XC190730-Anas_clypatea_m2_Poland_Jarek_Matusiak_20140413_32_chunk000.wav,3.0,XC190730-Anas_clypatea_m2_Poland_Jarek_Matusiak_20140413_32.mp3
Northern_Shoveler,XC218531-Northern,0,data/processed/Northern_Shoveler/XC218531-Northern_chunk000.wav,3.0,XC218531-Northern Shoveler  516.mp3
Northern_Shoveler,XC218531-Northern,1,data/processed/Northern_Shoveler/XC218531-Northern_chunk001.wav,3.0,XC218531-Northern Shoveler  516.mp3
Northern_Shoveler,XC218531-Northern,2,data/processed/Northern_Shoveler/XC218531-Northern_chunk002.wav,3.0,XC218531-Northern Shoveler  516.mp3
Northern_Shoveler,XC218531-Northern,3,data/processed/Northern_Shoveler/XC218531-Northern_chunk003.wav,3.0,XC218531-Northern Shoveler  516.mp3
Northern_Shoveler,XC218531-Northern,4,data/processed/Northern_Shoveler/XC218531-Northern_chunk004.wav,3.0,XC218531-Northern Shoveler  516.mp3
Northern_Shoveler,XC218531-Northern,5,data/processed/Northern_Shoveler/XC218531-Northern_chunk005.wav,3.0,XC218531-Northern Shoveler  516.mp3
Northern_Shoveler,XC218531-Northern,6,data/processed/Northern_Shoveler/XC218531-Northern_chunk006.wav,3.0,XC218531-Northern Shoveler  516.mp3
Northern_Shoveler,XC218531-Northern,7,data/processed/Northern_Shoveler/XC218531-Northern_chunk007.wav,3.0,XC218531-Northern Shoveler  516.mp3
Northern_Shoveler,XC218531-Northern,8,data/processed/Northern_Shoveler/XC218531-Northern_chunk008.wav,3.0,XC218531-Northern Shoveler  516.mp3
Northern_Shoveler,XC218531-Northern,9,data/processed/Northern_Shoveler/XC218531-Northern_chunk009.wav,3.0,XC218531-Northern Shoveler  516.mp3
Northern_Shoveler,XC218531-Northern,10,data/processed/Northern_Shoveler/XC218531-Northern_chunk010.wav,3.0,XC218531-Northern Shoveler  516.mp3
Northern_Shoveler,XC366028-call2,0,data/processed/Northern_Shoveler/XC366028-call2_chunk000.wav,3.0,XC366028-call2.mp3
Northern_Shoveler,XC366028-call2,1,data/processed/Northern_Shoveler/XC366028-call2_chunk001.wav,3.0,XC366028-call2.mp3
Northern_Shoveler,XC366028-call2,2,data/processed/Northern_Shoveler/XC366028-call2_chunk002.wav,3.0,XC366028-call2.mp3
Northern_Shoveler,XC366028-call2,3,data/processed/Northern_Shoveler/XC366028-call2_chunk003.wav,3.0,XC366028-call2.mp3
Northern_Shoveler,XC366028-call2,4,data/processed/Northern_Shoveler/XC366028-call2_chunk004.wav,3.0,XC366028-call2.mp3
Northern_Shoveler,XC371899-170525-083534SKJEAND_MaleFemale2_hestedammen,0,data/processed/Northern_Shoveler/XC371899-170525-083534SKJEAND_MaleFemale2_hestedammen_chunk000.wav,3.0,XC371899-170525-083534SKJEAND_MaleFemale2_hestedammen.mp3
Northern_Shoveler,XC371899-170525-083534SKJEAND_MaleFemale2_hestedammen,1,data/processed/Northern_Shoveler/XC371899-170525-083534SKJEAND_MaleFemale2_hestedammen_chunk001.wav,3.0,XC371899-170525-083534SKJEAND_MaleFemale2_hestedammen.mp3
Northern_Shoveler,XC371899-170525-083534SKJEAND_MaleFemale2_hestedammen,2,data/processed/Northern_Shoveler/XC371899-170525-083534SKJEAND_MaleFemale2_hestedammen_chunk002.wav,3.0,XC371899-170525-083534SKJEAND_MaleFemale2_hestedammen.mp3
Northern_Shoveler,XC371899-170525-083534SKJEAND_MaleFemale2_hestedammen,3,data/processed/Northern_Shoveler/XC371899-170525-083534SKJEAND_MaleFemale2_hestedammen_chunk003.wav,3.0,XC371899-170525-083534SKJEAND_MaleFemale2_hestedammen.mp3
Northern_Shoveler,XC371899-170525-083534SKJEAND_MaleFemale2_hestedammen,4,data/processed/Northern_Shoveler/XC371899-170525-083534SKJEAND_MaleFemale2_hestedammen_chunk004.wav,3.0,XC371899-170525-083534SKJEAND_MaleFemale2_hestedammen.mp3
Northern_Shoveler,XC371899-170525-083534SKJEAND_MaleFemale2_hestedammen,5,data/processed/Northern_Shoveler/XC371899-170525-083534SKJEAND_MaleFemale2_hestedammen_chunk005.wav,3.0,XC371899-170525-083534SKJEAND_MaleFemale2_hestedammen.mp3
Northern_Shoveler,XC371899-170525-083534SKJEAND_MaleFemale2_hestedammen,6,data/processed/Northern_Shoveler/XC371899-170525-083534SKJEAND_MaleFemale2_hestedammen_chunk006.wav,3.0,XC371899-170525-083534SKJEAND_MaleFemale2_hestedammen.mp3
Northern_Shoveler,XC371900-170525-083534SKJEAND_flight_hestedammen,0,data/processed/Northern_Shoveler/XC371900-170525-083534SKJEAND_flight_hestedammen_chunk000.wav,3.0,XC371900-170525-083534SKJEAND_flight_hestedammen.mp3
Northern_Shoveler,XC371900-170525-083534SKJEAND_flight_hestedammen,1,data/processed/Northern_Shoveler/XC371900-170525-083534SKJEAND_flight_hestedammen_chunk001.wav,3.0,XC371900-170525-083534SKJEAND_flight_hestedammen.mp3
Northern_Shoveler,XC371900-170525-083534SKJEAND_flight_hestedammen,2,data/processed/Northern_Shoveler/XC371900-170525-083534SKJEAND_flight_hestedammen_chunk002.wav,3.0,XC371900-170525-083534SKJEAND_flight_hestedammen.mp3
Northern_Shoveler,XC371900-170525-083534SKJEAND_flight_hestedammen,3,data/processed/Northern_Shoveler/XC371900-170525-083534SKJEAND_flight_hestedammen_chunk003.wav,3.0,XC371900-170525-083534SKJEAND_flight_hestedammen.mp3
Northern_Shoveler,XC371900-170525-083534SKJEAND_flight_hestedammen,4,data/processed/Northern_Shoveler/XC371900-170525-083534SKJEAND_flight_hestedammen_chunk004.wav,3.0,XC371900-170525-083534SKJEAND_flight_hestedammen.mp3
Northern_Shoveler,XC371900-170525-083534SKJEAND_flight_hestedammen,5,data/processed/Northern_Shoveler/XC371900-170525-083534SKJEAND_flight_hestedammen_chunk005.wav,3.0,XC371900-170525-083534SKJEAND_flight_hestedammen.mp3
Northern_Shoveler,XC371900-170525-083534SKJEAND_flight_hestedammen,6,data/processed/Northern_Shoveler/XC371900-170525-083534SKJEAND_flight_hestedammen_chunk006.wav,3.0,XC371900-170525-083534SKJEAND_flight_hestedammen.mp3
Northern_Shoveler,XC447055-Shoveler,0,data/processed/Northern_Shoveler/XC447055-Shoveler_chunk000.wav,3.0,XC447055-Shoveler call very good 2018 01 14 South Norwood CP_177_short.mp3
Northern_Shoveler,XC447055-Shoveler,1,data/processed/Northern_Shoveler/XC447055-Shoveler_chunk001.wav,3.0,XC447055-Shoveler call very good 2018 01 14 South Norwood CP_177_short.mp3
Northern_Shoveler,XC447055-Shoveler,2,data/processed/Northern_Shoveler/XC447055-Shoveler_chunk002.wav,3.0,XC447055-Shoveler call very good 2018 01 14 South Norwood CP_177_short.mp3
Northern_Shoveler,XC447055-Shoveler,3,data/processed/Northern_Shoveler/XC447055-Shoveler_chunk003.wav,3.0,XC447055-Shoveler call very good 2018 01 14 South Norwood CP_177_short.mp3
Northern_Shoveler,XC447055-Shoveler,4,data/processed/Northern_Shoveler/XC447055-Shoveler_chunk004.wav,3.0,XC447055-Shoveler call very good 2018 01 14 South Norwood CP_177_short.mp3
Northern_Shoveler,XC462570-calls,0,data/processed/Northern_Shoveler/XC462570-calls_chunk000.wav,3.0,XC462570-calls from courting Shoveler Cork Lough 18th March 2019_HH_2.mp3
Northern_Shoveler,XC462570-calls,1,data/processed/Northern_Shoveler/XC462570-calls_chunk001.wav,3.0,XC462570-calls from courting Shoveler Cork Lough 18th March 2019_HH_2.mp3
Northern_Shoveler,XC462570-calls,2,data/processed/Northern_Shoveler/XC462570-calls_chunk002.wav,3.0,XC462570-calls from courting Shoveler Cork Lough 18th March 2019_HH_2.mp3
Northern_Shoveler,XC462570-calls,3,data/processed/Northern_Shoveler/XC462570-calls_chunk003.wav,3.0,XC462570-calls from courting Shoveler Cork Lough 18th March 2019_HH_2.mp3
Northern_Shoveler,XC462570-calls,4,data/processed/Northern_Shoveler/XC462570-calls_chunk004.wav,3.0,XC462570-calls from courting Shoveler Cork Lough 18th March 2019_HH_2.mp3
Northern_Shoveler,XC462570-calls,5,data/processed/Northern_Shoveler/XC462570-calls_chunk005.wav,3.0,XC462570-calls from courting Shoveler Cork Lough 18th March 2019_HH_2.mp3
Northern_Shoveler,XC462570-calls,6,data/processed/Northern_Shoveler/XC462570-calls_chunk006.wav,3.0,XC462570-calls from courting Shoveler Cork Lough 18th March 2019_HH_2.mp3
Northern_Shoveler,XC462570-calls,7,data/processed/Northern_Shoveler/XC462570-calls_chunk007.wav,3.0,XC462570-calls from courting Shoveler Cork Lough 18th March 2019_HH_2.mp3
Northern_Shoveler,XC479841-Skedand_03,0,data/processed/Northern_Shoveler/XC479841-Skedand_03_chunk000.wav,3.0,XC479841-Skedand_03.mp3
Northern_Shoveler,XC479841-Skedand_03,1,data/processed/Northern_Shoveler/XC479841-Skedand_03_chunk001.wav,3.0,XC479841-Skedand_03.mp3
Northern_Shoveler,XC479841-Skedand_03,2,data/processed/Northern_Shoveler/XC479841-Skedand_03_chunk002.wav,3.0,XC479841-Skedand_03.mp3
Northern_Shoveler,XC479841-Skedand_03,3,data/processed/Northern_Shoveler/XC479841-Skedand_03_chunk003.wav,3.0,XC479841-Skedand_03.mp3
Northern_Shoveler,XC479841-Skedand_03,4,data/processed/Northern_Shoveler/XC479841-Skedand_03_chunk004.wav,3.0,XC479841-Skedand_03.mp3
Northern_Shoveler,XC481274-5302019,0,data/processed/Northern_Shoveler/XC481274-5302019_chunk000.wav,3.0,XC481274-5302019 1245 Shoveler.mp3
Northern_Shoveler,XC481274-5302019,1,data/processed/Northern_Shoveler/XC481274-5302019_chunk001.wav,3.0,XC481274-5302019 1245 Shoveler.mp3
Northern_Shoveler,XC481274-5302019,2,data/processed/Northern_Shoveler/XC481274-5302019_chunk002.wav,3.0,XC481274-5302019 1245 Shoveler.mp3
Northern_Shoveler,XC481274-5302019,3,data/processed/Northern_Shoveler/XC481274-5302019_chunk003.wav,3.0,XC481274-5302019 1245 Shoveler.mp3
Northern_Shoveler,XC481274-5302019,4,data/processed/Northern_Shoveler/XC481274-5302019_chunk004.wav,3.0,XC481274-5302019 1245 Shoveler.mp3
Northern_Shoveler,XC481274-5302019,5,data/processed/Northern_Shoveler/XC481274-5302019_chunk005.wav,3.0,XC481274-5302019 1245 Shoveler.mp3
Northern_Shoveler,XC481274-5302019,6,data/processed/Northern_Shoveler/XC481274-5302019_chunk006.wav,3.0,XC481274-5302019 1245 Shoveler.mp3
Northern_Shoveler,XC481274-5302019,7,data/processed/Northern_Shoveler/XC481274-5302019_chunk007.wav,3.0,XC481274-5302019 1245 Shoveler.mp3
Northern_Shoveler,XC481274-5302019,8,data/processed/Northern_Shoveler/XC481274-5302019_chunk008.wav,3.0,XC481274-5302019 1245 Shoveler.mp3
Northern_Shoveler,XC481274-5302019,9,data/processed/Northern_Shoveler/XC481274-5302019_chunk009.wav,3.0,XC481274-5302019 1245 Shoveler.mp3
Northern_Shoveler,XC481274-5302019,10,data/processed/Northern_Shoveler/XC481274-5302019_chunk010.wav,3.0,XC481274-5302019 1245 Shoveler.mp3
Northern_Shoveler,XC481274-5302019,11,data/processed/Northern_Shoveler/XC481274-5302019_chunk011.wav,3.0,XC481274-5302019 1245 Shoveler.mp3
Northern_Shoveler,XC481274-5302019,12,data/processed/Northern_Shoveler/XC481274-5302019_chunk012.wav,3.0,XC481274-5302019 1245 Shoveler.mp3
Northern_Shoveler,XC481274-5302019,13,data/processed/Northern_Shoveler/XC481274-5302019_chunk013.wav,3.0,XC481274-5302019 1245 Shoveler.mp3
Northern_Shoveler,XC481274-5302019,14,data/processed/Northern_Shoveler/XC481274-5302019_chunk014.wav,3.0,XC481274-5302019 1245 Shoveler.mp3
Northern_Shoveler,XC501879-SPACLY_180426_4191_Pigaulterie50,0,data/processed/Northern_Shoveler/XC501879-SPACLY_180426_4191_Pigaulterie50_chunk000.wav,3.0,XC501879-SPACLY_180426_4191_Pigaulterie50.mp3
Northern_Shoveler,XC501879-SPACLY_180426_4191_Pigaulterie50,1,data/processed/Northern_Shoveler/XC501879-SPACLY_180426_4191_Pigaulterie50_chunk001.wav,3.0,XC501879-SPACLY_180426_4191_Pigaulterie50.mp3
Northern_Shoveler,XC501879-SPACLY_180426_4191_Pigaulterie50,2,data/processed/Northern_Shoveler/XC501879-SPACLY_180426_4191_Pigaulterie50_chunk002.wav,3.0,XC501879-SPACLY_180426_4191_Pigaulterie50.mp3
Northern_Shoveler,XC501879-SPACLY_180426_4191_Pigaulterie50,3,data/processed/Northern_Shoveler/XC501879-SPACLY_180426_4191_Pigaulterie50_chunk003.wav,3.0,XC501879-SPACLY_180426_4191_Pigaulterie50.mp3
Northern_Shoveler,XC501879-SPACLY_180426_4191_Pigaulterie50,4,data/processed/Northern_Shoveler/XC501879-SPACLY_180426_4191_Pigaulterie50_chunk004.wav,3.0,XC501879-SPACLY_180426_4191_Pigaulterie50.mp3
Northern_Shoveler,XC501879-SPACLY_180426_4191_Pigaulterie50,5,data/processed/Northern_Shoveler/XC501879-SPACLY_180426_4191_Pigaulterie50_chunk005.wav,3.0,XC501879-SPACLY_180426_4191_Pigaulterie50.mp3
Northern_Shoveler,XC501879-SPACLY_180426_4191_Pigaulterie50,6,data/processed/Northern_Shoveler/XC501879-SPACLY_180426_4191_Pigaulterie50_chunk006.wav,3.0,XC501879-SPACLY_180426_4191_Pigaulterie50.mp3
Northern_Shoveler,XC501879-SPACLY_180426_4191_Pigaulterie50,7,data/processed/Northern_Shoveler/XC501879-SPACLY_180426_4191_Pigaulterie50_chunk007.wav,3.0,XC501879-SPACLY_180426_4191_Pigaulterie50.mp3
Northern_Shoveler,XC501879-SPACLY_180426_4191_Pigaulterie50,8,data/processed/Northern_Shoveler/XC501879-SPACLY_180426_4191_Pigaulterie50_chunk008.wav,3.0,XC501879-SPACLY_180426_4191_Pigaulterie50.mp3
Northern_Shoveler,XC501879-SPACLY_180426_4191_Pigaulterie50,9,data/processed/Northern_Shoveler/XC501879-SPACLY_180426_4191_Pigaulterie50_chunk009.wav,3.0,XC501879-SPACLY_180426_4191_Pigaulterie50.mp3
Northern_Shoveler,XC501879-SPACLY_180426_4191_Pigaulterie50,10,data/processed/Northern_Shoveler/XC501879-SPACLY_180426_4191_Pigaulterie50_chunk010.wav,3.0,XC501879-SPACLY_180426_4191_Pigaulterie50.mp3
Northern_Shoveler,XC501879-SPACLY_180426_4191_Pigaulterie50,11,data/processed/Northern_Shoveler/XC501879-SPACLY_180426_4191_Pigaulterie50_chunk011.wav,3.0,XC501879-SPACLY_180426_4191_Pigaulterie50.mp3
Northern_Shoveler,XC501879-SPACLY_180426_4191_Pigaulterie50,12,data/processed/Northern_Shoveler/XC501879-SPACLY_180426_4191_Pigaulterie50_chunk012.wav,3.0,XC501879-SPACLY_180426_4191_Pigaulterie50.mp3
Northern_Shoveler,XC501879-SPACLY_180426_4191_Pigaulterie50,13,data/processed/Northern_Shoveler/XC501879-SPACLY_180426_4191_Pigaulterie50_chunk013.wav,3.0,XC501879-SPACLY_180426_4191_Pigaulterie50.mp3
Northern_Shoveler,XC501879-SPACLY_180426_4191_Pigaulterie50,14,data/processed/Northern_Shoveler/XC501879-SPACLY_180426_4191_Pigaulterie50_chunk014.wav,3.0,XC501879-SPACLY_180426_4191_Pigaulterie50.mp3
Northern_Shoveler,XC501879-SPACLY_180426_4191_Pigaulterie50,15,data/processed/Northern_Shoveler/XC501879-SPACLY_180426_4191_Pigaulterie50_chunk015.wav,3.0,XC501879-SPACLY_180426_4191_Pigaulterie50.mp3
Northern_Shoveler,XC501879-SPACLY_180426_4191_Pigaulterie50,16,data/processed/Northern_Shoveler/XC501879-SPACLY_180426_4191_Pigaulterie50_chunk016.wav,3.0,XC501879-SPACLY_180426_4191_Pigaulterie50.mp3
Northern_Shoveler,XC501879-SPACLY_180426_4191_Pigaulterie50,17,data/processed/Northern_Shoveler/XC501879-SPACLY_180426_4191_Pigaulterie50_chunk017.wav,3.0,XC501879-SPACLY_180426_4191_Pigaulterie50.mp3
Northern_Shoveler,XC501879-SPACLY_180426_4191_Pigaulterie50,18,data/processed/Northern_Shoveler/XC501879-SPACLY_180426_4191_Pigaulterie50_chunk018.wav,3.0,XC501879-SPACLY_180426_4191_Pigaulterie50.mp3
Northern_Shoveler,XC501879-SPACLY_180426_4191_Pigaulterie50,19,data/processed/Northern_Shoveler/XC501879-SPACLY_180426_4191_Pigaulterie50_chunk019.wav,3.0,XC501879-SPACLY_180426_4191_Pigaulterie50.mp3
Northern_Shoveler,XC501879-SPACLY_180426_4191_Pigaulterie50,20,data/processed/Northern_Shoveler/XC501879-SPACLY_180426_4191_Pigaulterie50_chunk020.wav,3.0,XC501879-SPACLY_180426_4191_Pigaulterie50.mp3
Northern_Shoveler,XC501879-SPACLY_180426_4191_Pigaulterie50,21,data/processed/Northern_Shoveler/XC501879-SPACLY_180426_4191_Pigaulterie50_chunk021.wav,3.0,XC501879-SPACLY_180426_4191_Pigaulterie50.mp3
Northern_Shoveler,XC501879-SPACLY_180426_4191_Pigaulterie50,22,data/processed/Northern_Shoveler/XC501879-SPACLY_180426_4191_Pigaulterie50_chunk022.wav,3.0,XC501879-SPACLY_180426_4191_Pigaulterie50.mp3
Northern_Shoveler,XC501879-SPACLY_180426_4191_Pigaulterie50,23,data/processed/Northern_Shoveler/XC501879-SPACLY_180426_4191_Pigaulterie50_chunk023.wav,3.0,XC501879-SPACLY_180426_4191_Pigaulterie50.mp3
Northern_Shoveler,XC501879-SPACLY_180426_4191_Pigaulterie50,24,data/processed/Northern_Shoveler/XC501879-SPACLY_180426_4191_Pigaulterie50_chunk024.wav,3.0,XC501879-SPACLY_180426_4191_Pigaulterie50.mp3
Northern_Shoveler,XC501879-SPACLY_180426_4191_Pigaulterie50,25,data/processed/Northern_Shoveler/XC501879-SPACLY_180426_4191_Pigaulterie50_chunk025.wav,3.0,XC501879-SPACLY_180426_4191_Pigaulterie50.mp3
Northern_Shoveler,XC501879-SPACLY_180426_4191_Pigaulterie50,26,data/processed/Northern_Shoveler/XC501879-SPACLY_180426_4191_Pigaulterie50_chunk026.wav,3.0,XC501879-SPACLY_180426_4191_Pigaulterie50.mp3
Northern_Shoveler,XC501879-SPACLY_180426_4191_Pigaulterie50,27,data/processed/Northern_Shoveler/XC501879-SPACLY_180426_4191_Pigaulterie50_chunk027.wav,3.0,XC501879-SPACLY_180426_4191_Pigaulterie50.mp3
Northern_Shoveler,XC501879-SPACLY_180426_4191_Pigaulterie50,28,data/processed/Northern_Shoveler/XC501879-SPACLY_180426_4191_Pigaulterie50_chunk028.wav,3.0,XC501879-SPACLY_180426_4191_Pigaulterie50.mp3
Northern_Shoveler,XC501879-SPACLY_180426_4191_Pigaulterie50,29,data/processed/Northern_Shoveler/XC501879-SPACLY_180426_4191_Pigaulterie50_chunk029.wav,3.0,XC501879-SPACLY_180426_4191_Pigaulterie50.mp3
Northern_Shoveler,XC501879-SPACLY_180426_4191_Pigaulterie50,30,data/processed/Northern_Shoveler/XC501879-SPACLY_180426_4191_Pigaulterie50_chunk030.wav,3.0,XC501879-SPACLY_180426_4191_Pigaulterie50.mp3
Northern_Shoveler,XC501879-SPACLY_180426_4191_Pigaulterie50,31,data/processed/Northern_Shoveler/XC501879-SPACLY_180426_4191_Pigaulterie50_chunk031.wav,3.0,XC501879-SPACLY_180426_4191_Pigaulterie50.mp3
Northern_Shoveler,XC501879-SPACLY_180426_4191_Pigaulterie50,32,data/processed/Northern_Shoveler/XC501879-SPACLY_180426_4191_Pigaulterie50_chunk032.wav,3.0,XC501879-SPACLY_180426_4191_Pigaulterie50.mp3
Northern_Shoveler,"XC612773-Slobeenden,",0,"data/processed/Northern_Shoveler/XC612773-Slobeenden,_chunk000.wav",3.0,"XC612773-Slobeenden, flight call,IGS, 190420, 0541 uur.mp3"
Northern_Shoveler,"XC612773-Slobeenden,",1,"data/processed/Northern_Shoveler/XC612773-Slobeenden,_chunk001.wav",3.0,"XC612773-Slobeenden, flight call,IGS, 190420, 0541 uur.mp3"
Northern_Shoveler,"XC612773-Slobeenden,",2,"data/processed/Northern_Shoveler/XC612773-Slobeenden,_chunk002.wav",3.0,"XC612773-Slobeenden, flight call,IGS, 190420, 0541 uur.mp3"
Northern_Shoveler,"XC612773-Slobeenden,",3,"data/processed/Northern_Shoveler/XC612773-Slobeenden,_chunk003.wav",3.0,"XC612773-Slobeenden, flight call,IGS, 190420, 0541 uur.mp3"
Northern_Shoveler,"XC612773-Slobeenden,",4,"data/processed/Northern_Shoveler/XC612773-Slobeenden,_chunk004.wav",3.0,"XC612773-Slobeenden, flight call,IGS, 190420, 0541 uur.mp3"
Northern_Shoveler,"XC612773-Slobeenden,",5,"data/processed/Northern_Shoveler/XC612773-Slobeenden,_chunk005.wav",3.0,"XC612773-Slobeenden, flight call,IGS, 190420, 0541 uur.mp3"
Northern_Shoveler,XC644498-JAREK-MATUSIAK-A-1551,0,data/processed/Northern_Shoveler/XC644498-JAREK-MATUSIAK-A-1551_chunk000.wav,3.0,XC644498-JAREK-MATUSIAK-A-1551 (2.1) płaskonos samica.mp3
Northern_Shoveler,XC644500-JAREK-MATUSIAK-A-1551,0,data/processed/Northern_Shoveler/XC644500-JAREK-MATUSIAK-A-1551_chunk000.wav,3.0,XC644500-JAREK-MATUSIAK-A-1551 (2) płaskonos m ed.mp3
Northern_Shoveler,XC644500-JAREK-MATUSIAK-A-1551,1,data/processed/Northern_Shoveler/XC644500-JAREK-MATUSIAK-A-1551_chunk001.wav,3.0,XC644500-JAREK-MATUSIAK-A-1551 (2) płaskonos m ed.mp3
Northern_Shoveler,XC644500-JAREK-MATUSIAK-A-1551,2,data/processed/Northern_Shoveler/XC644500-JAREK-MATUSIAK-A-1551_chunk002.wav,3.0,XC644500-JAREK-MATUSIAK-A-1551 (2) płaskonos m ed.mp3
Northern_Shoveler,XC644500-JAREK-MATUSIAK-A-1551,3,data/processed/Northern_Shoveler/XC644500-JAREK-MATUSIAK-A-1551_chunk003.wav,3.0,XC644500-JAREK-MATUSIAK-A-1551 (2) płaskonos m ed.mp3
Northern_Shoveler,XC644500-JAREK-MATUSIAK-A-1551,4,data/processed/Northern_Shoveler/XC644500-JAREK-MATUSIAK-A-1551_chunk004.wav,3.0,XC644500-JAREK-MATUSIAK-A-1551 (2) płaskonos m ed.mp3
Northern_Shoveler,XC644507-JAREK-MATUSIAK-A-1545,0,data/processed/Northern_Shoveler/XC644507-JAREK-MATUSIAK-A-1545_chunk000.wav,3.0,XC644507-JAREK-MATUSIAK-A-1545 (2) płaskonos extra (2).mp3
Northern_Shoveler,XC644507-JAREK-MATUSIAK-A-1545,1,data/processed/Northern_Shoveler/XC644507-JAREK-MATUSIAK-A-1545_chunk001.wav,3.0,XC644507-JAREK-MATUSIAK-A-1545 (2) płaskonos extra (2).mp3
Northern_Shoveler,XC644507-JAREK-MATUSIAK-A-1545,2,data/processed/Northern_Shoveler/XC644507-JAREK-MATUSIAK-A-1545_chunk002.wav,3.0,XC644507-JAREK-MATUSIAK-A-1545 (2) płaskonos extra (2).mp3
Northern_Shoveler,XC644507-JAREK-MATUSIAK-A-1545,3,data/processed/Northern_Shoveler/XC644507-JAREK-MATUSIAK-A-1545_chunk003.wav,3.0,XC644507-JAREK-MATUSIAK-A-1545 (2) płaskonos extra (2).mp3
Northern_Shoveler,XC644507-JAREK-MATUSIAK-A-1545,4,data/processed/Northern_Shoveler/XC644507-JAREK-MATUSIAK-A-1545_chunk004.wav,3.0,XC644507-JAREK-MATUSIAK-A-1545 (2) płaskonos extra (2).mp3
Northern_Shoveler,XC644507-JAREK-MATUSIAK-A-1545,5,data/processed/Northern_Shoveler/XC644507-JAREK-MATUSIAK-A-1545_chunk005.wav,3.0,XC644507-JAREK-MATUSIAK-A-1545 (2) płaskonos extra (2).mp3
Northern_Shoveler,XC644507-JAREK-MATUSIAK-A-1545,6,data/processed/Northern_Shoveler/XC644507-JAREK-MATUSIAK-A-1545_chunk006.wav,3.0,XC644507-JAREK-MATUSIAK-A-1545 (2) płaskonos extra (2).mp3
Northern_Shoveler,XC644507-JAREK-MATUSIAK-A-1545,7,data/processed/Northern_Shoveler/XC644507-JAREK-MATUSIAK-A-1545_chunk007.wav,3.0,XC644507-JAREK-MATUSIAK-A-1545 (2) płaskonos extra (2).mp3
Northern_Shoveler,XC683728-Spatula,0,data/processed/Northern_Shoveler/XC683728-Spatula_chunk000.wav,3.0,XC683728-Spatula clypeata T5614 XC.mp3
Northern_Shoveler,XC683728-Spatula,1,data/processed/Northern_Shoveler/XC683728-Spatula_chunk001.wav,3.0,XC683728-Spatula clypeata T5614 XC.mp3
Northern_Shoveler,XC683728-Spatula,2,data/processed/Northern_Shoveler/XC683728-Spatula_chunk002.wav,3.0,XC683728-Spatula clypeata T5614 XC.mp3
Northern_Shoveler,XC683728-Spatula,3,data/processed/Northern_Shoveler/XC683728-Spatula_chunk003.wav,3.0,XC683728-Spatula clypeata T5614 XC.mp3
Northern_Shoveler,XC683728-Spatula,4,data/processed/Northern_Shoveler/XC683728-Spatula_chunk004.wav,3.0,XC683728-Spatula clypeata T5614 XC.mp3
Northern_Shoveler,XC683728-Spatula,5,data/processed/Northern_Shoveler/XC683728-Spatula_chunk005.wav,3.0,XC683728-Spatula clypeata T5614 XC.mp3
Northern_Shoveler,XC683729-Spatula,0,data/processed/Northern_Shoveler/XC683729-Spatula_chunk000.wav,3.0,XC683729-Spatula clypeata T7159 XC.mp3
Northern_Shoveler,XC683729-Spatula,1,data/processed/Northern_Shoveler/XC683729-Spatula_chunk001.wav,3.0,XC683729-Spatula clypeata T7159 XC.mp3
Northern_Shoveler,XC683729-Spatula,2,data/processed/Northern_Shoveler/XC683729-Spatula_chunk002.wav,3.0,XC683729-Spatula clypeata T7159 XC.mp3
Northern_Shoveler,XC683729-Spatula,3,data/processed/Northern_Shoveler/XC683729-Spatula_chunk003.wav,3.0,XC683729-Spatula clypeata T7159 XC.mp3
Northern_Shoveler,XC800553-Canard-souchet-mâle-cris-++,0,data/processed/Northern_Shoveler/XC800553-Canard-souchet-mâle-cris-++_chunk000.wav,3.0,XC800553-Canard-souchet-mâle-cris-++.wav
Northern_Shoveler,XC800553-Canard-souchet-mâle-cris-++,1,data/processed/Northern_Shoveler/XC800553-Canard-souchet-mâle-cris-++_chunk001.wav,3.0,XC800553-Canard-souchet-mâle-cris-++.wav
Northern_Shoveler,XC800553-Canard-souchet-mâle-cris-++,2,data/processed/Northern_Shoveler/XC800553-Canard-souchet-mâle-cris-++_chunk002.wav,3.0,XC800553-Canard-souchet-mâle-cris-++.wav
Northern_Shoveler,"XC992752-Slobeend,-flight-call,-IGS,-110425,-0037-uur",0,"data/processed/Northern_Shoveler/XC992752-Slobeend,-flight-call,-IGS,-110425,-0037-uur_chunk000.wav",3.0,"XC992752-Slobeend,-flight-call,-IGS,-110425,-0037-uur.wav"
Northern_Shoveler,"XC992752-Slobeend,-flight-call,-IGS,-110425,-0037-uur",1,"data/processed/Northern_Shoveler/XC992752-Slobeend,-flight-call,-IGS,-110425,-0037-uur_chunk001.wav",3.0,"XC992752-Slobeend,-flight-call,-IGS,-110425,-0037-uur.wav"
Northern_Shoveler,"XC992752-Slobeend,-flight-call,-IGS,-110425,-0037-uur",2,"data/processed/Northern_Shoveler/XC992752-Slobeend,-flight-call,-IGS,-110425,-0037-uur_chunk002.wav",3.0,"XC992752-Slobeend,-flight-call,-IGS,-110425,-0037-uur.wav"
Northern_Shoveler,"XC992752-Slobeend,-flight-call,-IGS,-110425,-0037-uur",3,"data/processed/Northern_Shoveler/XC992752-Slobeend,-flight-call,-IGS,-110425,-0037-uur_chunk003.wav",3.0,"XC992752-Slobeend,-flight-call,-IGS,-110425,-0037-uur.wav"
Northern_Shoveler,"XC996353-Shoveler-call-very-good-2022-03-21-North-Warren-RSPB,-Suffolk,-England_1292_edited",0,"data/processed/Northern_Shoveler/XC996353-Shoveler-call-very-good-2022-03-21-North-Warren-RSPB,-Suffolk,-England_1292_edited_chunk000.wav",3.0,"XC996353-Shoveler-call-very-good-2022-03-21-North-Warren-RSPB,-Suffolk,-England_1292_edited.wav"
Northern_Shoveler,"XC996353-Shoveler-call-very-good-2022-03-21-North-Warren-RSPB,-Suffolk,-England_1292_edited",1,"data/processed/Northern_Shoveler/XC996353-Shoveler-call-very-good-2022-03-21-North-Warren-RSPB,-Suffolk,-England_1292_edited_chunk001.wav",3.0,"XC996353-Shoveler-call-very-good-2022-03-21-North-Warren-RSPB,-Suffolk,-England_1292_edited.wav"
Northern_Shoveler,"XC996353-Shoveler-call-very-good-2022-03-21-North-Warren-RSPB,-Suffolk,-England_1292_edited",2,"data/processed/Northern_Shoveler/XC996353-Shoveler-call-very-good-2022-03-21-North-Warren-RSPB,-Suffolk,-England_1292_edited_chunk002.wav",3.0,"XC996353-Shoveler-call-very-good-2022-03-21-North-Warren-RSPB,-Suffolk,-England_1292_edited.wav"
Northern_Shoveler,"XC996353-Shoveler-call-very-good-2022-03-21-North-Warren-RSPB,-Suffolk,-England_1292_edited",3,"data/processed/Northern_Shoveler/XC996353-Shoveler-call-very-good-2022-03-21-North-Warren-RSPB,-Suffolk,-England_1292_edited_chunk003.wav",3.0,"XC996353-Shoveler-call-very-good-2022-03-21-North-Warren-RSPB,-Suffolk,-England_1292_edited.wav"
Northern_Shoveler,XC996354-Shoveler-call-very-good-2019-01-04-Walthamstow-Wetlands_917_edited,0,data/processed/Northern_Shoveler/XC996354-Shoveler-call-very-good-2019-01-04-Walthamstow-Wetlands_917_edited_chunk000.wav,3.0,XC996354-Shoveler-call-very-good-2019-01-04-Walthamstow-Wetlands_917_edited.wav
Northern_Shoveler,XC996354-Shoveler-call-very-good-2019-01-04-Walthamstow-Wetlands_917_edited,1,data/processed/Northern_Shoveler/XC996354-Shoveler-call-very-good-2019-01-04-Walthamstow-Wetlands_917_edited_chunk001.wav,3.0,XC996354-Shoveler-call-very-good-2019-01-04-Walthamstow-Wetlands_917_edited.wav
Northern_Shoveler,XC996354-Shoveler-call-very-good-2019-01-04-Walthamstow-Wetlands_917_edited,2,data/processed/Northern_Shoveler/XC996354-Shoveler-call-very-good-2019-01-04-Walthamstow-Wetlands_917_edited_chunk002.wav,3.0,XC996354-Shoveler-call-very-good-2019-01-04-Walthamstow-Wetlands_917_edited.wav
Northern_Shoveler,XC996354-Shoveler-call-very-good-2019-01-04-Walthamstow-Wetlands_917_edited,3,data/processed/Northern_Shoveler/XC996354-Shoveler-call-very-good-2019-01-04-Walthamstow-Wetlands_917_edited_chunk003.wav,3.0,XC996354-Shoveler-call-very-good-2019-01-04-Walthamstow-Wetlands_917_edited.wav
Northern_Shoveler,XC996354-Shoveler-call-very-good-2019-01-04-Walthamstow-Wetlands_917_edited,4,data/processed/Northern_Shoveler/XC996354-Shoveler-call-very-good-2019-01-04-Walthamstow-Wetlands_917_edited_chunk004.wav,3.0,XC996354-Shoveler-call-very-good-2019-01-04-Walthamstow-Wetlands_917_edited.wav
Northern_Shoveler,XC996356-Shoveler-call-very-good-2018-01-14-South-Norwood-CP_177_short_edited,0,data/processed/Northern_Shoveler/XC996356-Shoveler-call-very-good-2018-01-14-South-Norwood-CP_177_short_edited_chunk000.wav,3.0,XC996356-Shoveler-call-very-good-2018-01-14-South-Norwood-CP_177_short_edited.wav
Northern_Shoveler,XC996356-Shoveler-call-very-good-2018-01-14-South-Norwood-CP_177_short_edited,1,data/processed/Northern_Shoveler/XC996356-Shoveler-call-very-good-2018-01-14-South-Norwood-CP_177_short_edited_chunk001.wav,3.0,XC996356-Shoveler-call-very-good-2018-01-14-South-Norwood-CP_177_short_edited.wav
Northern_Shoveler,XC996356-Shoveler-call-very-good-2018-01-14-South-Norwood-CP_177_short_edited,2,data/processed/Northern_Shoveler/XC996356-Shoveler-call-very-good-2018-01-14-South-Norwood-CP_177_short_edited_chunk002.wav,3.0,XC996356-Shoveler-call-very-good-2018-01-14-South-Norwood-CP_177_short_edited.wav
Northern_Shoveler,XC996356-Shoveler-call-very-good-2018-01-14-South-Norwood-CP_177_short_edited,3,data/processed/Northern_Shoveler/XC996356-Shoveler-call-very-good-2018-01-14-South-Norwood-CP_177_short_edited_chunk003.wav,3.0,XC996356-Shoveler-call-very-good-2018-01-14-South-Norwood-CP_177_short_edited.wav
Northern_Shoveler,XC996357-Shoveler-call-very-good-2010-03-01-Titchwell-v2,0,data/processed/Northern_Shoveler/XC996357-Shoveler-call-very-good-2010-03-01-Titchwell-v2_chunk000.wav,3.0,XC996357-Shoveler-call-very-good-2010-03-01-Titchwell-v2.wav
Northern_Shoveler,XC996357-Shoveler-call-very-good-2010-03-01-Titchwell-v2,1,data/processed/Northern_Shoveler/XC996357-Shoveler-call-very-good-2010-03-01-Titchwell-v2_chunk001.wav,3.0,XC996357-Shoveler-call-very-good-2010-03-01-Titchwell-v2.wav
Northern_Shoveler,"XC996370-Shoveler-call-nocturnal-very-good-2020-03-22-Garden,-Chafford-Hundred_1277_mk_02",0,"data/processed/Northern_Shoveler/XC996370-Shoveler-call-nocturnal-very-good-2020-03-22-Garden,-Chafford-Hundred_1277_mk_02_chunk000.wav",3.0,"XC996370-Shoveler-call-nocturnal-very-good-2020-03-22-Garden,-Chafford-Hundred_1277_mk_02.wav"
Northern_Shoveler,"XC996370-Shoveler-call-nocturnal-very-good-2020-03-22-Garden,-Chafford-Hundred_1277_mk_02",1,"data/processed/Northern_Shoveler/XC996370-Shoveler-call-nocturnal-very-good-2020-03-22-Garden,-Chafford-Hundred_1277_mk_02_chunk001.wav",3.0,"XC996370-Shoveler-call-nocturnal-very-good-2020-03-22-Garden,-Chafford-Hundred_1277_mk_02.wav"
Northern_Shoveler,"XC996370-Shoveler-call-nocturnal-very-good-2020-03-22-Garden,-Chafford-Hundred_1277_mk_02",2,"data/processed/Northern_Shoveler/XC996370-Shoveler-call-nocturnal-very-good-2020-03-22-Garden,-Chafford-Hundred_1277_mk_02_chunk002.wav",3.0,"XC996370-Shoveler-call-nocturnal-very-good-2020-03-22-Garden,-Chafford-Hundred_1277_mk_02.wav"
Northern_Shoveler,"XC996370-Shoveler-call-nocturnal-very-good-2020-03-22-Garden,-Chafford-Hundred_1277_mk_02",3,"data/processed/Northern_Shoveler/XC996370-Shoveler-call-nocturnal-very-good-2020-03-22-Garden,-Chafford-Hundred_1277_mk_02_chunk003.wav",3.0,"XC996370-Shoveler-call-nocturnal-very-good-2020-03-22-Garden,-Chafford-Hundred_1277_mk_02.wav"
Northern_Shoveler,"XC996370-Shoveler-call-nocturnal-very-good-2020-03-22-Garden,-Chafford-Hundred_1277_mk_02",4,"data/processed/Northern_Shoveler/XC996370-Shoveler-call-nocturnal-very-good-2020-03-22-Garden,-Chafford-Hundred_1277_mk_02_chunk004.wav",3.0,"XC996370-Shoveler-call-nocturnal-very-good-2020-03-22-Garden,-Chafford-Hundred_1277_mk_02.wav"
Northern_Shoveler,"XC996370-Shoveler-call-nocturnal-very-good-2020-03-22-Garden,-Chafford-Hundred_1277_mk_02",5,"data/processed/Northern_Shoveler/XC996370-Shoveler-call-nocturnal-very-good-2020-03-22-Garden,-Chafford-Hundred_1277_mk_02_chunk005.wav",3.0,"XC996370-Shoveler-call-nocturnal-very-good-2020-03-22-Garden,-Chafford-Hundred_1277_mk_02.wav"
Northern_Shoveler,"XC996370-Shoveler-call-nocturnal-very-good-2020-03-22-Garden,-Chafford-Hundred_1277_mk_02",6,"data/processed/Northern_Shoveler/XC996370-Shoveler-call-nocturnal-very-good-2020-03-22-Garden,-Chafford-Hundred_1277_mk_02_chunk006.wav",3.0,"XC996370-Shoveler-call-nocturnal-very-good-2020-03-22-Garden,-Chafford-Hundred_1277_mk_02.wav"
Mallard,XC1029063-Anas-platyrhynchos_CALL_Etang-de-Warnant_20250808_2207_xc,0,data/processed/Mallard/XC1029063-Anas-platyrhynchos_CALL_Etang-de-Warnant_20250808_2207_xc_chunk000.wav,3.0,XC1029063-Anas-platyrhynchos_CALL_Etang-de-Warnant_20250808_2207_xc.wav
Mallard,XC1029063-Anas-platyrhynchos_CALL_Etang-de-Warnant_20250808_2207_xc,1,data/processed/Mallard/XC1029063-Anas-platyrhynchos_CALL_Etang-de-Warnant_20250808_2207_xc_chunk001.wav,3.0,XC1029063-Anas-platyrhynchos_CALL_Etang-de-Warnant_20250808_2207_xc.wav
Mallard,XC1029063-Anas-platyrhynchos_CALL_Etang-de-Warnant_20250808_2207_xc,2,data/processed/Mallard/XC1029063-Anas-platyrhynchos_CALL_Etang-de-Warnant_20250808_2207_xc_chunk002.wav,3.0,XC1029063-Anas-platyrhynchos_CALL_Etang-de-Warnant_20250808_2207_xc.wav
Mallard,XC1029063-Anas-platyrhynchos_CALL_Etang-de-Warnant_20250808_2207_xc,3,data/processed/Mallard/XC1029063-Anas-platyrhynchos_CALL_Etang-de-Warnant_20250808_2207_xc_chunk003.wav,3.0,XC1029063-Anas-platyrhynchos_CALL_Etang-de-Warnant_20250808_2207_xc.wav
Mallard,XC1029063-Anas-platyrhynchos_CALL_Etang-de-Warnant_20250808_2207_xc,4,data/processed/Mallard/XC1029063-Anas-platyrhynchos_CALL_Etang-de-Warnant_20250808_2207_xc_chunk004.wav,3.0,XC1029063-Anas-platyrhynchos_CALL_Etang-de-Warnant_20250808_2207_xc.wav
Mallard,XC1029063-Anas-platyrhynchos_CALL_Etang-de-Warnant_20250808_2207_xc,5,data/processed/Mallard/XC1029063-Anas-platyrhynchos_CALL_Etang-de-Warnant_20250808_2207_xc_chunk005.wav,3.0,XC1029063-Anas-platyrhynchos_CALL_Etang-de-Warnant_20250808_2207_xc.wav
Mallard,XC1029063-Anas-platyrhynchos_CALL_Etang-de-Warnant_20250808_2207_xc,6,data/processed/Mallard/XC1029063-Anas-platyrhynchos_CALL_Etang-de-Warnant_20250808_2207_xc_chunk006.wav,3.0,XC1029063-Anas-platyrhynchos_CALL_Etang-de-Warnant_20250808_2207_xc.wav
Mallard,XC1029063-Anas-platyrhynchos_CALL_Etang-de-Warnant_20250808_2207_xc,7,data/processed/Mallard/XC1029063-Anas-platyrhynchos_CALL_Etang-de-Warnant_20250808_2207_xc_chunk007.wav,3.0,XC1029063-Anas-platyrhynchos_CALL_Etang-de-Warnant_20250808_2207_xc.wav
Mallard,XC1029063-Anas-platyrhynchos_CALL_Etang-de-Warnant_20250808_2207_xc,8,data/processed/Mallard/XC1029063-Anas-platyrhynchos_CALL_Etang-de-Warnant_20250808_2207_xc_chunk008.wav,3.0,XC1029063-Anas-platyrhynchos_CALL_Etang-de-Warnant_20250808_2207_xc.wav
Mallard,XC1029063-Anas-platyrhynchos_CALL_Etang-de-Warnant_20250808_2207_xc,9,data/processed/Mallard/XC1029063-Anas-platyrhynchos_CALL_Etang-de-Warnant_20250808_2207_xc_chunk009.wav,3.0,XC1029063-Anas-platyrhynchos_CALL_Etang-de-Warnant_20250808_2207_xc.wav
Mallard,XC1029063-Anas-platyrhynchos_CALL_Etang-de-Warnant_20250808_2207_xc,10,data/processed/Mallard/XC1029063-Anas-platyrhynchos_CALL_Etang-de-Warnant_20250808_2207_xc_chunk010.wav,3.0,XC1029063-Anas-platyrhynchos_CALL_Etang-de-Warnant_20250808_2207_xc.wav
Mallard,XC1029063-Anas-platyrhynchos_CALL_Etang-de-Warnant_20250808_2207_xc,11,data/processed/Mallard/XC1029063-Anas-platyrhynchos_CALL_Etang-de-Warnant_20250808_2207_xc_chunk011.wav,3.0,XC1029063-Anas-platyrhynchos_CALL_Etang-de-Warnant_20250808_2207_xc.wav
Mallard,XC1029063-Anas-platyrhynchos_CALL_Etang-de-Warnant_20250808_2207_xc,12,data/processed/Mallard/XC1029063-Anas-platyrhynchos_CALL_Etang-de-Warnant_20250808_2207_xc_chunk012.wav,3.0,XC1029063-Anas-platyrhynchos_CALL_Etang-de-Warnant_20250808_2207_xc.wav
Mallard,XC1029063-Anas-platyrhynchos_CALL_Etang-de-Warnant_20250808_2207_xc,13,data/processed/Mallard/XC1029063-Anas-platyrhynchos_CALL_Etang-de-Warnant_20250808_2207_xc_chunk013.wav,3.0,XC1029063-Anas-platyrhynchos_CALL_Etang-de-Warnant_20250808_2207_xc.wav
Mallard,XC1029063-Anas-platyrhynchos_CALL_Etang-de-Warnant_20250808_2207_xc,14,data/processed/Mallard/XC1029063-Anas-platyrhynchos_CALL_Etang-de-Warnant_20250808_2207_xc_chunk014.wav,3.0,XC1029063-Anas-platyrhynchos_CALL_Etang-de-Warnant_20250808_2207_xc.wav
Mallard,XC1029063-Anas-platyrhynchos_CALL_Etang-de-Warnant_20250808_2207_xc,15,data/processed/Mallard/XC1029063-Anas-platyrhynchos_CALL_Etang-de-Warnant_20250808_2207_xc_chunk015.wav,3.0,XC1029063-Anas-platyrhynchos_CALL_Etang-de-Warnant_20250808_2207_xc.wav
Mallard,XC1029063-Anas-platyrhynchos_CALL_Etang-de-Warnant_20250808_2207_xc,16,data/processed/Mallard/XC1029063-Anas-platyrhynchos_CALL_Etang-de-Warnant_20250808_2207_xc_chunk016.wav,3.0,XC1029063-Anas-platyrhynchos_CALL_Etang-de-Warnant_20250808_2207_xc.wav
Mallard,XC1029063-Anas-platyrhynchos_CALL_Etang-de-Warnant_20250808_2207_xc,17,data/processed/Mallard/XC1029063-Anas-platyrhynchos_CALL_Etang-de-Warnant_20250808_2207_xc_chunk017.wav,3.0,XC1029063-Anas-platyrhynchos_CALL_Etang-de-Warnant_20250808_2207_xc.wav
Mallard,XC1029063-Anas-platyrhynchos_CALL_Etang-de-Warnant_20250808_2207_xc,18,data/processed/Mallard/XC1029063-Anas-platyrhynchos_CALL_Etang-de-Warnant_20250808_2207_xc_chunk018.wav,3.0,XC1029063-Anas-platyrhynchos_CALL_Etang-de-Warnant_20250808_2207_xc.wav
Mallard,XC1029063-Anas-platyrhynchos_CALL_Etang-de-Warnant_20250808_2207_xc,19,data/processed/Mallard/XC1029063-Anas-platyrhynchos_CALL_Etang-de-Warnant_20250808_2207_xc_chunk019.wav,3.0,XC1029063-Anas-platyrhynchos_CALL_Etang-de-Warnant_20250808_2207_xc.wav
Mallard,XC1029063-Anas-platyrhynchos_CALL_Etang-de-Warnant_20250808_2207_xc,20,data/processed/Mallard/XC1029063-Anas-platyrhynchos_CALL_Etang-de-Warnant_20250808_2207_xc_chunk020.wav,3.0,XC1029063-Anas-platyrhynchos_CALL_Etang-de-Warnant_20250808_2207_xc.wav
Mallard,XC1029063-Anas-platyrhynchos_CALL_Etang-de-Warnant_20250808_2207_xc,21,data/processed/Mallard/XC1029063-Anas-platyrhynchos_CALL_Etang-de-Warnant_20250808_2207_xc_chunk021.wav,3.0,XC1029063-Anas-platyrhynchos_CALL_Etang-de-Warnant_20250808_2207_xc.wav
Mallard,XC1029063-Anas-platyrhynchos_CALL_Etang-de-Warnant_20250808_2207_xc,22,data/processed/Mallard/XC1029063-Anas-platyrhynchos_CALL_Etang-de-Warnant_20250808_2207_xc_chunk022.wav,3.0,XC1029063-Anas-platyrhynchos_CALL_Etang-de-Warnant_20250808_2207_xc.wav
Mallard,XC1029063-Anas-platyrhynchos_CALL_Etang-de-Warnant_20250808_2207_xc,23,data/processed/Mallard/XC1029063-Anas-platyrhynchos_CALL_Etang-de-Warnant_20250808_2207_xc_chunk023.wav,3.0,XC1029063-Anas-platyrhynchos_CALL_Etang-de-Warnant_20250808_2207_xc.wav
Mallard,XC1029063-Anas-platyrhynchos_CALL_Etang-de-Warnant_20250808_2207_xc,24,data/processed/Mallard/XC1029063-Anas-platyrhynchos_CALL_Etang-de-Warnant_20250808_2207_xc_chunk024.wav,3.0,XC1029063-Anas-platyrhynchos_CALL_Etang-de-Warnant_20250808_2207_xc.wav
Mallard,XC1029063-Anas-platyrhynchos_CALL_Etang-de-Warnant_20250808_2207_xc,25,data/processed/Mallard/XC1029063-Anas-platyrhynchos_CALL_Etang-de-Warnant_20250808_2207_xc_chunk025.wav,3.0,XC1029063-Anas-platyrhynchos_CALL_Etang-de-Warnant_20250808_2207_xc.wav
Mallard,XC1029063-Anas-platyrhynchos_CALL_Etang-de-Warnant_20250808_2207_xc,26,data/processed/Mallard/XC1029063-Anas-platyrhynchos_CALL_Etang-de-Warnant_20250808_2207_xc_chunk026.wav,3.0,XC1029063-Anas-platyrhynchos_CALL_Etang-de-Warnant_20250808_2207_xc.wav
Mallard,XC1034784-Mallard_c_long_taking-off-SSC-1100m-022523-0818,0,data/processed/Mallard/XC1034784-Mallard_c_long_taking-off-SSC-1100m-022523-0818_chunk000.wav,3.0,XC1034784-Mallard_c_long_taking-off-SSC-1100m-022523-0818.mp3
Mallard,XC1034784-Mallard_c_long_taking-off-SSC-1100m-022523-0818,1,data/processed/Mallard/XC1034784-Mallard_c_long_taking-off-SSC-1100m-022523-0818_chunk001.wav,3.0,XC1034784-Mallard_c_long_taking-off-SSC-1100m-022523-0818.mp3
Mallard,XC1034784-Mallard_c_long_taking-off-SSC-1100m-022523-0818,2,data/processed/Mallard/XC1034784-Mallard_c_long_taking-off-SSC-1100m-022523-0818_chunk002.wav,3.0,XC1034784-Mallard_c_long_taking-off-SSC-1100m-022523-0818.mp3
Mallard,XC1034784-Mallard_c_long_taking-off-SSC-1100m-022523-0818,3,data/processed/Mallard/XC1034784-Mallard_c_long_taking-off-SSC-1100m-022523-0818_chunk003.wav,3.0,XC1034784-Mallard_c_long_taking-off-SSC-1100m-022523-0818.mp3
Mallard,XC1034784-Mallard_c_long_taking-off-SSC-1100m-022523-0818,4,data/processed/Mallard/XC1034784-Mallard_c_long_taking-off-SSC-1100m-022523-0818_chunk004.wav,3.0,XC1034784-Mallard_c_long_taking-off-SSC-1100m-022523-0818.mp3
Mallard,XC1034784-Mallard_c_long_taking-off-SSC-1100m-022523-0818,5,data/processed/Mallard/XC1034784-Mallard_c_long_taking-off-SSC-1100m-022523-0818_chunk005.wav,3.0,XC1034784-Mallard_c_long_taking-off-SSC-1100m-022523-0818.mp3
Mallard,XC1034784-Mallard_c_long_taking-off-SSC-1100m-022523-0818,6,data/processed/Mallard/XC1034784-Mallard_c_long_taking-off-SSC-1100m-022523-0818_chunk006.wav,3.0,XC1034784-Mallard_c_long_taking-off-SSC-1100m-022523-0818.mp3
Mallard,XC1034784-Mallard_c_long_taking-off-SSC-1100m-022523-0818,7,data/processed/Mallard/XC1034784-Mallard_c_long_taking-off-SSC-1100m-022523-0818_chunk007.wav,3.0,XC1034784-Mallard_c_long_taking-off-SSC-1100m-022523-0818.mp3
Mallard,XC1034784-Mallard_c_long_taking-off-SSC-1100m-022523-0818,8,data/processed/Mallard/XC1034784-Mallard_c_long_taking-off-SSC-1100m-022523-0818_chunk008.wav,3.0,XC1034784-Mallard_c_long_taking-off-SSC-1100m-022523-0818.mp3
Mallard,XC1034784-Mallard_c_long_taking-off-SSC-1100m-022523-0818,9,data/processed/Mallard/XC1034784-Mallard_c_long_taking-off-SSC-1100m-022523-0818_chunk009.wav,3.0,XC1034784-Mallard_c_long_taking-off-SSC-1100m-022523-0818.mp3
Mallard,XC1034784-Mallard_c_long_taking-off-SSC-1100m-022523-0818,10,data/processed/Mallard/XC1034784-Mallard_c_long_taking-off-SSC-1100m-022523-0818_chunk010.wav,3.0,XC1034784-Mallard_c_long_taking-off-SSC-1100m-022523-0818.mp3
Mallard,XC1034784-Mallard_c_long_taking-off-SSC-1100m-022523-0818,11,data/processed/Mallard/XC1034784-Mallard_c_long_taking-off-SSC-1100m-022523-0818_chunk011.wav,3.0,XC1034784-Mallard_c_long_taking-off-SSC-1100m-022523-0818.mp3
Mallard,XC1034784-Mallard_c_long_taking-off-SSC-1100m-022523-0818,12,data/processed/Mallard/XC1034784-Mallard_c_long_taking-off-SSC-1100m-022523-0818_chunk012.wav,3.0,XC1034784-Mallard_c_long_taking-off-SSC-1100m-022523-0818.mp3
Mallard,XC1034784-Mallard_c_long_taking-off-SSC-1100m-022523-0818,13,data/processed/Mallard/XC1034784-Mallard_c_long_taking-off-SSC-1100m-022523-0818_chunk013.wav,3.0,XC1034784-Mallard_c_long_taking-off-SSC-1100m-022523-0818.mp3
Mallard,XC1034784-Mallard_c_long_taking-off-SSC-1100m-022523-0818,14,data/processed/Mallard/XC1034784-Mallard_c_long_taking-off-SSC-1100m-022523-0818_chunk014.wav,3.0,XC1034784-Mallard_c_long_taking-off-SSC-1100m-022523-0818.mp3
Mallard,XC1034784-Mallard_c_long_taking-off-SSC-1100m-022523-0818,15,data/processed/Mallard/XC1034784-Mallard_c_long_taking-off-SSC-1100m-022523-0818_chunk015.wav,3.0,XC1034784-Mallard_c_long_taking-off-SSC-1100m-022523-0818.mp3
Mallard,XC1034784-Mallard_c_long_taking-off-SSC-1100m-022523-0818,16,data/processed/Mallard/XC1034784-Mallard_c_long_taking-off-SSC-1100m-022523-0818_chunk016.wav,3.0,XC1034784-Mallard_c_long_taking-off-SSC-1100m-022523-0818.mp3
Mallard,XC1034784-Mallard_c_long_taking-off-SSC-1100m-022523-0818,17,data/processed/Mallard/XC1034784-Mallard_c_long_taking-off-SSC-1100m-022523-0818_chunk017.wav,3.0,XC1034784-Mallard_c_long_taking-off-SSC-1100m-022523-0818.mp3
Mallard,XC1034784-Mallard_c_long_taking-off-SSC-1100m-022523-0818,18,data/processed/Mallard/XC1034784-Mallard_c_long_taking-off-SSC-1100m-022523-0818_chunk018.wav,3.0,XC1034784-Mallard_c_long_taking-off-SSC-1100m-022523-0818.mp3
Mallard,XC1034784-Mallard_c_long_taking-off-SSC-1100m-022523-0818,19,data/processed/Mallard/XC1034784-Mallard_c_long_taking-off-SSC-1100m-022523-0818_chunk019.wav,3.0,XC1034784-Mallard_c_long_taking-off-SSC-1100m-022523-0818.mp3
Mallard,XC1034784-Mallard_c_long_taking-off-SSC-1100m-022523-0818,20,data/processed/Mallard/XC1034784-Mallard_c_long_taking-off-SSC-1100m-022523-0818_chunk020.wav,3.0,XC1034784-Mallard_c_long_taking-off-SSC-1100m-022523-0818.mp3
Mallard,XC1034784-Mallard_c_long_taking-off-SSC-1100m-022523-0818,21,data/processed/Mallard/XC1034784-Mallard_c_long_taking-off-SSC-1100m-022523-0818_chunk021.wav,3.0,XC1034784-Mallard_c_long_taking-off-SSC-1100m-022523-0818.mp3
Mallard,XC1034784-Mallard_c_long_taking-off-SSC-1100m-022523-0818,22,data/processed/Mallard/XC1034784-Mallard_c_long_taking-off-SSC-1100m-022523-0818_chunk022.wav,3.0,XC1034784-Mallard_c_long_taking-off-SSC-1100m-022523-0818.mp3
Mallard,XC1034784-Mallard_c_long_taking-off-SSC-1100m-022523-0818,23,data/processed/Mallard/XC1034784-Mallard_c_long_taking-off-SSC-1100m-022523-0818_chunk023.wav,3.0,XC1034784-Mallard_c_long_taking-off-SSC-1100m-022523-0818.mp3
Mallard,XC1034784-Mallard_c_long_taking-off-SSC-1100m-022523-0818,24,data/processed/Mallard/XC1034784-Mallard_c_long_taking-off-SSC-1100m-022523-0818_chunk024.wav,3.0,XC1034784-Mallard_c_long_taking-off-SSC-1100m-022523-0818.mp3
Mallard,XC1034784-Mallard_c_long_taking-off-SSC-1100m-022523-0818,25,data/processed/Mallard/XC1034784-Mallard_c_long_taking-off-SSC-1100m-022523-0818_chunk025.wav,3.0,XC1034784-Mallard_c_long_taking-off-SSC-1100m-022523-0818.mp3
Mallard,XC1034784-Mallard_c_long_taking-off-SSC-1100m-022523-0818,26,data/processed/Mallard/XC1034784-Mallard_c_long_taking-off-SSC-1100m-022523-0818_chunk026.wav,3.0,XC1034784-Mallard_c_long_taking-off-SSC-1100m-022523-0818.mp3
Mallard,XC1034784-Mallard_c_long_taking-off-SSC-1100m-022523-0818,27,data/processed/Mallard/XC1034784-Mallard_c_long_taking-off-SSC-1100m-022523-0818_chunk027.wav,3.0,XC1034784-Mallard_c_long_taking-off-SSC-1100m-022523-0818.mp3
Mallard,XC1034784-Mallard_c_long_taking-off-SSC-1100m-022523-0818,28,data/processed/Mallard/XC1034784-Mallard_c_long_taking-off-SSC-1100m-022523-0818_chunk028.wav,3.0,XC1034784-Mallard_c_long_taking-off-SSC-1100m-022523-0818.mp3
Mallard,XC1034784-Mallard_c_long_taking-off-SSC-1100m-022523-0818,29,data/processed/Mallard/XC1034784-Mallard_c_long_taking-off-SSC-1100m-022523-0818_chunk029.wav,3.0,XC1034784-Mallard_c_long_taking-off-SSC-1100m-022523-0818.mp3
Mallard,XC1034784-Mallard_c_long_taking-off-SSC-1100m-022523-0818,30,data/processed/Mallard/XC1034784-Mallard_c_long_taking-off-SSC-1100m-022523-0818_chunk030.wav,3.0,XC1034784-Mallard_c_long_taking-off-SSC-1100m-022523-0818.mp3
Mallard,XC1034784-Mallard_c_long_taking-off-SSC-1100m-022523-0818,31,data/processed/Mallard/XC1034784-Mallard_c_long_taking-off-SSC-1100m-022523-0818_chunk031.wav,3.0,XC1034784-Mallard_c_long_taking-off-SSC-1100m-022523-0818.mp3
Mallard,XC1034784-Mallard_c_long_taking-off-SSC-1100m-022523-0818,32,data/processed/Mallard/XC1034784-Mallard_c_long_taking-off-SSC-1100m-022523-0818_chunk032.wav,3.0,XC1034784-Mallard_c_long_taking-off-SSC-1100m-022523-0818.mp3
Mallard,XC1034784-Mallard_c_long_taking-off-SSC-1100m-022523-0818,33,data/processed/Mallard/XC1034784-Mallard_c_long_taking-off-SSC-1100m-022523-0818_chunk033.wav,3.0,XC1034784-Mallard_c_long_taking-off-SSC-1100m-022523-0818.mp3
Mallard,XC1034784-Mallard_c_long_taking-off-SSC-1100m-022523-0818,34,data/processed/Mallard/XC1034784-Mallard_c_long_taking-off-SSC-1100m-022523-0818_chunk034.wav,3.0,XC1034784-Mallard_c_long_taking-off-SSC-1100m-022523-0818.mp3
Mallard,XC1034784-Mallard_c_long_taking-off-SSC-1100m-022523-0818,35,data/processed/Mallard/XC1034784-Mallard_c_long_taking-off-SSC-1100m-022523-0818_chunk035.wav,3.0,XC1034784-Mallard_c_long_taking-off-SSC-1100m-022523-0818.mp3
Mallard,XC1034784-Mallard_c_long_taking-off-SSC-1100m-022523-0818,36,data/processed/Mallard/XC1034784-Mallard_c_long_taking-off-SSC-1100m-022523-0818_chunk036.wav,3.0,XC1034784-Mallard_c_long_taking-off-SSC-1100m-022523-0818.mp3
Mallard,XC1034784-Mallard_c_long_taking-off-SSC-1100m-022523-0818,37,data/processed/Mallard/XC1034784-Mallard_c_long_taking-off-SSC-1100m-022523-0818_chunk037.wav,3.0,XC1034784-Mallard_c_long_taking-off-SSC-1100m-022523-0818.mp3
Mallard,XC1034784-Mallard_c_long_taking-off-SSC-1100m-022523-0818,38,data/processed/Mallard/XC1034784-Mallard_c_long_taking-off-SSC-1100m-022523-0818_chunk038.wav,3.0,XC1034784-Mallard_c_long_taking-off-SSC-1100m-022523-0818.mp3
Mallard,XC1034784-Mallard_c_long_taking-off-SSC-1100m-022523-0818,39,data/processed/Mallard/XC1034784-Mallard_c_long_taking-off-SSC-1100m-022523-0818_chunk039.wav,3.0,XC1034784-Mallard_c_long_taking-off-SSC-1100m-022523-0818.mp3
Mallard,XC1034784-Mallard_c_long_taking-off-SSC-1100m-022523-0818,40,data/processed/Mallard/XC1034784-Mallard_c_long_taking-off-SSC-1100m-022523-0818_chunk040.wav,3.0,XC1034784-Mallard_c_long_taking-off-SSC-1100m-022523-0818.mp3
Mallard,XC1034784-Mallard_c_long_taking-off-SSC-1100m-022523-0818,41,data/processed/Mallard/XC1034784-Mallard_c_long_taking-off-SSC-1100m-022523-0818_chunk041.wav,3.0,XC1034784-Mallard_c_long_taking-off-SSC-1100m-022523-0818.mp3
Mallard,XC1034784-Mallard_c_long_taking-off-SSC-1100m-022523-0818,42,data/processed/Mallard/XC1034784-Mallard_c_long_taking-off-SSC-1100m-022523-0818_chunk042.wav,3.0,XC1034784-Mallard_c_long_taking-off-SSC-1100m-022523-0818.mp3
Mallard,XC1034784-Mallard_c_long_taking-off-SSC-1100m-022523-0818,43,data/processed/Mallard/XC1034784-Mallard_c_long_taking-off-SSC-1100m-022523-0818_chunk043.wav,3.0,XC1034784-Mallard_c_long_taking-off-SSC-1100m-022523-0818.mp3
Mallard,XC1034784-Mallard_c_long_taking-off-SSC-1100m-022523-0818,44,data/processed/Mallard/XC1034784-Mallard_c_long_taking-off-SSC-1100m-022523-0818_chunk044.wav,3.0,XC1034784-Mallard_c_long_taking-off-SSC-1100m-022523-0818.mp3
Mallard,XC1034784-Mallard_c_long_taking-off-SSC-1100m-022523-0818,45,data/processed/Mallard/XC1034784-Mallard_c_long_taking-off-SSC-1100m-022523-0818_chunk045.wav,3.0,XC1034784-Mallard_c_long_taking-off-SSC-1100m-022523-0818.mp3
Mallard,XC1034784-Mallard_c_long_taking-off-SSC-1100m-022523-0818,46,data/processed/Mallard/XC1034784-Mallard_c_long_taking-off-SSC-1100m-022523-0818_chunk046.wav,3.0,XC1034784-Mallard_c_long_taking-off-SSC-1100m-022523-0818.mp3
Mallard,XC1034784-Mallard_c_long_taking-off-SSC-1100m-022523-0818,47,data/processed/Mallard/XC1034784-Mallard_c_long_taking-off-SSC-1100m-022523-0818_chunk047.wav,3.0,XC1034784-Mallard_c_long_taking-off-SSC-1100m-022523-0818.mp3
Mallard,XC1034784-Mallard_c_long_taking-off-SSC-1100m-022523-0818,48,data/processed/Mallard/XC1034784-Mallard_c_long_taking-off-SSC-1100m-022523-0818_chunk048.wav,3.0,XC1034784-Mallard_c_long_taking-off-SSC-1100m-022523-0818.mp3
Mallard,XC1034784-Mallard_c_long_taking-off-SSC-1100m-022523-0818,49,data/processed/Mallard/XC1034784-Mallard_c_long_taking-off-SSC-1100m-022523-0818_chunk049.wav,3.0,XC1034784-Mallard_c_long_taking-off-SSC-1100m-022523-0818.mp3
Mallard,XC1034784-Mallard_c_long_taking-off-SSC-1100m-022523-0818,50,data/processed/Mallard/XC1034784-Mallard_c_long_taking-off-SSC-1100m-022523-0818_chunk050.wav,3.0,XC1034784-Mallard_c_long_taking-off-SSC-1100m-022523-0818.mp3
Mallard,XC1034784-Mallard_c_long_taking-off-SSC-1100m-022523-0818,51,data/processed/Mallard/XC1034784-Mallard_c_long_taking-off-SSC-1100m-022523-0818_chunk051.wav,3.0,XC1034784-Mallard_c_long_taking-off-SSC-1100m-022523-0818.mp3
Mallard,XC1034784-Mallard_c_long_taking-off-SSC-1100m-022523-0818,52,data/processed/Mallard/XC1034784-Mallard_c_long_taking-off-SSC-1100m-022523-0818_chunk052.wav,3.0,XC1034784-Mallard_c_long_taking-off-SSC-1100m-022523-0818.mp3
Mallard,XC1034784-Mallard_c_long_taking-off-SSC-1100m-022523-0818,53,data/processed/Mallard/XC1034784-Mallard_c_long_taking-off-SSC-1100m-022523-0818_chunk053.wav,3.0,XC1034784-Mallard_c_long_taking-off-SSC-1100m-022523-0818.mp3
Mallard,XC1034784-Mallard_c_long_taking-off-SSC-1100m-022523-0818,54,data/processed/Mallard/XC1034784-Mallard_c_long_taking-off-SSC-1100m-022523-0818_chunk054.wav,3.0,XC1034784-Mallard_c_long_taking-off-SSC-1100m-022523-0818.mp3
Mallard,XC1034784-Mallard_c_long_taking-off-SSC-1100m-022523-0818,55,data/processed/Mallard/XC1034784-Mallard_c_long_taking-off-SSC-1100m-022523-0818_chunk055.wav,3.0,XC1034784-Mallard_c_long_taking-off-SSC-1100m-022523-0818.mp3
Mallard,XC1034784-Mallard_c_long_taking-off-SSC-1100m-022523-0818,56,data/processed/Mallard/XC1034784-Mallard_c_long_taking-off-SSC-1100m-022523-0818_chunk056.wav,3.0,XC1034784-Mallard_c_long_taking-off-SSC-1100m-022523-0818.mp3
Mallard,XC1034784-Mallard_c_long_taking-off-SSC-1100m-022523-0818,57,data/processed/Mallard/XC1034784-Mallard_c_long_taking-off-SSC-1100m-022523-0818_chunk057.wav,3.0,XC1034784-Mallard_c_long_taking-off-SSC-1100m-022523-0818.mp3
Mallard,XC1034784-Mallard_c_long_taking-off-SSC-1100m-022523-0818,58,data/processed/Mallard/XC1034784-Mallard_c_long_taking-off-SSC-1100m-022523-0818_chunk058.wav,3.0,XC1034784-Mallard_c_long_taking-off-SSC-1100m-022523-0818.mp3
Mallard,XC1034784-Mallard_c_long_taking-off-SSC-1100m-022523-0818,59,data/processed/Mallard/XC1034784-Mallard_c_long_taking-off-SSC-1100m-022523-0818_chunk059.wav,3.0,XC1034784-Mallard_c_long_taking-off-SSC-1100m-022523-0818.mp3
Mallard,XC1034784-Mallard_c_long_taking-off-SSC-1100m-022523-0818,60,data/processed/Mallard/XC1034784-Mallard_c_long_taking-off-SSC-1100m-022523-0818_chunk060.wav,3.0,XC1034784-Mallard_c_long_taking-off-SSC-1100m-022523-0818.mp3
Mallard,XC1034784-Mallard_c_long_taking-off-SSC-1100m-022523-0818,61,data/processed/Mallard/XC1034784-Mallard_c_long_taking-off-SSC-1100m-022523-0818_chunk061.wav,3.0,XC1034784-Mallard_c_long_taking-off-SSC-1100m-022523-0818.mp3
Mallard,XC1034784-Mallard_c_long_taking-off-SSC-1100m-022523-0818,62,data/processed/Mallard/XC1034784-Mallard_c_long_taking-off-SSC-1100m-022523-0818_chunk062.wav,3.0,XC1034784-Mallard_c_long_taking-off-SSC-1100m-022523-0818.mp3
Mallard,XC1034784-Mallard_c_long_taking-off-SSC-1100m-022523-0818,63,data/processed/Mallard/XC1034784-Mallard_c_long_taking-off-SSC-1100m-022523-0818_chunk063.wav,3.0,XC1034784-Mallard_c_long_taking-off-SSC-1100m-022523-0818.mp3
Mallard,XC1034784-Mallard_c_long_taking-off-SSC-1100m-022523-0818,64,data/processed/Mallard/XC1034784-Mallard_c_long_taking-off-SSC-1100m-022523-0818_chunk064.wav,3.0,XC1034784-Mallard_c_long_taking-off-SSC-1100m-022523-0818.mp3
Mallard,XC1034784-Mallard_c_long_taking-off-SSC-1100m-022523-0818,65,data/processed/Mallard/XC1034784-Mallard_c_long_taking-off-SSC-1100m-022523-0818_chunk065.wav,3.0,XC1034784-Mallard_c_long_taking-off-SSC-1100m-022523-0818.mp3
Mallard,XC1034784-Mallard_c_long_taking-off-SSC-1100m-022523-0818,66,data/processed/Mallard/XC1034784-Mallard_c_long_taking-off-SSC-1100m-022523-0818_chunk066.wav,3.0,XC1034784-Mallard_c_long_taking-off-SSC-1100m-022523-0818.mp3
Mallard,XC1034784-Mallard_c_long_taking-off-SSC-1100m-022523-0818,67,data/processed/Mallard/XC1034784-Mallard_c_long_taking-off-SSC-1100m-022523-0818_chunk067.wav,3.0,XC1034784-Mallard_c_long_taking-off-SSC-1100m-022523-0818.mp3
Mallard,XC1034784-Mallard_c_long_taking-off-SSC-1100m-022523-0818,68,data/processed/Mallard/XC1034784-Mallard_c_long_taking-off-SSC-1100m-022523-0818_chunk068.wav,3.0,XC1034784-Mallard_c_long_taking-off-SSC-1100m-022523-0818.mp3
Mallard,XC1035831-Sinisorsa,0,data/processed/Mallard/XC1035831-Sinisorsa_chunk000.wav,3.0,XC1035831-Sinisorsa.mp3
Mallard,XC1035831-Sinisorsa,1,data/processed/Mallard/XC1035831-Sinisorsa_chunk001.wav,3.0,XC1035831-Sinisorsa.mp3
Mallard,XC1035831-Sinisorsa,2,data/processed/Mallard/XC1035831-Sinisorsa_chunk002.wav,3.0,XC1035831-Sinisorsa.mp3
Mallard,XC1035831-Sinisorsa,3,data/processed/Mallard/XC1035831-Sinisorsa_chunk003.wav,3.0,XC1035831-Sinisorsa.mp3
Mallard,XC1035831-Sinisorsa,4,data/processed/Mallard/XC1035831-Sinisorsa_chunk004.wav,3.0,XC1035831-Sinisorsa.mp3
Mallard,XC1035831-Sinisorsa,5,data/processed/Mallard/XC1035831-Sinisorsa_chunk005.wav,3.0,XC1035831-Sinisorsa.mp3
Mallard,XC1035831-Sinisorsa,6,data/processed/Mallard/XC1035831-Sinisorsa_chunk006.wav,3.0,XC1035831-Sinisorsa.mp3
Mallard,XC1035831-Sinisorsa,7,data/processed/Mallard/XC1035831-Sinisorsa_chunk007.wav,3.0,XC1035831-Sinisorsa.mp3
Mallard,XC1035831-Sinisorsa,8,data/processed/Mallard/XC1035831-Sinisorsa_chunk008.wav,3.0,XC1035831-Sinisorsa.mp3
Mallard,XC1035831-Sinisorsa,9,data/processed/Mallard/XC1035831-Sinisorsa_chunk009.wav,3.0,XC1035831-Sinisorsa.mp3
Mallard,XC1035831-Sinisorsa,10,data/processed/Mallard/XC1035831-Sinisorsa_chunk010.wav,3.0,XC1035831-Sinisorsa.mp3
Mallard,XC1035831-Sinisorsa,11,data/processed/Mallard/XC1035831-Sinisorsa_chunk011.wav,3.0,XC1035831-Sinisorsa.mp3
Mallard,XC1035831-Sinisorsa,12,data/processed/Mallard/XC1035831-Sinisorsa_chunk012.wav,3.0,XC1035831-Sinisorsa.mp3
Mallard,XC1035831-Sinisorsa,13,data/processed/Mallard/XC1035831-Sinisorsa_chunk013.wav,3.0,XC1035831-Sinisorsa.mp3
Mallard,XC1035831-Sinisorsa,14,data/processed/Mallard/XC1035831-Sinisorsa_chunk014.wav,3.0,XC1035831-Sinisorsa.mp3
Mallard,XC1035831-Sinisorsa,15,data/processed/Mallard/XC1035831-Sinisorsa_chunk015.wav,3.0,XC1035831-Sinisorsa.mp3
Mallard,XC1035831-Sinisorsa,16,data/processed/Mallard/XC1035831-Sinisorsa_chunk016.wav,3.0,XC1035831-Sinisorsa.mp3
Mallard,XC1035831-Sinisorsa,17,data/processed/Mallard/XC1035831-Sinisorsa_chunk017.wav,3.0,XC1035831-Sinisorsa.mp3
Mallard,XC1035831-Sinisorsa,18,data/processed/Mallard/XC1035831-Sinisorsa_chunk018.wav,3.0,XC1035831-Sinisorsa.mp3
Mallard,XC1035831-Sinisorsa,19,data/processed/Mallard/XC1035831-Sinisorsa_chunk019.wav,3.0,XC1035831-Sinisorsa.mp3
Mallard,XC1082130-Anas-platyrhynchos_male-call_190226_Arroyo-de-la-Encina_1933,0,data/processed/Mallard/XC1082130-Anas-platyrhynchos_male-call_190226_Arroyo-de-la-Encina_1933_chunk000.wav,3.0,XC1082130-Anas-platyrhynchos_male-call_190226_Arroyo-de-la-Encina_1933.wav
Mallard,XC1082130-Anas-platyrhynchos_male-call_190226_Arroyo-de-la-Encina_1933,1,data/processed/Mallard/XC1082130-Anas-platyrhynchos_male-call_190226_Arroyo-de-la-Encina_1933_chunk001.wav,3.0,XC1082130-Anas-platyrhynchos_male-call_190226_Arroyo-de-la-Encina_1933.wav
Mallard,XC1082130-Anas-platyrhynchos_male-call_190226_Arroyo-de-la-Encina_1933,2,data/processed/Mallard/XC1082130-Anas-platyrhynchos_male-call_190226_Arroyo-de-la-Encina_1933_chunk002.wav,3.0,XC1082130-Anas-platyrhynchos_male-call_190226_Arroyo-de-la-Encina_1933.wav
Mallard,XC1082130-Anas-platyrhynchos_male-call_190226_Arroyo-de-la-Encina_1933,3,data/processed/Mallard/XC1082130-Anas-platyrhynchos_male-call_190226_Arroyo-de-la-Encina_1933_chunk003.wav,3.0,XC1082130-Anas-platyrhynchos_male-call_190226_Arroyo-de-la-Encina_1933.wav
Mallard,XC1082130-Anas-platyrhynchos_male-call_190226_Arroyo-de-la-Encina_1933,4,data/processed/Mallard/XC1082130-Anas-platyrhynchos_male-call_190226_Arroyo-de-la-Encina_1933_chunk004.wav,3.0,XC1082130-Anas-platyrhynchos_male-call_190226_Arroyo-de-la-Encina_1933.wav
Mallard,XC1082130-Anas-platyrhynchos_male-call_190226_Arroyo-de-la-Encina_1933,5,data/processed/Mallard/XC1082130-Anas-platyrhynchos_male-call_190226_Arroyo-de-la-Encina_1933_chunk005.wav,3.0,XC1082130-Anas-platyrhynchos_male-call_190226_Arroyo-de-la-Encina_1933.wav
Mallard,XC1082130-Anas-platyrhynchos_male-call_190226_Arroyo-de-la-Encina_1933,6,data/processed/Mallard/XC1082130-Anas-platyrhynchos_male-call_190226_Arroyo-de-la-Encina_1933_chunk006.wav,3.0,XC1082130-Anas-platyrhynchos_male-call_190226_Arroyo-de-la-Encina_1933.wav
Mallard,XC1082130-Anas-platyrhynchos_male-call_190226_Arroyo-de-la-Encina_1933,7,data/processed/Mallard/XC1082130-Anas-platyrhynchos_male-call_190226_Arroyo-de-la-Encina_1933_chunk007.wav,3.0,XC1082130-Anas-platyrhynchos_male-call_190226_Arroyo-de-la-Encina_1933.wav
Mallard,XC1082130-Anas-platyrhynchos_male-call_190226_Arroyo-de-la-Encina_1933,8,data/processed/Mallard/XC1082130-Anas-platyrhynchos_male-call_190226_Arroyo-de-la-Encina_1933_chunk008.wav,3.0,XC1082130-Anas-platyrhynchos_male-call_190226_Arroyo-de-la-Encina_1933.wav
Mallard,XC1082130-Anas-platyrhynchos_male-call_190226_Arroyo-de-la-Encina_1933,9,data/processed/Mallard/XC1082130-Anas-platyrhynchos_male-call_190226_Arroyo-de-la-Encina_1933_chunk009.wav,3.0,XC1082130-Anas-platyrhynchos_male-call_190226_Arroyo-de-la-Encina_1933.wav
Mallard,XC1082130-Anas-platyrhynchos_male-call_190226_Arroyo-de-la-Encina_1933,10,data/processed/Mallard/XC1082130-Anas-platyrhynchos_male-call_190226_Arroyo-de-la-Encina_1933_chunk010.wav,3.0,XC1082130-Anas-platyrhynchos_male-call_190226_Arroyo-de-la-Encina_1933.wav
Mallard,XC1082130-Anas-platyrhynchos_male-call_190226_Arroyo-de-la-Encina_1933,11,data/processed/Mallard/XC1082130-Anas-platyrhynchos_male-call_190226_Arroyo-de-la-Encina_1933_chunk011.wav,3.0,XC1082130-Anas-platyrhynchos_male-call_190226_Arroyo-de-la-Encina_1933.wav
Mallard,XC1082130-Anas-platyrhynchos_male-call_190226_Arroyo-de-la-Encina_1933,12,data/processed/Mallard/XC1082130-Anas-platyrhynchos_male-call_190226_Arroyo-de-la-Encina_1933_chunk012.wav,3.0,XC1082130-Anas-platyrhynchos_male-call_190226_Arroyo-de-la-Encina_1933.wav
Mallard,XC1082130-Anas-platyrhynchos_male-call_190226_Arroyo-de-la-Encina_1933,13,data/processed/Mallard/XC1082130-Anas-platyrhynchos_male-call_190226_Arroyo-de-la-Encina_1933_chunk013.wav,3.0,XC1082130-Anas-platyrhynchos_male-call_190226_Arroyo-de-la-Encina_1933.wav
Mallard,XC1082130-Anas-platyrhynchos_male-call_190226_Arroyo-de-la-Encina_1933,14,data/processed/Mallard/XC1082130-Anas-platyrhynchos_male-call_190226_Arroyo-de-la-Encina_1933_chunk014.wav,3.0,XC1082130-Anas-platyrhynchos_male-call_190226_Arroyo-de-la-Encina_1933.wav
Mallard,XC1094846-Gräsand-busör-20260321,0,data/processed/Mallard/XC1094846-Gräsand-busör-20260321_chunk000.wav,3.0,XC1094846-Gräsand-busör-20260321.wav
Mallard,XC1094846-Gräsand-busör-20260321,1,data/processed/Mallard/XC1094846-Gräsand-busör-20260321_chunk001.wav,3.0,XC1094846-Gräsand-busör-20260321.wav
Mallard,XC1094846-Gräsand-busör-20260321,2,data/processed/Mallard/XC1094846-Gräsand-busör-20260321_chunk002.wav,3.0,XC1094846-Gräsand-busör-20260321.wav
Mallard,XC396538-We_LumndaEst_170523_2141,0,data/processed/Mallard/XC396538-We_LumndaEst_170523_2141_chunk000.wav,3.0,XC396538-We_LumndaEst_170523_2141.mp3
Mallard,XC396538-We_LumndaEst_170523_2141,1,data/processed/Mallard/XC396538-We_LumndaEst_170523_2141_chunk001.wav,3.0,XC396538-We_LumndaEst_170523_2141.mp3
Mallard,XC396538-We_LumndaEst_170523_2141,2,data/processed/Mallard/XC396538-We_LumndaEst_170523_2141_chunk002.wav,3.0,XC396538-We_LumndaEst_170523_2141.mp3
Mallard,XC396538-We_LumndaEst_170523_2141,3,data/processed/Mallard/XC396538-We_LumndaEst_170523_2141_chunk003.wav,3.0,XC396538-We_LumndaEst_170523_2141.mp3
Mallard,XC396538-We_LumndaEst_170523_2141,4,data/processed/Mallard/XC396538-We_LumndaEst_170523_2141_chunk004.wav,3.0,XC396538-We_LumndaEst_170523_2141.mp3
Mallard,XC396538-We_LumndaEst_170523_2141,5,data/processed/Mallard/XC396538-We_LumndaEst_170523_2141_chunk005.wav,3.0,XC396538-We_LumndaEst_170523_2141.mp3
Mallard,XC396538-We_LumndaEst_170523_2141,6,data/processed/Mallard/XC396538-We_LumndaEst_170523_2141_chunk006.wav,3.0,XC396538-We_LumndaEst_170523_2141.mp3
Mallard,XC396538-We_LumndaEst_170523_2141,7,data/processed/Mallard/XC396538-We_LumndaEst_170523_2141_chunk007.wav,3.0,XC396538-We_LumndaEst_170523_2141.mp3
Mallard,XC396538-We_LumndaEst_170523_2141,8,data/processed/Mallard/XC396538-We_LumndaEst_170523_2141_chunk008.wav,3.0,XC396538-We_LumndaEst_170523_2141.mp3
Mallard,XC396538-We_LumndaEst_170523_2141,9,data/processed/Mallard/XC396538-We_LumndaEst_170523_2141_chunk009.wav,3.0,XC396538-We_LumndaEst_170523_2141.mp3
Mallard,XC396538-We_LumndaEst_170523_2141,10,data/processed/Mallard/XC396538-We_LumndaEst_170523_2141_chunk010.wav,3.0,XC396538-We_LumndaEst_170523_2141.mp3
Mallard,XC396538-We_LumndaEst_170523_2141,11,data/processed/Mallard/XC396538-We_LumndaEst_170523_2141_chunk011.wav,3.0,XC396538-We_LumndaEst_170523_2141.mp3
Mallard,XC396538-We_LumndaEst_170523_2141,12,data/processed/Mallard/XC396538-We_LumndaEst_170523_2141_chunk012.wav,3.0,XC396538-We_LumndaEst_170523_2141.mp3
Mallard,XC396538-We_LumndaEst_170523_2141,13,data/processed/Mallard/XC396538-We_LumndaEst_170523_2141_chunk013.wav,3.0,XC396538-We_LumndaEst_170523_2141.mp3
Mallard,XC396538-We_LumndaEst_170523_2141,14,data/processed/Mallard/XC396538-We_LumndaEst_170523_2141_chunk014.wav,3.0,XC396538-We_LumndaEst_170523_2141.mp3
Mallard,XC396538-We_LumndaEst_170523_2141,15,data/processed/Mallard/XC396538-We_LumndaEst_170523_2141_chunk015.wav,3.0,XC396538-We_LumndaEst_170523_2141.mp3
Mallard,XC396538-We_LumndaEst_170523_2141,16,data/processed/Mallard/XC396538-We_LumndaEst_170523_2141_chunk016.wav,3.0,XC396538-We_LumndaEst_170523_2141.mp3
Mallard,XC396538-We_LumndaEst_170523_2141,17,data/processed/Mallard/XC396538-We_LumndaEst_170523_2141_chunk017.wav,3.0,XC396538-We_LumndaEst_170523_2141.mp3
Mallard,XC396538-We_LumndaEst_170523_2141,18,data/processed/Mallard/XC396538-We_LumndaEst_170523_2141_chunk018.wav,3.0,XC396538-We_LumndaEst_170523_2141.mp3
Mallard,XC396538-We_LumndaEst_170523_2141,19,data/processed/Mallard/XC396538-We_LumndaEst_170523_2141_chunk019.wav,3.0,XC396538-We_LumndaEst_170523_2141.mp3
Mallard,XC396538-We_LumndaEst_170523_2141,20,data/processed/Mallard/XC396538-We_LumndaEst_170523_2141_chunk020.wav,3.0,XC396538-We_LumndaEst_170523_2141.mp3
Mallard,XC396538-We_LumndaEst_170523_2141,21,data/processed/Mallard/XC396538-We_LumndaEst_170523_2141_chunk021.wav,3.0,XC396538-We_LumndaEst_170523_2141.mp3
Mallard,XC396538-We_LumndaEst_170523_2141,22,data/processed/Mallard/XC396538-We_LumndaEst_170523_2141_chunk022.wav,3.0,XC396538-We_LumndaEst_170523_2141.mp3
Mallard,XC396538-We_LumndaEst_170523_2141,23,data/processed/Mallard/XC396538-We_LumndaEst_170523_2141_chunk023.wav,3.0,XC396538-We_LumndaEst_170523_2141.mp3
Mallard,XC396538-We_LumndaEst_170523_2141,24,data/processed/Mallard/XC396538-We_LumndaEst_170523_2141_chunk024.wav,3.0,XC396538-We_LumndaEst_170523_2141.mp3
Mallard,XC396538-We_LumndaEst_170523_2141,25,data/processed/Mallard/XC396538-We_LumndaEst_170523_2141_chunk025.wav,3.0,XC396538-We_LumndaEst_170523_2141.mp3
Mallard,XC396538-We_LumndaEst_170523_2141,26,data/processed/Mallard/XC396538-We_LumndaEst_170523_2141_chunk026.wav,3.0,XC396538-We_LumndaEst_170523_2141.mp3
Mallard,XC396538-We_LumndaEst_170523_2141,27,data/processed/Mallard/XC396538-We_LumndaEst_170523_2141_chunk027.wav,3.0,XC396538-We_LumndaEst_170523_2141.mp3
Mallard,XC396538-We_LumndaEst_170523_2141,28,data/processed/Mallard/XC396538-We_LumndaEst_170523_2141_chunk028.wav,3.0,XC396538-We_LumndaEst_170523_2141.mp3
Mallard,XC396538-We_LumndaEst_170523_2141,29,data/processed/Mallard/XC396538-We_LumndaEst_170523_2141_chunk029.wav,3.0,XC396538-We_LumndaEst_170523_2141.mp3
Mallard,XC396538-We_LumndaEst_170523_2141,30,data/processed/Mallard/XC396538-We_LumndaEst_170523_2141_chunk030.wav,3.0,XC396538-We_LumndaEst_170523_2141.mp3
Mallard,XC396538-We_LumndaEst_170523_2141,31,data/processed/Mallard/XC396538-We_LumndaEst_170523_2141_chunk031.wav,3.0,XC396538-We_LumndaEst_170523_2141.mp3
Mallard,XC396538-We_LumndaEst_170523_2141,32,data/processed/Mallard/XC396538-We_LumndaEst_170523_2141_chunk032.wav,3.0,XC396538-We_LumndaEst_170523_2141.mp3
Mallard,XC396538-We_LumndaEst_170523_2141,33,data/processed/Mallard/XC396538-We_LumndaEst_170523_2141_chunk033.wav,3.0,XC396538-We_LumndaEst_170523_2141.mp3
Mallard,XC396538-We_LumndaEst_170523_2141,34,data/processed/Mallard/XC396538-We_LumndaEst_170523_2141_chunk034.wav,3.0,XC396538-We_LumndaEst_170523_2141.mp3
Mallard,XC396538-We_LumndaEst_170523_2141,35,data/processed/Mallard/XC396538-We_LumndaEst_170523_2141_chunk035.wav,3.0,XC396538-We_LumndaEst_170523_2141.mp3
Mallard,XC396538-We_LumndaEst_170523_2141,36,data/processed/Mallard/XC396538-We_LumndaEst_170523_2141_chunk036.wav,3.0,XC396538-We_LumndaEst_170523_2141.mp3
Mallard,XC396538-We_LumndaEst_170523_2141,37,data/processed/Mallard/XC396538-We_LumndaEst_170523_2141_chunk037.wav,3.0,XC396538-We_LumndaEst_170523_2141.mp3
Mallard,XC396538-We_LumndaEst_170523_2141,38,data/processed/Mallard/XC396538-We_LumndaEst_170523_2141_chunk038.wav,3.0,XC396538-We_LumndaEst_170523_2141.mp3
Mallard,XC396538-We_LumndaEst_170523_2141,39,data/processed/Mallard/XC396538-We_LumndaEst_170523_2141_chunk039.wav,3.0,XC396538-We_LumndaEst_170523_2141.mp3
Mallard,XC396538-We_LumndaEst_170523_2141,40,data/processed/Mallard/XC396538-We_LumndaEst_170523_2141_chunk040.wav,3.0,XC396538-We_LumndaEst_170523_2141.mp3
Mallard,XC396538-We_LumndaEst_170523_2141,41,data/processed/Mallard/XC396538-We_LumndaEst_170523_2141_chunk041.wav,3.0,XC396538-We_LumndaEst_170523_2141.mp3
Mallard,XC396538-We_LumndaEst_170523_2141,42,data/processed/Mallard/XC396538-We_LumndaEst_170523_2141_chunk042.wav,3.0,XC396538-We_LumndaEst_170523_2141.mp3
Mallard,XC396538-We_LumndaEst_170523_2141,43,data/processed/Mallard/XC396538-We_LumndaEst_170523_2141_chunk043.wav,3.0,XC396538-We_LumndaEst_170523_2141.mp3
Mallard,XC396538-We_LumndaEst_170523_2141,44,data/processed/Mallard/XC396538-We_LumndaEst_170523_2141_chunk044.wav,3.0,XC396538-We_LumndaEst_170523_2141.mp3
Mallard,XC396538-We_LumndaEst_170523_2141,45,data/processed/Mallard/XC396538-We_LumndaEst_170523_2141_chunk045.wav,3.0,XC396538-We_LumndaEst_170523_2141.mp3
Mallard,XC396538-We_LumndaEst_170523_2141,46,data/processed/Mallard/XC396538-We_LumndaEst_170523_2141_chunk046.wav,3.0,XC396538-We_LumndaEst_170523_2141.mp3
Mallard,XC396538-We_LumndaEst_170523_2141,47,data/processed/Mallard/XC396538-We_LumndaEst_170523_2141_chunk047.wav,3.0,XC396538-We_LumndaEst_170523_2141.mp3
Mallard,XC396538-We_LumndaEst_170523_2141,48,data/processed/Mallard/XC396538-We_LumndaEst_170523_2141_chunk048.wav,3.0,XC396538-We_LumndaEst_170523_2141.mp3
Mallard,XC396538-We_LumndaEst_170523_2141,49,data/processed/Mallard/XC396538-We_LumndaEst_170523_2141_chunk049.wav,3.0,XC396538-We_LumndaEst_170523_2141.mp3
Mallard,XC396538-We_LumndaEst_170523_2141,50,data/processed/Mallard/XC396538-We_LumndaEst_170523_2141_chunk050.wav,3.0,XC396538-We_LumndaEst_170523_2141.mp3
Mallard,XC396538-We_LumndaEst_170523_2141,51,data/processed/Mallard/XC396538-We_LumndaEst_170523_2141_chunk051.wav,3.0,XC396538-We_LumndaEst_170523_2141.mp3
Mallard,XC396538-We_LumndaEst_170523_2141,52,data/processed/Mallard/XC396538-We_LumndaEst_170523_2141_chunk052.wav,3.0,XC396538-We_LumndaEst_170523_2141.mp3
Mallard,XC396538-We_LumndaEst_170523_2141,53,data/processed/Mallard/XC396538-We_LumndaEst_170523_2141_chunk053.wav,3.0,XC396538-We_LumndaEst_170523_2141.mp3
Mallard,XC396538-We_LumndaEst_170523_2141,54,data/processed/Mallard/XC396538-We_LumndaEst_170523_2141_chunk054.wav,3.0,XC396538-We_LumndaEst_170523_2141.mp3
Mallard,XC396538-We_LumndaEst_170523_2141,55,data/processed/Mallard/XC396538-We_LumndaEst_170523_2141_chunk055.wav,3.0,XC396538-We_LumndaEst_170523_2141.mp3
Mallard,XC396538-We_LumndaEst_170523_2141,56,data/processed/Mallard/XC396538-We_LumndaEst_170523_2141_chunk056.wav,3.0,XC396538-We_LumndaEst_170523_2141.mp3
Mallard,XC396538-We_LumndaEst_170523_2141,57,data/processed/Mallard/XC396538-We_LumndaEst_170523_2141_chunk057.wav,3.0,XC396538-We_LumndaEst_170523_2141.mp3
Mallard,XC396538-We_LumndaEst_170523_2141,58,data/processed/Mallard/XC396538-We_LumndaEst_170523_2141_chunk058.wav,3.0,XC396538-We_LumndaEst_170523_2141.mp3
Mallard,XC396538-We_LumndaEst_170523_2141,59,data/processed/Mallard/XC396538-We_LumndaEst_170523_2141_chunk059.wav,3.0,XC396538-We_LumndaEst_170523_2141.mp3
Mallard,XC396538-We_LumndaEst_170523_2141,60,data/processed/Mallard/XC396538-We_LumndaEst_170523_2141_chunk060.wav,3.0,XC396538-We_LumndaEst_170523_2141.mp3
Mallard,XC396538-We_LumndaEst_170523_2141,61,data/processed/Mallard/XC396538-We_LumndaEst_170523_2141_chunk061.wav,3.0,XC396538-We_LumndaEst_170523_2141.mp3
Mallard,XC396538-We_LumndaEst_170523_2141,62,data/processed/Mallard/XC396538-We_LumndaEst_170523_2141_chunk062.wav,3.0,XC396538-We_LumndaEst_170523_2141.mp3
Mallard,XC396538-We_LumndaEst_170523_2141,63,data/processed/Mallard/XC396538-We_LumndaEst_170523_2141_chunk063.wav,3.0,XC396538-We_LumndaEst_170523_2141.mp3
Mallard,XC396538-We_LumndaEst_170523_2141,64,data/processed/Mallard/XC396538-We_LumndaEst_170523_2141_chunk064.wav,3.0,XC396538-We_LumndaEst_170523_2141.mp3
Mallard,XC396538-We_LumndaEst_170523_2141,65,data/processed/Mallard/XC396538-We_LumndaEst_170523_2141_chunk065.wav,3.0,XC396538-We_LumndaEst_170523_2141.mp3
Mallard,XC396538-We_LumndaEst_170523_2141,66,data/processed/Mallard/XC396538-We_LumndaEst_170523_2141_chunk066.wav,3.0,XC396538-We_LumndaEst_170523_2141.mp3
Mallard,XC396538-We_LumndaEst_170523_2141,67,data/processed/Mallard/XC396538-We_LumndaEst_170523_2141_chunk067.wav,3.0,XC396538-We_LumndaEst_170523_2141.mp3
Mallard,XC396538-We_LumndaEst_170523_2141,68,data/processed/Mallard/XC396538-We_LumndaEst_170523_2141_chunk068.wav,3.0,XC396538-We_LumndaEst_170523_2141.mp3
Mallard,XC396538-We_LumndaEst_170523_2141,69,data/processed/Mallard/XC396538-We_LumndaEst_170523_2141_chunk069.wav,3.0,XC396538-We_LumndaEst_170523_2141.mp3
Mallard,XC396538-We_LumndaEst_170523_2141,70,data/processed/Mallard/XC396538-We_LumndaEst_170523_2141_chunk070.wav,3.0,XC396538-We_LumndaEst_170523_2141.mp3
Mallard,XC396538-We_LumndaEst_170523_2141,71,data/processed/Mallard/XC396538-We_LumndaEst_170523_2141_chunk071.wav,3.0,XC396538-We_LumndaEst_170523_2141.mp3
Mallard,XC396538-We_LumndaEst_170523_2141,72,data/processed/Mallard/XC396538-We_LumndaEst_170523_2141_chunk072.wav,3.0,XC396538-We_LumndaEst_170523_2141.mp3
Mallard,XC396538-We_LumndaEst_170523_2141,73,data/processed/Mallard/XC396538-We_LumndaEst_170523_2141_chunk073.wav,3.0,XC396538-We_LumndaEst_170523_2141.mp3
Mallard,XC396538-We_LumndaEst_170523_2141,74,data/processed/Mallard/XC396538-We_LumndaEst_170523_2141_chunk074.wav,3.0,XC396538-We_LumndaEst_170523_2141.mp3
Mallard,XC396538-We_LumndaEst_170523_2141,75,data/processed/Mallard/XC396538-We_LumndaEst_170523_2141_chunk075.wav,3.0,XC396538-We_LumndaEst_170523_2141.mp3
Mallard,XC396538-We_LumndaEst_170523_2141,76,data/processed/Mallard/XC396538-We_LumndaEst_170523_2141_chunk076.wav,3.0,XC396538-We_LumndaEst_170523_2141.mp3
Mallard,XC396538-We_LumndaEst_170523_2141,77,data/processed/Mallard/XC396538-We_LumndaEst_170523_2141_chunk077.wav,3.0,XC396538-We_LumndaEst_170523_2141.mp3
Mallard,XC396538-We_LumndaEst_170523_2141,78,data/processed/Mallard/XC396538-We_LumndaEst_170523_2141_chunk078.wav,3.0,XC396538-We_LumndaEst_170523_2141.mp3
Mallard,XC396538-We_LumndaEst_170523_2141,79,data/processed/Mallard/XC396538-We_LumndaEst_170523_2141_chunk079.wav,3.0,XC396538-We_LumndaEst_170523_2141.mp3
Mallard,XC396538-We_LumndaEst_170523_2141,80,data/processed/Mallard/XC396538-We_LumndaEst_170523_2141_chunk080.wav,3.0,XC396538-We_LumndaEst_170523_2141.mp3
Mallard,XC396538-We_LumndaEst_170523_2141,81,data/processed/Mallard/XC396538-We_LumndaEst_170523_2141_chunk081.wav,3.0,XC396538-We_LumndaEst_170523_2141.mp3
Mallard,XC396538-We_LumndaEst_170523_2141,82,data/processed/Mallard/XC396538-We_LumndaEst_170523_2141_chunk082.wav,3.0,XC396538-We_LumndaEst_170523_2141.mp3
Mallard,XC396538-We_LumndaEst_170523_2141,83,data/processed/Mallard/XC396538-We_LumndaEst_170523_2141_chunk083.wav,3.0,XC396538-We_LumndaEst_170523_2141.mp3
Mallard,XC396538-We_LumndaEst_170523_2141,84,data/processed/Mallard/XC396538-We_LumndaEst_170523_2141_chunk084.wav,3.0,XC396538-We_LumndaEst_170523_2141.mp3
Mallard,XC396538-We_LumndaEst_170523_2141,85,data/processed/Mallard/XC396538-We_LumndaEst_170523_2141_chunk085.wav,3.0,XC396538-We_LumndaEst_170523_2141.mp3
Mallard,XC396538-We_LumndaEst_170523_2141,86,data/processed/Mallard/XC396538-We_LumndaEst_170523_2141_chunk086.wav,3.0,XC396538-We_LumndaEst_170523_2141.mp3
Mallard,XC396538-We_LumndaEst_170523_2141,87,data/processed/Mallard/XC396538-We_LumndaEst_170523_2141_chunk087.wav,3.0,XC396538-We_LumndaEst_170523_2141.mp3
Mallard,XC396538-We_LumndaEst_170523_2141,88,data/processed/Mallard/XC396538-We_LumndaEst_170523_2141_chunk088.wav,3.0,XC396538-We_LumndaEst_170523_2141.mp3
Mallard,XC396538-We_LumndaEst_170523_2141,89,data/processed/Mallard/XC396538-We_LumndaEst_170523_2141_chunk089.wav,3.0,XC396538-We_LumndaEst_170523_2141.mp3
Mallard,XC396538-We_LumndaEst_170523_2141,90,data/processed/Mallard/XC396538-We_LumndaEst_170523_2141_chunk090.wav,3.0,XC396538-We_LumndaEst_170523_2141.mp3
Mallard,XC396538-We_LumndaEst_170523_2141,91,data/processed/Mallard/XC396538-We_LumndaEst_170523_2141_chunk091.wav,3.0,XC396538-We_LumndaEst_170523_2141.mp3
Mallard,XC396538-We_LumndaEst_170523_2141,92,data/processed/Mallard/XC396538-We_LumndaEst_170523_2141_chunk092.wav,3.0,XC396538-We_LumndaEst_170523_2141.mp3
Mallard,XC396538-We_LumndaEst_170523_2141,93,data/processed/Mallard/XC396538-We_LumndaEst_170523_2141_chunk093.wav,3.0,XC396538-We_LumndaEst_170523_2141.mp3
Mallard,XC396538-We_LumndaEst_170523_2141,94,data/processed/Mallard/XC396538-We_LumndaEst_170523_2141_chunk094.wav,3.0,XC396538-We_LumndaEst_170523_2141.mp3
Mallard,XC396538-We_LumndaEst_170523_2141,95,data/processed/Mallard/XC396538-We_LumndaEst_170523_2141_chunk095.wav,3.0,XC396538-We_LumndaEst_170523_2141.mp3
Mallard,XC396538-We_LumndaEst_170523_2141,96,data/processed/Mallard/XC396538-We_LumndaEst_170523_2141_chunk096.wav,3.0,XC396538-We_LumndaEst_170523_2141.mp3
Mallard,XC396538-We_LumndaEst_170523_2141,97,data/processed/Mallard/XC396538-We_LumndaEst_170523_2141_chunk097.wav,3.0,XC396538-We_LumndaEst_170523_2141.mp3
Mallard,XC396538-We_LumndaEst_170523_2141,98,data/processed/Mallard/XC396538-We_LumndaEst_170523_2141_chunk098.wav,3.0,XC396538-We_LumndaEst_170523_2141.mp3
Mallard,XC396538-We_LumndaEst_170523_2141,99,data/processed/Mallard/XC396538-We_LumndaEst_170523_2141_chunk099.wav,3.0,XC396538-We_LumndaEst_170523_2141.mp3
Mallard,XC396538-We_LumndaEst_170523_2141,100,data/processed/Mallard/XC396538-We_LumndaEst_170523_2141_chunk100.wav,3.0,XC396538-We_LumndaEst_170523_2141.mp3
Mallard,XC396538-We_LumndaEst_170523_2141,101,data/processed/Mallard/XC396538-We_LumndaEst_170523_2141_chunk101.wav,3.0,XC396538-We_LumndaEst_170523_2141.mp3
Mallard,XC396538-We_LumndaEst_170523_2141,102,data/processed/Mallard/XC396538-We_LumndaEst_170523_2141_chunk102.wav,3.0,XC396538-We_LumndaEst_170523_2141.mp3
Mallard,XC396538-We_LumndaEst_170523_2141,103,data/processed/Mallard/XC396538-We_LumndaEst_170523_2141_chunk103.wav,3.0,XC396538-We_LumndaEst_170523_2141.mp3
Mallard,XC396538-We_LumndaEst_170523_2141,104,data/processed/Mallard/XC396538-We_LumndaEst_170523_2141_chunk104.wav,3.0,XC396538-We_LumndaEst_170523_2141.mp3
Mallard,XC396538-We_LumndaEst_170523_2141,105,data/processed/Mallard/XC396538-We_LumndaEst_170523_2141_chunk105.wav,3.0,XC396538-We_LumndaEst_170523_2141.mp3
Mallard,XC396538-We_LumndaEst_170523_2141,106,data/processed/Mallard/XC396538-We_LumndaEst_170523_2141_chunk106.wav,3.0,XC396538-We_LumndaEst_170523_2141.mp3
Mallard,XC396538-We_LumndaEst_170523_2141,107,data/processed/Mallard/XC396538-We_LumndaEst_170523_2141_chunk107.wav,3.0,XC396538-We_LumndaEst_170523_2141.mp3
Mallard,XC396538-We_LumndaEst_170523_2141,108,data/processed/Mallard/XC396538-We_LumndaEst_170523_2141_chunk108.wav,3.0,XC396538-We_LumndaEst_170523_2141.mp3
Mallard,XC396538-We_LumndaEst_170523_2141,109,data/processed/Mallard/XC396538-We_LumndaEst_170523_2141_chunk109.wav,3.0,XC396538-We_LumndaEst_170523_2141.mp3
Mallard,XC396538-We_LumndaEst_170523_2141,110,data/processed/Mallard/XC396538-We_LumndaEst_170523_2141_chunk110.wav,3.0,XC396538-We_LumndaEst_170523_2141.mp3
Mallard,XC396538-We_LumndaEst_170523_2141,111,data/processed/Mallard/XC396538-We_LumndaEst_170523_2141_chunk111.wav,3.0,XC396538-We_LumndaEst_170523_2141.mp3
Mallard,XC396538-We_LumndaEst_170523_2141,112,data/processed/Mallard/XC396538-We_LumndaEst_170523_2141_chunk112.wav,3.0,XC396538-We_LumndaEst_170523_2141.mp3
Mallard,XC396538-We_LumndaEst_170523_2141,113,data/processed/Mallard/XC396538-We_LumndaEst_170523_2141_chunk113.wav,3.0,XC396538-We_LumndaEst_170523_2141.mp3
Mallard,XC396538-We_LumndaEst_170523_2141,114,data/processed/Mallard/XC396538-We_LumndaEst_170523_2141_chunk114.wav,3.0,XC396538-We_LumndaEst_170523_2141.mp3
Mallard,XC396538-We_LumndaEst_170523_2141,115,data/processed/Mallard/XC396538-We_LumndaEst_170523_2141_chunk115.wav,3.0,XC396538-We_LumndaEst_170523_2141.mp3
Mallard,XC396538-We_LumndaEst_170523_2141,116,data/processed/Mallard/XC396538-We_LumndaEst_170523_2141_chunk116.wav,3.0,XC396538-We_LumndaEst_170523_2141.mp3
Mallard,XC396538-We_LumndaEst_170523_2141,117,data/processed/Mallard/XC396538-We_LumndaEst_170523_2141_chunk117.wav,3.0,XC396538-We_LumndaEst_170523_2141.mp3
Mallard,XC396538-We_LumndaEst_170523_2141,118,data/processed/Mallard/XC396538-We_LumndaEst_170523_2141_chunk118.wav,3.0,XC396538-We_LumndaEst_170523_2141.mp3
Mallard,XC396538-We_LumndaEst_170523_2141,119,data/processed/Mallard/XC396538-We_LumndaEst_170523_2141_chunk119.wav,3.0,XC396538-We_LumndaEst_170523_2141.mp3
Mallard,XC396538-We_LumndaEst_170523_2141,120,data/processed/Mallard/XC396538-We_LumndaEst_170523_2141_chunk120.wav,3.0,XC396538-We_LumndaEst_170523_2141.mp3
Mallard,XC396538-We_LumndaEst_170523_2141,121,data/processed/Mallard/XC396538-We_LumndaEst_170523_2141_chunk121.wav,3.0,XC396538-We_LumndaEst_170523_2141.mp3
Mallard,XC396538-We_LumndaEst_170523_2141,122,data/processed/Mallard/XC396538-We_LumndaEst_170523_2141_chunk122.wav,3.0,XC396538-We_LumndaEst_170523_2141.mp3
Mallard,XC396538-We_LumndaEst_170523_2141,123,data/processed/Mallard/XC396538-We_LumndaEst_170523_2141_chunk123.wav,3.0,XC396538-We_LumndaEst_170523_2141.mp3
Mallard,XC396538-We_LumndaEst_170523_2141,124,data/processed/Mallard/XC396538-We_LumndaEst_170523_2141_chunk124.wav,3.0,XC396538-We_LumndaEst_170523_2141.mp3
Mallard,XC396538-We_LumndaEst_170523_2141,125,data/processed/Mallard/XC396538-We_LumndaEst_170523_2141_chunk125.wav,3.0,XC396538-We_LumndaEst_170523_2141.mp3
Mallard,XC396538-We_LumndaEst_170523_2141,126,data/processed/Mallard/XC396538-We_LumndaEst_170523_2141_chunk126.wav,3.0,XC396538-We_LumndaEst_170523_2141.mp3
Mallard,XC396538-We_LumndaEst_170523_2141,127,data/processed/Mallard/XC396538-We_LumndaEst_170523_2141_chunk127.wav,3.0,XC396538-We_LumndaEst_170523_2141.mp3
Mallard,XC396538-We_LumndaEst_170523_2141,128,data/processed/Mallard/XC396538-We_LumndaEst_170523_2141_chunk128.wav,3.0,XC396538-We_LumndaEst_170523_2141.mp3
Mallard,XC396538-We_LumndaEst_170523_2141,129,data/processed/Mallard/XC396538-We_LumndaEst_170523_2141_chunk129.wav,3.0,XC396538-We_LumndaEst_170523_2141.mp3
Mallard,XC396538-We_LumndaEst_170523_2141,130,data/processed/Mallard/XC396538-We_LumndaEst_170523_2141_chunk130.wav,3.0,XC396538-We_LumndaEst_170523_2141.mp3
Mallard,XC396538-We_LumndaEst_170523_2141,131,data/processed/Mallard/XC396538-We_LumndaEst_170523_2141_chunk131.wav,3.0,XC396538-We_LumndaEst_170523_2141.mp3
Mallard,XC396538-We_LumndaEst_170523_2141,132,data/processed/Mallard/XC396538-We_LumndaEst_170523_2141_chunk132.wav,3.0,XC396538-We_LumndaEst_170523_2141.mp3
Mallard,XC396538-We_LumndaEst_170523_2141,133,data/processed/Mallard/XC396538-We_LumndaEst_170523_2141_chunk133.wav,3.0,XC396538-We_LumndaEst_170523_2141.mp3
Mallard,XC396538-We_LumndaEst_170523_2141,134,data/processed/Mallard/XC396538-We_LumndaEst_170523_2141_chunk134.wav,3.0,XC396538-We_LumndaEst_170523_2141.mp3
Mallard,XC396538-We_LumndaEst_170523_2141,135,data/processed/Mallard/XC396538-We_LumndaEst_170523_2141_chunk135.wav,3.0,XC396538-We_LumndaEst_170523_2141.mp3
Mallard,XC396538-We_LumndaEst_170523_2141,136,data/processed/Mallard/XC396538-We_LumndaEst_170523_2141_chunk136.wav,3.0,XC396538-We_LumndaEst_170523_2141.mp3
Mallard,XC396538-We_LumndaEst_170523_2141,137,data/processed/Mallard/XC396538-We_LumndaEst_170523_2141_chunk137.wav,3.0,XC396538-We_LumndaEst_170523_2141.mp3
Mallard,XC396538-We_LumndaEst_170523_2141,138,data/processed/Mallard/XC396538-We_LumndaEst_170523_2141_chunk138.wav,3.0,XC396538-We_LumndaEst_170523_2141.mp3
Mallard,XC396538-We_LumndaEst_170523_2141,139,data/processed/Mallard/XC396538-We_LumndaEst_170523_2141_chunk139.wav,3.0,XC396538-We_LumndaEst_170523_2141.mp3
Mallard,XC396538-We_LumndaEst_170523_2141,140,data/processed/Mallard/XC396538-We_LumndaEst_170523_2141_chunk140.wav,3.0,XC396538-We_LumndaEst_170523_2141.mp3
Mallard,XC396538-We_LumndaEst_170523_2141,141,data/processed/Mallard/XC396538-We_LumndaEst_170523_2141_chunk141.wav,3.0,XC396538-We_LumndaEst_170523_2141.mp3
Mallard,XC396538-We_LumndaEst_170523_2141,142,data/processed/Mallard/XC396538-We_LumndaEst_170523_2141_chunk142.wav,3.0,XC396538-We_LumndaEst_170523_2141.mp3
Mallard,XC396538-We_LumndaEst_170523_2141,143,data/processed/Mallard/XC396538-We_LumndaEst_170523_2141_chunk143.wav,3.0,XC396538-We_LumndaEst_170523_2141.mp3
Mallard,XC396538-We_LumndaEst_170523_2141,144,data/processed/Mallard/XC396538-We_LumndaEst_170523_2141_chunk144.wav,3.0,XC396538-We_LumndaEst_170523_2141.mp3
Mallard,XC396538-We_LumndaEst_170523_2141,145,data/processed/Mallard/XC396538-We_LumndaEst_170523_2141_chunk145.wav,3.0,XC396538-We_LumndaEst_170523_2141.mp3
Mallard,XC396538-We_LumndaEst_170523_2141,146,data/processed/Mallard/XC396538-We_LumndaEst_170523_2141_chunk146.wav,3.0,XC396538-We_LumndaEst_170523_2141.mp3
Mallard,XC396538-We_LumndaEst_170523_2141,147,data/processed/Mallard/XC396538-We_LumndaEst_170523_2141_chunk147.wav,3.0,XC396538-We_LumndaEst_170523_2141.mp3
Mallard,XC396538-We_LumndaEst_170523_2141,148,data/processed/Mallard/XC396538-We_LumndaEst_170523_2141_chunk148.wav,3.0,XC396538-We_LumndaEst_170523_2141.mp3
Mallard,XC396538-We_LumndaEst_170523_2141,149,data/processed/Mallard/XC396538-We_LumndaEst_170523_2141_chunk149.wav,3.0,XC396538-We_LumndaEst_170523_2141.mp3
Mallard,XC396538-We_LumndaEst_170523_2141,150,data/processed/Mallard/XC396538-We_LumndaEst_170523_2141_chunk150.wav,3.0,XC396538-We_LumndaEst_170523_2141.mp3
Mallard,XC396538-We_LumndaEst_170523_2141,151,data/processed/Mallard/XC396538-We_LumndaEst_170523_2141_chunk151.wav,3.0,XC396538-We_LumndaEst_170523_2141.mp3
Mallard,XC396538-We_LumndaEst_170523_2141,152,data/processed/Mallard/XC396538-We_LumndaEst_170523_2141_chunk152.wav,3.0,XC396538-We_LumndaEst_170523_2141.mp3
Mallard,XC396538-We_LumndaEst_170523_2141,153,data/processed/Mallard/XC396538-We_LumndaEst_170523_2141_chunk153.wav,3.0,XC396538-We_LumndaEst_170523_2141.mp3
Mallard,XC396538-We_LumndaEst_170523_2141,154,data/processed/Mallard/XC396538-We_LumndaEst_170523_2141_chunk154.wav,3.0,XC396538-We_LumndaEst_170523_2141.mp3
Mallard,XC396538-We_LumndaEst_170523_2141,155,data/processed/Mallard/XC396538-We_LumndaEst_170523_2141_chunk155.wav,3.0,XC396538-We_LumndaEst_170523_2141.mp3
Mallard,XC396538-We_LumndaEst_170523_2141,156,data/processed/Mallard/XC396538-We_LumndaEst_170523_2141_chunk156.wav,3.0,XC396538-We_LumndaEst_170523_2141.mp3
Mallard,XC396538-We_LumndaEst_170523_2141,157,data/processed/Mallard/XC396538-We_LumndaEst_170523_2141_chunk157.wav,3.0,XC396538-We_LumndaEst_170523_2141.mp3
Mallard,XC396538-We_LumndaEst_170523_2141,158,data/processed/Mallard/XC396538-We_LumndaEst_170523_2141_chunk158.wav,3.0,XC396538-We_LumndaEst_170523_2141.mp3
Mallard,XC396538-We_LumndaEst_170523_2141,159,data/processed/Mallard/XC396538-We_LumndaEst_170523_2141_chunk159.wav,3.0,XC396538-We_LumndaEst_170523_2141.mp3
Mallard,XC396538-We_LumndaEst_170523_2141,160,data/processed/Mallard/XC396538-We_LumndaEst_170523_2141_chunk160.wav,3.0,XC396538-We_LumndaEst_170523_2141.mp3
Mallard,XC396538-We_LumndaEst_170523_2141,161,data/processed/Mallard/XC396538-We_LumndaEst_170523_2141_chunk161.wav,3.0,XC396538-We_LumndaEst_170523_2141.mp3
Mallard,XC396538-We_LumndaEst_170523_2141,162,data/processed/Mallard/XC396538-We_LumndaEst_170523_2141_chunk162.wav,3.0,XC396538-We_LumndaEst_170523_2141.mp3
Mallard,XC396538-We_LumndaEst_170523_2141,163,data/processed/Mallard/XC396538-We_LumndaEst_170523_2141_chunk163.wav,3.0,XC396538-We_LumndaEst_170523_2141.mp3
Mallard,XC396538-We_LumndaEst_170523_2141,164,data/processed/Mallard/XC396538-We_LumndaEst_170523_2141_chunk164.wav,3.0,XC396538-We_LumndaEst_170523_2141.mp3
Mallard,XC396538-We_LumndaEst_170523_2141,165,data/processed/Mallard/XC396538-We_LumndaEst_170523_2141_chunk165.wav,3.0,XC396538-We_LumndaEst_170523_2141.mp3
Mallard,XC396538-We_LumndaEst_170523_2141,166,data/processed/Mallard/XC396538-We_LumndaEst_170523_2141_chunk166.wav,3.0,XC396538-We_LumndaEst_170523_2141.mp3
Mallard,XC396538-We_LumndaEst_170523_2141,167,data/processed/Mallard/XC396538-We_LumndaEst_170523_2141_chunk167.wav,3.0,XC396538-We_LumndaEst_170523_2141.mp3
Mallard,XC396538-We_LumndaEst_170523_2141,168,data/processed/Mallard/XC396538-We_LumndaEst_170523_2141_chunk168.wav,3.0,XC396538-We_LumndaEst_170523_2141.mp3
Mallard,XC396538-We_LumndaEst_170523_2141,169,data/processed/Mallard/XC396538-We_LumndaEst_170523_2141_chunk169.wav,3.0,XC396538-We_LumndaEst_170523_2141.mp3
Mallard,XC396538-We_LumndaEst_170523_2141,170,data/processed/Mallard/XC396538-We_LumndaEst_170523_2141_chunk170.wav,3.0,XC396538-We_LumndaEst_170523_2141.mp3
Mallard,XC396538-We_LumndaEst_170523_2141,171,data/processed/Mallard/XC396538-We_LumndaEst_170523_2141_chunk171.wav,3.0,XC396538-We_LumndaEst_170523_2141.mp3
Mallard,XC396538-We_LumndaEst_170523_2141,172,data/processed/Mallard/XC396538-We_LumndaEst_170523_2141_chunk172.wav,3.0,XC396538-We_LumndaEst_170523_2141.mp3
Mallard,XC396538-We_LumndaEst_170523_2141,173,data/processed/Mallard/XC396538-We_LumndaEst_170523_2141_chunk173.wav,3.0,XC396538-We_LumndaEst_170523_2141.mp3
Mallard,XC396538-We_LumndaEst_170523_2141,174,data/processed/Mallard/XC396538-We_LumndaEst_170523_2141_chunk174.wav,3.0,XC396538-We_LumndaEst_170523_2141.mp3
Mallard,XC396538-We_LumndaEst_170523_2141,175,data/processed/Mallard/XC396538-We_LumndaEst_170523_2141_chunk175.wav,3.0,XC396538-We_LumndaEst_170523_2141.mp3
Mallard,XC396538-We_LumndaEst_170523_2141,176,data/processed/Mallard/XC396538-We_LumndaEst_170523_2141_chunk176.wav,3.0,XC396538-We_LumndaEst_170523_2141.mp3
Mallard,XC396538-We_LumndaEst_170523_2141,177,data/processed/Mallard/XC396538-We_LumndaEst_170523_2141_chunk177.wav,3.0,XC396538-We_LumndaEst_170523_2141.mp3
Mallard,XC396538-We_LumndaEst_170523_2141,178,data/processed/Mallard/XC396538-We_LumndaEst_170523_2141_chunk178.wav,3.0,XC396538-We_LumndaEst_170523_2141.mp3
Mallard,XC396538-We_LumndaEst_170523_2141,179,data/processed/Mallard/XC396538-We_LumndaEst_170523_2141_chunk179.wav,3.0,XC396538-We_LumndaEst_170523_2141.mp3
Mallard,XC396538-We_LumndaEst_170523_2141,180,data/processed/Mallard/XC396538-We_LumndaEst_170523_2141_chunk180.wav,3.0,XC396538-We_LumndaEst_170523_2141.mp3
Mallard,XC396538-We_LumndaEst_170523_2141,181,data/processed/Mallard/XC396538-We_LumndaEst_170523_2141_chunk181.wav,3.0,XC396538-We_LumndaEst_170523_2141.mp3
Mallard,XC396538-We_LumndaEst_170523_2141,182,data/processed/Mallard/XC396538-We_LumndaEst_170523_2141_chunk182.wav,3.0,XC396538-We_LumndaEst_170523_2141.mp3
Mallard,XC396538-We_LumndaEst_170523_2141,183,data/processed/Mallard/XC396538-We_LumndaEst_170523_2141_chunk183.wav,3.0,XC396538-We_LumndaEst_170523_2141.mp3
Mallard,XC396538-We_LumndaEst_170523_2141,184,data/processed/Mallard/XC396538-We_LumndaEst_170523_2141_chunk184.wav,3.0,XC396538-We_LumndaEst_170523_2141.mp3
Mallard,XC396538-We_LumndaEst_170523_2141,185,data/processed/Mallard/XC396538-We_LumndaEst_170523_2141_chunk185.wav,3.0,XC396538-We_LumndaEst_170523_2141.mp3
Mallard,XC396538-We_LumndaEst_170523_2141,186,data/processed/Mallard/XC396538-We_LumndaEst_170523_2141_chunk186.wav,3.0,XC396538-We_LumndaEst_170523_2141.mp3
Mallard,XC396538-We_LumndaEst_170523_2141,187,data/processed/Mallard/XC396538-We_LumndaEst_170523_2141_chunk187.wav,3.0,XC396538-We_LumndaEst_170523_2141.mp3
Mallard,XC396538-We_LumndaEst_170523_2141,188,data/processed/Mallard/XC396538-We_LumndaEst_170523_2141_chunk188.wav,3.0,XC396538-We_LumndaEst_170523_2141.mp3
Mallard,XC396538-We_LumndaEst_170523_2141,189,data/processed/Mallard/XC396538-We_LumndaEst_170523_2141_chunk189.wav,3.0,XC396538-We_LumndaEst_170523_2141.mp3
Mallard,XC396538-We_LumndaEst_170523_2141,190,data/processed/Mallard/XC396538-We_LumndaEst_170523_2141_chunk190.wav,3.0,XC396538-We_LumndaEst_170523_2141.mp3
Mallard,XC396538-We_LumndaEst_170523_2141,191,data/processed/Mallard/XC396538-We_LumndaEst_170523_2141_chunk191.wav,3.0,XC396538-We_LumndaEst_170523_2141.mp3
Mallard,XC396538-We_LumndaEst_170523_2141,192,data/processed/Mallard/XC396538-We_LumndaEst_170523_2141_chunk192.wav,3.0,XC396538-We_LumndaEst_170523_2141.mp3
Mallard,XC396538-We_LumndaEst_170523_2141,193,data/processed/Mallard/XC396538-We_LumndaEst_170523_2141_chunk193.wav,3.0,XC396538-We_LumndaEst_170523_2141.mp3
Mallard,XC396538-We_LumndaEst_170523_2141,194,data/processed/Mallard/XC396538-We_LumndaEst_170523_2141_chunk194.wav,3.0,XC396538-We_LumndaEst_170523_2141.mp3
Mallard,XC396538-We_LumndaEst_170523_2141,195,data/processed/Mallard/XC396538-We_LumndaEst_170523_2141_chunk195.wav,3.0,XC396538-We_LumndaEst_170523_2141.mp3
Mallard,XC396538-We_LumndaEst_170523_2141,196,data/processed/Mallard/XC396538-We_LumndaEst_170523_2141_chunk196.wav,3.0,XC396538-We_LumndaEst_170523_2141.mp3
Mallard,XC396538-We_LumndaEst_170523_2141,197,data/processed/Mallard/XC396538-We_LumndaEst_170523_2141_chunk197.wav,3.0,XC396538-We_LumndaEst_170523_2141.mp3
Mallard,XC396538-We_LumndaEst_170523_2141,198,data/processed/Mallard/XC396538-We_LumndaEst_170523_2141_chunk198.wav,3.0,XC396538-We_LumndaEst_170523_2141.mp3
Mallard,XC396538-We_LumndaEst_170523_2141,199,data/processed/Mallard/XC396538-We_LumndaEst_170523_2141_chunk199.wav,3.0,XC396538-We_LumndaEst_170523_2141.mp3
Mallard,XC396538-We_LumndaEst_170523_2141,200,data/processed/Mallard/XC396538-We_LumndaEst_170523_2141_chunk200.wav,3.0,XC396538-We_LumndaEst_170523_2141.mp3
Mallard,XC396538-We_LumndaEst_170523_2141,201,data/processed/Mallard/XC396538-We_LumndaEst_170523_2141_chunk201.wav,3.0,XC396538-We_LumndaEst_170523_2141.mp3
Mallard,XC396538-We_LumndaEst_170523_2141,202,data/processed/Mallard/XC396538-We_LumndaEst_170523_2141_chunk202.wav,3.0,XC396538-We_LumndaEst_170523_2141.mp3
Mallard,XC396538-We_LumndaEst_170523_2141,203,data/processed/Mallard/XC396538-We_LumndaEst_170523_2141_chunk203.wav,3.0,XC396538-We_LumndaEst_170523_2141.mp3
Mallard,XC396538-We_LumndaEst_170523_2141,204,data/processed/Mallard/XC396538-We_LumndaEst_170523_2141_chunk204.wav,3.0,XC396538-We_LumndaEst_170523_2141.mp3
Mallard,XC396538-We_LumndaEst_170523_2141,205,data/processed/Mallard/XC396538-We_LumndaEst_170523_2141_chunk205.wav,3.0,XC396538-We_LumndaEst_170523_2141.mp3
Mallard,XC396538-We_LumndaEst_170523_2141,206,data/processed/Mallard/XC396538-We_LumndaEst_170523_2141_chunk206.wav,3.0,XC396538-We_LumndaEst_170523_2141.mp3
Mallard,XC396538-We_LumndaEst_170523_2141,207,data/processed/Mallard/XC396538-We_LumndaEst_170523_2141_chunk207.wav,3.0,XC396538-We_LumndaEst_170523_2141.mp3
Mallard,XC396538-We_LumndaEst_170523_2141,208,data/processed/Mallard/XC396538-We_LumndaEst_170523_2141_chunk208.wav,3.0,XC396538-We_LumndaEst_170523_2141.mp3
Mallard,XC396538-We_LumndaEst_170523_2141,209,data/processed/Mallard/XC396538-We_LumndaEst_170523_2141_chunk209.wav,3.0,XC396538-We_LumndaEst_170523_2141.mp3
Mallard,XC396538-We_LumndaEst_170523_2141,210,data/processed/Mallard/XC396538-We_LumndaEst_170523_2141_chunk210.wav,3.0,XC396538-We_LumndaEst_170523_2141.mp3
Mallard,XC396538-We_LumndaEst_170523_2141,211,data/processed/Mallard/XC396538-We_LumndaEst_170523_2141_chunk211.wav,3.0,XC396538-We_LumndaEst_170523_2141.mp3
Mallard,XC396538-We_LumndaEst_170523_2141,212,data/processed/Mallard/XC396538-We_LumndaEst_170523_2141_chunk212.wav,3.0,XC396538-We_LumndaEst_170523_2141.mp3
Mallard,XC396538-We_LumndaEst_170523_2141,213,data/processed/Mallard/XC396538-We_LumndaEst_170523_2141_chunk213.wav,3.0,XC396538-We_LumndaEst_170523_2141.mp3
Mallard,XC433108-mallard-own,0,data/processed/Mallard/XC433108-mallard-own_chunk000.wav,3.0,XC433108-mallard-own.mp3
Mallard,XC433108-mallard-own,1,data/processed/Mallard/XC433108-mallard-own_chunk001.wav,3.0,XC433108-mallard-own.mp3
Mallard,XC433108-mallard-own,2,data/processed/Mallard/XC433108-mallard-own_chunk002.wav,3.0,XC433108-mallard-own.mp3
Mallard,XC433108-mallard-own,3,data/processed/Mallard/XC433108-mallard-own_chunk003.wav,3.0,XC433108-mallard-own.mp3
Mallard,XC433108-mallard-own,4,data/processed/Mallard/XC433108-mallard-own_chunk004.wav,3.0,XC433108-mallard-own.mp3
Mallard,XC433108-mallard-own,5,data/processed/Mallard/XC433108-mallard-own_chunk005.wav,3.0,XC433108-mallard-own.mp3
Mallard,XC433108-mallard-own,6,data/processed/Mallard/XC433108-mallard-own_chunk006.wav,3.0,XC433108-mallard-own.mp3
Mallard,XC433108-mallard-own,7,data/processed/Mallard/XC433108-mallard-own_chunk007.wav,3.0,XC433108-mallard-own.mp3
Mallard,XC459630-CANARD,0,data/processed/Mallard/XC459630-CANARD_chunk000.wav,3.0,XC459630-CANARD COLVERT  ROS B HHP 05 10 18 XC.mp3
Mallard,XC459630-CANARD,1,data/processed/Mallard/XC459630-CANARD_chunk001.wav,3.0,XC459630-CANARD COLVERT  ROS B HHP 05 10 18 XC.mp3
Mallard,XC459630-CANARD,2,data/processed/Mallard/XC459630-CANARD_chunk002.wav,3.0,XC459630-CANARD COLVERT  ROS B HHP 05 10 18 XC.mp3
Mallard,XC459630-CANARD,3,data/processed/Mallard/XC459630-CANARD_chunk003.wav,3.0,XC459630-CANARD COLVERT  ROS B HHP 05 10 18 XC.mp3
Mallard,XC459630-CANARD,4,data/processed/Mallard/XC459630-CANARD_chunk004.wav,3.0,XC459630-CANARD COLVERT  ROS B HHP 05 10 18 XC.mp3
Mallard,XC459630-CANARD,5,data/processed/Mallard/XC459630-CANARD_chunk005.wav,3.0,XC459630-CANARD COLVERT  ROS B HHP 05 10 18 XC.mp3
Mallard,XC459630-CANARD,6,data/processed/Mallard/XC459630-CANARD_chunk006.wav,3.0,XC459630-CANARD COLVERT  ROS B HHP 05 10 18 XC.mp3
Mallard,XC459630-CANARD,7,data/processed/Mallard/XC459630-CANARD_chunk007.wav,3.0,XC459630-CANARD COLVERT  ROS B HHP 05 10 18 XC.mp3
Mallard,XC459630-CANARD,8,data/processed/Mallard/XC459630-CANARD_chunk008.wav,3.0,XC459630-CANARD COLVERT  ROS B HHP 05 10 18 XC.mp3
Mallard,XC459630-CANARD,9,data/processed/Mallard/XC459630-CANARD_chunk009.wav,3.0,XC459630-CANARD COLVERT  ROS B HHP 05 10 18 XC.mp3
Mallard,XC459630-CANARD,10,data/processed/Mallard/XC459630-CANARD_chunk010.wav,3.0,XC459630-CANARD COLVERT  ROS B HHP 05 10 18 XC.mp3
Mallard,XC459630-CANARD,11,data/processed/Mallard/XC459630-CANARD_chunk011.wav,3.0,XC459630-CANARD COLVERT  ROS B HHP 05 10 18 XC.mp3
Mallard,XC459630-CANARD,12,data/processed/Mallard/XC459630-CANARD_chunk012.wav,3.0,XC459630-CANARD COLVERT  ROS B HHP 05 10 18 XC.mp3
Mallard,XC459630-CANARD,13,data/processed/Mallard/XC459630-CANARD_chunk013.wav,3.0,XC459630-CANARD COLVERT  ROS B HHP 05 10 18 XC.mp3
Mallard,XC459630-CANARD,14,data/processed/Mallard/XC459630-CANARD_chunk014.wav,3.0,XC459630-CANARD COLVERT  ROS B HHP 05 10 18 XC.mp3
Mallard,XC459630-CANARD,15,data/processed/Mallard/XC459630-CANARD_chunk015.wav,3.0,XC459630-CANARD COLVERT  ROS B HHP 05 10 18 XC.mp3
Mallard,XC459630-CANARD,16,data/processed/Mallard/XC459630-CANARD_chunk016.wav,3.0,XC459630-CANARD COLVERT  ROS B HHP 05 10 18 XC.mp3
Mallard,XC459630-CANARD,17,data/processed/Mallard/XC459630-CANARD_chunk017.wav,3.0,XC459630-CANARD COLVERT  ROS B HHP 05 10 18 XC.mp3
Mallard,XC459630-CANARD,18,data/processed/Mallard/XC459630-CANARD_chunk018.wav,3.0,XC459630-CANARD COLVERT  ROS B HHP 05 10 18 XC.mp3
Mallard,XC459630-CANARD,19,data/processed/Mallard/XC459630-CANARD_chunk019.wav,3.0,XC459630-CANARD COLVERT  ROS B HHP 05 10 18 XC.mp3
Mallard,XC459630-CANARD,20,data/processed/Mallard/XC459630-CANARD_chunk020.wav,3.0,XC459630-CANARD COLVERT  ROS B HHP 05 10 18 XC.mp3
Mallard,XC459630-CANARD,21,data/processed/Mallard/XC459630-CANARD_chunk021.wav,3.0,XC459630-CANARD COLVERT  ROS B HHP 05 10 18 XC.mp3
Mallard,XC459630-CANARD,22,data/processed/Mallard/XC459630-CANARD_chunk022.wav,3.0,XC459630-CANARD COLVERT  ROS B HHP 05 10 18 XC.mp3
Mallard,XC459630-CANARD,23,data/processed/Mallard/XC459630-CANARD_chunk023.wav,3.0,XC459630-CANARD COLVERT  ROS B HHP 05 10 18 XC.mp3
Mallard,XC459630-CANARD,24,data/processed/Mallard/XC459630-CANARD_chunk024.wav,3.0,XC459630-CANARD COLVERT  ROS B HHP 05 10 18 XC.mp3
Mallard,XC459630-CANARD,25,data/processed/Mallard/XC459630-CANARD_chunk025.wav,3.0,XC459630-CANARD COLVERT  ROS B HHP 05 10 18 XC.mp3
Mallard,XC459630-CANARD,26,data/processed/Mallard/XC459630-CANARD_chunk026.wav,3.0,XC459630-CANARD COLVERT  ROS B HHP 05 10 18 XC.mp3
Mallard,XC459630-CANARD,27,data/processed/Mallard/XC459630-CANARD_chunk027.wav,3.0,XC459630-CANARD COLVERT  ROS B HHP 05 10 18 XC.mp3
Mallard,XC459630-CANARD,28,data/processed/Mallard/XC459630-CANARD_chunk028.wav,3.0,XC459630-CANARD COLVERT  ROS B HHP 05 10 18 XC.mp3
Mallard,XC459630-CANARD,29,data/processed/Mallard/XC459630-CANARD_chunk029.wav,3.0,XC459630-CANARD COLVERT  ROS B HHP 05 10 18 XC.mp3
Mallard,XC459630-CANARD,30,data/processed/Mallard/XC459630-CANARD_chunk030.wav,3.0,XC459630-CANARD COLVERT  ROS B HHP 05 10 18 XC.mp3
Mallard,XC459630-CANARD,31,data/processed/Mallard/XC459630-CANARD_chunk031.wav,3.0,XC459630-CANARD COLVERT  ROS B HHP 05 10 18 XC.mp3
Mallard,XC459630-CANARD,32,data/processed/Mallard/XC459630-CANARD_chunk032.wav,3.0,XC459630-CANARD COLVERT  ROS B HHP 05 10 18 XC.mp3
Mallard,XC459630-CANARD,33,data/processed/Mallard/XC459630-CANARD_chunk033.wav,3.0,XC459630-CANARD COLVERT  ROS B HHP 05 10 18 XC.mp3
Mallard,XC459630-CANARD,34,data/processed/Mallard/XC459630-CANARD_chunk034.wav,3.0,XC459630-CANARD COLVERT  ROS B HHP 05 10 18 XC.mp3
Mallard,XC459630-CANARD,35,data/processed/Mallard/XC459630-CANARD_chunk035.wav,3.0,XC459630-CANARD COLVERT  ROS B HHP 05 10 18 XC.mp3
Mallard,XC459630-CANARD,36,data/processed/Mallard/XC459630-CANARD_chunk036.wav,3.0,XC459630-CANARD COLVERT  ROS B HHP 05 10 18 XC.mp3
Mallard,XC459630-CANARD,37,data/processed/Mallard/XC459630-CANARD_chunk037.wav,3.0,XC459630-CANARD COLVERT  ROS B HHP 05 10 18 XC.mp3
Mallard,XC459630-CANARD,38,data/processed/Mallard/XC459630-CANARD_chunk038.wav,3.0,XC459630-CANARD COLVERT  ROS B HHP 05 10 18 XC.mp3
Mallard,XC459630-CANARD,39,data/processed/Mallard/XC459630-CANARD_chunk039.wav,3.0,XC459630-CANARD COLVERT  ROS B HHP 05 10 18 XC.mp3
Mallard,XC459630-CANARD,40,data/processed/Mallard/XC459630-CANARD_chunk040.wav,3.0,XC459630-CANARD COLVERT  ROS B HHP 05 10 18 XC.mp3
Mallard,XC459630-CANARD,41,data/processed/Mallard/XC459630-CANARD_chunk041.wav,3.0,XC459630-CANARD COLVERT  ROS B HHP 05 10 18 XC.mp3
Mallard,XC459630-CANARD,42,data/processed/Mallard/XC459630-CANARD_chunk042.wav,3.0,XC459630-CANARD COLVERT  ROS B HHP 05 10 18 XC.mp3
Mallard,XC459630-CANARD,43,data/processed/Mallard/XC459630-CANARD_chunk043.wav,3.0,XC459630-CANARD COLVERT  ROS B HHP 05 10 18 XC.mp3
Mallard,XC459630-CANARD,44,data/processed/Mallard/XC459630-CANARD_chunk044.wav,3.0,XC459630-CANARD COLVERT  ROS B HHP 05 10 18 XC.mp3
Mallard,XC459630-CANARD,45,data/processed/Mallard/XC459630-CANARD_chunk045.wav,3.0,XC459630-CANARD COLVERT  ROS B HHP 05 10 18 XC.mp3
Mallard,XC459630-CANARD,46,data/processed/Mallard/XC459630-CANARD_chunk046.wav,3.0,XC459630-CANARD COLVERT  ROS B HHP 05 10 18 XC.mp3
Mallard,XC459630-CANARD,47,data/processed/Mallard/XC459630-CANARD_chunk047.wav,3.0,XC459630-CANARD COLVERT  ROS B HHP 05 10 18 XC.mp3
Mallard,XC459630-CANARD,48,data/processed/Mallard/XC459630-CANARD_chunk048.wav,3.0,XC459630-CANARD COLVERT  ROS B HHP 05 10 18 XC.mp3
Mallard,XC459630-CANARD,49,data/processed/Mallard/XC459630-CANARD_chunk049.wav,3.0,XC459630-CANARD COLVERT  ROS B HHP 05 10 18 XC.mp3
Mallard,XC459630-CANARD,50,data/processed/Mallard/XC459630-CANARD_chunk050.wav,3.0,XC459630-CANARD COLVERT  ROS B HHP 05 10 18 XC.mp3
Mallard,XC459630-CANARD,51,data/processed/Mallard/XC459630-CANARD_chunk051.wav,3.0,XC459630-CANARD COLVERT  ROS B HHP 05 10 18 XC.mp3
Mallard,XC459630-CANARD,52,data/processed/Mallard/XC459630-CANARD_chunk052.wav,3.0,XC459630-CANARD COLVERT  ROS B HHP 05 10 18 XC.mp3
Mallard,XC459630-CANARD,53,data/processed/Mallard/XC459630-CANARD_chunk053.wav,3.0,XC459630-CANARD COLVERT  ROS B HHP 05 10 18 XC.mp3
Mallard,XC459630-CANARD,54,data/processed/Mallard/XC459630-CANARD_chunk054.wav,3.0,XC459630-CANARD COLVERT  ROS B HHP 05 10 18 XC.mp3
Mallard,XC459630-CANARD,55,data/processed/Mallard/XC459630-CANARD_chunk055.wav,3.0,XC459630-CANARD COLVERT  ROS B HHP 05 10 18 XC.mp3
Mallard,XC459630-CANARD,56,data/processed/Mallard/XC459630-CANARD_chunk056.wav,3.0,XC459630-CANARD COLVERT  ROS B HHP 05 10 18 XC.mp3
Mallard,XC459630-CANARD,57,data/processed/Mallard/XC459630-CANARD_chunk057.wav,3.0,XC459630-CANARD COLVERT  ROS B HHP 05 10 18 XC.mp3
Mallard,XC459630-CANARD,58,data/processed/Mallard/XC459630-CANARD_chunk058.wav,3.0,XC459630-CANARD COLVERT  ROS B HHP 05 10 18 XC.mp3
Mallard,XC459630-CANARD,59,data/processed/Mallard/XC459630-CANARD_chunk059.wav,3.0,XC459630-CANARD COLVERT  ROS B HHP 05 10 18 XC.mp3
Mallard,XC459630-CANARD,60,data/processed/Mallard/XC459630-CANARD_chunk060.wav,3.0,XC459630-CANARD COLVERT  ROS B HHP 05 10 18 XC.mp3
Mallard,XC459630-CANARD,61,data/processed/Mallard/XC459630-CANARD_chunk061.wav,3.0,XC459630-CANARD COLVERT  ROS B HHP 05 10 18 XC.mp3
Mallard,XC459630-CANARD,62,data/processed/Mallard/XC459630-CANARD_chunk062.wav,3.0,XC459630-CANARD COLVERT  ROS B HHP 05 10 18 XC.mp3
Mallard,XC459630-CANARD,63,data/processed/Mallard/XC459630-CANARD_chunk063.wav,3.0,XC459630-CANARD COLVERT  ROS B HHP 05 10 18 XC.mp3
Mallard,XC459630-CANARD,64,data/processed/Mallard/XC459630-CANARD_chunk064.wav,3.0,XC459630-CANARD COLVERT  ROS B HHP 05 10 18 XC.mp3
Mallard,XC459630-CANARD,65,data/processed/Mallard/XC459630-CANARD_chunk065.wav,3.0,XC459630-CANARD COLVERT  ROS B HHP 05 10 18 XC.mp3
Mallard,XC459630-CANARD,66,data/processed/Mallard/XC459630-CANARD_chunk066.wav,3.0,XC459630-CANARD COLVERT  ROS B HHP 05 10 18 XC.mp3
Mallard,XC459630-CANARD,67,data/processed/Mallard/XC459630-CANARD_chunk067.wav,3.0,XC459630-CANARD COLVERT  ROS B HHP 05 10 18 XC.mp3
Mallard,XC459630-CANARD,68,data/processed/Mallard/XC459630-CANARD_chunk068.wav,3.0,XC459630-CANARD COLVERT  ROS B HHP 05 10 18 XC.mp3
Mallard,XC459630-CANARD,69,data/processed/Mallard/XC459630-CANARD_chunk069.wav,3.0,XC459630-CANARD COLVERT  ROS B HHP 05 10 18 XC.mp3
Mallard,XC459630-CANARD,70,data/processed/Mallard/XC459630-CANARD_chunk070.wav,3.0,XC459630-CANARD COLVERT  ROS B HHP 05 10 18 XC.mp3
Mallard,XC459630-CANARD,71,data/processed/Mallard/XC459630-CANARD_chunk071.wav,3.0,XC459630-CANARD COLVERT  ROS B HHP 05 10 18 XC.mp3
Mallard,XC459630-CANARD,72,data/processed/Mallard/XC459630-CANARD_chunk072.wav,3.0,XC459630-CANARD COLVERT  ROS B HHP 05 10 18 XC.mp3
Mallard,XC459630-CANARD,73,data/processed/Mallard/XC459630-CANARD_chunk073.wav,3.0,XC459630-CANARD COLVERT  ROS B HHP 05 10 18 XC.mp3
Mallard,XC459630-CANARD,74,data/processed/Mallard/XC459630-CANARD_chunk074.wav,3.0,XC459630-CANARD COLVERT  ROS B HHP 05 10 18 XC.mp3
Mallard,XC459630-CANARD,75,data/processed/Mallard/XC459630-CANARD_chunk075.wav,3.0,XC459630-CANARD COLVERT  ROS B HHP 05 10 18 XC.mp3
Mallard,XC459630-CANARD,76,data/processed/Mallard/XC459630-CANARD_chunk076.wav,3.0,XC459630-CANARD COLVERT  ROS B HHP 05 10 18 XC.mp3
Mallard,XC459630-CANARD,77,data/processed/Mallard/XC459630-CANARD_chunk077.wav,3.0,XC459630-CANARD COLVERT  ROS B HHP 05 10 18 XC.mp3
Mallard,XC459630-CANARD,78,data/processed/Mallard/XC459630-CANARD_chunk078.wav,3.0,XC459630-CANARD COLVERT  ROS B HHP 05 10 18 XC.mp3
Mallard,XC459630-CANARD,79,data/processed/Mallard/XC459630-CANARD_chunk079.wav,3.0,XC459630-CANARD COLVERT  ROS B HHP 05 10 18 XC.mp3
Mallard,XC459630-CANARD,80,data/processed/Mallard/XC459630-CANARD_chunk080.wav,3.0,XC459630-CANARD COLVERT  ROS B HHP 05 10 18 XC.mp3
Mallard,XC461763-Canard-colvert_01,0,data/processed/Mallard/XC461763-Canard-colvert_01_chunk000.wav,3.0,XC461763-Canard-colvert_01.mp3
Mallard,XC461763-Canard-colvert_01,1,data/processed/Mallard/XC461763-Canard-colvert_01_chunk001.wav,3.0,XC461763-Canard-colvert_01.mp3
Mallard,XC461763-Canard-colvert_01,2,data/processed/Mallard/XC461763-Canard-colvert_01_chunk002.wav,3.0,XC461763-Canard-colvert_01.mp3
Mallard,XC461763-Canard-colvert_01,3,data/processed/Mallard/XC461763-Canard-colvert_01_chunk003.wav,3.0,XC461763-Canard-colvert_01.mp3
Mallard,XC461763-Canard-colvert_01,4,data/processed/Mallard/XC461763-Canard-colvert_01_chunk004.wav,3.0,XC461763-Canard-colvert_01.mp3
Mallard,XC461763-Canard-colvert_01,5,data/processed/Mallard/XC461763-Canard-colvert_01_chunk005.wav,3.0,XC461763-Canard-colvert_01.mp3
Mallard,XC461763-Canard-colvert_01,6,data/processed/Mallard/XC461763-Canard-colvert_01_chunk006.wav,3.0,XC461763-Canard-colvert_01.mp3
Mallard,XC461763-Canard-colvert_01,7,data/processed/Mallard/XC461763-Canard-colvert_01_chunk007.wav,3.0,XC461763-Canard-colvert_01.mp3
Mallard,XC461763-Canard-colvert_01,8,data/processed/Mallard/XC461763-Canard-colvert_01_chunk008.wav,3.0,XC461763-Canard-colvert_01.mp3
Mallard,XC461763-Canard-colvert_01,9,data/processed/Mallard/XC461763-Canard-colvert_01_chunk009.wav,3.0,XC461763-Canard-colvert_01.mp3
Mallard,XC461763-Canard-colvert_01,10,data/processed/Mallard/XC461763-Canard-colvert_01_chunk010.wav,3.0,XC461763-Canard-colvert_01.mp3
Mallard,XC461763-Canard-colvert_01,11,data/processed/Mallard/XC461763-Canard-colvert_01_chunk011.wav,3.0,XC461763-Canard-colvert_01.mp3
Mallard,XC461763-Canard-colvert_01,12,data/processed/Mallard/XC461763-Canard-colvert_01_chunk012.wav,3.0,XC461763-Canard-colvert_01.mp3
Mallard,XC461763-Canard-colvert_01,13,data/processed/Mallard/XC461763-Canard-colvert_01_chunk013.wav,3.0,XC461763-Canard-colvert_01.mp3
Mallard,XC461763-Canard-colvert_01,14,data/processed/Mallard/XC461763-Canard-colvert_01_chunk014.wav,3.0,XC461763-Canard-colvert_01.mp3
Mallard,XC461763-Canard-colvert_01,15,data/processed/Mallard/XC461763-Canard-colvert_01_chunk015.wav,3.0,XC461763-Canard-colvert_01.mp3
Mallard,XC461763-Canard-colvert_01,16,data/processed/Mallard/XC461763-Canard-colvert_01_chunk016.wav,3.0,XC461763-Canard-colvert_01.mp3
Mallard,XC461763-Canard-colvert_01,17,data/processed/Mallard/XC461763-Canard-colvert_01_chunk017.wav,3.0,XC461763-Canard-colvert_01.mp3
Mallard,XC461763-Canard-colvert_01,18,data/processed/Mallard/XC461763-Canard-colvert_01_chunk018.wav,3.0,XC461763-Canard-colvert_01.mp3
Mallard,XC461763-Canard-colvert_01,19,data/processed/Mallard/XC461763-Canard-colvert_01_chunk019.wav,3.0,XC461763-Canard-colvert_01.mp3
Mallard,XC461763-Canard-colvert_01,20,data/processed/Mallard/XC461763-Canard-colvert_01_chunk020.wav,3.0,XC461763-Canard-colvert_01.mp3
Mallard,XC461763-Canard-colvert_01,21,data/processed/Mallard/XC461763-Canard-colvert_01_chunk021.wav,3.0,XC461763-Canard-colvert_01.mp3
Mallard,XC461763-Canard-colvert_01,22,data/processed/Mallard/XC461763-Canard-colvert_01_chunk022.wav,3.0,XC461763-Canard-colvert_01.mp3
Mallard,XC461763-Canard-colvert_01,23,data/processed/Mallard/XC461763-Canard-colvert_01_chunk023.wav,3.0,XC461763-Canard-colvert_01.mp3
Mallard,XC461763-Canard-colvert_01,24,data/processed/Mallard/XC461763-Canard-colvert_01_chunk024.wav,3.0,XC461763-Canard-colvert_01.mp3
Mallard,XC461763-Canard-colvert_01,25,data/processed/Mallard/XC461763-Canard-colvert_01_chunk025.wav,3.0,XC461763-Canard-colvert_01.mp3
Mallard,XC461763-Canard-colvert_01,26,data/processed/Mallard/XC461763-Canard-colvert_01_chunk026.wav,3.0,XC461763-Canard-colvert_01.mp3
Mallard,XC461763-Canard-colvert_01,27,data/processed/Mallard/XC461763-Canard-colvert_01_chunk027.wav,3.0,XC461763-Canard-colvert_01.mp3
Mallard,XC461763-Canard-colvert_01,28,data/processed/Mallard/XC461763-Canard-colvert_01_chunk028.wav,3.0,XC461763-Canard-colvert_01.mp3
Mallard,XC461763-Canard-colvert_01,29,data/processed/Mallard/XC461763-Canard-colvert_01_chunk029.wav,3.0,XC461763-Canard-colvert_01.mp3
Mallard,XC461763-Canard-colvert_01,30,data/processed/Mallard/XC461763-Canard-colvert_01_chunk030.wav,3.0,XC461763-Canard-colvert_01.mp3
Mallard,XC461763-Canard-colvert_01,31,data/processed/Mallard/XC461763-Canard-colvert_01_chunk031.wav,3.0,XC461763-Canard-colvert_01.mp3
Mallard,XC462593-Canard,0,data/processed/Mallard/XC462593-Canard_chunk000.wav,3.0,XC462593-Canard colvert femelle envol +.mp3
Mallard,XC462593-Canard,1,data/processed/Mallard/XC462593-Canard_chunk001.wav,3.0,XC462593-Canard colvert femelle envol +.mp3
Mallard,XC462593-Canard,2,data/processed/Mallard/XC462593-Canard_chunk002.wav,3.0,XC462593-Canard colvert femelle envol +.mp3
Mallard,XC462593-Canard,3,data/processed/Mallard/XC462593-Canard_chunk003.wav,3.0,XC462593-Canard colvert femelle envol +.mp3
Mallard,XC470197-Wilde,0,data/processed/Mallard/XC470197-Wilde_chunk000.wav,3.0,"XC470197-Wilde Eend, vrouw lastig gevallen in vlucht, 020519, 0234 uur.mp3"
Mallard,XC470197-Wilde,1,data/processed/Mallard/XC470197-Wilde_chunk001.wav,3.0,"XC470197-Wilde Eend, vrouw lastig gevallen in vlucht, 020519, 0234 uur.mp3"
Mallard,XC470197-Wilde,2,data/processed/Mallard/XC470197-Wilde_chunk002.wav,3.0,"XC470197-Wilde Eend, vrouw lastig gevallen in vlucht, 020519, 0234 uur.mp3"
Mallard,XC470197-Wilde,3,data/processed/Mallard/XC470197-Wilde_chunk003.wav,3.0,"XC470197-Wilde Eend, vrouw lastig gevallen in vlucht, 020519, 0234 uur.mp3"
Mallard,XC470197-Wilde,4,data/processed/Mallard/XC470197-Wilde_chunk004.wav,3.0,"XC470197-Wilde Eend, vrouw lastig gevallen in vlucht, 020519, 0234 uur.mp3"
Mallard,XC470197-Wilde,5,data/processed/Mallard/XC470197-Wilde_chunk005.wav,3.0,"XC470197-Wilde Eend, vrouw lastig gevallen in vlucht, 020519, 0234 uur.mp3"
Mallard,XC470197-Wilde,6,data/processed/Mallard/XC470197-Wilde_chunk006.wav,3.0,"XC470197-Wilde Eend, vrouw lastig gevallen in vlucht, 020519, 0234 uur.mp3"
Mallard,XC470197-Wilde,7,data/processed/Mallard/XC470197-Wilde_chunk007.wav,3.0,"XC470197-Wilde Eend, vrouw lastig gevallen in vlucht, 020519, 0234 uur.mp3"
Mallard,XC470197-Wilde,8,data/processed/Mallard/XC470197-Wilde_chunk008.wav,3.0,"XC470197-Wilde Eend, vrouw lastig gevallen in vlucht, 020519, 0234 uur.mp3"
Mallard,XC470197-Wilde,9,data/processed/Mallard/XC470197-Wilde_chunk009.wav,3.0,"XC470197-Wilde Eend, vrouw lastig gevallen in vlucht, 020519, 0234 uur.mp3"
Mallard,XC495820-Anas,0,data/processed/Mallard/XC495820-Anas_chunk000.wav,3.0,"XC495820-Anas platyrhynchos 190902_004, AAAB+.MP3"
Mallard,XC495820-Anas,1,data/processed/Mallard/XC495820-Anas_chunk001.wav,3.0,"XC495820-Anas platyrhynchos 190902_004, AAAB+.MP3"
Mallard,XC495820-Anas,2,data/processed/Mallard/XC495820-Anas_chunk002.wav,3.0,"XC495820-Anas platyrhynchos 190902_004, AAAB+.MP3"
Mallard,XC495820-Anas,3,data/processed/Mallard/XC495820-Anas_chunk003.wav,3.0,"XC495820-Anas platyrhynchos 190902_004, AAAB+.MP3"
Mallard,XC495820-Anas,4,data/processed/Mallard/XC495820-Anas_chunk004.wav,3.0,"XC495820-Anas platyrhynchos 190902_004, AAAB+.MP3"
Mallard,XC495820-Anas,5,data/processed/Mallard/XC495820-Anas_chunk005.wav,3.0,"XC495820-Anas platyrhynchos 190902_004, AAAB+.MP3"
Mallard,XC495820-Anas,6,data/processed/Mallard/XC495820-Anas_chunk006.wav,3.0,"XC495820-Anas platyrhynchos 190902_004, AAAB+.MP3"
Mallard,XC495820-Anas,7,data/processed/Mallard/XC495820-Anas_chunk007.wav,3.0,"XC495820-Anas platyrhynchos 190902_004, AAAB+.MP3"
Mallard,XC495820-Anas,8,data/processed/Mallard/XC495820-Anas_chunk008.wav,3.0,"XC495820-Anas platyrhynchos 190902_004, AAAB+.MP3"
Mallard,XC495820-Anas,9,data/processed/Mallard/XC495820-Anas_chunk009.wav,3.0,"XC495820-Anas platyrhynchos 190902_004, AAAB+.MP3"
Mallard,XC495820-Anas,10,data/processed/Mallard/XC495820-Anas_chunk010.wav,3.0,"XC495820-Anas platyrhynchos 190902_004, AAAB+.MP3"
Mallard,XC495820-Anas,11,data/processed/Mallard/XC495820-Anas_chunk011.wav,3.0,"XC495820-Anas platyrhynchos 190902_004, AAAB+.MP3"
Mallard,XC495820-Anas,12,data/processed/Mallard/XC495820-Anas_chunk012.wav,3.0,"XC495820-Anas platyrhynchos 190902_004, AAAB+.MP3"
Mallard,XC495820-Anas,13,data/processed/Mallard/XC495820-Anas_chunk013.wav,3.0,"XC495820-Anas platyrhynchos 190902_004, AAAB+.MP3"
Mallard,XC495820-Anas,14,data/processed/Mallard/XC495820-Anas_chunk014.wav,3.0,"XC495820-Anas platyrhynchos 190902_004, AAAB+.MP3"
Mallard,XC495820-Anas,15,data/processed/Mallard/XC495820-Anas_chunk015.wav,3.0,"XC495820-Anas platyrhynchos 190902_004, AAAB+.MP3"
Mallard,XC495820-Anas,16,data/processed/Mallard/XC495820-Anas_chunk016.wav,3.0,"XC495820-Anas platyrhynchos 190902_004, AAAB+.MP3"
Mallard,XC495820-Anas,17,data/processed/Mallard/XC495820-Anas_chunk017.wav,3.0,"XC495820-Anas platyrhynchos 190902_004, AAAB+.MP3"
Mallard,XC495820-Anas,18,data/processed/Mallard/XC495820-Anas_chunk018.wav,3.0,"XC495820-Anas platyrhynchos 190902_004, AAAB+.MP3"
Mallard,XC495820-Anas,19,data/processed/Mallard/XC495820-Anas_chunk019.wav,3.0,"XC495820-Anas platyrhynchos 190902_004, AAAB+.MP3"
Mallard,XC495820-Anas,20,data/processed/Mallard/XC495820-Anas_chunk020.wav,3.0,"XC495820-Anas platyrhynchos 190902_004, AAAB+.MP3"
Mallard,XC495820-Anas,21,data/processed/Mallard/XC495820-Anas_chunk021.wav,3.0,"XC495820-Anas platyrhynchos 190902_004, AAAB+.MP3"
Mallard,XC495820-Anas,22,data/processed/Mallard/XC495820-Anas_chunk022.wav,3.0,"XC495820-Anas platyrhynchos 190902_004, AAAB+.MP3"
Mallard,XC495820-Anas,23,data/processed/Mallard/XC495820-Anas_chunk023.wav,3.0,"XC495820-Anas platyrhynchos 190902_004, AAAB+.MP3"
Mallard,XC495820-Anas,24,data/processed/Mallard/XC495820-Anas_chunk024.wav,3.0,"XC495820-Anas platyrhynchos 190902_004, AAAB+.MP3"
Mallard,XC495820-Anas,25,data/processed/Mallard/XC495820-Anas_chunk025.wav,3.0,"XC495820-Anas platyrhynchos 190902_004, AAAB+.MP3"
Mallard,XC495820-Anas,26,data/processed/Mallard/XC495820-Anas_chunk026.wav,3.0,"XC495820-Anas platyrhynchos 190902_004, AAAB+.MP3"
Mallard,XC495820-Anas,27,data/processed/Mallard/XC495820-Anas_chunk027.wav,3.0,"XC495820-Anas platyrhynchos 190902_004, AAAB+.MP3"
Mallard,XC495820-Anas,28,data/processed/Mallard/XC495820-Anas_chunk028.wav,3.0,"XC495820-Anas platyrhynchos 190902_004, AAAB+.MP3"
Mallard,XC495820-Anas,29,data/processed/Mallard/XC495820-Anas_chunk029.wav,3.0,"XC495820-Anas platyrhynchos 190902_004, AAAB+.MP3"
Mallard,XC495820-Anas,30,data/processed/Mallard/XC495820-Anas_chunk030.wav,3.0,"XC495820-Anas platyrhynchos 190902_004, AAAB+.MP3"
Mallard,XC495820-Anas,31,data/processed/Mallard/XC495820-Anas_chunk031.wav,3.0,"XC495820-Anas platyrhynchos 190902_004, AAAB+.MP3"
Mallard,XC495820-Anas,32,data/processed/Mallard/XC495820-Anas_chunk032.wav,3.0,"XC495820-Anas platyrhynchos 190902_004, AAAB+.MP3"
Mallard,XC495820-Anas,33,data/processed/Mallard/XC495820-Anas_chunk033.wav,3.0,"XC495820-Anas platyrhynchos 190902_004, AAAB+.MP3"
Mallard,XC495820-Anas,34,data/processed/Mallard/XC495820-Anas_chunk034.wav,3.0,"XC495820-Anas platyrhynchos 190902_004, AAAB+.MP3"
Mallard,XC495820-Anas,35,data/processed/Mallard/XC495820-Anas_chunk035.wav,3.0,"XC495820-Anas platyrhynchos 190902_004, AAAB+.MP3"
Mallard,XC495820-Anas,36,data/processed/Mallard/XC495820-Anas_chunk036.wav,3.0,"XC495820-Anas platyrhynchos 190902_004, AAAB+.MP3"
Mallard,XC495820-Anas,37,data/processed/Mallard/XC495820-Anas_chunk037.wav,3.0,"XC495820-Anas platyrhynchos 190902_004, AAAB+.MP3"
Mallard,XC495820-Anas,38,data/processed/Mallard/XC495820-Anas_chunk038.wav,3.0,"XC495820-Anas platyrhynchos 190902_004, AAAB+.MP3"
Mallard,XC495820-Anas,39,data/processed/Mallard/XC495820-Anas_chunk039.wav,3.0,"XC495820-Anas platyrhynchos 190902_004, AAAB+.MP3"
Mallard,XC495820-Anas,40,data/processed/Mallard/XC495820-Anas_chunk040.wav,3.0,"XC495820-Anas platyrhynchos 190902_004, AAAB+.MP3"
Mallard,XC495820-Anas,41,data/processed/Mallard/XC495820-Anas_chunk041.wav,3.0,"XC495820-Anas platyrhynchos 190902_004, AAAB+.MP3"
Mallard,XC495820-Anas,42,data/processed/Mallard/XC495820-Anas_chunk042.wav,3.0,"XC495820-Anas platyrhynchos 190902_004, AAAB+.MP3"
Mallard,XC495820-Anas,43,data/processed/Mallard/XC495820-Anas_chunk043.wav,3.0,"XC495820-Anas platyrhynchos 190902_004, AAAB+.MP3"
Mallard,XC495820-Anas,44,data/processed/Mallard/XC495820-Anas_chunk044.wav,3.0,"XC495820-Anas platyrhynchos 190902_004, AAAB+.MP3"
Mallard,XC495820-Anas,45,data/processed/Mallard/XC495820-Anas_chunk045.wav,3.0,"XC495820-Anas platyrhynchos 190902_004, AAAB+.MP3"
Mallard,XC495820-Anas,46,data/processed/Mallard/XC495820-Anas_chunk046.wav,3.0,"XC495820-Anas platyrhynchos 190902_004, AAAB+.MP3"
Mallard,XC495820-Anas,47,data/processed/Mallard/XC495820-Anas_chunk047.wav,3.0,"XC495820-Anas platyrhynchos 190902_004, AAAB+.MP3"
Mallard,XC495820-Anas,48,data/processed/Mallard/XC495820-Anas_chunk048.wav,3.0,"XC495820-Anas platyrhynchos 190902_004, AAAB+.MP3"
Mallard,XC495820-Anas,49,data/processed/Mallard/XC495820-Anas_chunk049.wav,3.0,"XC495820-Anas platyrhynchos 190902_004, AAAB+.MP3"
Mallard,XC495820-Anas,50,data/processed/Mallard/XC495820-Anas_chunk050.wav,3.0,"XC495820-Anas platyrhynchos 190902_004, AAAB+.MP3"
Mallard,XC495820-Anas,51,data/processed/Mallard/XC495820-Anas_chunk051.wav,3.0,"XC495820-Anas platyrhynchos 190902_004, AAAB+.MP3"
Mallard,XC495820-Anas,52,data/processed/Mallard/XC495820-Anas_chunk052.wav,3.0,"XC495820-Anas platyrhynchos 190902_004, AAAB+.MP3"
Mallard,XC495820-Anas,53,data/processed/Mallard/XC495820-Anas_chunk053.wav,3.0,"XC495820-Anas platyrhynchos 190902_004, AAAB+.MP3"
Mallard,XC495820-Anas,54,data/processed/Mallard/XC495820-Anas_chunk054.wav,3.0,"XC495820-Anas platyrhynchos 190902_004, AAAB+.MP3"
Mallard,XC495820-Anas,55,data/processed/Mallard/XC495820-Anas_chunk055.wav,3.0,"XC495820-Anas platyrhynchos 190902_004, AAAB+.MP3"
Mallard,XC495820-Anas,56,data/processed/Mallard/XC495820-Anas_chunk056.wav,3.0,"XC495820-Anas platyrhynchos 190902_004, AAAB+.MP3"
Mallard,XC495820-Anas,57,data/processed/Mallard/XC495820-Anas_chunk057.wav,3.0,"XC495820-Anas platyrhynchos 190902_004, AAAB+.MP3"
Mallard,XC495820-Anas,58,data/processed/Mallard/XC495820-Anas_chunk058.wav,3.0,"XC495820-Anas platyrhynchos 190902_004, AAAB+.MP3"
Mallard,XC495820-Anas,59,data/processed/Mallard/XC495820-Anas_chunk059.wav,3.0,"XC495820-Anas platyrhynchos 190902_004, AAAB+.MP3"
Mallard,XC495820-Anas,60,data/processed/Mallard/XC495820-Anas_chunk060.wav,3.0,"XC495820-Anas platyrhynchos 190902_004, AAAB+.MP3"
Mallard,XC495820-Anas,61,data/processed/Mallard/XC495820-Anas_chunk061.wav,3.0,"XC495820-Anas platyrhynchos 190902_004, AAAB+.MP3"
Mallard,XC495820-Anas,62,data/processed/Mallard/XC495820-Anas_chunk062.wav,3.0,"XC495820-Anas platyrhynchos 190902_004, AAAB+.MP3"
Mallard,XC495820-Anas,63,data/processed/Mallard/XC495820-Anas_chunk063.wav,3.0,"XC495820-Anas platyrhynchos 190902_004, AAAB+.MP3"
Mallard,XC495820-Anas,64,data/processed/Mallard/XC495820-Anas_chunk064.wav,3.0,"XC495820-Anas platyrhynchos 190902_004, AAAB+.MP3"
Mallard,XC495820-Anas,65,data/processed/Mallard/XC495820-Anas_chunk065.wav,3.0,"XC495820-Anas platyrhynchos 190902_004, AAAB+.MP3"
Mallard,XC495820-Anas,66,data/processed/Mallard/XC495820-Anas_chunk066.wav,3.0,"XC495820-Anas platyrhynchos 190902_004, AAAB+.MP3"
Mallard,XC495820-Anas,67,data/processed/Mallard/XC495820-Anas_chunk067.wav,3.0,"XC495820-Anas platyrhynchos 190902_004, AAAB+.MP3"
Mallard,XC495820-Anas,68,data/processed/Mallard/XC495820-Anas_chunk068.wav,3.0,"XC495820-Anas platyrhynchos 190902_004, AAAB+.MP3"
Mallard,XC495820-Anas,69,data/processed/Mallard/XC495820-Anas_chunk069.wav,3.0,"XC495820-Anas platyrhynchos 190902_004, AAAB+.MP3"
Mallard,XC495820-Anas,70,data/processed/Mallard/XC495820-Anas_chunk070.wav,3.0,"XC495820-Anas platyrhynchos 190902_004, AAAB+.MP3"
Mallard,XC495820-Anas,71,data/processed/Mallard/XC495820-Anas_chunk071.wav,3.0,"XC495820-Anas platyrhynchos 190902_004, AAAB+.MP3"
Mallard,XC495820-Anas,72,data/processed/Mallard/XC495820-Anas_chunk072.wav,3.0,"XC495820-Anas platyrhynchos 190902_004, AAAB+.MP3"
Mallard,XC495820-Anas,73,data/processed/Mallard/XC495820-Anas_chunk073.wav,3.0,"XC495820-Anas platyrhynchos 190902_004, AAAB+.MP3"
Mallard,XC495820-Anas,74,data/processed/Mallard/XC495820-Anas_chunk074.wav,3.0,"XC495820-Anas platyrhynchos 190902_004, AAAB+.MP3"
Mallard,XC495820-Anas,75,data/processed/Mallard/XC495820-Anas_chunk075.wav,3.0,"XC495820-Anas platyrhynchos 190902_004, AAAB+.MP3"
Mallard,XC495820-Anas,76,data/processed/Mallard/XC495820-Anas_chunk076.wav,3.0,"XC495820-Anas platyrhynchos 190902_004, AAAB+.MP3"
Mallard,XC495820-Anas,77,data/processed/Mallard/XC495820-Anas_chunk077.wav,3.0,"XC495820-Anas platyrhynchos 190902_004, AAAB+.MP3"
Mallard,XC495820-Anas,78,data/processed/Mallard/XC495820-Anas_chunk078.wav,3.0,"XC495820-Anas platyrhynchos 190902_004, AAAB+.MP3"
Mallard,XC495820-Anas,79,data/processed/Mallard/XC495820-Anas_chunk079.wav,3.0,"XC495820-Anas platyrhynchos 190902_004, AAAB+.MP3"
Mallard,XC495820-Anas,80,data/processed/Mallard/XC495820-Anas_chunk080.wav,3.0,"XC495820-Anas platyrhynchos 190902_004, AAAB+.MP3"
Mallard,XC495820-Anas,81,data/processed/Mallard/XC495820-Anas_chunk081.wav,3.0,"XC495820-Anas platyrhynchos 190902_004, AAAB+.MP3"
Mallard,XC495820-Anas,82,data/processed/Mallard/XC495820-Anas_chunk082.wav,3.0,"XC495820-Anas platyrhynchos 190902_004, AAAB+.MP3"
Mallard,XC495820-Anas,83,data/processed/Mallard/XC495820-Anas_chunk083.wav,3.0,"XC495820-Anas platyrhynchos 190902_004, AAAB+.MP3"
Mallard,XC495820-Anas,84,data/processed/Mallard/XC495820-Anas_chunk084.wav,3.0,"XC495820-Anas platyrhynchos 190902_004, AAAB+.MP3"
Mallard,XC495820-Anas,85,data/processed/Mallard/XC495820-Anas_chunk085.wav,3.0,"XC495820-Anas platyrhynchos 190902_004, AAAB+.MP3"
Mallard,XC495820-Anas,86,data/processed/Mallard/XC495820-Anas_chunk086.wav,3.0,"XC495820-Anas platyrhynchos 190902_004, AAAB+.MP3"
Mallard,XC495820-Anas,87,data/processed/Mallard/XC495820-Anas_chunk087.wav,3.0,"XC495820-Anas platyrhynchos 190902_004, AAAB+.MP3"
Mallard,XC495820-Anas,88,data/processed/Mallard/XC495820-Anas_chunk088.wav,3.0,"XC495820-Anas platyrhynchos 190902_004, AAAB+.MP3"
Mallard,XC495820-Anas,89,data/processed/Mallard/XC495820-Anas_chunk089.wav,3.0,"XC495820-Anas platyrhynchos 190902_004, AAAB+.MP3"
Mallard,XC495820-Anas,90,data/processed/Mallard/XC495820-Anas_chunk090.wav,3.0,"XC495820-Anas platyrhynchos 190902_004, AAAB+.MP3"
Mallard,XC495820-Anas,91,data/processed/Mallard/XC495820-Anas_chunk091.wav,3.0,"XC495820-Anas platyrhynchos 190902_004, AAAB+.MP3"
Mallard,XC495820-Anas,92,data/processed/Mallard/XC495820-Anas_chunk092.wav,3.0,"XC495820-Anas platyrhynchos 190902_004, AAAB+.MP3"
Mallard,XC495820-Anas,93,data/processed/Mallard/XC495820-Anas_chunk093.wav,3.0,"XC495820-Anas platyrhynchos 190902_004, AAAB+.MP3"
Mallard,XC495820-Anas,94,data/processed/Mallard/XC495820-Anas_chunk094.wav,3.0,"XC495820-Anas platyrhynchos 190902_004, AAAB+.MP3"
Mallard,XC495820-Anas,95,data/processed/Mallard/XC495820-Anas_chunk095.wav,3.0,"XC495820-Anas platyrhynchos 190902_004, AAAB+.MP3"
Mallard,XC495820-Anas,96,data/processed/Mallard/XC495820-Anas_chunk096.wav,3.0,"XC495820-Anas platyrhynchos 190902_004, AAAB+.MP3"
Mallard,XC495820-Anas,97,data/processed/Mallard/XC495820-Anas_chunk097.wav,3.0,"XC495820-Anas platyrhynchos 190902_004, AAAB+.MP3"
Mallard,XC495820-Anas,98,data/processed/Mallard/XC495820-Anas_chunk098.wav,3.0,"XC495820-Anas platyrhynchos 190902_004, AAAB+.MP3"
Mallard,XC495820-Anas,99,data/processed/Mallard/XC495820-Anas_chunk099.wav,3.0,"XC495820-Anas platyrhynchos 190902_004, AAAB+.MP3"
Mallard,XC495820-Anas,100,data/processed/Mallard/XC495820-Anas_chunk100.wav,3.0,"XC495820-Anas platyrhynchos 190902_004, AAAB+.MP3"
Mallard,XC495820-Anas,101,data/processed/Mallard/XC495820-Anas_chunk101.wav,3.0,"XC495820-Anas platyrhynchos 190902_004, AAAB+.MP3"
Mallard,XC495820-Anas,102,data/processed/Mallard/XC495820-Anas_chunk102.wav,3.0,"XC495820-Anas platyrhynchos 190902_004, AAAB+.MP3"
Mallard,XC495820-Anas,103,data/processed/Mallard/XC495820-Anas_chunk103.wav,3.0,"XC495820-Anas platyrhynchos 190902_004, AAAB+.MP3"
Mallard,XC495820-Anas,104,data/processed/Mallard/XC495820-Anas_chunk104.wav,3.0,"XC495820-Anas platyrhynchos 190902_004, AAAB+.MP3"
Mallard,XC495820-Anas,105,data/processed/Mallard/XC495820-Anas_chunk105.wav,3.0,"XC495820-Anas platyrhynchos 190902_004, AAAB+.MP3"
Mallard,XC495820-Anas,106,data/processed/Mallard/XC495820-Anas_chunk106.wav,3.0,"XC495820-Anas platyrhynchos 190902_004, AAAB+.MP3"
Mallard,XC495820-Anas,107,data/processed/Mallard/XC495820-Anas_chunk107.wav,3.0,"XC495820-Anas platyrhynchos 190902_004, AAAB+.MP3"
Mallard,XC495820-Anas,108,data/processed/Mallard/XC495820-Anas_chunk108.wav,3.0,"XC495820-Anas platyrhynchos 190902_004, AAAB+.MP3"
Mallard,XC495820-Anas,109,data/processed/Mallard/XC495820-Anas_chunk109.wav,3.0,"XC495820-Anas platyrhynchos 190902_004, AAAB+.MP3"
Mallard,XC495820-Anas,110,data/processed/Mallard/XC495820-Anas_chunk110.wav,3.0,"XC495820-Anas platyrhynchos 190902_004, AAAB+.MP3"
Mallard,XC495820-Anas,111,data/processed/Mallard/XC495820-Anas_chunk111.wav,3.0,"XC495820-Anas platyrhynchos 190902_004, AAAB+.MP3"
Mallard,XC495820-Anas,112,data/processed/Mallard/XC495820-Anas_chunk112.wav,3.0,"XC495820-Anas platyrhynchos 190902_004, AAAB+.MP3"
Mallard,XC495820-Anas,113,data/processed/Mallard/XC495820-Anas_chunk113.wav,3.0,"XC495820-Anas platyrhynchos 190902_004, AAAB+.MP3"
Mallard,XC495820-Anas,114,data/processed/Mallard/XC495820-Anas_chunk114.wav,3.0,"XC495820-Anas platyrhynchos 190902_004, AAAB+.MP3"
Mallard,XC495820-Anas,115,data/processed/Mallard/XC495820-Anas_chunk115.wav,3.0,"XC495820-Anas platyrhynchos 190902_004, AAAB+.MP3"
Mallard,XC495820-Anas,116,data/processed/Mallard/XC495820-Anas_chunk116.wav,3.0,"XC495820-Anas platyrhynchos 190902_004, AAAB+.MP3"
Mallard,XC495820-Anas,117,data/processed/Mallard/XC495820-Anas_chunk117.wav,3.0,"XC495820-Anas platyrhynchos 190902_004, AAAB+.MP3"
Mallard,XC495820-Anas,118,data/processed/Mallard/XC495820-Anas_chunk118.wav,3.0,"XC495820-Anas platyrhynchos 190902_004, AAAB+.MP3"
Mallard,XC495820-Anas,119,data/processed/Mallard/XC495820-Anas_chunk119.wav,3.0,"XC495820-Anas platyrhynchos 190902_004, AAAB+.MP3"
Mallard,XC495820-Anas,120,data/processed/Mallard/XC495820-Anas_chunk120.wav,3.0,"XC495820-Anas platyrhynchos 190902_004, AAAB+.MP3"
Mallard,XC495820-Anas,121,data/processed/Mallard/XC495820-Anas_chunk121.wav,3.0,"XC495820-Anas platyrhynchos 190902_004, AAAB+.MP3"
Mallard,XC495820-Anas,122,data/processed/Mallard/XC495820-Anas_chunk122.wav,3.0,"XC495820-Anas platyrhynchos 190902_004, AAAB+.MP3"
Mallard,XC495820-Anas,123,data/processed/Mallard/XC495820-Anas_chunk123.wav,3.0,"XC495820-Anas platyrhynchos 190902_004, AAAB+.MP3"
Mallard,XC495820-Anas,124,data/processed/Mallard/XC495820-Anas_chunk124.wav,3.0,"XC495820-Anas platyrhynchos 190902_004, AAAB+.MP3"
Mallard,XC495820-Anas,125,data/processed/Mallard/XC495820-Anas_chunk125.wav,3.0,"XC495820-Anas platyrhynchos 190902_004, AAAB+.MP3"
Mallard,XC495820-Anas,126,data/processed/Mallard/XC495820-Anas_chunk126.wav,3.0,"XC495820-Anas platyrhynchos 190902_004, AAAB+.MP3"
Mallard,XC495820-Anas,127,data/processed/Mallard/XC495820-Anas_chunk127.wav,3.0,"XC495820-Anas platyrhynchos 190902_004, AAAB+.MP3"
Mallard,XC495820-Anas,128,data/processed/Mallard/XC495820-Anas_chunk128.wav,3.0,"XC495820-Anas platyrhynchos 190902_004, AAAB+.MP3"
Mallard,XC495820-Anas,129,data/processed/Mallard/XC495820-Anas_chunk129.wav,3.0,"XC495820-Anas platyrhynchos 190902_004, AAAB+.MP3"
Mallard,XC495820-Anas,130,data/processed/Mallard/XC495820-Anas_chunk130.wav,3.0,"XC495820-Anas platyrhynchos 190902_004, AAAB+.MP3"
Mallard,XC495820-Anas,131,data/processed/Mallard/XC495820-Anas_chunk131.wav,3.0,"XC495820-Anas platyrhynchos 190902_004, AAAB+.MP3"
Mallard,XC495820-Anas,132,data/processed/Mallard/XC495820-Anas_chunk132.wav,3.0,"XC495820-Anas platyrhynchos 190902_004, AAAB+.MP3"
Mallard,XC497809-ANAPLA_190501_4935_RNN76_flight_pk19,0,data/processed/Mallard/XC497809-ANAPLA_190501_4935_RNN76_flight_pk19_chunk000.wav,3.0,XC497809-ANAPLA_190501_4935_RNN76_flight_pk19.mp3
Mallard,XC497809-ANAPLA_190501_4935_RNN76_flight_pk19,1,data/processed/Mallard/XC497809-ANAPLA_190501_4935_RNN76_flight_pk19_chunk001.wav,3.0,XC497809-ANAPLA_190501_4935_RNN76_flight_pk19.mp3
Mallard,XC497809-ANAPLA_190501_4935_RNN76_flight_pk19,2,data/processed/Mallard/XC497809-ANAPLA_190501_4935_RNN76_flight_pk19_chunk002.wav,3.0,XC497809-ANAPLA_190501_4935_RNN76_flight_pk19.mp3
Mallard,XC497809-ANAPLA_190501_4935_RNN76_flight_pk19,3,data/processed/Mallard/XC497809-ANAPLA_190501_4935_RNN76_flight_pk19_chunk003.wav,3.0,XC497809-ANAPLA_190501_4935_RNN76_flight_pk19.mp3
Mallard,XC497809-ANAPLA_190501_4935_RNN76_flight_pk19,4,data/processed/Mallard/XC497809-ANAPLA_190501_4935_RNN76_flight_pk19_chunk004.wav,3.0,XC497809-ANAPLA_190501_4935_RNN76_flight_pk19.mp3
Mallard,XC497809-ANAPLA_190501_4935_RNN76_flight_pk19,5,data/processed/Mallard/XC497809-ANAPLA_190501_4935_RNN76_flight_pk19_chunk005.wav,3.0,XC497809-ANAPLA_190501_4935_RNN76_flight_pk19.mp3
Mallard,XC497809-ANAPLA_190501_4935_RNN76_flight_pk19,6,data/processed/Mallard/XC497809-ANAPLA_190501_4935_RNN76_flight_pk19_chunk006.wav,3.0,XC497809-ANAPLA_190501_4935_RNN76_flight_pk19.mp3
Mallard,XC497809-ANAPLA_190501_4935_RNN76_flight_pk19,7,data/processed/Mallard/XC497809-ANAPLA_190501_4935_RNN76_flight_pk19_chunk007.wav,3.0,XC497809-ANAPLA_190501_4935_RNN76_flight_pk19.mp3
Mallard,XC497809-ANAPLA_190501_4935_RNN76_flight_pk19,8,data/processed/Mallard/XC497809-ANAPLA_190501_4935_RNN76_flight_pk19_chunk008.wav,3.0,XC497809-ANAPLA_190501_4935_RNN76_flight_pk19.mp3
Mallard,XC497809-ANAPLA_190501_4935_RNN76_flight_pk19,9,data/processed/Mallard/XC497809-ANAPLA_190501_4935_RNN76_flight_pk19_chunk009.wav,3.0,XC497809-ANAPLA_190501_4935_RNN76_flight_pk19.mp3
Mallard,XC497824-Gräsand_04,0,data/processed/Mallard/XC497824-Gräsand_04_chunk000.wav,3.0,XC497824-Gräsand_04.mp3
Mallard,XC497824-Gräsand_04,1,data/processed/Mallard/XC497824-Gräsand_04_chunk001.wav,3.0,XC497824-Gräsand_04.mp3
Mallard,XC497824-Gräsand_04,2,data/processed/Mallard/XC497824-Gräsand_04_chunk002.wav,3.0,XC497824-Gräsand_04.mp3
Mallard,XC497824-Gräsand_04,3,data/processed/Mallard/XC497824-Gräsand_04_chunk003.wav,3.0,XC497824-Gräsand_04.mp3
Mallard,XC497824-Gräsand_04,4,data/processed/Mallard/XC497824-Gräsand_04_chunk004.wav,3.0,XC497824-Gräsand_04.mp3
Mallard,XC512909-abędzie,0,data/processed/Mallard/XC512909-abędzie_chunk000.wav,3.0,XC512909-abędzie krzyżówki tok (2).mp3
Mallard,XC512909-abędzie,1,data/processed/Mallard/XC512909-abędzie_chunk001.wav,3.0,XC512909-abędzie krzyżówki tok (2).mp3
Mallard,XC512909-abędzie,2,data/processed/Mallard/XC512909-abędzie_chunk002.wav,3.0,XC512909-abędzie krzyżówki tok (2).mp3
Mallard,XC512909-abędzie,3,data/processed/Mallard/XC512909-abędzie_chunk003.wav,3.0,XC512909-abędzie krzyżówki tok (2).mp3
Mallard,XC523626-20190519_008-STOKKAND-SVARTHALESPOVE-slettnes,0,data/processed/Mallard/XC523626-20190519_008-STOKKAND-SVARTHALESPOVE-slettnes_chunk000.wav,3.0,XC523626-20190519_008-STOKKAND-SVARTHALESPOVE-slettnes.mp3
Mallard,XC523626-20190519_008-STOKKAND-SVARTHALESPOVE-slettnes,1,data/processed/Mallard/XC523626-20190519_008-STOKKAND-SVARTHALESPOVE-slettnes_chunk001.wav,3.0,XC523626-20190519_008-STOKKAND-SVARTHALESPOVE-slettnes.mp3
Mallard,XC528945-colvert,0,data/processed/Mallard/XC528945-colvert_chunk000.wav,3.0,XC528945-colvert flight call.mp3
Mallard,XC541812-Jarek,0,data/processed/Mallard/XC541812-Jarek_chunk000.wav,3.0,XC541812-Jarek Matusiak-338 (2) krzyżówka.mp3
Mallard,XC541812-Jarek,1,data/processed/Mallard/XC541812-Jarek_chunk001.wav,3.0,XC541812-Jarek Matusiak-338 (2) krzyżówka.mp3
Mallard,XC541812-Jarek,2,data/processed/Mallard/XC541812-Jarek_chunk002.wav,3.0,XC541812-Jarek Matusiak-338 (2) krzyżówka.mp3
Mallard,XC541812-Jarek,3,data/processed/Mallard/XC541812-Jarek_chunk003.wav,3.0,XC541812-Jarek Matusiak-338 (2) krzyżówka.mp3
Mallard,XC541812-Jarek,4,data/processed/Mallard/XC541812-Jarek_chunk004.wav,3.0,XC541812-Jarek Matusiak-338 (2) krzyżówka.mp3
Mallard,XC541821-Jarek,0,data/processed/Mallard/XC541821-Jarek_chunk000.wav,3.0,XC541821-Jarek Matusiak -338 (3) krzyżówki (2).mp3
Mallard,XC541821-Jarek,1,data/processed/Mallard/XC541821-Jarek_chunk001.wav,3.0,XC541821-Jarek Matusiak -338 (3) krzyżówki (2).mp3
Mallard,XC541821-Jarek,2,data/processed/Mallard/XC541821-Jarek_chunk002.wav,3.0,XC541821-Jarek Matusiak -338 (3) krzyżówki (2).mp3
Mallard,XC541821-Jarek,3,data/processed/Mallard/XC541821-Jarek_chunk003.wav,3.0,XC541821-Jarek Matusiak -338 (3) krzyżówki (2).mp3
Mallard,XC541821-Jarek,4,data/processed/Mallard/XC541821-Jarek_chunk004.wav,3.0,XC541821-Jarek Matusiak -338 (3) krzyżówki (2).mp3
Mallard,XC541821-Jarek,5,data/processed/Mallard/XC541821-Jarek_chunk005.wav,3.0,XC541821-Jarek Matusiak -338 (3) krzyżówki (2).mp3
Mallard,XC541821-Jarek,6,data/processed/Mallard/XC541821-Jarek_chunk006.wav,3.0,XC541821-Jarek Matusiak -338 (3) krzyżówki (2).mp3
Mallard,XC541823-Jarek,0,data/processed/Mallard/XC541823-Jarek_chunk000.wav,3.0,XC541823-Jarek Matusiak-339 (2) krzyżówka (3).mp3
Mallard,XC541823-Jarek,1,data/processed/Mallard/XC541823-Jarek_chunk001.wav,3.0,XC541823-Jarek Matusiak-339 (2) krzyżówka (3).mp3
Mallard,XC541823-Jarek,2,data/processed/Mallard/XC541823-Jarek_chunk002.wav,3.0,XC541823-Jarek Matusiak-339 (2) krzyżówka (3).mp3
Mallard,XC541823-Jarek,3,data/processed/Mallard/XC541823-Jarek_chunk003.wav,3.0,XC541823-Jarek Matusiak-339 (2) krzyżówka (3).mp3
Mallard,XC541823-Jarek,4,data/processed/Mallard/XC541823-Jarek_chunk004.wav,3.0,XC541823-Jarek Matusiak-339 (2) krzyżówka (3).mp3
Mallard,XC598267-20201010_013342_02.20-ANP,0,data/processed/Mallard/XC598267-20201010_013342_02.20-ANP_chunk000.wav,3.0,XC598267-20201010_013342_02.20-ANP.mp3
Mallard,XC598267-20201010_013342_02.20-ANP,1,data/processed/Mallard/XC598267-20201010_013342_02.20-ANP_chunk001.wav,3.0,XC598267-20201010_013342_02.20-ANP.mp3
Mallard,XC598281-20201010_053352_5.50-ANP,0,data/processed/Mallard/XC598281-20201010_053352_5.50-ANP_chunk000.wav,3.0,XC598281-20201010_053352_5.50-ANP.mp3
Mallard,XC598281-20201010_053352_5.50-ANP,1,data/processed/Mallard/XC598281-20201010_053352_5.50-ANP_chunk001.wav,3.0,XC598281-20201010_053352_5.50-ANP.mp3
Mallard,XC598281-20201010_053352_5.50-ANP,2,data/processed/Mallard/XC598281-20201010_053352_5.50-ANP_chunk002.wav,3.0,XC598281-20201010_053352_5.50-ANP.mp3
Mallard,XC598281-20201010_053352_5.50-ANP,3,data/processed/Mallard/XC598281-20201010_053352_5.50-ANP_chunk003.wav,3.0,XC598281-20201010_053352_5.50-ANP.mp3
Mallard,XC600591-Canard,0,data/processed/Mallard/XC600591-Canard_chunk000.wav,3.0,XC600591-Canard colvert femelle Clain Poitiers 200419_0273 XC.mp3
Mallard,XC600591-Canard,1,data/processed/Mallard/XC600591-Canard_chunk001.wav,3.0,XC600591-Canard colvert femelle Clain Poitiers 200419_0273 XC.mp3
Mallard,XC600591-Canard,2,data/processed/Mallard/XC600591-Canard_chunk002.wav,3.0,XC600591-Canard colvert femelle Clain Poitiers 200419_0273 XC.mp3
Mallard,XC600591-Canard,3,data/processed/Mallard/XC600591-Canard_chunk003.wav,3.0,XC600591-Canard colvert femelle Clain Poitiers 200419_0273 XC.mp3
Mallard,XC600591-Canard,4,data/processed/Mallard/XC600591-Canard_chunk004.wav,3.0,XC600591-Canard colvert femelle Clain Poitiers 200419_0273 XC.mp3
Mallard,XC600591-Canard,5,data/processed/Mallard/XC600591-Canard_chunk005.wav,3.0,XC600591-Canard colvert femelle Clain Poitiers 200419_0273 XC.mp3
Mallard,XC600591-Canard,6,data/processed/Mallard/XC600591-Canard_chunk006.wav,3.0,XC600591-Canard colvert femelle Clain Poitiers 200419_0273 XC.mp3
Mallard,XC600591-Canard,7,data/processed/Mallard/XC600591-Canard_chunk007.wav,3.0,XC600591-Canard colvert femelle Clain Poitiers 200419_0273 XC.mp3
Mallard,XC600591-Canard,8,data/processed/Mallard/XC600591-Canard_chunk008.wav,3.0,XC600591-Canard colvert femelle Clain Poitiers 200419_0273 XC.mp3
Mallard,XC600591-Canard,9,data/processed/Mallard/XC600591-Canard_chunk009.wav,3.0,XC600591-Canard colvert femelle Clain Poitiers 200419_0273 XC.mp3
Mallard,XC600591-Canard,10,data/processed/Mallard/XC600591-Canard_chunk010.wav,3.0,XC600591-Canard colvert femelle Clain Poitiers 200419_0273 XC.mp3
Mallard,XC600591-Canard,11,data/processed/Mallard/XC600591-Canard_chunk011.wav,3.0,XC600591-Canard colvert femelle Clain Poitiers 200419_0273 XC.mp3
Mallard,XC600591-Canard,12,data/processed/Mallard/XC600591-Canard_chunk012.wav,3.0,XC600591-Canard colvert femelle Clain Poitiers 200419_0273 XC.mp3
Mallard,XC600591-Canard,13,data/processed/Mallard/XC600591-Canard_chunk013.wav,3.0,XC600591-Canard colvert femelle Clain Poitiers 200419_0273 XC.mp3
Mallard,XC600591-Canard,14,data/processed/Mallard/XC600591-Canard_chunk014.wav,3.0,XC600591-Canard colvert femelle Clain Poitiers 200419_0273 XC.mp3
Mallard,XC600591-Canard,15,data/processed/Mallard/XC600591-Canard_chunk015.wav,3.0,XC600591-Canard colvert femelle Clain Poitiers 200419_0273 XC.mp3
Mallard,XC600591-Canard,16,data/processed/Mallard/XC600591-Canard_chunk016.wav,3.0,XC600591-Canard colvert femelle Clain Poitiers 200419_0273 XC.mp3
Mallard,XC600591-Canard,17,data/processed/Mallard/XC600591-Canard_chunk017.wav,3.0,XC600591-Canard colvert femelle Clain Poitiers 200419_0273 XC.mp3
Mallard,XC600591-Canard,18,data/processed/Mallard/XC600591-Canard_chunk018.wav,3.0,XC600591-Canard colvert femelle Clain Poitiers 200419_0273 XC.mp3
Mallard,XC600591-Canard,19,data/processed/Mallard/XC600591-Canard_chunk019.wav,3.0,XC600591-Canard colvert femelle Clain Poitiers 200419_0273 XC.mp3
Mallard,XC600591-Canard,20,data/processed/Mallard/XC600591-Canard_chunk020.wav,3.0,XC600591-Canard colvert femelle Clain Poitiers 200419_0273 XC.mp3
Mallard,XC600591-Canard,21,data/processed/Mallard/XC600591-Canard_chunk021.wav,3.0,XC600591-Canard colvert femelle Clain Poitiers 200419_0273 XC.mp3
Mallard,XC600591-Canard,22,data/processed/Mallard/XC600591-Canard_chunk022.wav,3.0,XC600591-Canard colvert femelle Clain Poitiers 200419_0273 XC.mp3
Mallard,XC600591-Canard,23,data/processed/Mallard/XC600591-Canard_chunk023.wav,3.0,XC600591-Canard colvert femelle Clain Poitiers 200419_0273 XC.mp3
Mallard,XC600591-Canard,24,data/processed/Mallard/XC600591-Canard_chunk024.wav,3.0,XC600591-Canard colvert femelle Clain Poitiers 200419_0273 XC.mp3
Mallard,XC600591-Canard,25,data/processed/Mallard/XC600591-Canard_chunk025.wav,3.0,XC600591-Canard colvert femelle Clain Poitiers 200419_0273 XC.mp3
Mallard,XC600591-Canard,26,data/processed/Mallard/XC600591-Canard_chunk026.wav,3.0,XC600591-Canard colvert femelle Clain Poitiers 200419_0273 XC.mp3
Mallard,XC600591-Canard,27,data/processed/Mallard/XC600591-Canard_chunk027.wav,3.0,XC600591-Canard colvert femelle Clain Poitiers 200419_0273 XC.mp3
Mallard,XC607324-MALLARD_c_taking,0,data/processed/Mallard/XC607324-MALLARD_c_taking_chunk000.wav,3.0,XC607324-MALLARD_c_taking off_flight SSC 1100m 030420 0800.mp3
Mallard,XC607324-MALLARD_c_taking,1,data/processed/Mallard/XC607324-MALLARD_c_taking_chunk001.wav,3.0,XC607324-MALLARD_c_taking off_flight SSC 1100m 030420 0800.mp3
Mallard,XC607324-MALLARD_c_taking,2,data/processed/Mallard/XC607324-MALLARD_c_taking_chunk002.wav,3.0,XC607324-MALLARD_c_taking off_flight SSC 1100m 030420 0800.mp3
Mallard,XC607324-MALLARD_c_taking,3,data/processed/Mallard/XC607324-MALLARD_c_taking_chunk003.wav,3.0,XC607324-MALLARD_c_taking off_flight SSC 1100m 030420 0800.mp3
Mallard,XC607324-MALLARD_c_taking,4,data/processed/Mallard/XC607324-MALLARD_c_taking_chunk004.wav,3.0,XC607324-MALLARD_c_taking off_flight SSC 1100m 030420 0800.mp3
Mallard,XC607324-MALLARD_c_taking,5,data/processed/Mallard/XC607324-MALLARD_c_taking_chunk005.wav,3.0,XC607324-MALLARD_c_taking off_flight SSC 1100m 030420 0800.mp3
Mallard,XC607324-MALLARD_c_taking,6,data/processed/Mallard/XC607324-MALLARD_c_taking_chunk006.wav,3.0,XC607324-MALLARD_c_taking off_flight SSC 1100m 030420 0800.mp3
Mallard,XC607324-MALLARD_c_taking,7,data/processed/Mallard/XC607324-MALLARD_c_taking_chunk007.wav,3.0,XC607324-MALLARD_c_taking off_flight SSC 1100m 030420 0800.mp3
Mallard,XC607324-MALLARD_c_taking,8,data/processed/Mallard/XC607324-MALLARD_c_taking_chunk008.wav,3.0,XC607324-MALLARD_c_taking off_flight SSC 1100m 030420 0800.mp3
Mallard,XC607324-MALLARD_c_taking,9,data/processed/Mallard/XC607324-MALLARD_c_taking_chunk009.wav,3.0,XC607324-MALLARD_c_taking off_flight SSC 1100m 030420 0800.mp3
Mallard,XC607324-MALLARD_c_taking,10,data/processed/Mallard/XC607324-MALLARD_c_taking_chunk010.wav,3.0,XC607324-MALLARD_c_taking off_flight SSC 1100m 030420 0800.mp3
Mallard,XC607324-MALLARD_c_taking,11,data/processed/Mallard/XC607324-MALLARD_c_taking_chunk011.wav,3.0,XC607324-MALLARD_c_taking off_flight SSC 1100m 030420 0800.mp3
Mallard,XC607324-MALLARD_c_taking,12,data/processed/Mallard/XC607324-MALLARD_c_taking_chunk012.wav,3.0,XC607324-MALLARD_c_taking off_flight SSC 1100m 030420 0800.mp3
Mallard,XC607324-MALLARD_c_taking,13,data/processed/Mallard/XC607324-MALLARD_c_taking_chunk013.wav,3.0,XC607324-MALLARD_c_taking off_flight SSC 1100m 030420 0800.mp3
Mallard,XC607324-MALLARD_c_taking,14,data/processed/Mallard/XC607324-MALLARD_c_taking_chunk014.wav,3.0,XC607324-MALLARD_c_taking off_flight SSC 1100m 030420 0800.mp3
Mallard,XC607324-MALLARD_c_taking,15,data/processed/Mallard/XC607324-MALLARD_c_taking_chunk015.wav,3.0,XC607324-MALLARD_c_taking off_flight SSC 1100m 030420 0800.mp3
Mallard,XC607324-MALLARD_c_taking,16,data/processed/Mallard/XC607324-MALLARD_c_taking_chunk016.wav,3.0,XC607324-MALLARD_c_taking off_flight SSC 1100m 030420 0800.mp3
Mallard,XC607324-MALLARD_c_taking,17,data/processed/Mallard/XC607324-MALLARD_c_taking_chunk017.wav,3.0,XC607324-MALLARD_c_taking off_flight SSC 1100m 030420 0800.mp3
Mallard,XC607324-MALLARD_c_taking,18,data/processed/Mallard/XC607324-MALLARD_c_taking_chunk018.wav,3.0,XC607324-MALLARD_c_taking off_flight SSC 1100m 030420 0800.mp3
Mallard,XC607324-MALLARD_c_taking,19,data/processed/Mallard/XC607324-MALLARD_c_taking_chunk019.wav,3.0,XC607324-MALLARD_c_taking off_flight SSC 1100m 030420 0800.mp3
Mallard,XC607324-MALLARD_c_taking,20,data/processed/Mallard/XC607324-MALLARD_c_taking_chunk020.wav,3.0,XC607324-MALLARD_c_taking off_flight SSC 1100m 030420 0800.mp3
Mallard,XC607324-MALLARD_c_taking,21,data/processed/Mallard/XC607324-MALLARD_c_taking_chunk021.wav,3.0,XC607324-MALLARD_c_taking off_flight SSC 1100m 030420 0800.mp3
Mallard,XC607324-MALLARD_c_taking,22,data/processed/Mallard/XC607324-MALLARD_c_taking_chunk022.wav,3.0,XC607324-MALLARD_c_taking off_flight SSC 1100m 030420 0800.mp3
Mallard,XC607324-MALLARD_c_taking,23,data/processed/Mallard/XC607324-MALLARD_c_taking_chunk023.wav,3.0,XC607324-MALLARD_c_taking off_flight SSC 1100m 030420 0800.mp3
Mallard,XC607324-MALLARD_c_taking,24,data/processed/Mallard/XC607324-MALLARD_c_taking_chunk024.wav,3.0,XC607324-MALLARD_c_taking off_flight SSC 1100m 030420 0800.mp3
Mallard,XC607324-MALLARD_c_taking,25,data/processed/Mallard/XC607324-MALLARD_c_taking_chunk025.wav,3.0,XC607324-MALLARD_c_taking off_flight SSC 1100m 030420 0800.mp3
Mallard,XC613584-Wilde,0,data/processed/Mallard/XC613584-Wilde_chunk000.wav,3.0,"XC613584-Wilde Eend, abberrant flight call, IGS, 100420, 0436 uur.mp3"
Mallard,XC613584-Wilde,1,data/processed/Mallard/XC613584-Wilde_chunk001.wav,3.0,"XC613584-Wilde Eend, abberrant flight call, IGS, 100420, 0436 uur.mp3"
Mallard,XC613584-Wilde,2,data/processed/Mallard/XC613584-Wilde_chunk002.wav,3.0,"XC613584-Wilde Eend, abberrant flight call, IGS, 100420, 0436 uur.mp3"
Mallard,XC613584-Wilde,3,data/processed/Mallard/XC613584-Wilde_chunk003.wav,3.0,"XC613584-Wilde Eend, abberrant flight call, IGS, 100420, 0436 uur.mp3"
Mallard,XC613584-Wilde,4,data/processed/Mallard/XC613584-Wilde_chunk004.wav,3.0,"XC613584-Wilde Eend, abberrant flight call, IGS, 100420, 0436 uur.mp3"
Mallard,XC618581-JAREK-MATUSIAK-A-1061,0,data/processed/Mallard/XC618581-JAREK-MATUSIAK-A-1061_chunk000.wav,3.0,XC618581-JAREK-MATUSIAK-A-1061 krzyżówka kaczory tk.mp3
Mallard,XC618581-JAREK-MATUSIAK-A-1061,1,data/processed/Mallard/XC618581-JAREK-MATUSIAK-A-1061_chunk001.wav,3.0,XC618581-JAREK-MATUSIAK-A-1061 krzyżówka kaczory tk.mp3
Mallard,XC618581-JAREK-MATUSIAK-A-1061,2,data/processed/Mallard/XC618581-JAREK-MATUSIAK-A-1061_chunk002.wav,3.0,XC618581-JAREK-MATUSIAK-A-1061 krzyżówka kaczory tk.mp3
Mallard,XC618581-JAREK-MATUSIAK-A-1061,3,data/processed/Mallard/XC618581-JAREK-MATUSIAK-A-1061_chunk003.wav,3.0,XC618581-JAREK-MATUSIAK-A-1061 krzyżówka kaczory tk.mp3
Mallard,XC618581-JAREK-MATUSIAK-A-1061,4,data/processed/Mallard/XC618581-JAREK-MATUSIAK-A-1061_chunk004.wav,3.0,XC618581-JAREK-MATUSIAK-A-1061 krzyżówka kaczory tk.mp3
Mallard,XC618581-JAREK-MATUSIAK-A-1061,5,data/processed/Mallard/XC618581-JAREK-MATUSIAK-A-1061_chunk005.wav,3.0,XC618581-JAREK-MATUSIAK-A-1061 krzyżówka kaczory tk.mp3
Mallard,XC618581-JAREK-MATUSIAK-A-1061,6,data/processed/Mallard/XC618581-JAREK-MATUSIAK-A-1061_chunk006.wav,3.0,XC618581-JAREK-MATUSIAK-A-1061 krzyżówka kaczory tk.mp3
Mallard,XC618581-JAREK-MATUSIAK-A-1061,7,data/processed/Mallard/XC618581-JAREK-MATUSIAK-A-1061_chunk007.wav,3.0,XC618581-JAREK-MATUSIAK-A-1061 krzyżówka kaczory tk.mp3
Mallard,XC618581-JAREK-MATUSIAK-A-1061,8,data/processed/Mallard/XC618581-JAREK-MATUSIAK-A-1061_chunk008.wav,3.0,XC618581-JAREK-MATUSIAK-A-1061 krzyżówka kaczory tk.mp3
Mallard,XC618581-JAREK-MATUSIAK-A-1061,9,data/processed/Mallard/XC618581-JAREK-MATUSIAK-A-1061_chunk009.wav,3.0,XC618581-JAREK-MATUSIAK-A-1061 krzyżówka kaczory tk.mp3
Mallard,XC618581-JAREK-MATUSIAK-A-1061,10,data/processed/Mallard/XC618581-JAREK-MATUSIAK-A-1061_chunk010.wav,3.0,XC618581-JAREK-MATUSIAK-A-1061 krzyżówka kaczory tk.mp3
Mallard,XC618581-JAREK-MATUSIAK-A-1061,11,data/processed/Mallard/XC618581-JAREK-MATUSIAK-A-1061_chunk011.wav,3.0,XC618581-JAREK-MATUSIAK-A-1061 krzyżówka kaczory tk.mp3
Mallard,XC618588-JAREK-MATUSIAK-A-1058,0,data/processed/Mallard/XC618588-JAREK-MATUSIAK-A-1058_chunk000.wav,3.0,XC618588-JAREK-MATUSIAK-A-1058 (6) krzyżówki ok (2).mp3
Mallard,XC618588-JAREK-MATUSIAK-A-1058,1,data/processed/Mallard/XC618588-JAREK-MATUSIAK-A-1058_chunk001.wav,3.0,XC618588-JAREK-MATUSIAK-A-1058 (6) krzyżówki ok (2).mp3
Mallard,XC625373-LS_57096,0,data/processed/Mallard/XC625373-LS_57096_chunk000.wav,3.0,XC625373-LS_57096 Wilde eend wijfje alarm call A.mp3
Mallard,XC625373-LS_57096,1,data/processed/Mallard/XC625373-LS_57096_chunk001.wav,3.0,XC625373-LS_57096 Wilde eend wijfje alarm call A.mp3
Mallard,XC625373-LS_57096,2,data/processed/Mallard/XC625373-LS_57096_chunk002.wav,3.0,XC625373-LS_57096 Wilde eend wijfje alarm call A.mp3
Mallard,XC625373-LS_57096,3,data/processed/Mallard/XC625373-LS_57096_chunk003.wav,3.0,XC625373-LS_57096 Wilde eend wijfje alarm call A.mp3
Mallard,XC625373-LS_57096,4,data/processed/Mallard/XC625373-LS_57096_chunk004.wav,3.0,XC625373-LS_57096 Wilde eend wijfje alarm call A.mp3
Mallard,XC625373-LS_57096,5,data/processed/Mallard/XC625373-LS_57096_chunk005.wav,3.0,XC625373-LS_57096 Wilde eend wijfje alarm call A.mp3
Mallard,XC625373-LS_57096,6,data/processed/Mallard/XC625373-LS_57096_chunk006.wav,3.0,XC625373-LS_57096 Wilde eend wijfje alarm call A.mp3
Mallard,XC625373-LS_57096,7,data/processed/Mallard/XC625373-LS_57096_chunk007.wav,3.0,XC625373-LS_57096 Wilde eend wijfje alarm call A.mp3
Mallard,XC625373-LS_57096,8,data/processed/Mallard/XC625373-LS_57096_chunk008.wav,3.0,XC625373-LS_57096 Wilde eend wijfje alarm call A.mp3
Mallard,XC625373-LS_57096,9,data/processed/Mallard/XC625373-LS_57096_chunk009.wav,3.0,XC625373-LS_57096 Wilde eend wijfje alarm call A.mp3
Mallard,XC625718-ANAPLA_210301_6358_Moulismes86,0,data/processed/Mallard/XC625718-ANAPLA_210301_6358_Moulismes86_chunk000.wav,3.0,XC625718-ANAPLA_210301_6358_Moulismes86.mp3
Mallard,XC625718-ANAPLA_210301_6358_Moulismes86,1,data/processed/Mallard/XC625718-ANAPLA_210301_6358_Moulismes86_chunk001.wav,3.0,XC625718-ANAPLA_210301_6358_Moulismes86.mp3
Mallard,XC625718-ANAPLA_210301_6358_Moulismes86,2,data/processed/Mallard/XC625718-ANAPLA_210301_6358_Moulismes86_chunk002.wav,3.0,XC625718-ANAPLA_210301_6358_Moulismes86.mp3
Mallard,XC625718-ANAPLA_210301_6358_Moulismes86,3,data/processed/Mallard/XC625718-ANAPLA_210301_6358_Moulismes86_chunk003.wav,3.0,XC625718-ANAPLA_210301_6358_Moulismes86.mp3
Mallard,XC625718-ANAPLA_210301_6358_Moulismes86,4,data/processed/Mallard/XC625718-ANAPLA_210301_6358_Moulismes86_chunk004.wav,3.0,XC625718-ANAPLA_210301_6358_Moulismes86.mp3
Mallard,XC625718-ANAPLA_210301_6358_Moulismes86,5,data/processed/Mallard/XC625718-ANAPLA_210301_6358_Moulismes86_chunk005.wav,3.0,XC625718-ANAPLA_210301_6358_Moulismes86.mp3
Mallard,XC625718-ANAPLA_210301_6358_Moulismes86,6,data/processed/Mallard/XC625718-ANAPLA_210301_6358_Moulismes86_chunk006.wav,3.0,XC625718-ANAPLA_210301_6358_Moulismes86.mp3
Mallard,XC625718-ANAPLA_210301_6358_Moulismes86,7,data/processed/Mallard/XC625718-ANAPLA_210301_6358_Moulismes86_chunk007.wav,3.0,XC625718-ANAPLA_210301_6358_Moulismes86.mp3
Mallard,XC631882-210324_4661,0,data/processed/Mallard/XC631882-210324_4661_chunk000.wav,3.0,XC631882-210324_4661 Wilde eend.mp3
Mallard,XC631882-210324_4661,1,data/processed/Mallard/XC631882-210324_4661_chunk001.wav,3.0,XC631882-210324_4661 Wilde eend.mp3
Mallard,XC632350-Wilde,0,data/processed/Mallard/XC632350-Wilde_chunk000.wav,3.0,XC632350-Wilde Eend 20210323 2025 1a.mp3
Mallard,XC632350-Wilde,1,data/processed/Mallard/XC632350-Wilde_chunk001.wav,3.0,XC632350-Wilde Eend 20210323 2025 1a.mp3
Mallard,XC632350-Wilde,2,data/processed/Mallard/XC632350-Wilde_chunk002.wav,3.0,XC632350-Wilde Eend 20210323 2025 1a.mp3
Mallard,XC632350-Wilde,3,data/processed/Mallard/XC632350-Wilde_chunk003.wav,3.0,XC632350-Wilde Eend 20210323 2025 1a.mp3
Mallard,XC635133-210401_5483,0,data/processed/Mallard/XC635133-210401_5483_chunk000.wav,3.0,XC635133-210401_5483 Wilde eend.mp3
Mallard,XC635133-210401_5483,1,data/processed/Mallard/XC635133-210401_5483_chunk001.wav,3.0,XC635133-210401_5483 Wilde eend.mp3
Mallard,XC635430-210403_5543,0,data/processed/Mallard/XC635430-210403_5543_chunk000.wav,3.0,XC635430-210403_5543 Wilde eend.mp3
Mallard,XC635430-210403_5543,1,data/processed/Mallard/XC635430-210403_5543_chunk001.wav,3.0,XC635430-210403_5543 Wilde eend.mp3
Mallard,XC635430-210403_5543,2,data/processed/Mallard/XC635430-210403_5543_chunk002.wav,3.0,XC635430-210403_5543 Wilde eend.mp3
Mallard,XC644228-Gräsand_07,0,data/processed/Mallard/XC644228-Gräsand_07_chunk000.wav,3.0,XC644228-Gräsand_07.mp3
Mallard,XC644228-Gräsand_07,1,data/processed/Mallard/XC644228-Gräsand_07_chunk001.wav,3.0,XC644228-Gräsand_07.mp3
Mallard,XC644228-Gräsand_07,2,data/processed/Mallard/XC644228-Gräsand_07_chunk002.wav,3.0,XC644228-Gräsand_07.mp3
Mallard,XC644228-Gräsand_07,3,data/processed/Mallard/XC644228-Gräsand_07_chunk003.wav,3.0,XC644228-Gräsand_07.mp3
Mallard,XC644228-Gräsand_07,4,data/processed/Mallard/XC644228-Gräsand_07_chunk004.wav,3.0,XC644228-Gräsand_07.mp3
Mallard,XC644229-Gräsand_08,0,data/processed/Mallard/XC644229-Gräsand_08_chunk000.wav,3.0,XC644229-Gräsand_08.mp3
Mallard,XC644229-Gräsand_08,1,data/processed/Mallard/XC644229-Gräsand_08_chunk001.wav,3.0,XC644229-Gräsand_08.mp3
Mallard,XC644229-Gräsand_08,2,data/processed/Mallard/XC644229-Gräsand_08_chunk002.wav,3.0,XC644229-Gräsand_08.mp3
Mallard,XC644269-Gräsand_09,0,data/processed/Mallard/XC644269-Gräsand_09_chunk000.wav,3.0,XC644269-Gräsand_09.mp3
Mallard,XC644269-Gräsand_09,1,data/processed/Mallard/XC644269-Gräsand_09_chunk001.wav,3.0,XC644269-Gräsand_09.mp3
Mallard,XC644269-Gräsand_09,2,data/processed/Mallard/XC644269-Gräsand_09_chunk002.wav,3.0,XC644269-Gräsand_09.mp3
Mallard,XC644269-Gräsand_09,3,data/processed/Mallard/XC644269-Gräsand_09_chunk003.wav,3.0,XC644269-Gräsand_09.mp3
Mallard,XC644269-Gräsand_09,4,data/processed/Mallard/XC644269-Gräsand_09_chunk004.wav,3.0,XC644269-Gräsand_09.mp3
Mallard,XC644269-Gräsand_09,5,data/processed/Mallard/XC644269-Gräsand_09_chunk005.wav,3.0,XC644269-Gräsand_09.mp3
Mallard,XC648101-Wilde,0,data/processed/Mallard/XC648101-Wilde_chunk000.wav,3.0,"XC648101-Wilde Eend, wingbeats, abberrant, IGS, 270421, 0052 uur.mp3"
Mallard,XC648101-Wilde,1,data/processed/Mallard/XC648101-Wilde_chunk001.wav,3.0,"XC648101-Wilde Eend, wingbeats, abberrant, IGS, 270421, 0052 uur.mp3"
Mallard,XC648101-Wilde,2,data/processed/Mallard/XC648101-Wilde_chunk002.wav,3.0,"XC648101-Wilde Eend, wingbeats, abberrant, IGS, 270421, 0052 uur.mp3"
Mallard,XC648101-Wilde,3,data/processed/Mallard/XC648101-Wilde_chunk003.wav,3.0,"XC648101-Wilde Eend, wingbeats, abberrant, IGS, 270421, 0052 uur.mp3"
Mallard,XC648101-Wilde,4,data/processed/Mallard/XC648101-Wilde_chunk004.wav,3.0,"XC648101-Wilde Eend, wingbeats, abberrant, IGS, 270421, 0052 uur.mp3"
Mallard,XC671515-Gräsand_10,0,data/processed/Mallard/XC671515-Gräsand_10_chunk000.wav,3.0,XC671515-Gräsand_10.mp3
Mallard,XC671515-Gräsand_10,1,data/processed/Mallard/XC671515-Gräsand_10_chunk001.wav,3.0,XC671515-Gräsand_10.mp3
Mallard,XC671515-Gräsand_10,2,data/processed/Mallard/XC671515-Gräsand_10_chunk002.wav,3.0,XC671515-Gräsand_10.mp3
Mallard,XC671515-Gräsand_10,3,data/processed/Mallard/XC671515-Gräsand_10_chunk003.wav,3.0,XC671515-Gräsand_10.mp3
Mallard,XC696515-220110_1938,0,data/processed/Mallard/XC696515-220110_1938_chunk000.wav,3.0,XC696515-220110_1938 Wilde eend.mp3
Mallard,XC696515-220110_1938,1,data/processed/Mallard/XC696515-220110_1938_chunk001.wav,3.0,XC696515-220110_1938 Wilde eend.mp3
Mallard,XC696515-220110_1938,2,data/processed/Mallard/XC696515-220110_1938_chunk002.wav,3.0,XC696515-220110_1938 Wilde eend.mp3
Mallard,XC698287-ANAPLA_210403_6470_Daviaud85,0,data/processed/Mallard/XC698287-ANAPLA_210403_6470_Daviaud85_chunk000.wav,3.0,XC698287-ANAPLA_210403_6470_Daviaud85.mp3
Mallard,XC698287-ANAPLA_210403_6470_Daviaud85,1,data/processed/Mallard/XC698287-ANAPLA_210403_6470_Daviaud85_chunk001.wav,3.0,XC698287-ANAPLA_210403_6470_Daviaud85.mp3
Mallard,XC698287-ANAPLA_210403_6470_Daviaud85,2,data/processed/Mallard/XC698287-ANAPLA_210403_6470_Daviaud85_chunk002.wav,3.0,XC698287-ANAPLA_210403_6470_Daviaud85.mp3
Mallard,XC698287-ANAPLA_210403_6470_Daviaud85,3,data/processed/Mallard/XC698287-ANAPLA_210403_6470_Daviaud85_chunk003.wav,3.0,XC698287-ANAPLA_210403_6470_Daviaud85.mp3
Mallard,XC698287-ANAPLA_210403_6470_Daviaud85,4,data/processed/Mallard/XC698287-ANAPLA_210403_6470_Daviaud85_chunk004.wav,3.0,XC698287-ANAPLA_210403_6470_Daviaud85.mp3
Mallard,XC698287-ANAPLA_210403_6470_Daviaud85,5,data/processed/Mallard/XC698287-ANAPLA_210403_6470_Daviaud85_chunk005.wav,3.0,XC698287-ANAPLA_210403_6470_Daviaud85.mp3
Mallard,XC698287-ANAPLA_210403_6470_Daviaud85,6,data/processed/Mallard/XC698287-ANAPLA_210403_6470_Daviaud85_chunk006.wav,3.0,XC698287-ANAPLA_210403_6470_Daviaud85.mp3
Mallard,XC698287-ANAPLA_210403_6470_Daviaud85,7,data/processed/Mallard/XC698287-ANAPLA_210403_6470_Daviaud85_chunk007.wav,3.0,XC698287-ANAPLA_210403_6470_Daviaud85.mp3
Mallard,XC698287-ANAPLA_210403_6470_Daviaud85,8,data/processed/Mallard/XC698287-ANAPLA_210403_6470_Daviaud85_chunk008.wav,3.0,XC698287-ANAPLA_210403_6470_Daviaud85.mp3
Mallard,XC698287-ANAPLA_210403_6470_Daviaud85,9,data/processed/Mallard/XC698287-ANAPLA_210403_6470_Daviaud85_chunk009.wav,3.0,XC698287-ANAPLA_210403_6470_Daviaud85.mp3
Mallard,XC698287-ANAPLA_210403_6470_Daviaud85,10,data/processed/Mallard/XC698287-ANAPLA_210403_6470_Daviaud85_chunk010.wav,3.0,XC698287-ANAPLA_210403_6470_Daviaud85.mp3
Mallard,XC698287-ANAPLA_210403_6470_Daviaud85,11,data/processed/Mallard/XC698287-ANAPLA_210403_6470_Daviaud85_chunk011.wav,3.0,XC698287-ANAPLA_210403_6470_Daviaud85.mp3
Mallard,XC698287-ANAPLA_210403_6470_Daviaud85,12,data/processed/Mallard/XC698287-ANAPLA_210403_6470_Daviaud85_chunk012.wav,3.0,XC698287-ANAPLA_210403_6470_Daviaud85.mp3
Mallard,XC698288-ANAPLA_210419_0662_lim80_cris_vol,0,data/processed/Mallard/XC698288-ANAPLA_210419_0662_lim80_cris_vol_chunk000.wav,3.0,XC698288-ANAPLA_210419_0662_lim80_cris_vol.mp3
Mallard,XC698288-ANAPLA_210419_0662_lim80_cris_vol,1,data/processed/Mallard/XC698288-ANAPLA_210419_0662_lim80_cris_vol_chunk001.wav,3.0,XC698288-ANAPLA_210419_0662_lim80_cris_vol.mp3
Mallard,XC698288-ANAPLA_210419_0662_lim80_cris_vol,2,data/processed/Mallard/XC698288-ANAPLA_210419_0662_lim80_cris_vol_chunk002.wav,3.0,XC698288-ANAPLA_210419_0662_lim80_cris_vol.mp3
Mallard,XC698288-ANAPLA_210419_0662_lim80_cris_vol,3,data/processed/Mallard/XC698288-ANAPLA_210419_0662_lim80_cris_vol_chunk003.wav,3.0,XC698288-ANAPLA_210419_0662_lim80_cris_vol.mp3
Mallard,XC706709-220305_3034,0,data/processed/Mallard/XC706709-220305_3034_chunk000.wav,3.0,XC706709-220305_3034 Wilde eend.mp3
Mallard,XC706709-220305_3034,1,data/processed/Mallard/XC706709-220305_3034_chunk001.wav,3.0,XC706709-220305_3034 Wilde eend.mp3
Mallard,XC706709-220305_3034,2,data/processed/Mallard/XC706709-220305_3034_chunk002.wav,3.0,XC706709-220305_3034 Wilde eend.mp3
Mallard,XC716602-220419_6955,0,data/processed/Mallard/XC716602-220419_6955_chunk000.wav,3.0,XC716602-220419_6955 Wilde eend.mp3
Mallard,XC716602-220419_6955,1,data/processed/Mallard/XC716602-220419_6955_chunk001.wav,3.0,XC716602-220419_6955 Wilde eend.mp3
Mallard,XC716602-220419_6955,2,data/processed/Mallard/XC716602-220419_6955_chunk002.wav,3.0,XC716602-220419_6955 Wilde eend.mp3
Mallard,XC716602-220419_6955,3,data/processed/Mallard/XC716602-220419_6955_chunk003.wav,3.0,XC716602-220419_6955 Wilde eend.mp3
Mallard,XC716850-Wilde,0,data/processed/Mallard/XC716850-Wilde_chunk000.wav,3.0,"XC716850-Wilde Eend, flight call, IGS, 140422, 0241 uur.mp3"
Mallard,XC716850-Wilde,1,data/processed/Mallard/XC716850-Wilde_chunk001.wav,3.0,"XC716850-Wilde Eend, flight call, IGS, 140422, 0241 uur.mp3"
Mallard,XC716850-Wilde,2,data/processed/Mallard/XC716850-Wilde_chunk002.wav,3.0,"XC716850-Wilde Eend, flight call, IGS, 140422, 0241 uur.mp3"
Mallard,XC716850-Wilde,3,data/processed/Mallard/XC716850-Wilde_chunk003.wav,3.0,"XC716850-Wilde Eend, flight call, IGS, 140422, 0241 uur.mp3"
Mallard,XC716850-Wilde,4,data/processed/Mallard/XC716850-Wilde_chunk004.wav,3.0,"XC716850-Wilde Eend, flight call, IGS, 140422, 0241 uur.mp3"
Mallard,XC717931-Mallard_NFC_Ring,0,data/processed/Mallard/XC717931-Mallard_NFC_Ring_chunk000.wav,3.0,XC717931-Mallard_NFC_Ring Marsh_26+27.03.22_A+++.mp3
Mallard,XC717931-Mallard_NFC_Ring,1,data/processed/Mallard/XC717931-Mallard_NFC_Ring_chunk001.wav,3.0,XC717931-Mallard_NFC_Ring Marsh_26+27.03.22_A+++.mp3
Mallard,XC717931-Mallard_NFC_Ring,2,data/processed/Mallard/XC717931-Mallard_NFC_Ring_chunk002.wav,3.0,XC717931-Mallard_NFC_Ring Marsh_26+27.03.22_A+++.mp3
Mallard,XC717931-Mallard_NFC_Ring,3,data/processed/Mallard/XC717931-Mallard_NFC_Ring_chunk003.wav,3.0,XC717931-Mallard_NFC_Ring Marsh_26+27.03.22_A+++.mp3
Mallard,XC717931-Mallard_NFC_Ring,4,data/processed/Mallard/XC717931-Mallard_NFC_Ring_chunk004.wav,3.0,XC717931-Mallard_NFC_Ring Marsh_26+27.03.22_A+++.mp3
Mallard,XC717931-Mallard_NFC_Ring,5,data/processed/Mallard/XC717931-Mallard_NFC_Ring_chunk005.wav,3.0,XC717931-Mallard_NFC_Ring Marsh_26+27.03.22_A+++.mp3
Mallard,XC717931-Mallard_NFC_Ring,6,data/processed/Mallard/XC717931-Mallard_NFC_Ring_chunk006.wav,3.0,XC717931-Mallard_NFC_Ring Marsh_26+27.03.22_A+++.mp3
Mallard,XC717932-Mallard_NFC_Ring,0,data/processed/Mallard/XC717932-Mallard_NFC_Ring_chunk000.wav,3.0,XC717932-Mallard_NFC_Ring Marsh_31.03.22_A+++.mp3
Mallard,XC717932-Mallard_NFC_Ring,1,data/processed/Mallard/XC717932-Mallard_NFC_Ring_chunk001.wav,3.0,XC717932-Mallard_NFC_Ring Marsh_31.03.22_A+++.mp3
Mallard,XC717932-Mallard_NFC_Ring,2,data/processed/Mallard/XC717932-Mallard_NFC_Ring_chunk002.wav,3.0,XC717932-Mallard_NFC_Ring Marsh_31.03.22_A+++.mp3
Mallard,XC717932-Mallard_NFC_Ring,3,data/processed/Mallard/XC717932-Mallard_NFC_Ring_chunk003.wav,3.0,XC717932-Mallard_NFC_Ring Marsh_31.03.22_A+++.mp3
Mallard,XC717932-Mallard_NFC_Ring,4,data/processed/Mallard/XC717932-Mallard_NFC_Ring_chunk004.wav,3.0,XC717932-Mallard_NFC_Ring Marsh_31.03.22_A+++.mp3
Mallard,XC717935-Mallard_Nocturnal,0,data/processed/Mallard/XC717935-Mallard_Nocturnal_chunk000.wav,3.0,XC717935-Mallard_Nocturnal Soundscape_Ring Marsh_28.02.22_A.mp3
Mallard,XC717935-Mallard_Nocturnal,1,data/processed/Mallard/XC717935-Mallard_Nocturnal_chunk001.wav,3.0,XC717935-Mallard_Nocturnal Soundscape_Ring Marsh_28.02.22_A.mp3
Mallard,XC717935-Mallard_Nocturnal,2,data/processed/Mallard/XC717935-Mallard_Nocturnal_chunk002.wav,3.0,XC717935-Mallard_Nocturnal Soundscape_Ring Marsh_28.02.22_A.mp3
Mallard,XC717935-Mallard_Nocturnal,3,data/processed/Mallard/XC717935-Mallard_Nocturnal_chunk003.wav,3.0,XC717935-Mallard_Nocturnal Soundscape_Ring Marsh_28.02.22_A.mp3
Mallard,XC717935-Mallard_Nocturnal,4,data/processed/Mallard/XC717935-Mallard_Nocturnal_chunk004.wav,3.0,XC717935-Mallard_Nocturnal Soundscape_Ring Marsh_28.02.22_A.mp3
Mallard,XC717935-Mallard_Nocturnal,5,data/processed/Mallard/XC717935-Mallard_Nocturnal_chunk005.wav,3.0,XC717935-Mallard_Nocturnal Soundscape_Ring Marsh_28.02.22_A.mp3
Mallard,XC717935-Mallard_Nocturnal,6,data/processed/Mallard/XC717935-Mallard_Nocturnal_chunk006.wav,3.0,XC717935-Mallard_Nocturnal Soundscape_Ring Marsh_28.02.22_A.mp3
Mallard,XC717935-Mallard_Nocturnal,7,data/processed/Mallard/XC717935-Mallard_Nocturnal_chunk007.wav,3.0,XC717935-Mallard_Nocturnal Soundscape_Ring Marsh_28.02.22_A.mp3
Mallard,XC717935-Mallard_Nocturnal,8,data/processed/Mallard/XC717935-Mallard_Nocturnal_chunk008.wav,3.0,XC717935-Mallard_Nocturnal Soundscape_Ring Marsh_28.02.22_A.mp3
Mallard,XC717935-Mallard_Nocturnal,9,data/processed/Mallard/XC717935-Mallard_Nocturnal_chunk009.wav,3.0,XC717935-Mallard_Nocturnal Soundscape_Ring Marsh_28.02.22_A.mp3
Mallard,XC717935-Mallard_Nocturnal,10,data/processed/Mallard/XC717935-Mallard_Nocturnal_chunk010.wav,3.0,XC717935-Mallard_Nocturnal Soundscape_Ring Marsh_28.02.22_A.mp3
Mallard,XC717935-Mallard_Nocturnal,11,data/processed/Mallard/XC717935-Mallard_Nocturnal_chunk011.wav,3.0,XC717935-Mallard_Nocturnal Soundscape_Ring Marsh_28.02.22_A.mp3
Mallard,XC717935-Mallard_Nocturnal,12,data/processed/Mallard/XC717935-Mallard_Nocturnal_chunk012.wav,3.0,XC717935-Mallard_Nocturnal Soundscape_Ring Marsh_28.02.22_A.mp3
Mallard,XC717935-Mallard_Nocturnal,13,data/processed/Mallard/XC717935-Mallard_Nocturnal_chunk013.wav,3.0,XC717935-Mallard_Nocturnal Soundscape_Ring Marsh_28.02.22_A.mp3
Mallard,XC717935-Mallard_Nocturnal,14,data/processed/Mallard/XC717935-Mallard_Nocturnal_chunk014.wav,3.0,XC717935-Mallard_Nocturnal Soundscape_Ring Marsh_28.02.22_A.mp3
Mallard,XC717935-Mallard_Nocturnal,15,data/processed/Mallard/XC717935-Mallard_Nocturnal_chunk015.wav,3.0,XC717935-Mallard_Nocturnal Soundscape_Ring Marsh_28.02.22_A.mp3
Mallard,XC717935-Mallard_Nocturnal,16,data/processed/Mallard/XC717935-Mallard_Nocturnal_chunk016.wav,3.0,XC717935-Mallard_Nocturnal Soundscape_Ring Marsh_28.02.22_A.mp3
Mallard,XC717935-Mallard_Nocturnal,17,data/processed/Mallard/XC717935-Mallard_Nocturnal_chunk017.wav,3.0,XC717935-Mallard_Nocturnal Soundscape_Ring Marsh_28.02.22_A.mp3
Mallard,XC717935-Mallard_Nocturnal,18,data/processed/Mallard/XC717935-Mallard_Nocturnal_chunk018.wav,3.0,XC717935-Mallard_Nocturnal Soundscape_Ring Marsh_28.02.22_A.mp3
Mallard,XC717935-Mallard_Nocturnal,19,data/processed/Mallard/XC717935-Mallard_Nocturnal_chunk019.wav,3.0,XC717935-Mallard_Nocturnal Soundscape_Ring Marsh_28.02.22_A.mp3
Mallard,XC717935-Mallard_Nocturnal,20,data/processed/Mallard/XC717935-Mallard_Nocturnal_chunk020.wav,3.0,XC717935-Mallard_Nocturnal Soundscape_Ring Marsh_28.02.22_A.mp3
Mallard,XC717935-Mallard_Nocturnal,21,data/processed/Mallard/XC717935-Mallard_Nocturnal_chunk021.wav,3.0,XC717935-Mallard_Nocturnal Soundscape_Ring Marsh_28.02.22_A.mp3
Mallard,XC717935-Mallard_Nocturnal,22,data/processed/Mallard/XC717935-Mallard_Nocturnal_chunk022.wav,3.0,XC717935-Mallard_Nocturnal Soundscape_Ring Marsh_28.02.22_A.mp3
Mallard,XC717935-Mallard_Nocturnal,23,data/processed/Mallard/XC717935-Mallard_Nocturnal_chunk023.wav,3.0,XC717935-Mallard_Nocturnal Soundscape_Ring Marsh_28.02.22_A.mp3
Mallard,XC717935-Mallard_Nocturnal,24,data/processed/Mallard/XC717935-Mallard_Nocturnal_chunk024.wav,3.0,XC717935-Mallard_Nocturnal Soundscape_Ring Marsh_28.02.22_A.mp3
Mallard,XC717935-Mallard_Nocturnal,25,data/processed/Mallard/XC717935-Mallard_Nocturnal_chunk025.wav,3.0,XC717935-Mallard_Nocturnal Soundscape_Ring Marsh_28.02.22_A.mp3
Mallard,XC717935-Mallard_Nocturnal,26,data/processed/Mallard/XC717935-Mallard_Nocturnal_chunk026.wav,3.0,XC717935-Mallard_Nocturnal Soundscape_Ring Marsh_28.02.22_A.mp3
Mallard,XC717935-Mallard_Nocturnal,27,data/processed/Mallard/XC717935-Mallard_Nocturnal_chunk027.wav,3.0,XC717935-Mallard_Nocturnal Soundscape_Ring Marsh_28.02.22_A.mp3
Mallard,XC717935-Mallard_Nocturnal,28,data/processed/Mallard/XC717935-Mallard_Nocturnal_chunk028.wav,3.0,XC717935-Mallard_Nocturnal Soundscape_Ring Marsh_28.02.22_A.mp3
Mallard,XC717935-Mallard_Nocturnal,29,data/processed/Mallard/XC717935-Mallard_Nocturnal_chunk029.wav,3.0,XC717935-Mallard_Nocturnal Soundscape_Ring Marsh_28.02.22_A.mp3
Mallard,XC717935-Mallard_Nocturnal,30,data/processed/Mallard/XC717935-Mallard_Nocturnal_chunk030.wav,3.0,XC717935-Mallard_Nocturnal Soundscape_Ring Marsh_28.02.22_A.mp3
Mallard,XC717935-Mallard_Nocturnal,31,data/processed/Mallard/XC717935-Mallard_Nocturnal_chunk031.wav,3.0,XC717935-Mallard_Nocturnal Soundscape_Ring Marsh_28.02.22_A.mp3
Mallard,XC717935-Mallard_Nocturnal,32,data/processed/Mallard/XC717935-Mallard_Nocturnal_chunk032.wav,3.0,XC717935-Mallard_Nocturnal Soundscape_Ring Marsh_28.02.22_A.mp3
Mallard,XC717935-Mallard_Nocturnal,33,data/processed/Mallard/XC717935-Mallard_Nocturnal_chunk033.wav,3.0,XC717935-Mallard_Nocturnal Soundscape_Ring Marsh_28.02.22_A.mp3
Mallard,XC717935-Mallard_Nocturnal,34,data/processed/Mallard/XC717935-Mallard_Nocturnal_chunk034.wav,3.0,XC717935-Mallard_Nocturnal Soundscape_Ring Marsh_28.02.22_A.mp3
Mallard,XC717935-Mallard_Nocturnal,35,data/processed/Mallard/XC717935-Mallard_Nocturnal_chunk035.wav,3.0,XC717935-Mallard_Nocturnal Soundscape_Ring Marsh_28.02.22_A.mp3
Mallard,XC717935-Mallard_Nocturnal,36,data/processed/Mallard/XC717935-Mallard_Nocturnal_chunk036.wav,3.0,XC717935-Mallard_Nocturnal Soundscape_Ring Marsh_28.02.22_A.mp3
Mallard,XC717935-Mallard_Nocturnal,37,data/processed/Mallard/XC717935-Mallard_Nocturnal_chunk037.wav,3.0,XC717935-Mallard_Nocturnal Soundscape_Ring Marsh_28.02.22_A.mp3
Mallard,XC717935-Mallard_Nocturnal,38,data/processed/Mallard/XC717935-Mallard_Nocturnal_chunk038.wav,3.0,XC717935-Mallard_Nocturnal Soundscape_Ring Marsh_28.02.22_A.mp3
Mallard,XC717935-Mallard_Nocturnal,39,data/processed/Mallard/XC717935-Mallard_Nocturnal_chunk039.wav,3.0,XC717935-Mallard_Nocturnal Soundscape_Ring Marsh_28.02.22_A.mp3
Mallard,XC717935-Mallard_Nocturnal,40,data/processed/Mallard/XC717935-Mallard_Nocturnal_chunk040.wav,3.0,XC717935-Mallard_Nocturnal Soundscape_Ring Marsh_28.02.22_A.mp3
Mallard,XC717935-Mallard_Nocturnal,41,data/processed/Mallard/XC717935-Mallard_Nocturnal_chunk041.wav,3.0,XC717935-Mallard_Nocturnal Soundscape_Ring Marsh_28.02.22_A.mp3
Mallard,XC717935-Mallard_Nocturnal,42,data/processed/Mallard/XC717935-Mallard_Nocturnal_chunk042.wav,3.0,XC717935-Mallard_Nocturnal Soundscape_Ring Marsh_28.02.22_A.mp3
Mallard,XC717935-Mallard_Nocturnal,43,data/processed/Mallard/XC717935-Mallard_Nocturnal_chunk043.wav,3.0,XC717935-Mallard_Nocturnal Soundscape_Ring Marsh_28.02.22_A.mp3
Mallard,XC717935-Mallard_Nocturnal,44,data/processed/Mallard/XC717935-Mallard_Nocturnal_chunk044.wav,3.0,XC717935-Mallard_Nocturnal Soundscape_Ring Marsh_28.02.22_A.mp3
Mallard,XC717935-Mallard_Nocturnal,45,data/processed/Mallard/XC717935-Mallard_Nocturnal_chunk045.wav,3.0,XC717935-Mallard_Nocturnal Soundscape_Ring Marsh_28.02.22_A.mp3
Mallard,XC717935-Mallard_Nocturnal,46,data/processed/Mallard/XC717935-Mallard_Nocturnal_chunk046.wav,3.0,XC717935-Mallard_Nocturnal Soundscape_Ring Marsh_28.02.22_A.mp3
Mallard,XC717935-Mallard_Nocturnal,47,data/processed/Mallard/XC717935-Mallard_Nocturnal_chunk047.wav,3.0,XC717935-Mallard_Nocturnal Soundscape_Ring Marsh_28.02.22_A.mp3
Mallard,XC717935-Mallard_Nocturnal,48,data/processed/Mallard/XC717935-Mallard_Nocturnal_chunk048.wav,3.0,XC717935-Mallard_Nocturnal Soundscape_Ring Marsh_28.02.22_A.mp3
Mallard,XC717935-Mallard_Nocturnal,49,data/processed/Mallard/XC717935-Mallard_Nocturnal_chunk049.wav,3.0,XC717935-Mallard_Nocturnal Soundscape_Ring Marsh_28.02.22_A.mp3
Mallard,XC717935-Mallard_Nocturnal,50,data/processed/Mallard/XC717935-Mallard_Nocturnal_chunk050.wav,3.0,XC717935-Mallard_Nocturnal Soundscape_Ring Marsh_28.02.22_A.mp3
Mallard,XC717935-Mallard_Nocturnal,51,data/processed/Mallard/XC717935-Mallard_Nocturnal_chunk051.wav,3.0,XC717935-Mallard_Nocturnal Soundscape_Ring Marsh_28.02.22_A.mp3
Mallard,XC717935-Mallard_Nocturnal,52,data/processed/Mallard/XC717935-Mallard_Nocturnal_chunk052.wav,3.0,XC717935-Mallard_Nocturnal Soundscape_Ring Marsh_28.02.22_A.mp3
Mallard,XC717935-Mallard_Nocturnal,53,data/processed/Mallard/XC717935-Mallard_Nocturnal_chunk053.wav,3.0,XC717935-Mallard_Nocturnal Soundscape_Ring Marsh_28.02.22_A.mp3
Mallard,XC717935-Mallard_Nocturnal,54,data/processed/Mallard/XC717935-Mallard_Nocturnal_chunk054.wav,3.0,XC717935-Mallard_Nocturnal Soundscape_Ring Marsh_28.02.22_A.mp3
Mallard,XC717935-Mallard_Nocturnal,55,data/processed/Mallard/XC717935-Mallard_Nocturnal_chunk055.wav,3.0,XC717935-Mallard_Nocturnal Soundscape_Ring Marsh_28.02.22_A.mp3
Mallard,XC717935-Mallard_Nocturnal,56,data/processed/Mallard/XC717935-Mallard_Nocturnal_chunk056.wav,3.0,XC717935-Mallard_Nocturnal Soundscape_Ring Marsh_28.02.22_A.mp3
Mallard,XC717935-Mallard_Nocturnal,57,data/processed/Mallard/XC717935-Mallard_Nocturnal_chunk057.wav,3.0,XC717935-Mallard_Nocturnal Soundscape_Ring Marsh_28.02.22_A.mp3
Mallard,XC717935-Mallard_Nocturnal,58,data/processed/Mallard/XC717935-Mallard_Nocturnal_chunk058.wav,3.0,XC717935-Mallard_Nocturnal Soundscape_Ring Marsh_28.02.22_A.mp3
Mallard,XC717935-Mallard_Nocturnal,59,data/processed/Mallard/XC717935-Mallard_Nocturnal_chunk059.wav,3.0,XC717935-Mallard_Nocturnal Soundscape_Ring Marsh_28.02.22_A.mp3
Mallard,XC717935-Mallard_Nocturnal,60,data/processed/Mallard/XC717935-Mallard_Nocturnal_chunk060.wav,3.0,XC717935-Mallard_Nocturnal Soundscape_Ring Marsh_28.02.22_A.mp3
Mallard,XC717935-Mallard_Nocturnal,61,data/processed/Mallard/XC717935-Mallard_Nocturnal_chunk061.wav,3.0,XC717935-Mallard_Nocturnal Soundscape_Ring Marsh_28.02.22_A.mp3
Mallard,XC717935-Mallard_Nocturnal,62,data/processed/Mallard/XC717935-Mallard_Nocturnal_chunk062.wav,3.0,XC717935-Mallard_Nocturnal Soundscape_Ring Marsh_28.02.22_A.mp3
Mallard,XC717935-Mallard_Nocturnal,63,data/processed/Mallard/XC717935-Mallard_Nocturnal_chunk063.wav,3.0,XC717935-Mallard_Nocturnal Soundscape_Ring Marsh_28.02.22_A.mp3
Mallard,XC717935-Mallard_Nocturnal,64,data/processed/Mallard/XC717935-Mallard_Nocturnal_chunk064.wav,3.0,XC717935-Mallard_Nocturnal Soundscape_Ring Marsh_28.02.22_A.mp3
Mallard,XC717935-Mallard_Nocturnal,65,data/processed/Mallard/XC717935-Mallard_Nocturnal_chunk065.wav,3.0,XC717935-Mallard_Nocturnal Soundscape_Ring Marsh_28.02.22_A.mp3
Mallard,XC717935-Mallard_Nocturnal,66,data/processed/Mallard/XC717935-Mallard_Nocturnal_chunk066.wav,3.0,XC717935-Mallard_Nocturnal Soundscape_Ring Marsh_28.02.22_A.mp3
Mallard,XC717935-Mallard_Nocturnal,67,data/processed/Mallard/XC717935-Mallard_Nocturnal_chunk067.wav,3.0,XC717935-Mallard_Nocturnal Soundscape_Ring Marsh_28.02.22_A.mp3
Mallard,XC717935-Mallard_Nocturnal,68,data/processed/Mallard/XC717935-Mallard_Nocturnal_chunk068.wav,3.0,XC717935-Mallard_Nocturnal Soundscape_Ring Marsh_28.02.22_A.mp3
Mallard,XC717935-Mallard_Nocturnal,69,data/processed/Mallard/XC717935-Mallard_Nocturnal_chunk069.wav,3.0,XC717935-Mallard_Nocturnal Soundscape_Ring Marsh_28.02.22_A.mp3
Mallard,XC717935-Mallard_Nocturnal,70,data/processed/Mallard/XC717935-Mallard_Nocturnal_chunk070.wav,3.0,XC717935-Mallard_Nocturnal Soundscape_Ring Marsh_28.02.22_A.mp3
Mallard,XC717935-Mallard_Nocturnal,71,data/processed/Mallard/XC717935-Mallard_Nocturnal_chunk071.wav,3.0,XC717935-Mallard_Nocturnal Soundscape_Ring Marsh_28.02.22_A.mp3
Mallard,XC717935-Mallard_Nocturnal,72,data/processed/Mallard/XC717935-Mallard_Nocturnal_chunk072.wav,3.0,XC717935-Mallard_Nocturnal Soundscape_Ring Marsh_28.02.22_A.mp3
Mallard,XC717935-Mallard_Nocturnal,73,data/processed/Mallard/XC717935-Mallard_Nocturnal_chunk073.wav,3.0,XC717935-Mallard_Nocturnal Soundscape_Ring Marsh_28.02.22_A.mp3
Mallard,XC717935-Mallard_Nocturnal,74,data/processed/Mallard/XC717935-Mallard_Nocturnal_chunk074.wav,3.0,XC717935-Mallard_Nocturnal Soundscape_Ring Marsh_28.02.22_A.mp3
Mallard,XC717935-Mallard_Nocturnal,75,data/processed/Mallard/XC717935-Mallard_Nocturnal_chunk075.wav,3.0,XC717935-Mallard_Nocturnal Soundscape_Ring Marsh_28.02.22_A.mp3
Mallard,XC717935-Mallard_Nocturnal,76,data/processed/Mallard/XC717935-Mallard_Nocturnal_chunk076.wav,3.0,XC717935-Mallard_Nocturnal Soundscape_Ring Marsh_28.02.22_A.mp3
Mallard,XC717935-Mallard_Nocturnal,77,data/processed/Mallard/XC717935-Mallard_Nocturnal_chunk077.wav,3.0,XC717935-Mallard_Nocturnal Soundscape_Ring Marsh_28.02.22_A.mp3
Mallard,XC717935-Mallard_Nocturnal,78,data/processed/Mallard/XC717935-Mallard_Nocturnal_chunk078.wav,3.0,XC717935-Mallard_Nocturnal Soundscape_Ring Marsh_28.02.22_A.mp3
Mallard,XC717935-Mallard_Nocturnal,79,data/processed/Mallard/XC717935-Mallard_Nocturnal_chunk079.wav,3.0,XC717935-Mallard_Nocturnal Soundscape_Ring Marsh_28.02.22_A.mp3
Mallard,XC717935-Mallard_Nocturnal,80,data/processed/Mallard/XC717935-Mallard_Nocturnal_chunk080.wav,3.0,XC717935-Mallard_Nocturnal Soundscape_Ring Marsh_28.02.22_A.mp3
Mallard,XC717935-Mallard_Nocturnal,81,data/processed/Mallard/XC717935-Mallard_Nocturnal_chunk081.wav,3.0,XC717935-Mallard_Nocturnal Soundscape_Ring Marsh_28.02.22_A.mp3
Mallard,XC717935-Mallard_Nocturnal,82,data/processed/Mallard/XC717935-Mallard_Nocturnal_chunk082.wav,3.0,XC717935-Mallard_Nocturnal Soundscape_Ring Marsh_28.02.22_A.mp3
Mallard,XC717935-Mallard_Nocturnal,83,data/processed/Mallard/XC717935-Mallard_Nocturnal_chunk083.wav,3.0,XC717935-Mallard_Nocturnal Soundscape_Ring Marsh_28.02.22_A.mp3
Mallard,XC717935-Mallard_Nocturnal,84,data/processed/Mallard/XC717935-Mallard_Nocturnal_chunk084.wav,3.0,XC717935-Mallard_Nocturnal Soundscape_Ring Marsh_28.02.22_A.mp3
Mallard,XC717935-Mallard_Nocturnal,85,data/processed/Mallard/XC717935-Mallard_Nocturnal_chunk085.wav,3.0,XC717935-Mallard_Nocturnal Soundscape_Ring Marsh_28.02.22_A.mp3
Mallard,XC717935-Mallard_Nocturnal,86,data/processed/Mallard/XC717935-Mallard_Nocturnal_chunk086.wav,3.0,XC717935-Mallard_Nocturnal Soundscape_Ring Marsh_28.02.22_A.mp3
Mallard,XC717935-Mallard_Nocturnal,87,data/processed/Mallard/XC717935-Mallard_Nocturnal_chunk087.wav,3.0,XC717935-Mallard_Nocturnal Soundscape_Ring Marsh_28.02.22_A.mp3
Mallard,XC717935-Mallard_Nocturnal,88,data/processed/Mallard/XC717935-Mallard_Nocturnal_chunk088.wav,3.0,XC717935-Mallard_Nocturnal Soundscape_Ring Marsh_28.02.22_A.mp3
Mallard,XC717935-Mallard_Nocturnal,89,data/processed/Mallard/XC717935-Mallard_Nocturnal_chunk089.wav,3.0,XC717935-Mallard_Nocturnal Soundscape_Ring Marsh_28.02.22_A.mp3
Mallard,XC717935-Mallard_Nocturnal,90,data/processed/Mallard/XC717935-Mallard_Nocturnal_chunk090.wav,3.0,XC717935-Mallard_Nocturnal Soundscape_Ring Marsh_28.02.22_A.mp3
Mallard,XC717935-Mallard_Nocturnal,91,data/processed/Mallard/XC717935-Mallard_Nocturnal_chunk091.wav,3.0,XC717935-Mallard_Nocturnal Soundscape_Ring Marsh_28.02.22_A.mp3
Mallard,XC717935-Mallard_Nocturnal,92,data/processed/Mallard/XC717935-Mallard_Nocturnal_chunk092.wav,3.0,XC717935-Mallard_Nocturnal Soundscape_Ring Marsh_28.02.22_A.mp3
Mallard,XC717935-Mallard_Nocturnal,93,data/processed/Mallard/XC717935-Mallard_Nocturnal_chunk093.wav,3.0,XC717935-Mallard_Nocturnal Soundscape_Ring Marsh_28.02.22_A.mp3
Mallard,XC717935-Mallard_Nocturnal,94,data/processed/Mallard/XC717935-Mallard_Nocturnal_chunk094.wav,3.0,XC717935-Mallard_Nocturnal Soundscape_Ring Marsh_28.02.22_A.mp3
Mallard,XC717935-Mallard_Nocturnal,95,data/processed/Mallard/XC717935-Mallard_Nocturnal_chunk095.wav,3.0,XC717935-Mallard_Nocturnal Soundscape_Ring Marsh_28.02.22_A.mp3
Mallard,XC717935-Mallard_Nocturnal,96,data/processed/Mallard/XC717935-Mallard_Nocturnal_chunk096.wav,3.0,XC717935-Mallard_Nocturnal Soundscape_Ring Marsh_28.02.22_A.mp3
Mallard,XC717935-Mallard_Nocturnal,97,data/processed/Mallard/XC717935-Mallard_Nocturnal_chunk097.wav,3.0,XC717935-Mallard_Nocturnal Soundscape_Ring Marsh_28.02.22_A.mp3
Mallard,XC717935-Mallard_Nocturnal,98,data/processed/Mallard/XC717935-Mallard_Nocturnal_chunk098.wav,3.0,XC717935-Mallard_Nocturnal Soundscape_Ring Marsh_28.02.22_A.mp3
Mallard,XC717935-Mallard_Nocturnal,99,data/processed/Mallard/XC717935-Mallard_Nocturnal_chunk099.wav,3.0,XC717935-Mallard_Nocturnal Soundscape_Ring Marsh_28.02.22_A.mp3
Mallard,XC717935-Mallard_Nocturnal,100,data/processed/Mallard/XC717935-Mallard_Nocturnal_chunk100.wav,3.0,XC717935-Mallard_Nocturnal Soundscape_Ring Marsh_28.02.22_A.mp3
Mallard,XC717935-Mallard_Nocturnal,101,data/processed/Mallard/XC717935-Mallard_Nocturnal_chunk101.wav,3.0,XC717935-Mallard_Nocturnal Soundscape_Ring Marsh_28.02.22_A.mp3
Mallard,XC717935-Mallard_Nocturnal,102,data/processed/Mallard/XC717935-Mallard_Nocturnal_chunk102.wav,3.0,XC717935-Mallard_Nocturnal Soundscape_Ring Marsh_28.02.22_A.mp3
Mallard,XC717935-Mallard_Nocturnal,103,data/processed/Mallard/XC717935-Mallard_Nocturnal_chunk103.wav,3.0,XC717935-Mallard_Nocturnal Soundscape_Ring Marsh_28.02.22_A.mp3
Mallard,XC717935-Mallard_Nocturnal,104,data/processed/Mallard/XC717935-Mallard_Nocturnal_chunk104.wav,3.0,XC717935-Mallard_Nocturnal Soundscape_Ring Marsh_28.02.22_A.mp3
Mallard,XC717935-Mallard_Nocturnal,105,data/processed/Mallard/XC717935-Mallard_Nocturnal_chunk105.wav,3.0,XC717935-Mallard_Nocturnal Soundscape_Ring Marsh_28.02.22_A.mp3
Mallard,XC717935-Mallard_Nocturnal,106,data/processed/Mallard/XC717935-Mallard_Nocturnal_chunk106.wav,3.0,XC717935-Mallard_Nocturnal Soundscape_Ring Marsh_28.02.22_A.mp3
Mallard,XC717935-Mallard_Nocturnal,107,data/processed/Mallard/XC717935-Mallard_Nocturnal_chunk107.wav,3.0,XC717935-Mallard_Nocturnal Soundscape_Ring Marsh_28.02.22_A.mp3
Mallard,XC717935-Mallard_Nocturnal,108,data/processed/Mallard/XC717935-Mallard_Nocturnal_chunk108.wav,3.0,XC717935-Mallard_Nocturnal Soundscape_Ring Marsh_28.02.22_A.mp3
Mallard,XC717935-Mallard_Nocturnal,109,data/processed/Mallard/XC717935-Mallard_Nocturnal_chunk109.wav,3.0,XC717935-Mallard_Nocturnal Soundscape_Ring Marsh_28.02.22_A.mp3
Mallard,XC717935-Mallard_Nocturnal,110,data/processed/Mallard/XC717935-Mallard_Nocturnal_chunk110.wav,3.0,XC717935-Mallard_Nocturnal Soundscape_Ring Marsh_28.02.22_A.mp3
Mallard,XC717935-Mallard_Nocturnal,111,data/processed/Mallard/XC717935-Mallard_Nocturnal_chunk111.wav,3.0,XC717935-Mallard_Nocturnal Soundscape_Ring Marsh_28.02.22_A.mp3
Mallard,XC717935-Mallard_Nocturnal,112,data/processed/Mallard/XC717935-Mallard_Nocturnal_chunk112.wav,3.0,XC717935-Mallard_Nocturnal Soundscape_Ring Marsh_28.02.22_A.mp3
Mallard,XC717935-Mallard_Nocturnal,113,data/processed/Mallard/XC717935-Mallard_Nocturnal_chunk113.wav,3.0,XC717935-Mallard_Nocturnal Soundscape_Ring Marsh_28.02.22_A.mp3
Mallard,XC717935-Mallard_Nocturnal,114,data/processed/Mallard/XC717935-Mallard_Nocturnal_chunk114.wav,3.0,XC717935-Mallard_Nocturnal Soundscape_Ring Marsh_28.02.22_A.mp3
Mallard,XC717935-Mallard_Nocturnal,115,data/processed/Mallard/XC717935-Mallard_Nocturnal_chunk115.wav,3.0,XC717935-Mallard_Nocturnal Soundscape_Ring Marsh_28.02.22_A.mp3
Mallard,XC717935-Mallard_Nocturnal,116,data/processed/Mallard/XC717935-Mallard_Nocturnal_chunk116.wav,3.0,XC717935-Mallard_Nocturnal Soundscape_Ring Marsh_28.02.22_A.mp3
Mallard,XC717935-Mallard_Nocturnal,117,data/processed/Mallard/XC717935-Mallard_Nocturnal_chunk117.wav,3.0,XC717935-Mallard_Nocturnal Soundscape_Ring Marsh_28.02.22_A.mp3
Mallard,XC717935-Mallard_Nocturnal,118,data/processed/Mallard/XC717935-Mallard_Nocturnal_chunk118.wav,3.0,XC717935-Mallard_Nocturnal Soundscape_Ring Marsh_28.02.22_A.mp3
Mallard,XC717935-Mallard_Nocturnal,119,data/processed/Mallard/XC717935-Mallard_Nocturnal_chunk119.wav,3.0,XC717935-Mallard_Nocturnal Soundscape_Ring Marsh_28.02.22_A.mp3
Mallard,XC717935-Mallard_Nocturnal,120,data/processed/Mallard/XC717935-Mallard_Nocturnal_chunk120.wav,3.0,XC717935-Mallard_Nocturnal Soundscape_Ring Marsh_28.02.22_A.mp3
Mallard,XC717935-Mallard_Nocturnal,121,data/processed/Mallard/XC717935-Mallard_Nocturnal_chunk121.wav,3.0,XC717935-Mallard_Nocturnal Soundscape_Ring Marsh_28.02.22_A.mp3
Mallard,XC717935-Mallard_Nocturnal,122,data/processed/Mallard/XC717935-Mallard_Nocturnal_chunk122.wav,3.0,XC717935-Mallard_Nocturnal Soundscape_Ring Marsh_28.02.22_A.mp3
Mallard,XC717935-Mallard_Nocturnal,123,data/processed/Mallard/XC717935-Mallard_Nocturnal_chunk123.wav,3.0,XC717935-Mallard_Nocturnal Soundscape_Ring Marsh_28.02.22_A.mp3
Mallard,XC717935-Mallard_Nocturnal,124,data/processed/Mallard/XC717935-Mallard_Nocturnal_chunk124.wav,3.0,XC717935-Mallard_Nocturnal Soundscape_Ring Marsh_28.02.22_A.mp3
Mallard,XC717935-Mallard_Nocturnal,125,data/processed/Mallard/XC717935-Mallard_Nocturnal_chunk125.wav,3.0,XC717935-Mallard_Nocturnal Soundscape_Ring Marsh_28.02.22_A.mp3
Mallard,XC717935-Mallard_Nocturnal,126,data/processed/Mallard/XC717935-Mallard_Nocturnal_chunk126.wav,3.0,XC717935-Mallard_Nocturnal Soundscape_Ring Marsh_28.02.22_A.mp3
Mallard,XC717935-Mallard_Nocturnal,127,data/processed/Mallard/XC717935-Mallard_Nocturnal_chunk127.wav,3.0,XC717935-Mallard_Nocturnal Soundscape_Ring Marsh_28.02.22_A.mp3
Mallard,XC717935-Mallard_Nocturnal,128,data/processed/Mallard/XC717935-Mallard_Nocturnal_chunk128.wav,3.0,XC717935-Mallard_Nocturnal Soundscape_Ring Marsh_28.02.22_A.mp3
Mallard,XC717935-Mallard_Nocturnal,129,data/processed/Mallard/XC717935-Mallard_Nocturnal_chunk129.wav,3.0,XC717935-Mallard_Nocturnal Soundscape_Ring Marsh_28.02.22_A.mp3
Mallard,XC717935-Mallard_Nocturnal,130,data/processed/Mallard/XC717935-Mallard_Nocturnal_chunk130.wav,3.0,XC717935-Mallard_Nocturnal Soundscape_Ring Marsh_28.02.22_A.mp3
Mallard,XC717935-Mallard_Nocturnal,131,data/processed/Mallard/XC717935-Mallard_Nocturnal_chunk131.wav,3.0,XC717935-Mallard_Nocturnal Soundscape_Ring Marsh_28.02.22_A.mp3
Mallard,XC717935-Mallard_Nocturnal,132,data/processed/Mallard/XC717935-Mallard_Nocturnal_chunk132.wav,3.0,XC717935-Mallard_Nocturnal Soundscape_Ring Marsh_28.02.22_A.mp3
Mallard,XC717935-Mallard_Nocturnal,133,data/processed/Mallard/XC717935-Mallard_Nocturnal_chunk133.wav,3.0,XC717935-Mallard_Nocturnal Soundscape_Ring Marsh_28.02.22_A.mp3
Mallard,XC717935-Mallard_Nocturnal,134,data/processed/Mallard/XC717935-Mallard_Nocturnal_chunk134.wav,3.0,XC717935-Mallard_Nocturnal Soundscape_Ring Marsh_28.02.22_A.mp3
Mallard,XC717935-Mallard_Nocturnal,135,data/processed/Mallard/XC717935-Mallard_Nocturnal_chunk135.wav,3.0,XC717935-Mallard_Nocturnal Soundscape_Ring Marsh_28.02.22_A.mp3
Mallard,XC717935-Mallard_Nocturnal,136,data/processed/Mallard/XC717935-Mallard_Nocturnal_chunk136.wav,3.0,XC717935-Mallard_Nocturnal Soundscape_Ring Marsh_28.02.22_A.mp3
Mallard,XC717935-Mallard_Nocturnal,137,data/processed/Mallard/XC717935-Mallard_Nocturnal_chunk137.wav,3.0,XC717935-Mallard_Nocturnal Soundscape_Ring Marsh_28.02.22_A.mp3
Mallard,XC717935-Mallard_Nocturnal,138,data/processed/Mallard/XC717935-Mallard_Nocturnal_chunk138.wav,3.0,XC717935-Mallard_Nocturnal Soundscape_Ring Marsh_28.02.22_A.mp3
Mallard,XC717935-Mallard_Nocturnal,139,data/processed/Mallard/XC717935-Mallard_Nocturnal_chunk139.wav,3.0,XC717935-Mallard_Nocturnal Soundscape_Ring Marsh_28.02.22_A.mp3
Mallard,XC717935-Mallard_Nocturnal,140,data/processed/Mallard/XC717935-Mallard_Nocturnal_chunk140.wav,3.0,XC717935-Mallard_Nocturnal Soundscape_Ring Marsh_28.02.22_A.mp3
Mallard,XC717935-Mallard_Nocturnal,141,data/processed/Mallard/XC717935-Mallard_Nocturnal_chunk141.wav,3.0,XC717935-Mallard_Nocturnal Soundscape_Ring Marsh_28.02.22_A.mp3
Mallard,XC717935-Mallard_Nocturnal,142,data/processed/Mallard/XC717935-Mallard_Nocturnal_chunk142.wav,3.0,XC717935-Mallard_Nocturnal Soundscape_Ring Marsh_28.02.22_A.mp3
Mallard,XC717935-Mallard_Nocturnal,143,data/processed/Mallard/XC717935-Mallard_Nocturnal_chunk143.wav,3.0,XC717935-Mallard_Nocturnal Soundscape_Ring Marsh_28.02.22_A.mp3
Mallard,XC717935-Mallard_Nocturnal,144,data/processed/Mallard/XC717935-Mallard_Nocturnal_chunk144.wav,3.0,XC717935-Mallard_Nocturnal Soundscape_Ring Marsh_28.02.22_A.mp3
Mallard,XC717935-Mallard_Nocturnal,145,data/processed/Mallard/XC717935-Mallard_Nocturnal_chunk145.wav,3.0,XC717935-Mallard_Nocturnal Soundscape_Ring Marsh_28.02.22_A.mp3
Mallard,XC717935-Mallard_Nocturnal,146,data/processed/Mallard/XC717935-Mallard_Nocturnal_chunk146.wav,3.0,XC717935-Mallard_Nocturnal Soundscape_Ring Marsh_28.02.22_A.mp3
Mallard,XC717935-Mallard_Nocturnal,147,data/processed/Mallard/XC717935-Mallard_Nocturnal_chunk147.wav,3.0,XC717935-Mallard_Nocturnal Soundscape_Ring Marsh_28.02.22_A.mp3
Mallard,XC717935-Mallard_Nocturnal,148,data/processed/Mallard/XC717935-Mallard_Nocturnal_chunk148.wav,3.0,XC717935-Mallard_Nocturnal Soundscape_Ring Marsh_28.02.22_A.mp3
Mallard,XC717935-Mallard_Nocturnal,149,data/processed/Mallard/XC717935-Mallard_Nocturnal_chunk149.wav,3.0,XC717935-Mallard_Nocturnal Soundscape_Ring Marsh_28.02.22_A.mp3
Mallard,XC717935-Mallard_Nocturnal,150,data/processed/Mallard/XC717935-Mallard_Nocturnal_chunk150.wav,3.0,XC717935-Mallard_Nocturnal Soundscape_Ring Marsh_28.02.22_A.mp3
Mallard,XC717935-Mallard_Nocturnal,151,data/processed/Mallard/XC717935-Mallard_Nocturnal_chunk151.wav,3.0,XC717935-Mallard_Nocturnal Soundscape_Ring Marsh_28.02.22_A.mp3
Mallard,XC717935-Mallard_Nocturnal,152,data/processed/Mallard/XC717935-Mallard_Nocturnal_chunk152.wav,3.0,XC717935-Mallard_Nocturnal Soundscape_Ring Marsh_28.02.22_A.mp3
Mallard,XC717935-Mallard_Nocturnal,153,data/processed/Mallard/XC717935-Mallard_Nocturnal_chunk153.wav,3.0,XC717935-Mallard_Nocturnal Soundscape_Ring Marsh_28.02.22_A.mp3
Mallard,XC717935-Mallard_Nocturnal,154,data/processed/Mallard/XC717935-Mallard_Nocturnal_chunk154.wav,3.0,XC717935-Mallard_Nocturnal Soundscape_Ring Marsh_28.02.22_A.mp3
Mallard,XC717935-Mallard_Nocturnal,155,data/processed/Mallard/XC717935-Mallard_Nocturnal_chunk155.wav,3.0,XC717935-Mallard_Nocturnal Soundscape_Ring Marsh_28.02.22_A.mp3
Mallard,XC717935-Mallard_Nocturnal,156,data/processed/Mallard/XC717935-Mallard_Nocturnal_chunk156.wav,3.0,XC717935-Mallard_Nocturnal Soundscape_Ring Marsh_28.02.22_A.mp3
Mallard,XC717935-Mallard_Nocturnal,157,data/processed/Mallard/XC717935-Mallard_Nocturnal_chunk157.wav,3.0,XC717935-Mallard_Nocturnal Soundscape_Ring Marsh_28.02.22_A.mp3
Mallard,XC717935-Mallard_Nocturnal,158,data/processed/Mallard/XC717935-Mallard_Nocturnal_chunk158.wav,3.0,XC717935-Mallard_Nocturnal Soundscape_Ring Marsh_28.02.22_A.mp3
Mallard,XC717935-Mallard_Nocturnal,159,data/processed/Mallard/XC717935-Mallard_Nocturnal_chunk159.wav,3.0,XC717935-Mallard_Nocturnal Soundscape_Ring Marsh_28.02.22_A.mp3
Mallard,XC717935-Mallard_Nocturnal,160,data/processed/Mallard/XC717935-Mallard_Nocturnal_chunk160.wav,3.0,XC717935-Mallard_Nocturnal Soundscape_Ring Marsh_28.02.22_A.mp3
Mallard,XC717935-Mallard_Nocturnal,161,data/processed/Mallard/XC717935-Mallard_Nocturnal_chunk161.wav,3.0,XC717935-Mallard_Nocturnal Soundscape_Ring Marsh_28.02.22_A.mp3
Mallard,XC717935-Mallard_Nocturnal,162,data/processed/Mallard/XC717935-Mallard_Nocturnal_chunk162.wav,3.0,XC717935-Mallard_Nocturnal Soundscape_Ring Marsh_28.02.22_A.mp3
Mallard,XC717935-Mallard_Nocturnal,163,data/processed/Mallard/XC717935-Mallard_Nocturnal_chunk163.wav,3.0,XC717935-Mallard_Nocturnal Soundscape_Ring Marsh_28.02.22_A.mp3
Mallard,XC717935-Mallard_Nocturnal,164,data/processed/Mallard/XC717935-Mallard_Nocturnal_chunk164.wav,3.0,XC717935-Mallard_Nocturnal Soundscape_Ring Marsh_28.02.22_A.mp3
Mallard,XC717935-Mallard_Nocturnal,165,data/processed/Mallard/XC717935-Mallard_Nocturnal_chunk165.wav,3.0,XC717935-Mallard_Nocturnal Soundscape_Ring Marsh_28.02.22_A.mp3
Mallard,XC717935-Mallard_Nocturnal,166,data/processed/Mallard/XC717935-Mallard_Nocturnal_chunk166.wav,3.0,XC717935-Mallard_Nocturnal Soundscape_Ring Marsh_28.02.22_A.mp3
Mallard,XC717935-Mallard_Nocturnal,167,data/processed/Mallard/XC717935-Mallard_Nocturnal_chunk167.wav,3.0,XC717935-Mallard_Nocturnal Soundscape_Ring Marsh_28.02.22_A.mp3
Mallard,XC717935-Mallard_Nocturnal,168,data/processed/Mallard/XC717935-Mallard_Nocturnal_chunk168.wav,3.0,XC717935-Mallard_Nocturnal Soundscape_Ring Marsh_28.02.22_A.mp3
Mallard,XC717935-Mallard_Nocturnal,169,data/processed/Mallard/XC717935-Mallard_Nocturnal_chunk169.wav,3.0,XC717935-Mallard_Nocturnal Soundscape_Ring Marsh_28.02.22_A.mp3
Mallard,XC717935-Mallard_Nocturnal,170,data/processed/Mallard/XC717935-Mallard_Nocturnal_chunk170.wav,3.0,XC717935-Mallard_Nocturnal Soundscape_Ring Marsh_28.02.22_A.mp3
Mallard,XC717935-Mallard_Nocturnal,171,data/processed/Mallard/XC717935-Mallard_Nocturnal_chunk171.wav,3.0,XC717935-Mallard_Nocturnal Soundscape_Ring Marsh_28.02.22_A.mp3
Mallard,XC717935-Mallard_Nocturnal,172,data/processed/Mallard/XC717935-Mallard_Nocturnal_chunk172.wav,3.0,XC717935-Mallard_Nocturnal Soundscape_Ring Marsh_28.02.22_A.mp3
Mallard,XC717935-Mallard_Nocturnal,173,data/processed/Mallard/XC717935-Mallard_Nocturnal_chunk173.wav,3.0,XC717935-Mallard_Nocturnal Soundscape_Ring Marsh_28.02.22_A.mp3
Mallard,XC717935-Mallard_Nocturnal,174,data/processed/Mallard/XC717935-Mallard_Nocturnal_chunk174.wav,3.0,XC717935-Mallard_Nocturnal Soundscape_Ring Marsh_28.02.22_A.mp3
Mallard,XC717935-Mallard_Nocturnal,175,data/processed/Mallard/XC717935-Mallard_Nocturnal_chunk175.wav,3.0,XC717935-Mallard_Nocturnal Soundscape_Ring Marsh_28.02.22_A.mp3
Mallard,XC717935-Mallard_Nocturnal,176,data/processed/Mallard/XC717935-Mallard_Nocturnal_chunk176.wav,3.0,XC717935-Mallard_Nocturnal Soundscape_Ring Marsh_28.02.22_A.mp3
Mallard,XC717935-Mallard_Nocturnal,177,data/processed/Mallard/XC717935-Mallard_Nocturnal_chunk177.wav,3.0,XC717935-Mallard_Nocturnal Soundscape_Ring Marsh_28.02.22_A.mp3
Mallard,XC717935-Mallard_Nocturnal,178,data/processed/Mallard/XC717935-Mallard_Nocturnal_chunk178.wav,3.0,XC717935-Mallard_Nocturnal Soundscape_Ring Marsh_28.02.22_A.mp3
Mallard,XC717935-Mallard_Nocturnal,179,data/processed/Mallard/XC717935-Mallard_Nocturnal_chunk179.wav,3.0,XC717935-Mallard_Nocturnal Soundscape_Ring Marsh_28.02.22_A.mp3
Mallard,XC717935-Mallard_Nocturnal,180,data/processed/Mallard/XC717935-Mallard_Nocturnal_chunk180.wav,3.0,XC717935-Mallard_Nocturnal Soundscape_Ring Marsh_28.02.22_A.mp3
Mallard,XC717935-Mallard_Nocturnal,181,data/processed/Mallard/XC717935-Mallard_Nocturnal_chunk181.wav,3.0,XC717935-Mallard_Nocturnal Soundscape_Ring Marsh_28.02.22_A.mp3
Mallard,XC717935-Mallard_Nocturnal,182,data/processed/Mallard/XC717935-Mallard_Nocturnal_chunk182.wav,3.0,XC717935-Mallard_Nocturnal Soundscape_Ring Marsh_28.02.22_A.mp3
Mallard,XC717935-Mallard_Nocturnal,183,data/processed/Mallard/XC717935-Mallard_Nocturnal_chunk183.wav,3.0,XC717935-Mallard_Nocturnal Soundscape_Ring Marsh_28.02.22_A.mp3
Mallard,XC717935-Mallard_Nocturnal,184,data/processed/Mallard/XC717935-Mallard_Nocturnal_chunk184.wav,3.0,XC717935-Mallard_Nocturnal Soundscape_Ring Marsh_28.02.22_A.mp3
Mallard,XC717935-Mallard_Nocturnal,185,data/processed/Mallard/XC717935-Mallard_Nocturnal_chunk185.wav,3.0,XC717935-Mallard_Nocturnal Soundscape_Ring Marsh_28.02.22_A.mp3
Mallard,XC717935-Mallard_Nocturnal,186,data/processed/Mallard/XC717935-Mallard_Nocturnal_chunk186.wav,3.0,XC717935-Mallard_Nocturnal Soundscape_Ring Marsh_28.02.22_A.mp3
Mallard,XC717935-Mallard_Nocturnal,187,data/processed/Mallard/XC717935-Mallard_Nocturnal_chunk187.wav,3.0,XC717935-Mallard_Nocturnal Soundscape_Ring Marsh_28.02.22_A.mp3
Mallard,XC717935-Mallard_Nocturnal,188,data/processed/Mallard/XC717935-Mallard_Nocturnal_chunk188.wav,3.0,XC717935-Mallard_Nocturnal Soundscape_Ring Marsh_28.02.22_A.mp3
Mallard,XC717935-Mallard_Nocturnal,189,data/processed/Mallard/XC717935-Mallard_Nocturnal_chunk189.wav,3.0,XC717935-Mallard_Nocturnal Soundscape_Ring Marsh_28.02.22_A.mp3
Mallard,XC717935-Mallard_Nocturnal,190,data/processed/Mallard/XC717935-Mallard_Nocturnal_chunk190.wav,3.0,XC717935-Mallard_Nocturnal Soundscape_Ring Marsh_28.02.22_A.mp3
Mallard,XC717935-Mallard_Nocturnal,191,data/processed/Mallard/XC717935-Mallard_Nocturnal_chunk191.wav,3.0,XC717935-Mallard_Nocturnal Soundscape_Ring Marsh_28.02.22_A.mp3
Mallard,XC717935-Mallard_Nocturnal,192,data/processed/Mallard/XC717935-Mallard_Nocturnal_chunk192.wav,3.0,XC717935-Mallard_Nocturnal Soundscape_Ring Marsh_28.02.22_A.mp3
Mallard,XC717935-Mallard_Nocturnal,193,data/processed/Mallard/XC717935-Mallard_Nocturnal_chunk193.wav,3.0,XC717935-Mallard_Nocturnal Soundscape_Ring Marsh_28.02.22_A.mp3
Mallard,XC718813-Gräsand_13,0,data/processed/Mallard/XC718813-Gräsand_13_chunk000.wav,3.0,XC718813-Gräsand_13.mp3
Mallard,XC718813-Gräsand_13,1,data/processed/Mallard/XC718813-Gräsand_13_chunk001.wav,3.0,XC718813-Gräsand_13.mp3
Mallard,XC718813-Gräsand_13,2,data/processed/Mallard/XC718813-Gräsand_13_chunk002.wav,3.0,XC718813-Gräsand_13.mp3
Mallard,XC718815-Gräsand_14,0,data/processed/Mallard/XC718815-Gräsand_14_chunk000.wav,3.0,XC718815-Gräsand_14.mp3
Mallard,XC718815-Gräsand_14,1,data/processed/Mallard/XC718815-Gräsand_14_chunk001.wav,3.0,XC718815-Gräsand_14.mp3
Mallard,XC730554-Canardcolvert_17032022_jullouvillelachaumière_23h30,0,data/processed/Mallard/XC730554-Canardcolvert_17032022_jullouvillelachaumière_23h30_chunk000.wav,3.0,XC730554-Canardcolvert_17032022_jullouvillelachaumière_23h30 cris vol.mp3
Mallard,XC730554-Canardcolvert_17032022_jullouvillelachaumière_23h30,1,data/processed/Mallard/XC730554-Canardcolvert_17032022_jullouvillelachaumière_23h30_chunk001.wav,3.0,XC730554-Canardcolvert_17032022_jullouvillelachaumière_23h30 cris vol.mp3
Mallard,XC730554-Canardcolvert_17032022_jullouvillelachaumière_23h30,2,data/processed/Mallard/XC730554-Canardcolvert_17032022_jullouvillelachaumière_23h30_chunk002.wav,3.0,XC730554-Canardcolvert_17032022_jullouvillelachaumière_23h30 cris vol.mp3
Mallard,XC730554-Canardcolvert_17032022_jullouvillelachaumière_23h30,3,data/processed/Mallard/XC730554-Canardcolvert_17032022_jullouvillelachaumière_23h30_chunk003.wav,3.0,XC730554-Canardcolvert_17032022_jullouvillelachaumière_23h30 cris vol.mp3
Mallard,XC730554-Canardcolvert_17032022_jullouvillelachaumière_23h30,4,data/processed/Mallard/XC730554-Canardcolvert_17032022_jullouvillelachaumière_23h30_chunk004.wav,3.0,XC730554-Canardcolvert_17032022_jullouvillelachaumière_23h30 cris vol.mp3
Mallard,XC734465-Gräsand_16,0,data/processed/Mallard/XC734465-Gräsand_16_chunk000.wav,3.0,XC734465-Gräsand_16.mp3
Mallard,XC734465-Gräsand_16,1,data/processed/Mallard/XC734465-Gräsand_16_chunk001.wav,3.0,XC734465-Gräsand_16.mp3
Mallard,XC734465-Gräsand_16,2,data/processed/Mallard/XC734465-Gräsand_16_chunk002.wav,3.0,XC734465-Gräsand_16.mp3
Mallard,XC734465-Gräsand_16,3,data/processed/Mallard/XC734465-Gräsand_16_chunk003.wav,3.0,XC734465-Gräsand_16.mp3
Mallard,XC734465-Gräsand_16,4,data/processed/Mallard/XC734465-Gräsand_16_chunk004.wav,3.0,XC734465-Gräsand_16.mp3
Mallard,XC734465-Gräsand_16,5,data/processed/Mallard/XC734465-Gräsand_16_chunk005.wav,3.0,XC734465-Gräsand_16.mp3
Mallard,XC734522-Gräsand_17,0,data/processed/Mallard/XC734522-Gräsand_17_chunk000.wav,3.0,XC734522-Gräsand_17.mp3
Mallard,XC734522-Gräsand_17,1,data/processed/Mallard/XC734522-Gräsand_17_chunk001.wav,3.0,XC734522-Gräsand_17.mp3
Mallard,XC734522-Gräsand_17,2,data/processed/Mallard/XC734522-Gräsand_17_chunk002.wav,3.0,XC734522-Gräsand_17.mp3
Mallard,XC735579-Mallard_NFC_Ring,0,data/processed/Mallard/XC735579-Mallard_NFC_Ring_chunk000.wav,3.0,XC735579-Mallard_NFC_Ring Marsh_250522_A+++.mp3
Mallard,XC735579-Mallard_NFC_Ring,1,data/processed/Mallard/XC735579-Mallard_NFC_Ring_chunk001.wav,3.0,XC735579-Mallard_NFC_Ring Marsh_250522_A+++.mp3
Mallard,XC735579-Mallard_NFC_Ring,2,data/processed/Mallard/XC735579-Mallard_NFC_Ring_chunk002.wav,3.0,XC735579-Mallard_NFC_Ring Marsh_250522_A+++.mp3
Mallard,XC735579-Mallard_NFC_Ring,3,data/processed/Mallard/XC735579-Mallard_NFC_Ring_chunk003.wav,3.0,XC735579-Mallard_NFC_Ring Marsh_250522_A+++.mp3
Mallard,XC747476-Gräsand_18,0,data/processed/Mallard/XC747476-Gräsand_18_chunk000.wav,3.0,XC747476-Gräsand_18.mp3
Mallard,XC747476-Gräsand_18,1,data/processed/Mallard/XC747476-Gräsand_18_chunk001.wav,3.0,XC747476-Gräsand_18.mp3
Mallard,XC747476-Gräsand_18,2,data/processed/Mallard/XC747476-Gräsand_18_chunk002.wav,3.0,XC747476-Gräsand_18.mp3
Mallard,XC747476-Gräsand_18,3,data/processed/Mallard/XC747476-Gräsand_18_chunk003.wav,3.0,XC747476-Gräsand_18.mp3
Mallard,XC747476-Gräsand_18,4,data/processed/Mallard/XC747476-Gräsand_18_chunk004.wav,3.0,XC747476-Gräsand_18.mp3
Mallard,XC747476-Gräsand_18,5,data/processed/Mallard/XC747476-Gräsand_18_chunk005.wav,3.0,XC747476-Gräsand_18.mp3
Mallard,XC747476-Gräsand_18,6,data/processed/Mallard/XC747476-Gräsand_18_chunk006.wav,3.0,XC747476-Gräsand_18.mp3
Mallard,XC747476-Gräsand_18,7,data/processed/Mallard/XC747476-Gräsand_18_chunk007.wav,3.0,XC747476-Gräsand_18.mp3
Mallard,XC785938-Gråand-(Anas-platyrhynchos)-Inderøen_20230312-1021-kald,0,data/processed/Mallard/XC785938-Gråand-(Anas-platyrhynchos)-Inderøen_20230312-1021-kald_chunk000.wav,3.0,XC785938-Gråand-(Anas-platyrhynchos)-Inderøen_20230312-1021-kald.mp3
Mallard,XC785938-Gråand-(Anas-platyrhynchos)-Inderøen_20230312-1021-kald,1,data/processed/Mallard/XC785938-Gråand-(Anas-platyrhynchos)-Inderøen_20230312-1021-kald_chunk001.wav,3.0,XC785938-Gråand-(Anas-platyrhynchos)-Inderøen_20230312-1021-kald.mp3
Mallard,XC799596-Gräsand_21,0,data/processed/Mallard/XC799596-Gräsand_21_chunk000.wav,3.0,XC799596-Gräsand_21.mp3
Mallard,XC799596-Gräsand_21,1,data/processed/Mallard/XC799596-Gräsand_21_chunk001.wav,3.0,XC799596-Gräsand_21.mp3
Mallard,XC799596-Gräsand_21,2,data/processed/Mallard/XC799596-Gräsand_21_chunk002.wav,3.0,XC799596-Gräsand_21.mp3
Mallard,XC799596-Gräsand_21,3,data/processed/Mallard/XC799596-Gräsand_21_chunk003.wav,3.0,XC799596-Gräsand_21.mp3
Mallard,XC799596-Gräsand_21,4,data/processed/Mallard/XC799596-Gräsand_21_chunk004.wav,3.0,XC799596-Gräsand_21.mp3
Mallard,XC799596-Gräsand_21,5,data/processed/Mallard/XC799596-Gräsand_21_chunk005.wav,3.0,XC799596-Gräsand_21.mp3
Mallard,XC799596-Gräsand_21,6,data/processed/Mallard/XC799596-Gräsand_21_chunk006.wav,3.0,XC799596-Gräsand_21.mp3
Mallard,XC799596-Gräsand_21,7,data/processed/Mallard/XC799596-Gräsand_21_chunk007.wav,3.0,XC799596-Gräsand_21.mp3
Mallard,XC799596-Gräsand_21,8,data/processed/Mallard/XC799596-Gräsand_21_chunk008.wav,3.0,XC799596-Gräsand_21.mp3
Mallard,XC799596-Gräsand_21,9,data/processed/Mallard/XC799596-Gräsand_21_chunk009.wav,3.0,XC799596-Gräsand_21.mp3
Mallard,XC799596-Gräsand_21,10,data/processed/Mallard/XC799596-Gräsand_21_chunk010.wav,3.0,XC799596-Gräsand_21.mp3
Mallard,XC799596-Gräsand_21,11,data/processed/Mallard/XC799596-Gräsand_21_chunk011.wav,3.0,XC799596-Gräsand_21.mp3
Mallard,XC799596-Gräsand_21,12,data/processed/Mallard/XC799596-Gräsand_21_chunk012.wav,3.0,XC799596-Gräsand_21.mp3
Mallard,XC799596-Gräsand_21,13,data/processed/Mallard/XC799596-Gräsand_21_chunk013.wav,3.0,XC799596-Gräsand_21.mp3
Mallard,XC799596-Gräsand_21,14,data/processed/Mallard/XC799596-Gräsand_21_chunk014.wav,3.0,XC799596-Gräsand_21.mp3
Mallard,XC799596-Gräsand_21,15,data/processed/Mallard/XC799596-Gräsand_21_chunk015.wav,3.0,XC799596-Gräsand_21.mp3
Mallard,XC799596-Gräsand_21,16,data/processed/Mallard/XC799596-Gräsand_21_chunk016.wav,3.0,XC799596-Gräsand_21.mp3
Mallard,XC799596-Gräsand_21,17,data/processed/Mallard/XC799596-Gräsand_21_chunk017.wav,3.0,XC799596-Gräsand_21.mp3
Mallard,XC800462-Gräsand_22,0,data/processed/Mallard/XC800462-Gräsand_22_chunk000.wav,3.0,XC800462-Gräsand_22.mp3
Mallard,XC800462-Gräsand_22,1,data/processed/Mallard/XC800462-Gräsand_22_chunk001.wav,3.0,XC800462-Gräsand_22.mp3
Mallard,XC800462-Gräsand_22,2,data/processed/Mallard/XC800462-Gräsand_22_chunk002.wav,3.0,XC800462-Gräsand_22.mp3
Mallard,XC800462-Gräsand_22,3,data/processed/Mallard/XC800462-Gräsand_22_chunk003.wav,3.0,XC800462-Gräsand_22.mp3
Mallard,XC800462-Gräsand_22,4,data/processed/Mallard/XC800462-Gräsand_22_chunk004.wav,3.0,XC800462-Gräsand_22.mp3
Mallard,XC800462-Gräsand_22,5,data/processed/Mallard/XC800462-Gräsand_22_chunk005.wav,3.0,XC800462-Gräsand_22.mp3
Mallard,XC800462-Gräsand_22,6,data/processed/Mallard/XC800462-Gräsand_22_chunk006.wav,3.0,XC800462-Gräsand_22.mp3
Mallard,XC800462-Gräsand_22,7,data/processed/Mallard/XC800462-Gräsand_22_chunk007.wav,3.0,XC800462-Gräsand_22.mp3
Mallard,XC800462-Gräsand_22,8,data/processed/Mallard/XC800462-Gräsand_22_chunk008.wav,3.0,XC800462-Gräsand_22.mp3
Mallard,XC800462-Gräsand_22,9,data/processed/Mallard/XC800462-Gräsand_22_chunk009.wav,3.0,XC800462-Gräsand_22.mp3
Mallard,XC800462-Gräsand_22,10,data/processed/Mallard/XC800462-Gräsand_22_chunk010.wav,3.0,XC800462-Gräsand_22.mp3
Mallard,XC800462-Gräsand_22,11,data/processed/Mallard/XC800462-Gräsand_22_chunk011.wav,3.0,XC800462-Gräsand_22.mp3
Mallard,XC870822-240202_3921-Wilde-eend,0,data/processed/Mallard/XC870822-240202_3921-Wilde-eend_chunk000.wav,3.0,XC870822-240202_3921-Wilde-eend.mp3
Mallard,XC870822-240202_3921-Wilde-eend,1,data/processed/Mallard/XC870822-240202_3921-Wilde-eend_chunk001.wav,3.0,XC870822-240202_3921-Wilde-eend.mp3
Mallard,XC870822-240202_3921-Wilde-eend,2,data/processed/Mallard/XC870822-240202_3921-Wilde-eend_chunk002.wav,3.0,XC870822-240202_3921-Wilde-eend.mp3
Mallard,XC870822-240202_3921-Wilde-eend,3,data/processed/Mallard/XC870822-240202_3921-Wilde-eend_chunk003.wav,3.0,XC870822-240202_3921-Wilde-eend.mp3
Mallard,XC881155-03-06-2024_8h44_canard-colvert,0,data/processed/Mallard/XC881155-03-06-2024_8h44_canard-colvert_chunk000.wav,3.0,XC881155-03-06-2024_8h44_canard-colvert.wav
Mallard,XC881155-03-06-2024_8h44_canard-colvert,1,data/processed/Mallard/XC881155-03-06-2024_8h44_canard-colvert_chunk001.wav,3.0,XC881155-03-06-2024_8h44_canard-colvert.wav
Mallard,XC881155-03-06-2024_8h44_canard-colvert,2,data/processed/Mallard/XC881155-03-06-2024_8h44_canard-colvert_chunk002.wav,3.0,XC881155-03-06-2024_8h44_canard-colvert.wav
Mallard,XC881155-03-06-2024_8h44_canard-colvert,3,data/processed/Mallard/XC881155-03-06-2024_8h44_canard-colvert_chunk003.wav,3.0,XC881155-03-06-2024_8h44_canard-colvert.wav
Mallard,XC881155-03-06-2024_8h44_canard-colvert,4,data/processed/Mallard/XC881155-03-06-2024_8h44_canard-colvert_chunk004.wav,3.0,XC881155-03-06-2024_8h44_canard-colvert.wav
Mallard,XC881155-03-06-2024_8h44_canard-colvert,5,data/processed/Mallard/XC881155-03-06-2024_8h44_canard-colvert_chunk005.wav,3.0,XC881155-03-06-2024_8h44_canard-colvert.wav
Mallard,XC881155-03-06-2024_8h44_canard-colvert,6,data/processed/Mallard/XC881155-03-06-2024_8h44_canard-colvert_chunk006.wav,3.0,XC881155-03-06-2024_8h44_canard-colvert.wav
Mallard,XC881155-03-06-2024_8h44_canard-colvert,7,data/processed/Mallard/XC881155-03-06-2024_8h44_canard-colvert_chunk007.wav,3.0,XC881155-03-06-2024_8h44_canard-colvert.wav
Mallard,XC884217-Anas-platyrhynchos_nestlings-calls_230324_Banuncias_1,0,data/processed/Mallard/XC884217-Anas-platyrhynchos_nestlings-calls_230324_Banuncias_1_chunk000.wav,3.0,XC884217-Anas-platyrhynchos_nestlings-calls_230324_Banuncias_1.wav
Mallard,XC884217-Anas-platyrhynchos_nestlings-calls_230324_Banuncias_1,1,data/processed/Mallard/XC884217-Anas-platyrhynchos_nestlings-calls_230324_Banuncias_1_chunk001.wav,3.0,XC884217-Anas-platyrhynchos_nestlings-calls_230324_Banuncias_1.wav
Mallard,XC884217-Anas-platyrhynchos_nestlings-calls_230324_Banuncias_1,2,data/processed/Mallard/XC884217-Anas-platyrhynchos_nestlings-calls_230324_Banuncias_1_chunk002.wav,3.0,XC884217-Anas-platyrhynchos_nestlings-calls_230324_Banuncias_1.wav
Mallard,XC926689-170417_04C-Gräsand-kricka-vattenrall,0,data/processed/Mallard/XC926689-170417_04C-Gräsand-kricka-vattenrall_chunk000.wav,3.0,XC926689-170417_04C-Gräsand-kricka-vattenrall.mp3
Mallard,XC926689-170417_04C-Gräsand-kricka-vattenrall,1,data/processed/Mallard/XC926689-170417_04C-Gräsand-kricka-vattenrall_chunk001.wav,3.0,XC926689-170417_04C-Gräsand-kricka-vattenrall.mp3
Mallard,XC926689-170417_04C-Gräsand-kricka-vattenrall,2,data/processed/Mallard/XC926689-170417_04C-Gräsand-kricka-vattenrall_chunk002.wav,3.0,XC926689-170417_04C-Gräsand-kricka-vattenrall.mp3
Mallard,XC926689-170417_04C-Gräsand-kricka-vattenrall,3,data/processed/Mallard/XC926689-170417_04C-Gräsand-kricka-vattenrall_chunk003.wav,3.0,XC926689-170417_04C-Gräsand-kricka-vattenrall.mp3
Mallard,XC926689-170417_04C-Gräsand-kricka-vattenrall,4,data/processed/Mallard/XC926689-170417_04C-Gräsand-kricka-vattenrall_chunk004.wav,3.0,XC926689-170417_04C-Gräsand-kricka-vattenrall.mp3
Mallard,XC926689-170417_04C-Gräsand-kricka-vattenrall,5,data/processed/Mallard/XC926689-170417_04C-Gräsand-kricka-vattenrall_chunk005.wav,3.0,XC926689-170417_04C-Gräsand-kricka-vattenrall.mp3
Mallard,XC926689-170417_04C-Gräsand-kricka-vattenrall,6,data/processed/Mallard/XC926689-170417_04C-Gräsand-kricka-vattenrall_chunk006.wav,3.0,XC926689-170417_04C-Gräsand-kricka-vattenrall.mp3
Mallard,XC926689-170417_04C-Gräsand-kricka-vattenrall,7,data/processed/Mallard/XC926689-170417_04C-Gräsand-kricka-vattenrall_chunk007.wav,3.0,XC926689-170417_04C-Gräsand-kricka-vattenrall.mp3
Mallard,XC926689-170417_04C-Gräsand-kricka-vattenrall,8,data/processed/Mallard/XC926689-170417_04C-Gräsand-kricka-vattenrall_chunk008.wav,3.0,XC926689-170417_04C-Gräsand-kricka-vattenrall.mp3
Mallard,XC926689-170417_04C-Gräsand-kricka-vattenrall,9,data/processed/Mallard/XC926689-170417_04C-Gräsand-kricka-vattenrall_chunk009.wav,3.0,XC926689-170417_04C-Gräsand-kricka-vattenrall.mp3
Mallard,XC926689-170417_04C-Gräsand-kricka-vattenrall,10,data/processed/Mallard/XC926689-170417_04C-Gräsand-kricka-vattenrall_chunk010.wav,3.0,XC926689-170417_04C-Gräsand-kricka-vattenrall.mp3
Mallard,XC926689-170417_04C-Gräsand-kricka-vattenrall,11,data/processed/Mallard/XC926689-170417_04C-Gräsand-kricka-vattenrall_chunk011.wav,3.0,XC926689-170417_04C-Gräsand-kricka-vattenrall.mp3
Mallard,XC926689-170417_04C-Gräsand-kricka-vattenrall,12,data/processed/Mallard/XC926689-170417_04C-Gräsand-kricka-vattenrall_chunk012.wav,3.0,XC926689-170417_04C-Gräsand-kricka-vattenrall.mp3
Mallard,XC926689-170417_04C-Gräsand-kricka-vattenrall,13,data/processed/Mallard/XC926689-170417_04C-Gräsand-kricka-vattenrall_chunk013.wav,3.0,XC926689-170417_04C-Gräsand-kricka-vattenrall.mp3
Mallard,XC926689-170417_04C-Gräsand-kricka-vattenrall,14,data/processed/Mallard/XC926689-170417_04C-Gräsand-kricka-vattenrall_chunk014.wav,3.0,XC926689-170417_04C-Gräsand-kricka-vattenrall.mp3
Mallard,XC926689-170417_04C-Gräsand-kricka-vattenrall,15,data/processed/Mallard/XC926689-170417_04C-Gräsand-kricka-vattenrall_chunk015.wav,3.0,XC926689-170417_04C-Gräsand-kricka-vattenrall.mp3
Mallard,XC926689-170417_04C-Gräsand-kricka-vattenrall,16,data/processed/Mallard/XC926689-170417_04C-Gräsand-kricka-vattenrall_chunk016.wav,3.0,XC926689-170417_04C-Gräsand-kricka-vattenrall.mp3
Mallard,XC926689-170417_04C-Gräsand-kricka-vattenrall,17,data/processed/Mallard/XC926689-170417_04C-Gräsand-kricka-vattenrall_chunk017.wav,3.0,XC926689-170417_04C-Gräsand-kricka-vattenrall.mp3
Mallard,XC926689-170417_04C-Gräsand-kricka-vattenrall,18,data/processed/Mallard/XC926689-170417_04C-Gräsand-kricka-vattenrall_chunk018.wav,3.0,XC926689-170417_04C-Gräsand-kricka-vattenrall.mp3
Mallard,XC926689-170417_04C-Gräsand-kricka-vattenrall,19,data/processed/Mallard/XC926689-170417_04C-Gräsand-kricka-vattenrall_chunk019.wav,3.0,XC926689-170417_04C-Gräsand-kricka-vattenrall.mp3
Mallard,XC926689-170417_04C-Gräsand-kricka-vattenrall,20,data/processed/Mallard/XC926689-170417_04C-Gräsand-kricka-vattenrall_chunk020.wav,3.0,XC926689-170417_04C-Gräsand-kricka-vattenrall.mp3
Mallard,XC926689-170417_04C-Gräsand-kricka-vattenrall,21,data/processed/Mallard/XC926689-170417_04C-Gräsand-kricka-vattenrall_chunk021.wav,3.0,XC926689-170417_04C-Gräsand-kricka-vattenrall.mp3
Mallard,XC926689-170417_04C-Gräsand-kricka-vattenrall,22,data/processed/Mallard/XC926689-170417_04C-Gräsand-kricka-vattenrall_chunk022.wav,3.0,XC926689-170417_04C-Gräsand-kricka-vattenrall.mp3
Mallard,XC926689-170417_04C-Gräsand-kricka-vattenrall,23,data/processed/Mallard/XC926689-170417_04C-Gräsand-kricka-vattenrall_chunk023.wav,3.0,XC926689-170417_04C-Gräsand-kricka-vattenrall.mp3
Mallard,XC926689-170417_04C-Gräsand-kricka-vattenrall,24,data/processed/Mallard/XC926689-170417_04C-Gräsand-kricka-vattenrall_chunk024.wav,3.0,XC926689-170417_04C-Gräsand-kricka-vattenrall.mp3
Mallard,XC926689-170417_04C-Gräsand-kricka-vattenrall,25,data/processed/Mallard/XC926689-170417_04C-Gräsand-kricka-vattenrall_chunk025.wav,3.0,XC926689-170417_04C-Gräsand-kricka-vattenrall.mp3
Mallard,XC926689-170417_04C-Gräsand-kricka-vattenrall,26,data/processed/Mallard/XC926689-170417_04C-Gräsand-kricka-vattenrall_chunk026.wav,3.0,XC926689-170417_04C-Gräsand-kricka-vattenrall.mp3
Mallard,XC926689-170417_04C-Gräsand-kricka-vattenrall,27,data/processed/Mallard/XC926689-170417_04C-Gräsand-kricka-vattenrall_chunk027.wav,3.0,XC926689-170417_04C-Gräsand-kricka-vattenrall.mp3
Mallard,XC926689-170417_04C-Gräsand-kricka-vattenrall,28,data/processed/Mallard/XC926689-170417_04C-Gräsand-kricka-vattenrall_chunk028.wav,3.0,XC926689-170417_04C-Gräsand-kricka-vattenrall.mp3
Mallard,XC946811-Gräsand_24,0,data/processed/Mallard/XC946811-Gräsand_24_chunk000.wav,3.0,XC946811-Gräsand_24.mp3
Mallard,XC946811-Gräsand_24,1,data/processed/Mallard/XC946811-Gräsand_24_chunk001.wav,3.0,XC946811-Gräsand_24.mp3
Mallard,XC946811-Gräsand_24,2,data/processed/Mallard/XC946811-Gräsand_24_chunk002.wav,3.0,XC946811-Gräsand_24.mp3
Mallard,XC946811-Gräsand_24,3,data/processed/Mallard/XC946811-Gräsand_24_chunk003.wav,3.0,XC946811-Gräsand_24.mp3
Mallard,XC946811-Gräsand_24,4,data/processed/Mallard/XC946811-Gräsand_24_chunk004.wav,3.0,XC946811-Gräsand_24.mp3
Mallard,XC946811-Gräsand_24,5,data/processed/Mallard/XC946811-Gräsand_24_chunk005.wav,3.0,XC946811-Gräsand_24.mp3
Mallard,XC946815-Gräsand_25,0,data/processed/Mallard/XC946815-Gräsand_25_chunk000.wav,3.0,XC946815-Gräsand_25.mp3
Mallard,XC946815-Gräsand_25,1,data/processed/Mallard/XC946815-Gräsand_25_chunk001.wav,3.0,XC946815-Gräsand_25.mp3
Mallard,XC946815-Gräsand_25,2,data/processed/Mallard/XC946815-Gräsand_25_chunk002.wav,3.0,XC946815-Gräsand_25.mp3
Mallard,XC946815-Gräsand_25,3,data/processed/Mallard/XC946815-Gräsand_25_chunk003.wav,3.0,XC946815-Gräsand_25.mp3
Mallard,XC946815-Gräsand_25,4,data/processed/Mallard/XC946815-Gräsand_25_chunk004.wav,3.0,XC946815-Gräsand_25.mp3
Mallard,XC946815-Gräsand_25,5,data/processed/Mallard/XC946815-Gräsand_25_chunk005.wav,3.0,XC946815-Gräsand_25.mp3
Mallard,XC946815-Gräsand_25,6,data/processed/Mallard/XC946815-Gräsand_25_chunk006.wav,3.0,XC946815-Gräsand_25.mp3
Mallard,XC946815-Gräsand_25,7,data/processed/Mallard/XC946815-Gräsand_25_chunk007.wav,3.0,XC946815-Gräsand_25.mp3
Mallard,XC946815-Gräsand_25,8,data/processed/Mallard/XC946815-Gräsand_25_chunk008.wav,3.0,XC946815-Gräsand_25.mp3
Mallard,XC946815-Gräsand_25,9,data/processed/Mallard/XC946815-Gräsand_25_chunk009.wav,3.0,XC946815-Gräsand_25.mp3
Mallard,XC946815-Gräsand_25,10,data/processed/Mallard/XC946815-Gräsand_25_chunk010.wav,3.0,XC946815-Gräsand_25.mp3
Mallard,XC946815-Gräsand_25,11,data/processed/Mallard/XC946815-Gräsand_25_chunk011.wav,3.0,XC946815-Gräsand_25.mp3
Mallard,XC946815-Gräsand_25,12,data/processed/Mallard/XC946815-Gräsand_25_chunk012.wav,3.0,XC946815-Gräsand_25.mp3
Mallard,XC946815-Gräsand_25,13,data/processed/Mallard/XC946815-Gräsand_25_chunk013.wav,3.0,XC946815-Gräsand_25.mp3
Mallard,XC946815-Gräsand_25,14,data/processed/Mallard/XC946815-Gräsand_25_chunk014.wav,3.0,XC946815-Gräsand_25.mp3
Mallard,XC946815-Gräsand_25,15,data/processed/Mallard/XC946815-Gräsand_25_chunk015.wav,3.0,XC946815-Gräsand_25.mp3
Mallard,XC946815-Gräsand_25,16,data/processed/Mallard/XC946815-Gräsand_25_chunk016.wav,3.0,XC946815-Gräsand_25.mp3
Mallard,XC946815-Gräsand_25,17,data/processed/Mallard/XC946815-Gräsand_25_chunk017.wav,3.0,XC946815-Gräsand_25.mp3
Mallard,XC946815-Gräsand_25,18,data/processed/Mallard/XC946815-Gräsand_25_chunk018.wav,3.0,XC946815-Gräsand_25.mp3
Mallard,XC946815-Gräsand_25,19,data/processed/Mallard/XC946815-Gräsand_25_chunk019.wav,3.0,XC946815-Gräsand_25.mp3
Mallard,XC946815-Gräsand_25,20,data/processed/Mallard/XC946815-Gräsand_25_chunk020.wav,3.0,XC946815-Gräsand_25.mp3
Mallard,XC946815-Gräsand_25,21,data/processed/Mallard/XC946815-Gräsand_25_chunk021.wav,3.0,XC946815-Gräsand_25.mp3
Mallard,XC946815-Gräsand_25,22,data/processed/Mallard/XC946815-Gräsand_25_chunk022.wav,3.0,XC946815-Gräsand_25.mp3
Mallard,XC946815-Gräsand_25,23,data/processed/Mallard/XC946815-Gräsand_25_chunk023.wav,3.0,XC946815-Gräsand_25.mp3
Mallard,XC946815-Gräsand_25,24,data/processed/Mallard/XC946815-Gräsand_25_chunk024.wav,3.0,XC946815-Gräsand_25.mp3
Mallard,XC946815-Gräsand_25,25,data/processed/Mallard/XC946815-Gräsand_25_chunk025.wav,3.0,XC946815-Gräsand_25.mp3
Mallard,XC946815-Gräsand_25,26,data/processed/Mallard/XC946815-Gräsand_25_chunk026.wav,3.0,XC946815-Gräsand_25.mp3
Mallard,XC946815-Gräsand_25,27,data/processed/Mallard/XC946815-Gräsand_25_chunk027.wav,3.0,XC946815-Gräsand_25.mp3
Mallard,XC946815-Gräsand_25,28,data/processed/Mallard/XC946815-Gräsand_25_chunk028.wav,3.0,XC946815-Gräsand_25.mp3
Mallard,XC946815-Gräsand_25,29,data/processed/Mallard/XC946815-Gräsand_25_chunk029.wav,3.0,XC946815-Gräsand_25.mp3
Mallard,XC946815-Gräsand_25,30,data/processed/Mallard/XC946815-Gräsand_25_chunk030.wav,3.0,XC946815-Gräsand_25.mp3
Mallard,XC946815-Gräsand_25,31,data/processed/Mallard/XC946815-Gräsand_25_chunk031.wav,3.0,XC946815-Gräsand_25.mp3
Mallard,XC946815-Gräsand_25,32,data/processed/Mallard/XC946815-Gräsand_25_chunk032.wav,3.0,XC946815-Gräsand_25.mp3
Mallard,XC946815-Gräsand_25,33,data/processed/Mallard/XC946815-Gräsand_25_chunk033.wav,3.0,XC946815-Gräsand_25.mp3
Mallard,XC946815-Gräsand_25,34,data/processed/Mallard/XC946815-Gräsand_25_chunk034.wav,3.0,XC946815-Gräsand_25.mp3
Mallard,XC946815-Gräsand_25,35,data/processed/Mallard/XC946815-Gräsand_25_chunk035.wav,3.0,XC946815-Gräsand_25.mp3
Mallard,XC946815-Gräsand_25,36,data/processed/Mallard/XC946815-Gräsand_25_chunk036.wav,3.0,XC946815-Gräsand_25.mp3
Mallard,XC946815-Gräsand_25,37,data/processed/Mallard/XC946815-Gräsand_25_chunk037.wav,3.0,XC946815-Gräsand_25.mp3
Mallard,XC946815-Gräsand_25,38,data/processed/Mallard/XC946815-Gräsand_25_chunk038.wav,3.0,XC946815-Gräsand_25.mp3
Mallard,XC946815-Gräsand_25,39,data/processed/Mallard/XC946815-Gräsand_25_chunk039.wav,3.0,XC946815-Gräsand_25.mp3
Mallard,XC946815-Gräsand_25,40,data/processed/Mallard/XC946815-Gräsand_25_chunk040.wav,3.0,XC946815-Gräsand_25.mp3
Mallard,XC946815-Gräsand_25,41,data/processed/Mallard/XC946815-Gräsand_25_chunk041.wav,3.0,XC946815-Gräsand_25.mp3
Mallard,XC946815-Gräsand_25,42,data/processed/Mallard/XC946815-Gräsand_25_chunk042.wav,3.0,XC946815-Gräsand_25.mp3
Mallard,XC946815-Gräsand_25,43,data/processed/Mallard/XC946815-Gräsand_25_chunk043.wav,3.0,XC946815-Gräsand_25.mp3
Mallard,XC946815-Gräsand_25,44,data/processed/Mallard/XC946815-Gräsand_25_chunk044.wav,3.0,XC946815-Gräsand_25.mp3
Mallard,XC946815-Gräsand_25,45,data/processed/Mallard/XC946815-Gräsand_25_chunk045.wav,3.0,XC946815-Gräsand_25.mp3
Mallard,XC946815-Gräsand_25,46,data/processed/Mallard/XC946815-Gräsand_25_chunk046.wav,3.0,XC946815-Gräsand_25.mp3
Mallard,XC946815-Gräsand_25,47,data/processed/Mallard/XC946815-Gräsand_25_chunk047.wav,3.0,XC946815-Gräsand_25.mp3
Mallard,XC960550-Anas-platyrhynchos_song-male-in-respond-to-another_110125_Cantalapiedra-La-Carolina,0,data/processed/Mallard/XC960550-Anas-platyrhynchos_song-male-in-respond-to-another_110125_Cantalapiedra-La-Carolina_chunk000.wav,3.0,XC960550-Anas-platyrhynchos_song-male-in-respond-to-another_110125_Cantalapiedra-La-Carolina.wav
Mallard,XC960550-Anas-platyrhynchos_song-male-in-respond-to-another_110125_Cantalapiedra-La-Carolina,1,data/processed/Mallard/XC960550-Anas-platyrhynchos_song-male-in-respond-to-another_110125_Cantalapiedra-La-Carolina_chunk001.wav,3.0,XC960550-Anas-platyrhynchos_song-male-in-respond-to-another_110125_Cantalapiedra-La-Carolina.wav
Mallard,XC960550-Anas-platyrhynchos_song-male-in-respond-to-another_110125_Cantalapiedra-La-Carolina,2,data/processed/Mallard/XC960550-Anas-platyrhynchos_song-male-in-respond-to-another_110125_Cantalapiedra-La-Carolina_chunk002.wav,3.0,XC960550-Anas-platyrhynchos_song-male-in-respond-to-another_110125_Cantalapiedra-La-Carolina.wav
Mallard,XC960550-Anas-platyrhynchos_song-male-in-respond-to-another_110125_Cantalapiedra-La-Carolina,3,data/processed/Mallard/XC960550-Anas-platyrhynchos_song-male-in-respond-to-another_110125_Cantalapiedra-La-Carolina_chunk003.wav,3.0,XC960550-Anas-platyrhynchos_song-male-in-respond-to-another_110125_Cantalapiedra-La-Carolina.wav
Mallard,XC960550-Anas-platyrhynchos_song-male-in-respond-to-another_110125_Cantalapiedra-La-Carolina,4,data/processed/Mallard/XC960550-Anas-platyrhynchos_song-male-in-respond-to-another_110125_Cantalapiedra-La-Carolina_chunk004.wav,3.0,XC960550-Anas-platyrhynchos_song-male-in-respond-to-another_110125_Cantalapiedra-La-Carolina.wav
Mallard,XC960550-Anas-platyrhynchos_song-male-in-respond-to-another_110125_Cantalapiedra-La-Carolina,5,data/processed/Mallard/XC960550-Anas-platyrhynchos_song-male-in-respond-to-another_110125_Cantalapiedra-La-Carolina_chunk005.wav,3.0,XC960550-Anas-platyrhynchos_song-male-in-respond-to-another_110125_Cantalapiedra-La-Carolina.wav
Mallard,XC960550-Anas-platyrhynchos_song-male-in-respond-to-another_110125_Cantalapiedra-La-Carolina,6,data/processed/Mallard/XC960550-Anas-platyrhynchos_song-male-in-respond-to-another_110125_Cantalapiedra-La-Carolina_chunk006.wav,3.0,XC960550-Anas-platyrhynchos_song-male-in-respond-to-another_110125_Cantalapiedra-La-Carolina.wav
Mallard,XC960550-Anas-platyrhynchos_song-male-in-respond-to-another_110125_Cantalapiedra-La-Carolina,7,data/processed/Mallard/XC960550-Anas-platyrhynchos_song-male-in-respond-to-another_110125_Cantalapiedra-La-Carolina_chunk007.wav,3.0,XC960550-Anas-platyrhynchos_song-male-in-respond-to-another_110125_Cantalapiedra-La-Carolina.wav
Mallard,XC960550-Anas-platyrhynchos_song-male-in-respond-to-another_110125_Cantalapiedra-La-Carolina,8,data/processed/Mallard/XC960550-Anas-platyrhynchos_song-male-in-respond-to-another_110125_Cantalapiedra-La-Carolina_chunk008.wav,3.0,XC960550-Anas-platyrhynchos_song-male-in-respond-to-another_110125_Cantalapiedra-La-Carolina.wav
Mallard,XC960550-Anas-platyrhynchos_song-male-in-respond-to-another_110125_Cantalapiedra-La-Carolina,9,data/processed/Mallard/XC960550-Anas-platyrhynchos_song-male-in-respond-to-another_110125_Cantalapiedra-La-Carolina_chunk009.wav,3.0,XC960550-Anas-platyrhynchos_song-male-in-respond-to-another_110125_Cantalapiedra-La-Carolina.wav
Mallard,XC960550-Anas-platyrhynchos_song-male-in-respond-to-another_110125_Cantalapiedra-La-Carolina,10,data/processed/Mallard/XC960550-Anas-platyrhynchos_song-male-in-respond-to-another_110125_Cantalapiedra-La-Carolina_chunk010.wav,3.0,XC960550-Anas-platyrhynchos_song-male-in-respond-to-another_110125_Cantalapiedra-La-Carolina.wav
Mallard,XC960550-Anas-platyrhynchos_song-male-in-respond-to-another_110125_Cantalapiedra-La-Carolina,11,data/processed/Mallard/XC960550-Anas-platyrhynchos_song-male-in-respond-to-another_110125_Cantalapiedra-La-Carolina_chunk011.wav,3.0,XC960550-Anas-platyrhynchos_song-male-in-respond-to-another_110125_Cantalapiedra-La-Carolina.wav
Mallard,XC960550-Anas-platyrhynchos_song-male-in-respond-to-another_110125_Cantalapiedra-La-Carolina,12,data/processed/Mallard/XC960550-Anas-platyrhynchos_song-male-in-respond-to-another_110125_Cantalapiedra-La-Carolina_chunk012.wav,3.0,XC960550-Anas-platyrhynchos_song-male-in-respond-to-another_110125_Cantalapiedra-La-Carolina.wav
Mallard,XC960550-Anas-platyrhynchos_song-male-in-respond-to-another_110125_Cantalapiedra-La-Carolina,13,data/processed/Mallard/XC960550-Anas-platyrhynchos_song-male-in-respond-to-another_110125_Cantalapiedra-La-Carolina_chunk013.wav,3.0,XC960550-Anas-platyrhynchos_song-male-in-respond-to-another_110125_Cantalapiedra-La-Carolina.wav
Mallard,XC960550-Anas-platyrhynchos_song-male-in-respond-to-another_110125_Cantalapiedra-La-Carolina,14,data/processed/Mallard/XC960550-Anas-platyrhynchos_song-male-in-respond-to-another_110125_Cantalapiedra-La-Carolina_chunk014.wav,3.0,XC960550-Anas-platyrhynchos_song-male-in-respond-to-another_110125_Cantalapiedra-La-Carolina.wav
Mallard,XC960550-Anas-platyrhynchos_song-male-in-respond-to-another_110125_Cantalapiedra-La-Carolina,15,data/processed/Mallard/XC960550-Anas-platyrhynchos_song-male-in-respond-to-another_110125_Cantalapiedra-La-Carolina_chunk015.wav,3.0,XC960550-Anas-platyrhynchos_song-male-in-respond-to-another_110125_Cantalapiedra-La-Carolina.wav
Mallard,XC960550-Anas-platyrhynchos_song-male-in-respond-to-another_110125_Cantalapiedra-La-Carolina,16,data/processed/Mallard/XC960550-Anas-platyrhynchos_song-male-in-respond-to-another_110125_Cantalapiedra-La-Carolina_chunk016.wav,3.0,XC960550-Anas-platyrhynchos_song-male-in-respond-to-another_110125_Cantalapiedra-La-Carolina.wav
Mallard,XC960550-Anas-platyrhynchos_song-male-in-respond-to-another_110125_Cantalapiedra-La-Carolina,17,data/processed/Mallard/XC960550-Anas-platyrhynchos_song-male-in-respond-to-another_110125_Cantalapiedra-La-Carolina_chunk017.wav,3.0,XC960550-Anas-platyrhynchos_song-male-in-respond-to-another_110125_Cantalapiedra-La-Carolina.wav
Mallard,XC960550-Anas-platyrhynchos_song-male-in-respond-to-another_110125_Cantalapiedra-La-Carolina,18,data/processed/Mallard/XC960550-Anas-platyrhynchos_song-male-in-respond-to-another_110125_Cantalapiedra-La-Carolina_chunk018.wav,3.0,XC960550-Anas-platyrhynchos_song-male-in-respond-to-another_110125_Cantalapiedra-La-Carolina.wav
Mallard,XC960550-Anas-platyrhynchos_song-male-in-respond-to-another_110125_Cantalapiedra-La-Carolina,19,data/processed/Mallard/XC960550-Anas-platyrhynchos_song-male-in-respond-to-another_110125_Cantalapiedra-La-Carolina_chunk019.wav,3.0,XC960550-Anas-platyrhynchos_song-male-in-respond-to-another_110125_Cantalapiedra-La-Carolina.wav
Mallard,XC960550-Anas-platyrhynchos_song-male-in-respond-to-another_110125_Cantalapiedra-La-Carolina,20,data/processed/Mallard/XC960550-Anas-platyrhynchos_song-male-in-respond-to-another_110125_Cantalapiedra-La-Carolina_chunk020.wav,3.0,XC960550-Anas-platyrhynchos_song-male-in-respond-to-another_110125_Cantalapiedra-La-Carolina.wav
Mallard,XC960550-Anas-platyrhynchos_song-male-in-respond-to-another_110125_Cantalapiedra-La-Carolina,21,data/processed/Mallard/XC960550-Anas-platyrhynchos_song-male-in-respond-to-another_110125_Cantalapiedra-La-Carolina_chunk021.wav,3.0,XC960550-Anas-platyrhynchos_song-male-in-respond-to-another_110125_Cantalapiedra-La-Carolina.wav
Mallard,XC960550-Anas-platyrhynchos_song-male-in-respond-to-another_110125_Cantalapiedra-La-Carolina,22,data/processed/Mallard/XC960550-Anas-platyrhynchos_song-male-in-respond-to-another_110125_Cantalapiedra-La-Carolina_chunk022.wav,3.0,XC960550-Anas-platyrhynchos_song-male-in-respond-to-another_110125_Cantalapiedra-La-Carolina.wav
Mallard,XC960550-Anas-platyrhynchos_song-male-in-respond-to-another_110125_Cantalapiedra-La-Carolina,23,data/processed/Mallard/XC960550-Anas-platyrhynchos_song-male-in-respond-to-another_110125_Cantalapiedra-La-Carolina_chunk023.wav,3.0,XC960550-Anas-platyrhynchos_song-male-in-respond-to-another_110125_Cantalapiedra-La-Carolina.wav
Mallard,XC960550-Anas-platyrhynchos_song-male-in-respond-to-another_110125_Cantalapiedra-La-Carolina,24,data/processed/Mallard/XC960550-Anas-platyrhynchos_song-male-in-respond-to-another_110125_Cantalapiedra-La-Carolina_chunk024.wav,3.0,XC960550-Anas-platyrhynchos_song-male-in-respond-to-another_110125_Cantalapiedra-La-Carolina.wav
Mallard,XC960550-Anas-platyrhynchos_song-male-in-respond-to-another_110125_Cantalapiedra-La-Carolina,25,data/processed/Mallard/XC960550-Anas-platyrhynchos_song-male-in-respond-to-another_110125_Cantalapiedra-La-Carolina_chunk025.wav,3.0,XC960550-Anas-platyrhynchos_song-male-in-respond-to-another_110125_Cantalapiedra-La-Carolina.wav
Mallard,XC960550-Anas-platyrhynchos_song-male-in-respond-to-another_110125_Cantalapiedra-La-Carolina,26,data/processed/Mallard/XC960550-Anas-platyrhynchos_song-male-in-respond-to-another_110125_Cantalapiedra-La-Carolina_chunk026.wav,3.0,XC960550-Anas-platyrhynchos_song-male-in-respond-to-another_110125_Cantalapiedra-La-Carolina.wav
Mallard,XC960550-Anas-platyrhynchos_song-male-in-respond-to-another_110125_Cantalapiedra-La-Carolina,27,data/processed/Mallard/XC960550-Anas-platyrhynchos_song-male-in-respond-to-another_110125_Cantalapiedra-La-Carolina_chunk027.wav,3.0,XC960550-Anas-platyrhynchos_song-male-in-respond-to-another_110125_Cantalapiedra-La-Carolina.wav
Mallard,XC960550-Anas-platyrhynchos_song-male-in-respond-to-another_110125_Cantalapiedra-La-Carolina,28,data/processed/Mallard/XC960550-Anas-platyrhynchos_song-male-in-respond-to-another_110125_Cantalapiedra-La-Carolina_chunk028.wav,3.0,XC960550-Anas-platyrhynchos_song-male-in-respond-to-another_110125_Cantalapiedra-La-Carolina.wav
Mallard,XC960550-Anas-platyrhynchos_song-male-in-respond-to-another_110125_Cantalapiedra-La-Carolina,29,data/processed/Mallard/XC960550-Anas-platyrhynchos_song-male-in-respond-to-another_110125_Cantalapiedra-La-Carolina_chunk029.wav,3.0,XC960550-Anas-platyrhynchos_song-male-in-respond-to-another_110125_Cantalapiedra-La-Carolina.wav
Mallard,XC960550-Anas-platyrhynchos_song-male-in-respond-to-another_110125_Cantalapiedra-La-Carolina,30,data/processed/Mallard/XC960550-Anas-platyrhynchos_song-male-in-respond-to-another_110125_Cantalapiedra-La-Carolina_chunk030.wav,3.0,XC960550-Anas-platyrhynchos_song-male-in-respond-to-another_110125_Cantalapiedra-La-Carolina.wav
Mallard,XC960550-Anas-platyrhynchos_song-male-in-respond-to-another_110125_Cantalapiedra-La-Carolina,31,data/processed/Mallard/XC960550-Anas-platyrhynchos_song-male-in-respond-to-another_110125_Cantalapiedra-La-Carolina_chunk031.wav,3.0,XC960550-Anas-platyrhynchos_song-male-in-respond-to-another_110125_Cantalapiedra-La-Carolina.wav
Mallard,XC960550-Anas-platyrhynchos_song-male-in-respond-to-another_110125_Cantalapiedra-La-Carolina,32,data/processed/Mallard/XC960550-Anas-platyrhynchos_song-male-in-respond-to-another_110125_Cantalapiedra-La-Carolina_chunk032.wav,3.0,XC960550-Anas-platyrhynchos_song-male-in-respond-to-another_110125_Cantalapiedra-La-Carolina.wav
Mallard,XC960550-Anas-platyrhynchos_song-male-in-respond-to-another_110125_Cantalapiedra-La-Carolina,33,data/processed/Mallard/XC960550-Anas-platyrhynchos_song-male-in-respond-to-another_110125_Cantalapiedra-La-Carolina_chunk033.wav,3.0,XC960550-Anas-platyrhynchos_song-male-in-respond-to-another_110125_Cantalapiedra-La-Carolina.wav
Mallard,XC960550-Anas-platyrhynchos_song-male-in-respond-to-another_110125_Cantalapiedra-La-Carolina,34,data/processed/Mallard/XC960550-Anas-platyrhynchos_song-male-in-respond-to-another_110125_Cantalapiedra-La-Carolina_chunk034.wav,3.0,XC960550-Anas-platyrhynchos_song-male-in-respond-to-another_110125_Cantalapiedra-La-Carolina.wav
Mallard,XC960550-Anas-platyrhynchos_song-male-in-respond-to-another_110125_Cantalapiedra-La-Carolina,35,data/processed/Mallard/XC960550-Anas-platyrhynchos_song-male-in-respond-to-another_110125_Cantalapiedra-La-Carolina_chunk035.wav,3.0,XC960550-Anas-platyrhynchos_song-male-in-respond-to-another_110125_Cantalapiedra-La-Carolina.wav
Mallard,XC960550-Anas-platyrhynchos_song-male-in-respond-to-another_110125_Cantalapiedra-La-Carolina,36,data/processed/Mallard/XC960550-Anas-platyrhynchos_song-male-in-respond-to-another_110125_Cantalapiedra-La-Carolina_chunk036.wav,3.0,XC960550-Anas-platyrhynchos_song-male-in-respond-to-another_110125_Cantalapiedra-La-Carolina.wav
Mallard,XC960550-Anas-platyrhynchos_song-male-in-respond-to-another_110125_Cantalapiedra-La-Carolina,37,data/processed/Mallard/XC960550-Anas-platyrhynchos_song-male-in-respond-to-another_110125_Cantalapiedra-La-Carolina_chunk037.wav,3.0,XC960550-Anas-platyrhynchos_song-male-in-respond-to-another_110125_Cantalapiedra-La-Carolina.wav
Mallard,XC960550-Anas-platyrhynchos_song-male-in-respond-to-another_110125_Cantalapiedra-La-Carolina,38,data/processed/Mallard/XC960550-Anas-platyrhynchos_song-male-in-respond-to-another_110125_Cantalapiedra-La-Carolina_chunk038.wav,3.0,XC960550-Anas-platyrhynchos_song-male-in-respond-to-another_110125_Cantalapiedra-La-Carolina.wav
Mallard,XC960550-Anas-platyrhynchos_song-male-in-respond-to-another_110125_Cantalapiedra-La-Carolina,39,data/processed/Mallard/XC960550-Anas-platyrhynchos_song-male-in-respond-to-another_110125_Cantalapiedra-La-Carolina_chunk039.wav,3.0,XC960550-Anas-platyrhynchos_song-male-in-respond-to-another_110125_Cantalapiedra-La-Carolina.wav
Mallard,XC960550-Anas-platyrhynchos_song-male-in-respond-to-another_110125_Cantalapiedra-La-Carolina,40,data/processed/Mallard/XC960550-Anas-platyrhynchos_song-male-in-respond-to-another_110125_Cantalapiedra-La-Carolina_chunk040.wav,3.0,XC960550-Anas-platyrhynchos_song-male-in-respond-to-another_110125_Cantalapiedra-La-Carolina.wav
Mallard,XC960550-Anas-platyrhynchos_song-male-in-respond-to-another_110125_Cantalapiedra-La-Carolina,41,data/processed/Mallard/XC960550-Anas-platyrhynchos_song-male-in-respond-to-another_110125_Cantalapiedra-La-Carolina_chunk041.wav,3.0,XC960550-Anas-platyrhynchos_song-male-in-respond-to-another_110125_Cantalapiedra-La-Carolina.wav
Mallard,XC960550-Anas-platyrhynchos_song-male-in-respond-to-another_110125_Cantalapiedra-La-Carolina,42,data/processed/Mallard/XC960550-Anas-platyrhynchos_song-male-in-respond-to-another_110125_Cantalapiedra-La-Carolina_chunk042.wav,3.0,XC960550-Anas-platyrhynchos_song-male-in-respond-to-another_110125_Cantalapiedra-La-Carolina.wav
Mallard,XC960550-Anas-platyrhynchos_song-male-in-respond-to-another_110125_Cantalapiedra-La-Carolina,43,data/processed/Mallard/XC960550-Anas-platyrhynchos_song-male-in-respond-to-another_110125_Cantalapiedra-La-Carolina_chunk043.wav,3.0,XC960550-Anas-platyrhynchos_song-male-in-respond-to-another_110125_Cantalapiedra-La-Carolina.wav
Mallard,XC960550-Anas-platyrhynchos_song-male-in-respond-to-another_110125_Cantalapiedra-La-Carolina,44,data/processed/Mallard/XC960550-Anas-platyrhynchos_song-male-in-respond-to-another_110125_Cantalapiedra-La-Carolina_chunk044.wav,3.0,XC960550-Anas-platyrhynchos_song-male-in-respond-to-another_110125_Cantalapiedra-La-Carolina.wav
Mallard,XC960550-Anas-platyrhynchos_song-male-in-respond-to-another_110125_Cantalapiedra-La-Carolina,45,data/processed/Mallard/XC960550-Anas-platyrhynchos_song-male-in-respond-to-another_110125_Cantalapiedra-La-Carolina_chunk045.wav,3.0,XC960550-Anas-platyrhynchos_song-male-in-respond-to-another_110125_Cantalapiedra-La-Carolina.wav
Mallard,XC960550-Anas-platyrhynchos_song-male-in-respond-to-another_110125_Cantalapiedra-La-Carolina,46,data/processed/Mallard/XC960550-Anas-platyrhynchos_song-male-in-respond-to-another_110125_Cantalapiedra-La-Carolina_chunk046.wav,3.0,XC960550-Anas-platyrhynchos_song-male-in-respond-to-another_110125_Cantalapiedra-La-Carolina.wav
Mallard,XC960550-Anas-platyrhynchos_song-male-in-respond-to-another_110125_Cantalapiedra-La-Carolina,47,data/processed/Mallard/XC960550-Anas-platyrhynchos_song-male-in-respond-to-another_110125_Cantalapiedra-La-Carolina_chunk047.wav,3.0,XC960550-Anas-platyrhynchos_song-male-in-respond-to-another_110125_Cantalapiedra-La-Carolina.wav
Mallard,XC960550-Anas-platyrhynchos_song-male-in-respond-to-another_110125_Cantalapiedra-La-Carolina,48,data/processed/Mallard/XC960550-Anas-platyrhynchos_song-male-in-respond-to-another_110125_Cantalapiedra-La-Carolina_chunk048.wav,3.0,XC960550-Anas-platyrhynchos_song-male-in-respond-to-another_110125_Cantalapiedra-La-Carolina.wav
Mallard,XC960550-Anas-platyrhynchos_song-male-in-respond-to-another_110125_Cantalapiedra-La-Carolina,49,data/processed/Mallard/XC960550-Anas-platyrhynchos_song-male-in-respond-to-another_110125_Cantalapiedra-La-Carolina_chunk049.wav,3.0,XC960550-Anas-platyrhynchos_song-male-in-respond-to-another_110125_Cantalapiedra-La-Carolina.wav
Mallard,XC960550-Anas-platyrhynchos_song-male-in-respond-to-another_110125_Cantalapiedra-La-Carolina,50,data/processed/Mallard/XC960550-Anas-platyrhynchos_song-male-in-respond-to-another_110125_Cantalapiedra-La-Carolina_chunk050.wav,3.0,XC960550-Anas-platyrhynchos_song-male-in-respond-to-another_110125_Cantalapiedra-La-Carolina.wav
Mallard,XC960550-Anas-platyrhynchos_song-male-in-respond-to-another_110125_Cantalapiedra-La-Carolina,51,data/processed/Mallard/XC960550-Anas-platyrhynchos_song-male-in-respond-to-another_110125_Cantalapiedra-La-Carolina_chunk051.wav,3.0,XC960550-Anas-platyrhynchos_song-male-in-respond-to-another_110125_Cantalapiedra-La-Carolina.wav
Mallard,XC960550-Anas-platyrhynchos_song-male-in-respond-to-another_110125_Cantalapiedra-La-Carolina,52,data/processed/Mallard/XC960550-Anas-platyrhynchos_song-male-in-respond-to-another_110125_Cantalapiedra-La-Carolina_chunk052.wav,3.0,XC960550-Anas-platyrhynchos_song-male-in-respond-to-another_110125_Cantalapiedra-La-Carolina.wav
Mallard,XC960550-Anas-platyrhynchos_song-male-in-respond-to-another_110125_Cantalapiedra-La-Carolina,53,data/processed/Mallard/XC960550-Anas-platyrhynchos_song-male-in-respond-to-another_110125_Cantalapiedra-La-Carolina_chunk053.wav,3.0,XC960550-Anas-platyrhynchos_song-male-in-respond-to-another_110125_Cantalapiedra-La-Carolina.wav
Mallard,"XC976697-Gräsand,-flyktläte,-(uppskrämd)--2025-02-28,-15.34--Glivarpa-mosse-_001-XC",0,"data/processed/Mallard/XC976697-Gräsand,-flyktläte,-(uppskrämd)--2025-02-28,-15.34--Glivarpa-mosse-_001-XC_chunk000.wav",3.0,"XC976697-Gräsand,-flyktläte,-(uppskrämd)--2025-02-28,-15.34--Glivarpa-mosse-_001-XC.mp3"
Mallard,"XC976697-Gräsand,-flyktläte,-(uppskrämd)--2025-02-28,-15.34--Glivarpa-mosse-_001-XC",1,"data/processed/Mallard/XC976697-Gräsand,-flyktläte,-(uppskrämd)--2025-02-28,-15.34--Glivarpa-mosse-_001-XC_chunk001.wav",3.0,"XC976697-Gräsand,-flyktläte,-(uppskrämd)--2025-02-28,-15.34--Glivarpa-mosse-_001-XC.mp3"
Mallard,"XC976697-Gräsand,-flyktläte,-(uppskrämd)--2025-02-28,-15.34--Glivarpa-mosse-_001-XC",2,"data/processed/Mallard/XC976697-Gräsand,-flyktläte,-(uppskrämd)--2025-02-28,-15.34--Glivarpa-mosse-_001-XC_chunk002.wav",3.0,"XC976697-Gräsand,-flyktläte,-(uppskrämd)--2025-02-28,-15.34--Glivarpa-mosse-_001-XC.mp3"
Mallard,"XC976697-Gräsand,-flyktläte,-(uppskrämd)--2025-02-28,-15.34--Glivarpa-mosse-_001-XC",3,"data/processed/Mallard/XC976697-Gräsand,-flyktläte,-(uppskrämd)--2025-02-28,-15.34--Glivarpa-mosse-_001-XC_chunk003.wav",3.0,"XC976697-Gräsand,-flyktläte,-(uppskrämd)--2025-02-28,-15.34--Glivarpa-mosse-_001-XC.mp3"
Mallard,"XC976697-Gräsand,-flyktläte,-(uppskrämd)--2025-02-28,-15.34--Glivarpa-mosse-_001-XC",4,"data/processed/Mallard/XC976697-Gräsand,-flyktläte,-(uppskrämd)--2025-02-28,-15.34--Glivarpa-mosse-_001-XC_chunk004.wav",3.0,"XC976697-Gräsand,-flyktläte,-(uppskrämd)--2025-02-28,-15.34--Glivarpa-mosse-_001-XC.mp3"
Mallard,"XC976697-Gräsand,-flyktläte,-(uppskrämd)--2025-02-28,-15.34--Glivarpa-mosse-_001-XC",5,"data/processed/Mallard/XC976697-Gräsand,-flyktläte,-(uppskrämd)--2025-02-28,-15.34--Glivarpa-mosse-_001-XC_chunk005.wav",3.0,"XC976697-Gräsand,-flyktläte,-(uppskrämd)--2025-02-28,-15.34--Glivarpa-mosse-_001-XC.mp3"
Mallard,"XC976697-Gräsand,-flyktläte,-(uppskrämd)--2025-02-28,-15.34--Glivarpa-mosse-_001-XC",6,"data/processed/Mallard/XC976697-Gräsand,-flyktläte,-(uppskrämd)--2025-02-28,-15.34--Glivarpa-mosse-_001-XC_chunk006.wav",3.0,"XC976697-Gräsand,-flyktläte,-(uppskrämd)--2025-02-28,-15.34--Glivarpa-mosse-_001-XC.mp3"
Mallard,XC980458-250309-071546_Tőkés-réce.-feldolgozott,0,data/processed/Mallard/XC980458-250309-071546_Tőkés-réce.-feldolgozott_chunk000.wav,3.0,XC980458-250309-071546_Tőkés-réce.-feldolgozott.mp3
Mallard,XC980458-250309-071546_Tőkés-réce.-feldolgozott,1,data/processed/Mallard/XC980458-250309-071546_Tőkés-réce.-feldolgozott_chunk001.wav,3.0,XC980458-250309-071546_Tőkés-réce.-feldolgozott.mp3
Mallard,XC980458-250309-071546_Tőkés-réce.-feldolgozott,2,data/processed/Mallard/XC980458-250309-071546_Tőkés-réce.-feldolgozott_chunk002.wav,3.0,XC980458-250309-071546_Tőkés-réce.-feldolgozott.mp3
Mallard,XC980458-250309-071546_Tőkés-réce.-feldolgozott,3,data/processed/Mallard/XC980458-250309-071546_Tőkés-réce.-feldolgozott_chunk003.wav,3.0,XC980458-250309-071546_Tőkés-réce.-feldolgozott.mp3
Mallard,XC980458-250309-071546_Tőkés-réce.-feldolgozott,4,data/processed/Mallard/XC980458-250309-071546_Tőkés-réce.-feldolgozott_chunk004.wav,3.0,XC980458-250309-071546_Tőkés-réce.-feldolgozott.mp3
Mallard,XC980458-250309-071546_Tőkés-réce.-feldolgozott,5,data/processed/Mallard/XC980458-250309-071546_Tőkés-réce.-feldolgozott_chunk005.wav,3.0,XC980458-250309-071546_Tőkés-réce.-feldolgozott.mp3
Mallard,XC980458-250309-071546_Tőkés-réce.-feldolgozott,6,data/processed/Mallard/XC980458-250309-071546_Tőkés-réce.-feldolgozott_chunk006.wav,3.0,XC980458-250309-071546_Tőkés-réce.-feldolgozott.mp3
Mallard,XC982820-Mon-Mar-10-2025-00-31-07-Mallard,0,data/processed/Mallard/XC982820-Mon-Mar-10-2025-00-31-07-Mallard_chunk000.wav,3.0,XC982820-Mon-Mar-10-2025-00-31-07-Mallard.wav
Mallard,XC982820-Mon-Mar-10-2025-00-31-07-Mallard,1,data/processed/Mallard/XC982820-Mon-Mar-10-2025-00-31-07-Mallard_chunk001.wav,3.0,XC982820-Mon-Mar-10-2025-00-31-07-Mallard.wav
Mallard,XC982820-Mon-Mar-10-2025-00-31-07-Mallard,2,data/processed/Mallard/XC982820-Mon-Mar-10-2025-00-31-07-Mallard_chunk002.wav,3.0,XC982820-Mon-Mar-10-2025-00-31-07-Mallard.wav
Mallard,XC982820-Mon-Mar-10-2025-00-31-07-Mallard,3,data/processed/Mallard/XC982820-Mon-Mar-10-2025-00-31-07-Mallard_chunk003.wav,3.0,XC982820-Mon-Mar-10-2025-00-31-07-Mallard.wav
Mallard,XC982820-Mon-Mar-10-2025-00-31-07-Mallard,4,data/processed/Mallard/XC982820-Mon-Mar-10-2025-00-31-07-Mallard_chunk004.wav,3.0,XC982820-Mon-Mar-10-2025-00-31-07-Mallard.wav
Mallard,XC982820-Mon-Mar-10-2025-00-31-07-Mallard,5,data/processed/Mallard/XC982820-Mon-Mar-10-2025-00-31-07-Mallard_chunk005.wav,3.0,XC982820-Mon-Mar-10-2025-00-31-07-Mallard.wav
Mallard,XC982820-Mon-Mar-10-2025-00-31-07-Mallard,6,data/processed/Mallard/XC982820-Mon-Mar-10-2025-00-31-07-Mallard_chunk006.wav,3.0,XC982820-Mon-Mar-10-2025-00-31-07-Mallard.wav
Mallard,XC982820-Mon-Mar-10-2025-00-31-07-Mallard,7,data/processed/Mallard/XC982820-Mon-Mar-10-2025-00-31-07-Mallard_chunk007.wav,3.0,XC982820-Mon-Mar-10-2025-00-31-07-Mallard.wav
Mallard,"XC984930-Mallard-displaying-very-good-2024-03-11-Mucking-Tip,-Essex,-England_001_edited",0,"data/processed/Mallard/XC984930-Mallard-displaying-very-good-2024-03-11-Mucking-Tip,-Essex,-England_001_edited_chunk000.wav",3.0,"XC984930-Mallard-displaying-very-good-2024-03-11-Mucking-Tip,-Essex,-England_001_edited.wav"
Mallard,"XC984930-Mallard-displaying-very-good-2024-03-11-Mucking-Tip,-Essex,-England_001_edited",1,"data/processed/Mallard/XC984930-Mallard-displaying-very-good-2024-03-11-Mucking-Tip,-Essex,-England_001_edited_chunk001.wav",3.0,"XC984930-Mallard-displaying-very-good-2024-03-11-Mucking-Tip,-Essex,-England_001_edited.wav"
Mallard,"XC984930-Mallard-displaying-very-good-2024-03-11-Mucking-Tip,-Essex,-England_001_edited",2,"data/processed/Mallard/XC984930-Mallard-displaying-very-good-2024-03-11-Mucking-Tip,-Essex,-England_001_edited_chunk002.wav",3.0,"XC984930-Mallard-displaying-very-good-2024-03-11-Mucking-Tip,-Essex,-England_001_edited.wav"
Mallard,XC996675-Anas-platyrhynchos_female-flew-scared_060525_La-Mata-de-la-Armuña_2000,0,data/processed/Mallard/XC996675-Anas-platyrhynchos_female-flew-scared_060525_La-Mata-de-la-Armuña_2000_chunk000.wav,3.0,XC996675-Anas-platyrhynchos_female-flew-scared_060525_La-Mata-de-la-Armuña_2000.wav
Mallard,XC996675-Anas-platyrhynchos_female-flew-scared_060525_La-Mata-de-la-Armuña_2000,1,data/processed/Mallard/XC996675-Anas-platyrhynchos_female-flew-scared_060525_La-Mata-de-la-Armuña_2000_chunk001.wav,3.0,XC996675-Anas-platyrhynchos_female-flew-scared_060525_La-Mata-de-la-Armuña_2000.wav
Mallard,XC999260-Mallard_Selbe,0,data/processed/Mallard/XC999260-Mallard_Selbe_chunk000.wav,3.0,XC999260-Mallard_Selbe.mp3
Mallard,XC999260-Mallard_Selbe,1,data/processed/Mallard/XC999260-Mallard_Selbe_chunk001.wav,3.0,XC999260-Mallard_Selbe.mp3
Mallard,XC999260-Mallard_Selbe,2,data/processed/Mallard/XC999260-Mallard_Selbe_chunk002.wav,3.0,XC999260-Mallard_Selbe.mp3
Mallard,XC999260-Mallard_Selbe,3,data/processed/Mallard/XC999260-Mallard_Selbe_chunk003.wav,3.0,XC999260-Mallard_Selbe.mp3
Eurasian_Teal,Anas_crecca_Modlin_Poland_Jarek_Matusiak_201203012,0,data/processed/Eurasian_Teal/Anas_crecca_Modlin_Poland_Jarek_Matusiak_201203012_chunk000.wav,3.0,Anas_crecca_Modlin_Poland_Jarek_Matusiak_201203012.mp3
Eurasian_Teal,Anas_crecca_Modlin_Poland_Jarek_Matusiak_201203012,1,data/processed/Eurasian_Teal/Anas_crecca_Modlin_Poland_Jarek_Matusiak_201203012_chunk001.wav,3.0,Anas_crecca_Modlin_Poland_Jarek_Matusiak_201203012.mp3
Eurasian_Teal,Anas_crecca_Modlin_Poland_Jarek_Matusiak_201203012,2,data/processed/Eurasian_Teal/Anas_crecca_Modlin_Poland_Jarek_Matusiak_201203012_chunk002.wav,3.0,Anas_crecca_Modlin_Poland_Jarek_Matusiak_201203012.mp3
Eurasian_Teal,Anas_crecca_Modlin_Poland_Jarek_Matusiak_201203012,3,data/processed/Eurasian_Teal/Anas_crecca_Modlin_Poland_Jarek_Matusiak_201203012_chunk003.wav,3.0,Anas_crecca_Modlin_Poland_Jarek_Matusiak_201203012.mp3
Eurasian_Teal,Anas_crecca_Modlin_Poland_Jarek_Matusiak_201203012,4,data/processed/Eurasian_Teal/Anas_crecca_Modlin_Poland_Jarek_Matusiak_201203012_chunk004.wav,3.0,Anas_crecca_Modlin_Poland_Jarek_Matusiak_201203012.mp3
Eurasian_Teal,Anas_crecca_Modlin_Poland_Jarek_Matusiak_201203012,5,data/processed/Eurasian_Teal/Anas_crecca_Modlin_Poland_Jarek_Matusiak_201203012_chunk005.wav,3.0,Anas_crecca_Modlin_Poland_Jarek_Matusiak_201203012.mp3
Eurasian_Teal,Anas_crecca_Modlin_Poland_Jarek_Matusiak_201203012,6,data/processed/Eurasian_Teal/Anas_crecca_Modlin_Poland_Jarek_Matusiak_201203012_chunk006.wav,3.0,Anas_crecca_Modlin_Poland_Jarek_Matusiak_201203012.mp3
Eurasian_Teal,Anas_crecca_Modlin_Poland_Jarek_Matusiak_201203012,7,data/processed/Eurasian_Teal/Anas_crecca_Modlin_Poland_Jarek_Matusiak_201203012_chunk007.wav,3.0,Anas_crecca_Modlin_Poland_Jarek_Matusiak_201203012.mp3
Eurasian_Teal,Anas_crecca_Modlin_Poland_Jarek_Matusiak_201203012,8,data/processed/Eurasian_Teal/Anas_crecca_Modlin_Poland_Jarek_Matusiak_201203012_chunk008.wav,3.0,Anas_crecca_Modlin_Poland_Jarek_Matusiak_201203012.mp3
Eurasian_Teal,Anas_crecca_Modlin_Poland_Jarek_Matusiak_201203012,9,data/processed/Eurasian_Teal/Anas_crecca_Modlin_Poland_Jarek_Matusiak_201203012_chunk009.wav,3.0,Anas_crecca_Modlin_Poland_Jarek_Matusiak_201203012.mp3
Eurasian_Teal,Anas_crecca_Modlin_Poland_Jarek_Matusiak_201203012,10,data/processed/Eurasian_Teal/Anas_crecca_Modlin_Poland_Jarek_Matusiak_201203012_chunk010.wav,3.0,Anas_crecca_Modlin_Poland_Jarek_Matusiak_201203012.mp3
Eurasian_Teal,Anas_crecca_Modlin_Poland_Jarek_Matusiak_201203012,11,data/processed/Eurasian_Teal/Anas_crecca_Modlin_Poland_Jarek_Matusiak_201203012_chunk011.wav,3.0,Anas_crecca_Modlin_Poland_Jarek_Matusiak_201203012.mp3
Eurasian_Teal,Anas_crecca_Modlin_Poland_Jarek_Matusiak_201203012,12,data/processed/Eurasian_Teal/Anas_crecca_Modlin_Poland_Jarek_Matusiak_201203012_chunk012.wav,3.0,Anas_crecca_Modlin_Poland_Jarek_Matusiak_201203012.mp3
Eurasian_Teal,Anas_crecca_Modlin_Poland_Jarek_Matusiak_201203012,13,data/processed/Eurasian_Teal/Anas_crecca_Modlin_Poland_Jarek_Matusiak_201203012_chunk013.wav,3.0,Anas_crecca_Modlin_Poland_Jarek_Matusiak_201203012.mp3
Eurasian_Teal,Anas_crecca_Modlin_Poland_Jarek_Matusiak_201203012,14,data/processed/Eurasian_Teal/Anas_crecca_Modlin_Poland_Jarek_Matusiak_201203012_chunk014.wav,3.0,Anas_crecca_Modlin_Poland_Jarek_Matusiak_201203012.mp3
Eurasian_Teal,Anas_crecca_Modlin_Poland_Jarek_Matusiak_201203012,15,data/processed/Eurasian_Teal/Anas_crecca_Modlin_Poland_Jarek_Matusiak_201203012_chunk015.wav,3.0,Anas_crecca_Modlin_Poland_Jarek_Matusiak_201203012.mp3
Eurasian_Teal,Anas_crecca_Modlin_Poland_Jarek_Matusiak_201203012,16,data/processed/Eurasian_Teal/Anas_crecca_Modlin_Poland_Jarek_Matusiak_201203012_chunk016.wav,3.0,Anas_crecca_Modlin_Poland_Jarek_Matusiak_201203012.mp3
Eurasian_Teal,Anas_crecca_Modlin_Poland_Jarek_Matusiak_201203012,17,data/processed/Eurasian_Teal/Anas_crecca_Modlin_Poland_Jarek_Matusiak_201203012_chunk017.wav,3.0,Anas_crecca_Modlin_Poland_Jarek_Matusiak_201203012.mp3
Eurasian_Teal,Anas_crecca_Modlin_Poland_Jarek_Matusiak_201203012,18,data/processed/Eurasian_Teal/Anas_crecca_Modlin_Poland_Jarek_Matusiak_201203012_chunk018.wav,3.0,Anas_crecca_Modlin_Poland_Jarek_Matusiak_201203012.mp3
Eurasian_Teal,Anas_crecca_Modlin_Poland_Jarek_Matusiak_201203012,19,data/processed/Eurasian_Teal/Anas_crecca_Modlin_Poland_Jarek_Matusiak_201203012_chunk019.wav,3.0,Anas_crecca_Modlin_Poland_Jarek_Matusiak_201203012.mp3
Eurasian_Teal,Anas_crecca_Modlin_Poland_Jarek_Matusiak_201203012,20,data/processed/Eurasian_Teal/Anas_crecca_Modlin_Poland_Jarek_Matusiak_201203012_chunk020.wav,3.0,Anas_crecca_Modlin_Poland_Jarek_Matusiak_201203012.mp3
Eurasian_Teal,Anas_crecca_Modlin_Poland_Jarek_Matusiak_201203012,21,data/processed/Eurasian_Teal/Anas_crecca_Modlin_Poland_Jarek_Matusiak_201203012_chunk021.wav,3.0,Anas_crecca_Modlin_Poland_Jarek_Matusiak_201203012.mp3
Eurasian_Teal,Anas_crecca_Modlin_Poland_Jarek_Matusiak_201203012,22,data/processed/Eurasian_Teal/Anas_crecca_Modlin_Poland_Jarek_Matusiak_201203012_chunk022.wav,3.0,Anas_crecca_Modlin_Poland_Jarek_Matusiak_201203012.mp3
Eurasian_Teal,Anas_crecca_Modlin_Poland_Jarek_Matusiak_201203012,23,data/processed/Eurasian_Teal/Anas_crecca_Modlin_Poland_Jarek_Matusiak_201203012_chunk023.wav,3.0,Anas_crecca_Modlin_Poland_Jarek_Matusiak_201203012.mp3
Eurasian_Teal,Anas_crecca_Modlin_Poland_Jarek_Matusiak_201203012,24,data/processed/Eurasian_Teal/Anas_crecca_Modlin_Poland_Jarek_Matusiak_201203012_chunk024.wav,3.0,Anas_crecca_Modlin_Poland_Jarek_Matusiak_201203012.mp3
Eurasian_Teal,Anas_crecca_Modlin_Poland_Jarek_Matusiak_201203012,25,data/processed/Eurasian_Teal/Anas_crecca_Modlin_Poland_Jarek_Matusiak_201203012_chunk025.wav,3.0,Anas_crecca_Modlin_Poland_Jarek_Matusiak_201203012.mp3
Eurasian_Teal,Anas_crecca_Modlin_Poland_Jarek_Matusiak_201203012,26,data/processed/Eurasian_Teal/Anas_crecca_Modlin_Poland_Jarek_Matusiak_201203012_chunk026.wav,3.0,Anas_crecca_Modlin_Poland_Jarek_Matusiak_201203012.mp3
Eurasian_Teal,Anas_crecca_Modlin_Poland_Jarek_Matusiak_201203012,27,data/processed/Eurasian_Teal/Anas_crecca_Modlin_Poland_Jarek_Matusiak_201203012_chunk027.wav,3.0,Anas_crecca_Modlin_Poland_Jarek_Matusiak_201203012.mp3
Eurasian_Teal,Anas_crecca_Modlin_Poland_Jarek_Matusiak_201203012,28,data/processed/Eurasian_Teal/Anas_crecca_Modlin_Poland_Jarek_Matusiak_201203012_chunk028.wav,3.0,Anas_crecca_Modlin_Poland_Jarek_Matusiak_201203012.mp3
Eurasian_Teal,Anas_crecca_Modlin_Poland_Jarek_Matusiak_201203012,29,data/processed/Eurasian_Teal/Anas_crecca_Modlin_Poland_Jarek_Matusiak_201203012_chunk029.wav,3.0,Anas_crecca_Modlin_Poland_Jarek_Matusiak_201203012.mp3
Eurasian_Teal,Anas_crecca_Modlin_Poland_Jarek_Matusiak_201203012,30,data/processed/Eurasian_Teal/Anas_crecca_Modlin_Poland_Jarek_Matusiak_201203012_chunk030.wav,3.0,Anas_crecca_Modlin_Poland_Jarek_Matusiak_201203012.mp3
Eurasian_Teal,Anas_crecca_Modlin_Poland_Jarek_Matusiak_201203012,31,data/processed/Eurasian_Teal/Anas_crecca_Modlin_Poland_Jarek_Matusiak_201203012_chunk031.wav,3.0,Anas_crecca_Modlin_Poland_Jarek_Matusiak_201203012.mp3
Eurasian_Teal,Anas_crecca_Modlin_Poland_Jarek_Matusiak_201203012,32,data/processed/Eurasian_Teal/Anas_crecca_Modlin_Poland_Jarek_Matusiak_201203012_chunk032.wav,3.0,Anas_crecca_Modlin_Poland_Jarek_Matusiak_201203012.mp3
Eurasian_Teal,Anas_crecca_Modlin_Poland_Jarek_Matusiak_201203012,33,data/processed/Eurasian_Teal/Anas_crecca_Modlin_Poland_Jarek_Matusiak_201203012_chunk033.wav,3.0,Anas_crecca_Modlin_Poland_Jarek_Matusiak_201203012.mp3
Eurasian_Teal,Anas_crecca_Modlin_Poland_Jarek_Matusiak_201203012,34,data/processed/Eurasian_Teal/Anas_crecca_Modlin_Poland_Jarek_Matusiak_201203012_chunk034.wav,3.0,Anas_crecca_Modlin_Poland_Jarek_Matusiak_201203012.mp3
Eurasian_Teal,Anas_crecca_Modlin_Poland_Jarek_Matusiak_201203012,35,data/processed/Eurasian_Teal/Anas_crecca_Modlin_Poland_Jarek_Matusiak_201203012_chunk035.wav,3.0,Anas_crecca_Modlin_Poland_Jarek_Matusiak_201203012.mp3
Eurasian_Teal,KrickahonaTimaden2009-04-22,0,data/processed/Eurasian_Teal/KrickahonaTimaden2009-04-22_chunk000.wav,3.0,KrickahonaTimaden2009-04-22.mp3
Eurasian_Teal,KrickahonaTimaden2009-04-22,1,data/processed/Eurasian_Teal/KrickahonaTimaden2009-04-22_chunk001.wav,3.0,KrickahonaTimaden2009-04-22.mp3
Eurasian_Teal,XC1049855-081025_005_Anas.crecca-call-bath,0,data/processed/Eurasian_Teal/XC1049855-081025_005_Anas.crecca-call-bath_chunk000.wav,3.0,XC1049855-081025_005_Anas.crecca-call-bath.mp3
Eurasian_Teal,XC1049855-081025_005_Anas.crecca-call-bath,1,data/processed/Eurasian_Teal/XC1049855-081025_005_Anas.crecca-call-bath_chunk001.wav,3.0,XC1049855-081025_005_Anas.crecca-call-bath.mp3
Eurasian_Teal,XC1049855-081025_005_Anas.crecca-call-bath,2,data/processed/Eurasian_Teal/XC1049855-081025_005_Anas.crecca-call-bath_chunk002.wav,3.0,XC1049855-081025_005_Anas.crecca-call-bath.mp3
Eurasian_Teal,XC1049855-081025_005_Anas.crecca-call-bath,3,data/processed/Eurasian_Teal/XC1049855-081025_005_Anas.crecca-call-bath_chunk003.wav,3.0,XC1049855-081025_005_Anas.crecca-call-bath.mp3
Eurasian_Teal,XC1049855-081025_005_Anas.crecca-call-bath,4,data/processed/Eurasian_Teal/XC1049855-081025_005_Anas.crecca-call-bath_chunk004.wav,3.0,XC1049855-081025_005_Anas.crecca-call-bath.mp3
Eurasian_Teal,XC1049855-081025_005_Anas.crecca-call-bath,5,data/processed/Eurasian_Teal/XC1049855-081025_005_Anas.crecca-call-bath_chunk005.wav,3.0,XC1049855-081025_005_Anas.crecca-call-bath.mp3
Eurasian_Teal,XC1049855-081025_005_Anas.crecca-call-bath,6,data/processed/Eurasian_Teal/XC1049855-081025_005_Anas.crecca-call-bath_chunk006.wav,3.0,XC1049855-081025_005_Anas.crecca-call-bath.mp3
Eurasian_Teal,XC1049855-081025_005_Anas.crecca-call-bath,7,data/processed/Eurasian_Teal/XC1049855-081025_005_Anas.crecca-call-bath_chunk007.wav,3.0,XC1049855-081025_005_Anas.crecca-call-bath.mp3
Eurasian_Teal,XC1049855-081025_005_Anas.crecca-call-bath,8,data/processed/Eurasian_Teal/XC1049855-081025_005_Anas.crecca-call-bath_chunk008.wav,3.0,XC1049855-081025_005_Anas.crecca-call-bath.mp3
Eurasian_Teal,XC1049855-081025_005_Anas.crecca-call-bath,9,data/processed/Eurasian_Teal/XC1049855-081025_005_Anas.crecca-call-bath_chunk009.wav,3.0,XC1049855-081025_005_Anas.crecca-call-bath.mp3
Eurasian_Teal,XC1049855-081025_005_Anas.crecca-call-bath,10,data/processed/Eurasian_Teal/XC1049855-081025_005_Anas.crecca-call-bath_chunk010.wav,3.0,XC1049855-081025_005_Anas.crecca-call-bath.mp3
Eurasian_Teal,XC1049855-081025_005_Anas.crecca-call-bath,11,data/processed/Eurasian_Teal/XC1049855-081025_005_Anas.crecca-call-bath_chunk011.wav,3.0,XC1049855-081025_005_Anas.crecca-call-bath.mp3
Eurasian_Teal,XC1049855-081025_005_Anas.crecca-call-bath,12,data/processed/Eurasian_Teal/XC1049855-081025_005_Anas.crecca-call-bath_chunk012.wav,3.0,XC1049855-081025_005_Anas.crecca-call-bath.mp3
Eurasian_Teal,XC1049855-081025_005_Anas.crecca-call-bath,13,data/processed/Eurasian_Teal/XC1049855-081025_005_Anas.crecca-call-bath_chunk013.wav,3.0,XC1049855-081025_005_Anas.crecca-call-bath.mp3
Eurasian_Teal,XC1049855-081025_005_Anas.crecca-call-bath,14,data/processed/Eurasian_Teal/XC1049855-081025_005_Anas.crecca-call-bath_chunk014.wav,3.0,XC1049855-081025_005_Anas.crecca-call-bath.mp3
Eurasian_Teal,XC1049855-081025_005_Anas.crecca-call-bath,15,data/processed/Eurasian_Teal/XC1049855-081025_005_Anas.crecca-call-bath_chunk015.wav,3.0,XC1049855-081025_005_Anas.crecca-call-bath.mp3
Eurasian_Teal,XC1049855-081025_005_Anas.crecca-call-bath,16,data/processed/Eurasian_Teal/XC1049855-081025_005_Anas.crecca-call-bath_chunk016.wav,3.0,XC1049855-081025_005_Anas.crecca-call-bath.mp3
Eurasian_Teal,XC1049855-081025_005_Anas.crecca-call-bath,17,data/processed/Eurasian_Teal/XC1049855-081025_005_Anas.crecca-call-bath_chunk017.wav,3.0,XC1049855-081025_005_Anas.crecca-call-bath.mp3
Eurasian_Teal,XC1049855-081025_005_Anas.crecca-call-bath,18,data/processed/Eurasian_Teal/XC1049855-081025_005_Anas.crecca-call-bath_chunk018.wav,3.0,XC1049855-081025_005_Anas.crecca-call-bath.mp3
Eurasian_Teal,XC1049855-081025_005_Anas.crecca-call-bath,19,data/processed/Eurasian_Teal/XC1049855-081025_005_Anas.crecca-call-bath_chunk019.wav,3.0,XC1049855-081025_005_Anas.crecca-call-bath.mp3
Eurasian_Teal,XC1049855-081025_005_Anas.crecca-call-bath,20,data/processed/Eurasian_Teal/XC1049855-081025_005_Anas.crecca-call-bath_chunk020.wav,3.0,XC1049855-081025_005_Anas.crecca-call-bath.mp3
Eurasian_Teal,XC1049855-081025_005_Anas.crecca-call-bath,21,data/processed/Eurasian_Teal/XC1049855-081025_005_Anas.crecca-call-bath_chunk021.wav,3.0,XC1049855-081025_005_Anas.crecca-call-bath.mp3
Eurasian_Teal,XC1049855-081025_005_Anas.crecca-call-bath,22,data/processed/Eurasian_Teal/XC1049855-081025_005_Anas.crecca-call-bath_chunk022.wav,3.0,XC1049855-081025_005_Anas.crecca-call-bath.mp3
Eurasian_Teal,XC1049855-081025_005_Anas.crecca-call-bath,23,data/processed/Eurasian_Teal/XC1049855-081025_005_Anas.crecca-call-bath_chunk023.wav,3.0,XC1049855-081025_005_Anas.crecca-call-bath.mp3
Eurasian_Teal,XC1049855-081025_005_Anas.crecca-call-bath,24,data/processed/Eurasian_Teal/XC1049855-081025_005_Anas.crecca-call-bath_chunk024.wav,3.0,XC1049855-081025_005_Anas.crecca-call-bath.mp3
Eurasian_Teal,XC1049855-081025_005_Anas.crecca-call-bath,25,data/processed/Eurasian_Teal/XC1049855-081025_005_Anas.crecca-call-bath_chunk025.wav,3.0,XC1049855-081025_005_Anas.crecca-call-bath.mp3
Eurasian_Teal,XC1049855-081025_005_Anas.crecca-call-bath,26,data/processed/Eurasian_Teal/XC1049855-081025_005_Anas.crecca-call-bath_chunk026.wav,3.0,XC1049855-081025_005_Anas.crecca-call-bath.mp3
Eurasian_Teal,XC1049855-081025_005_Anas.crecca-call-bath,27,data/processed/Eurasian_Teal/XC1049855-081025_005_Anas.crecca-call-bath_chunk027.wav,3.0,XC1049855-081025_005_Anas.crecca-call-bath.mp3
Eurasian_Teal,XC1049855-081025_005_Anas.crecca-call-bath,28,data/processed/Eurasian_Teal/XC1049855-081025_005_Anas.crecca-call-bath_chunk028.wav,3.0,XC1049855-081025_005_Anas.crecca-call-bath.mp3
Eurasian_Teal,XC1049855-081025_005_Anas.crecca-call-bath,29,data/processed/Eurasian_Teal/XC1049855-081025_005_Anas.crecca-call-bath_chunk029.wav,3.0,XC1049855-081025_005_Anas.crecca-call-bath.mp3
Eurasian_Teal,XC1049855-081025_005_Anas.crecca-call-bath,30,data/processed/Eurasian_Teal/XC1049855-081025_005_Anas.crecca-call-bath_chunk030.wav,3.0,XC1049855-081025_005_Anas.crecca-call-bath.mp3
Eurasian_Teal,XC1049855-081025_005_Anas.crecca-call-bath,31,data/processed/Eurasian_Teal/XC1049855-081025_005_Anas.crecca-call-bath_chunk031.wav,3.0,XC1049855-081025_005_Anas.crecca-call-bath.mp3
Eurasian_Teal,XC1049855-081025_005_Anas.crecca-call-bath,32,data/processed/Eurasian_Teal/XC1049855-081025_005_Anas.crecca-call-bath_chunk032.wav,3.0,XC1049855-081025_005_Anas.crecca-call-bath.mp3
Eurasian_Teal,XC1049855-081025_005_Anas.crecca-call-bath,33,data/processed/Eurasian_Teal/XC1049855-081025_005_Anas.crecca-call-bath_chunk033.wav,3.0,XC1049855-081025_005_Anas.crecca-call-bath.mp3
Eurasian_Teal,XC1049855-081025_005_Anas.crecca-call-bath,34,data/processed/Eurasian_Teal/XC1049855-081025_005_Anas.crecca-call-bath_chunk034.wav,3.0,XC1049855-081025_005_Anas.crecca-call-bath.mp3
Eurasian_Teal,XC1049855-081025_005_Anas.crecca-call-bath,35,data/processed/Eurasian_Teal/XC1049855-081025_005_Anas.crecca-call-bath_chunk035.wav,3.0,XC1049855-081025_005_Anas.crecca-call-bath.mp3
Eurasian_Teal,XC1049855-081025_005_Anas.crecca-call-bath,36,data/processed/Eurasian_Teal/XC1049855-081025_005_Anas.crecca-call-bath_chunk036.wav,3.0,XC1049855-081025_005_Anas.crecca-call-bath.mp3
Eurasian_Teal,XC1049855-081025_005_Anas.crecca-call-bath,37,data/processed/Eurasian_Teal/XC1049855-081025_005_Anas.crecca-call-bath_chunk037.wav,3.0,XC1049855-081025_005_Anas.crecca-call-bath.mp3
Eurasian_Teal,XC1049855-081025_005_Anas.crecca-call-bath,38,data/processed/Eurasian_Teal/XC1049855-081025_005_Anas.crecca-call-bath_chunk038.wav,3.0,XC1049855-081025_005_Anas.crecca-call-bath.mp3
Eurasian_Teal,XC1049855-081025_005_Anas.crecca-call-bath,39,data/processed/Eurasian_Teal/XC1049855-081025_005_Anas.crecca-call-bath_chunk039.wav,3.0,XC1049855-081025_005_Anas.crecca-call-bath.mp3
Eurasian_Teal,XC1049855-081025_005_Anas.crecca-call-bath,40,data/processed/Eurasian_Teal/XC1049855-081025_005_Anas.crecca-call-bath_chunk040.wav,3.0,XC1049855-081025_005_Anas.crecca-call-bath.mp3
Eurasian_Teal,XC1049855-081025_005_Anas.crecca-call-bath,41,data/processed/Eurasian_Teal/XC1049855-081025_005_Anas.crecca-call-bath_chunk041.wav,3.0,XC1049855-081025_005_Anas.crecca-call-bath.mp3
Eurasian_Teal,XC1049855-081025_005_Anas.crecca-call-bath,42,data/processed/Eurasian_Teal/XC1049855-081025_005_Anas.crecca-call-bath_chunk042.wav,3.0,XC1049855-081025_005_Anas.crecca-call-bath.mp3
Eurasian_Teal,XC1049855-081025_005_Anas.crecca-call-bath,43,data/processed/Eurasian_Teal/XC1049855-081025_005_Anas.crecca-call-bath_chunk043.wav,3.0,XC1049855-081025_005_Anas.crecca-call-bath.mp3
Eurasian_Teal,XC1049855-081025_005_Anas.crecca-call-bath,44,data/processed/Eurasian_Teal/XC1049855-081025_005_Anas.crecca-call-bath_chunk044.wav,3.0,XC1049855-081025_005_Anas.crecca-call-bath.mp3
Eurasian_Teal,XC1049855-081025_005_Anas.crecca-call-bath,45,data/processed/Eurasian_Teal/XC1049855-081025_005_Anas.crecca-call-bath_chunk045.wav,3.0,XC1049855-081025_005_Anas.crecca-call-bath.mp3
Eurasian_Teal,XC1049855-081025_005_Anas.crecca-call-bath,46,data/processed/Eurasian_Teal/XC1049855-081025_005_Anas.crecca-call-bath_chunk046.wav,3.0,XC1049855-081025_005_Anas.crecca-call-bath.mp3
Eurasian_Teal,XC1049855-081025_005_Anas.crecca-call-bath,47,data/processed/Eurasian_Teal/XC1049855-081025_005_Anas.crecca-call-bath_chunk047.wav,3.0,XC1049855-081025_005_Anas.crecca-call-bath.mp3
Eurasian_Teal,XC1049855-081025_005_Anas.crecca-call-bath,48,data/processed/Eurasian_Teal/XC1049855-081025_005_Anas.crecca-call-bath_chunk048.wav,3.0,XC1049855-081025_005_Anas.crecca-call-bath.mp3
Eurasian_Teal,XC1049855-081025_005_Anas.crecca-call-bath,49,data/processed/Eurasian_Teal/XC1049855-081025_005_Anas.crecca-call-bath_chunk049.wav,3.0,XC1049855-081025_005_Anas.crecca-call-bath.mp3
Eurasian_Teal,XC1049855-081025_005_Anas.crecca-call-bath,50,data/processed/Eurasian_Teal/XC1049855-081025_005_Anas.crecca-call-bath_chunk050.wav,3.0,XC1049855-081025_005_Anas.crecca-call-bath.mp3
Eurasian_Teal,XC1049855-081025_005_Anas.crecca-call-bath,51,data/processed/Eurasian_Teal/XC1049855-081025_005_Anas.crecca-call-bath_chunk051.wav,3.0,XC1049855-081025_005_Anas.crecca-call-bath.mp3
Eurasian_Teal,XC1049855-081025_005_Anas.crecca-call-bath,52,data/processed/Eurasian_Teal/XC1049855-081025_005_Anas.crecca-call-bath_chunk052.wav,3.0,XC1049855-081025_005_Anas.crecca-call-bath.mp3
Eurasian_Teal,XC1049855-081025_005_Anas.crecca-call-bath,53,data/processed/Eurasian_Teal/XC1049855-081025_005_Anas.crecca-call-bath_chunk053.wav,3.0,XC1049855-081025_005_Anas.crecca-call-bath.mp3
Eurasian_Teal,XC1049855-081025_005_Anas.crecca-call-bath,54,data/processed/Eurasian_Teal/XC1049855-081025_005_Anas.crecca-call-bath_chunk054.wav,3.0,XC1049855-081025_005_Anas.crecca-call-bath.mp3
Eurasian_Teal,XC1049855-081025_005_Anas.crecca-call-bath,55,data/processed/Eurasian_Teal/XC1049855-081025_005_Anas.crecca-call-bath_chunk055.wav,3.0,XC1049855-081025_005_Anas.crecca-call-bath.mp3
Eurasian_Teal,XC1049855-081025_005_Anas.crecca-call-bath,56,data/processed/Eurasian_Teal/XC1049855-081025_005_Anas.crecca-call-bath_chunk056.wav,3.0,XC1049855-081025_005_Anas.crecca-call-bath.mp3
Eurasian_Teal,XC1049855-081025_005_Anas.crecca-call-bath,57,data/processed/Eurasian_Teal/XC1049855-081025_005_Anas.crecca-call-bath_chunk057.wav,3.0,XC1049855-081025_005_Anas.crecca-call-bath.mp3
Eurasian_Teal,XC1049855-081025_005_Anas.crecca-call-bath,58,data/processed/Eurasian_Teal/XC1049855-081025_005_Anas.crecca-call-bath_chunk058.wav,3.0,XC1049855-081025_005_Anas.crecca-call-bath.mp3
Eurasian_Teal,XC1049855-081025_005_Anas.crecca-call-bath,59,data/processed/Eurasian_Teal/XC1049855-081025_005_Anas.crecca-call-bath_chunk059.wav,3.0,XC1049855-081025_005_Anas.crecca-call-bath.mp3
Eurasian_Teal,XC1049855-081025_005_Anas.crecca-call-bath,60,data/processed/Eurasian_Teal/XC1049855-081025_005_Anas.crecca-call-bath_chunk060.wav,3.0,XC1049855-081025_005_Anas.crecca-call-bath.mp3
Eurasian_Teal,XC1049855-081025_005_Anas.crecca-call-bath,61,data/processed/Eurasian_Teal/XC1049855-081025_005_Anas.crecca-call-bath_chunk061.wav,3.0,XC1049855-081025_005_Anas.crecca-call-bath.mp3
Eurasian_Teal,XC1049855-081025_005_Anas.crecca-call-bath,62,data/processed/Eurasian_Teal/XC1049855-081025_005_Anas.crecca-call-bath_chunk062.wav,3.0,XC1049855-081025_005_Anas.crecca-call-bath.mp3
Eurasian_Teal,XC1049855-081025_005_Anas.crecca-call-bath,63,data/processed/Eurasian_Teal/XC1049855-081025_005_Anas.crecca-call-bath_chunk063.wav,3.0,XC1049855-081025_005_Anas.crecca-call-bath.mp3
Eurasian_Teal,XC1049855-081025_005_Anas.crecca-call-bath,64,data/processed/Eurasian_Teal/XC1049855-081025_005_Anas.crecca-call-bath_chunk064.wav,3.0,XC1049855-081025_005_Anas.crecca-call-bath.mp3
Eurasian_Teal,XC1049855-081025_005_Anas.crecca-call-bath,65,data/processed/Eurasian_Teal/XC1049855-081025_005_Anas.crecca-call-bath_chunk065.wav,3.0,XC1049855-081025_005_Anas.crecca-call-bath.mp3
Eurasian_Teal,XC1049855-081025_005_Anas.crecca-call-bath,66,data/processed/Eurasian_Teal/XC1049855-081025_005_Anas.crecca-call-bath_chunk066.wav,3.0,XC1049855-081025_005_Anas.crecca-call-bath.mp3
Eurasian_Teal,XC1049855-081025_005_Anas.crecca-call-bath,67,data/processed/Eurasian_Teal/XC1049855-081025_005_Anas.crecca-call-bath_chunk067.wav,3.0,XC1049855-081025_005_Anas.crecca-call-bath.mp3
Eurasian_Teal,XC1049855-081025_005_Anas.crecca-call-bath,68,data/processed/Eurasian_Teal/XC1049855-081025_005_Anas.crecca-call-bath_chunk068.wav,3.0,XC1049855-081025_005_Anas.crecca-call-bath.mp3
Eurasian_Teal,XC1049855-081025_005_Anas.crecca-call-bath,69,data/processed/Eurasian_Teal/XC1049855-081025_005_Anas.crecca-call-bath_chunk069.wav,3.0,XC1049855-081025_005_Anas.crecca-call-bath.mp3
Eurasian_Teal,XC1049855-081025_005_Anas.crecca-call-bath,70,data/processed/Eurasian_Teal/XC1049855-081025_005_Anas.crecca-call-bath_chunk070.wav,3.0,XC1049855-081025_005_Anas.crecca-call-bath.mp3
Eurasian_Teal,XC1049855-081025_005_Anas.crecca-call-bath,71,data/processed/Eurasian_Teal/XC1049855-081025_005_Anas.crecca-call-bath_chunk071.wav,3.0,XC1049855-081025_005_Anas.crecca-call-bath.mp3
Eurasian_Teal,XC1049855-081025_005_Anas.crecca-call-bath,72,data/processed/Eurasian_Teal/XC1049855-081025_005_Anas.crecca-call-bath_chunk072.wav,3.0,XC1049855-081025_005_Anas.crecca-call-bath.mp3
Eurasian_Teal,XC1049855-081025_005_Anas.crecca-call-bath,73,data/processed/Eurasian_Teal/XC1049855-081025_005_Anas.crecca-call-bath_chunk073.wav,3.0,XC1049855-081025_005_Anas.crecca-call-bath.mp3
Eurasian_Teal,XC1049855-081025_005_Anas.crecca-call-bath,74,data/processed/Eurasian_Teal/XC1049855-081025_005_Anas.crecca-call-bath_chunk074.wav,3.0,XC1049855-081025_005_Anas.crecca-call-bath.mp3
Eurasian_Teal,XC1049855-081025_005_Anas.crecca-call-bath,75,data/processed/Eurasian_Teal/XC1049855-081025_005_Anas.crecca-call-bath_chunk075.wav,3.0,XC1049855-081025_005_Anas.crecca-call-bath.mp3
Eurasian_Teal,XC1049855-081025_005_Anas.crecca-call-bath,76,data/processed/Eurasian_Teal/XC1049855-081025_005_Anas.crecca-call-bath_chunk076.wav,3.0,XC1049855-081025_005_Anas.crecca-call-bath.mp3
Eurasian_Teal,XC1049855-081025_005_Anas.crecca-call-bath,77,data/processed/Eurasian_Teal/XC1049855-081025_005_Anas.crecca-call-bath_chunk077.wav,3.0,XC1049855-081025_005_Anas.crecca-call-bath.mp3
Eurasian_Teal,XC1049855-081025_005_Anas.crecca-call-bath,78,data/processed/Eurasian_Teal/XC1049855-081025_005_Anas.crecca-call-bath_chunk078.wav,3.0,XC1049855-081025_005_Anas.crecca-call-bath.mp3
Eurasian_Teal,XC1049855-081025_005_Anas.crecca-call-bath,79,data/processed/Eurasian_Teal/XC1049855-081025_005_Anas.crecca-call-bath_chunk079.wav,3.0,XC1049855-081025_005_Anas.crecca-call-bath.mp3
Eurasian_Teal,XC1049855-081025_005_Anas.crecca-call-bath,80,data/processed/Eurasian_Teal/XC1049855-081025_005_Anas.crecca-call-bath_chunk080.wav,3.0,XC1049855-081025_005_Anas.crecca-call-bath.mp3
Eurasian_Teal,XC1049855-081025_005_Anas.crecca-call-bath,81,data/processed/Eurasian_Teal/XC1049855-081025_005_Anas.crecca-call-bath_chunk081.wav,3.0,XC1049855-081025_005_Anas.crecca-call-bath.mp3
Eurasian_Teal,XC1049855-081025_005_Anas.crecca-call-bath,82,data/processed/Eurasian_Teal/XC1049855-081025_005_Anas.crecca-call-bath_chunk082.wav,3.0,XC1049855-081025_005_Anas.crecca-call-bath.mp3
Eurasian_Teal,XC1049855-081025_005_Anas.crecca-call-bath,83,data/processed/Eurasian_Teal/XC1049855-081025_005_Anas.crecca-call-bath_chunk083.wav,3.0,XC1049855-081025_005_Anas.crecca-call-bath.mp3
Eurasian_Teal,XC1049855-081025_005_Anas.crecca-call-bath,84,data/processed/Eurasian_Teal/XC1049855-081025_005_Anas.crecca-call-bath_chunk084.wav,3.0,XC1049855-081025_005_Anas.crecca-call-bath.mp3
Eurasian_Teal,XC1049855-081025_005_Anas.crecca-call-bath,85,data/processed/Eurasian_Teal/XC1049855-081025_005_Anas.crecca-call-bath_chunk085.wav,3.0,XC1049855-081025_005_Anas.crecca-call-bath.mp3
Eurasian_Teal,XC1049855-081025_005_Anas.crecca-call-bath,86,data/processed/Eurasian_Teal/XC1049855-081025_005_Anas.crecca-call-bath_chunk086.wav,3.0,XC1049855-081025_005_Anas.crecca-call-bath.mp3
Eurasian_Teal,XC1049855-081025_005_Anas.crecca-call-bath,87,data/processed/Eurasian_Teal/XC1049855-081025_005_Anas.crecca-call-bath_chunk087.wav,3.0,XC1049855-081025_005_Anas.crecca-call-bath.mp3
Eurasian_Teal,XC1049855-081025_005_Anas.crecca-call-bath,88,data/processed/Eurasian_Teal/XC1049855-081025_005_Anas.crecca-call-bath_chunk088.wav,3.0,XC1049855-081025_005_Anas.crecca-call-bath.mp3
Eurasian_Teal,XC1049855-081025_005_Anas.crecca-call-bath,89,data/processed/Eurasian_Teal/XC1049855-081025_005_Anas.crecca-call-bath_chunk089.wav,3.0,XC1049855-081025_005_Anas.crecca-call-bath.mp3
Eurasian_Teal,XC1049855-081025_005_Anas.crecca-call-bath,90,data/processed/Eurasian_Teal/XC1049855-081025_005_Anas.crecca-call-bath_chunk090.wav,3.0,XC1049855-081025_005_Anas.crecca-call-bath.mp3
Eurasian_Teal,XC1106784-Kricka_38,0,data/processed/Eurasian_Teal/XC1106784-Kricka_38_chunk000.wav,3.0,XC1106784-Kricka_38.mp3
Eurasian_Teal,XC1106784-Kricka_38,1,data/processed/Eurasian_Teal/XC1106784-Kricka_38_chunk001.wav,3.0,XC1106784-Kricka_38.mp3
Eurasian_Teal,XC1106784-Kricka_38,2,data/processed/Eurasian_Teal/XC1106784-Kricka_38_chunk002.wav,3.0,XC1106784-Kricka_38.mp3
Eurasian_Teal,XC1106784-Kricka_38,3,data/processed/Eurasian_Teal/XC1106784-Kricka_38_chunk003.wav,3.0,XC1106784-Kricka_38.mp3
Eurasian_Teal,XC1106784-Kricka_38,4,data/processed/Eurasian_Teal/XC1106784-Kricka_38_chunk004.wav,3.0,XC1106784-Kricka_38.mp3
Eurasian_Teal,XC1106784-Kricka_38,5,data/processed/Eurasian_Teal/XC1106784-Kricka_38_chunk005.wav,3.0,XC1106784-Kricka_38.mp3
Eurasian_Teal,XC113457-Anas_crecca_Poland_Jarek_Matusiak_20121125,0,data/processed/Eurasian_Teal/XC113457-Anas_crecca_Poland_Jarek_Matusiak_20121125_chunk000.wav,3.0,XC113457-Anas_crecca_Poland_Jarek_Matusiak_20121125.mp3
Eurasian_Teal,XC113457-Anas_crecca_Poland_Jarek_Matusiak_20121125,1,data/processed/Eurasian_Teal/XC113457-Anas_crecca_Poland_Jarek_Matusiak_20121125_chunk001.wav,3.0,XC113457-Anas_crecca_Poland_Jarek_Matusiak_20121125.mp3
Eurasian_Teal,XC113457-Anas_crecca_Poland_Jarek_Matusiak_20121125,2,data/processed/Eurasian_Teal/XC113457-Anas_crecca_Poland_Jarek_Matusiak_20121125_chunk002.wav,3.0,XC113457-Anas_crecca_Poland_Jarek_Matusiak_20121125.mp3
Eurasian_Teal,XC113457-Anas_crecca_Poland_Jarek_Matusiak_20121125,3,data/processed/Eurasian_Teal/XC113457-Anas_crecca_Poland_Jarek_Matusiak_20121125_chunk003.wav,3.0,XC113457-Anas_crecca_Poland_Jarek_Matusiak_20121125.mp3
Eurasian_Teal,XC113457-Anas_crecca_Poland_Jarek_Matusiak_20121125,4,data/processed/Eurasian_Teal/XC113457-Anas_crecca_Poland_Jarek_Matusiak_20121125_chunk004.wav,3.0,XC113457-Anas_crecca_Poland_Jarek_Matusiak_20121125.mp3
Eurasian_Teal,XC113457-Anas_crecca_Poland_Jarek_Matusiak_20121125,5,data/processed/Eurasian_Teal/XC113457-Anas_crecca_Poland_Jarek_Matusiak_20121125_chunk005.wav,3.0,XC113457-Anas_crecca_Poland_Jarek_Matusiak_20121125.mp3
Eurasian_Teal,XC113457-Anas_crecca_Poland_Jarek_Matusiak_20121125,6,data/processed/Eurasian_Teal/XC113457-Anas_crecca_Poland_Jarek_Matusiak_20121125_chunk006.wav,3.0,XC113457-Anas_crecca_Poland_Jarek_Matusiak_20121125.mp3
Eurasian_Teal,XC113457-Anas_crecca_Poland_Jarek_Matusiak_20121125,7,data/processed/Eurasian_Teal/XC113457-Anas_crecca_Poland_Jarek_Matusiak_20121125_chunk007.wav,3.0,XC113457-Anas_crecca_Poland_Jarek_Matusiak_20121125.mp3
Eurasian_Teal,XC113457-Anas_crecca_Poland_Jarek_Matusiak_20121125,8,data/processed/Eurasian_Teal/XC113457-Anas_crecca_Poland_Jarek_Matusiak_20121125_chunk008.wav,3.0,XC113457-Anas_crecca_Poland_Jarek_Matusiak_20121125.mp3
Eurasian_Teal,XC113457-Anas_crecca_Poland_Jarek_Matusiak_20121125,9,data/processed/Eurasian_Teal/XC113457-Anas_crecca_Poland_Jarek_Matusiak_20121125_chunk009.wav,3.0,XC113457-Anas_crecca_Poland_Jarek_Matusiak_20121125.mp3
Eurasian_Teal,XC113457-Anas_crecca_Poland_Jarek_Matusiak_20121125,10,data/processed/Eurasian_Teal/XC113457-Anas_crecca_Poland_Jarek_Matusiak_20121125_chunk010.wav,3.0,XC113457-Anas_crecca_Poland_Jarek_Matusiak_20121125.mp3
Eurasian_Teal,XC113457-Anas_crecca_Poland_Jarek_Matusiak_20121125,11,data/processed/Eurasian_Teal/XC113457-Anas_crecca_Poland_Jarek_Matusiak_20121125_chunk011.wav,3.0,XC113457-Anas_crecca_Poland_Jarek_Matusiak_20121125.mp3
Eurasian_Teal,XC113457-Anas_crecca_Poland_Jarek_Matusiak_20121125,12,data/processed/Eurasian_Teal/XC113457-Anas_crecca_Poland_Jarek_Matusiak_20121125_chunk012.wav,3.0,XC113457-Anas_crecca_Poland_Jarek_Matusiak_20121125.mp3
Eurasian_Teal,XC113457-Anas_crecca_Poland_Jarek_Matusiak_20121125,13,data/processed/Eurasian_Teal/XC113457-Anas_crecca_Poland_Jarek_Matusiak_20121125_chunk013.wav,3.0,XC113457-Anas_crecca_Poland_Jarek_Matusiak_20121125.mp3
Eurasian_Teal,XC113457-Anas_crecca_Poland_Jarek_Matusiak_20121125,14,data/processed/Eurasian_Teal/XC113457-Anas_crecca_Poland_Jarek_Matusiak_20121125_chunk014.wav,3.0,XC113457-Anas_crecca_Poland_Jarek_Matusiak_20121125.mp3
Eurasian_Teal,XC113457-Anas_crecca_Poland_Jarek_Matusiak_20121125,15,data/processed/Eurasian_Teal/XC113457-Anas_crecca_Poland_Jarek_Matusiak_20121125_chunk015.wav,3.0,XC113457-Anas_crecca_Poland_Jarek_Matusiak_20121125.mp3
Eurasian_Teal,XC113457-Anas_crecca_Poland_Jarek_Matusiak_20121125,16,data/processed/Eurasian_Teal/XC113457-Anas_crecca_Poland_Jarek_Matusiak_20121125_chunk016.wav,3.0,XC113457-Anas_crecca_Poland_Jarek_Matusiak_20121125.mp3
Eurasian_Teal,XC113457-Anas_crecca_Poland_Jarek_Matusiak_20121125,17,data/processed/Eurasian_Teal/XC113457-Anas_crecca_Poland_Jarek_Matusiak_20121125_chunk017.wav,3.0,XC113457-Anas_crecca_Poland_Jarek_Matusiak_20121125.mp3
Eurasian_Teal,XC113457-Anas_crecca_Poland_Jarek_Matusiak_20121125,18,data/processed/Eurasian_Teal/XC113457-Anas_crecca_Poland_Jarek_Matusiak_20121125_chunk018.wav,3.0,XC113457-Anas_crecca_Poland_Jarek_Matusiak_20121125.mp3
Eurasian_Teal,XC113457-Anas_crecca_Poland_Jarek_Matusiak_20121125,19,data/processed/Eurasian_Teal/XC113457-Anas_crecca_Poland_Jarek_Matusiak_20121125_chunk019.wav,3.0,XC113457-Anas_crecca_Poland_Jarek_Matusiak_20121125.mp3
Eurasian_Teal,XC113457-Anas_crecca_Poland_Jarek_Matusiak_20121125,20,data/processed/Eurasian_Teal/XC113457-Anas_crecca_Poland_Jarek_Matusiak_20121125_chunk020.wav,3.0,XC113457-Anas_crecca_Poland_Jarek_Matusiak_20121125.mp3
Eurasian_Teal,XC113457-Anas_crecca_Poland_Jarek_Matusiak_20121125,21,data/processed/Eurasian_Teal/XC113457-Anas_crecca_Poland_Jarek_Matusiak_20121125_chunk021.wav,3.0,XC113457-Anas_crecca_Poland_Jarek_Matusiak_20121125.mp3
Eurasian_Teal,XC113457-Anas_crecca_Poland_Jarek_Matusiak_20121125,22,data/processed/Eurasian_Teal/XC113457-Anas_crecca_Poland_Jarek_Matusiak_20121125_chunk022.wav,3.0,XC113457-Anas_crecca_Poland_Jarek_Matusiak_20121125.mp3
Eurasian_Teal,XC113457-Anas_crecca_Poland_Jarek_Matusiak_20121125,23,data/processed/Eurasian_Teal/XC113457-Anas_crecca_Poland_Jarek_Matusiak_20121125_chunk023.wav,3.0,XC113457-Anas_crecca_Poland_Jarek_Matusiak_20121125.mp3
Eurasian_Teal,XC113457-Anas_crecca_Poland_Jarek_Matusiak_20121125,24,data/processed/Eurasian_Teal/XC113457-Anas_crecca_Poland_Jarek_Matusiak_20121125_chunk024.wav,3.0,XC113457-Anas_crecca_Poland_Jarek_Matusiak_20121125.mp3
Eurasian_Teal,XC113457-Anas_crecca_Poland_Jarek_Matusiak_20121125,25,data/processed/Eurasian_Teal/XC113457-Anas_crecca_Poland_Jarek_Matusiak_20121125_chunk025.wav,3.0,XC113457-Anas_crecca_Poland_Jarek_Matusiak_20121125.mp3
Eurasian_Teal,XC113457-Anas_crecca_Poland_Jarek_Matusiak_20121125,26,data/processed/Eurasian_Teal/XC113457-Anas_crecca_Poland_Jarek_Matusiak_20121125_chunk026.wav,3.0,XC113457-Anas_crecca_Poland_Jarek_Matusiak_20121125.mp3
Eurasian_Teal,XC113457-Anas_crecca_Poland_Jarek_Matusiak_20121125,27,data/processed/Eurasian_Teal/XC113457-Anas_crecca_Poland_Jarek_Matusiak_20121125_chunk027.wav,3.0,XC113457-Anas_crecca_Poland_Jarek_Matusiak_20121125.mp3
Eurasian_Teal,XC113457-Anas_crecca_Poland_Jarek_Matusiak_20121125,28,data/processed/Eurasian_Teal/XC113457-Anas_crecca_Poland_Jarek_Matusiak_20121125_chunk028.wav,3.0,XC113457-Anas_crecca_Poland_Jarek_Matusiak_20121125.mp3
Eurasian_Teal,XC113457-Anas_crecca_Poland_Jarek_Matusiak_20121125,29,data/processed/Eurasian_Teal/XC113457-Anas_crecca_Poland_Jarek_Matusiak_20121125_chunk029.wav,3.0,XC113457-Anas_crecca_Poland_Jarek_Matusiak_20121125.mp3
Eurasian_Teal,XC113457-Anas_crecca_Poland_Jarek_Matusiak_20121125,30,data/processed/Eurasian_Teal/XC113457-Anas_crecca_Poland_Jarek_Matusiak_20121125_chunk030.wav,3.0,XC113457-Anas_crecca_Poland_Jarek_Matusiak_20121125.mp3
Eurasian_Teal,XC113457-Anas_crecca_Poland_Jarek_Matusiak_20121125,31,data/processed/Eurasian_Teal/XC113457-Anas_crecca_Poland_Jarek_Matusiak_20121125_chunk031.wav,3.0,XC113457-Anas_crecca_Poland_Jarek_Matusiak_20121125.mp3
Eurasian_Teal,XC113457-Anas_crecca_Poland_Jarek_Matusiak_20121125,32,data/processed/Eurasian_Teal/XC113457-Anas_crecca_Poland_Jarek_Matusiak_20121125_chunk032.wav,3.0,XC113457-Anas_crecca_Poland_Jarek_Matusiak_20121125.mp3
Eurasian_Teal,XC113457-Anas_crecca_Poland_Jarek_Matusiak_20121125,33,data/processed/Eurasian_Teal/XC113457-Anas_crecca_Poland_Jarek_Matusiak_20121125_chunk033.wav,3.0,XC113457-Anas_crecca_Poland_Jarek_Matusiak_20121125.mp3
Eurasian_Teal,XC113457-Anas_crecca_Poland_Jarek_Matusiak_20121125,34,data/processed/Eurasian_Teal/XC113457-Anas_crecca_Poland_Jarek_Matusiak_20121125_chunk034.wav,3.0,XC113457-Anas_crecca_Poland_Jarek_Matusiak_20121125.mp3
Eurasian_Teal,XC113457-Anas_crecca_Poland_Jarek_Matusiak_20121125,35,data/processed/Eurasian_Teal/XC113457-Anas_crecca_Poland_Jarek_Matusiak_20121125_chunk035.wav,3.0,XC113457-Anas_crecca_Poland_Jarek_Matusiak_20121125.mp3
Eurasian_Teal,XC113457-Anas_crecca_Poland_Jarek_Matusiak_20121125,36,data/processed/Eurasian_Teal/XC113457-Anas_crecca_Poland_Jarek_Matusiak_20121125_chunk036.wav,3.0,XC113457-Anas_crecca_Poland_Jarek_Matusiak_20121125.mp3
Eurasian_Teal,XC113457-Anas_crecca_Poland_Jarek_Matusiak_20121125,37,data/processed/Eurasian_Teal/XC113457-Anas_crecca_Poland_Jarek_Matusiak_20121125_chunk037.wav,3.0,XC113457-Anas_crecca_Poland_Jarek_Matusiak_20121125.mp3
Eurasian_Teal,XC113457-Anas_crecca_Poland_Jarek_Matusiak_20121125,38,data/processed/Eurasian_Teal/XC113457-Anas_crecca_Poland_Jarek_Matusiak_20121125_chunk038.wav,3.0,XC113457-Anas_crecca_Poland_Jarek_Matusiak_20121125.mp3
Eurasian_Teal,XC113457-Anas_crecca_Poland_Jarek_Matusiak_20121125,39,data/processed/Eurasian_Teal/XC113457-Anas_crecca_Poland_Jarek_Matusiak_20121125_chunk039.wav,3.0,XC113457-Anas_crecca_Poland_Jarek_Matusiak_20121125.mp3
Eurasian_Teal,XC113457-Anas_crecca_Poland_Jarek_Matusiak_20121125,40,data/processed/Eurasian_Teal/XC113457-Anas_crecca_Poland_Jarek_Matusiak_20121125_chunk040.wav,3.0,XC113457-Anas_crecca_Poland_Jarek_Matusiak_20121125.mp3
Eurasian_Teal,XC113457-Anas_crecca_Poland_Jarek_Matusiak_20121125,41,data/processed/Eurasian_Teal/XC113457-Anas_crecca_Poland_Jarek_Matusiak_20121125_chunk041.wav,3.0,XC113457-Anas_crecca_Poland_Jarek_Matusiak_20121125.mp3
Eurasian_Teal,XC128818-Anas_crecca_Poland_Jarek_Matusiak_20130406-035,0,data/processed/Eurasian_Teal/XC128818-Anas_crecca_Poland_Jarek_Matusiak_20130406-035_chunk000.wav,3.0,XC128818-Anas_crecca_Poland_Jarek_Matusiak_20130406-035.mp3
Eurasian_Teal,XC128818-Anas_crecca_Poland_Jarek_Matusiak_20130406-035,1,data/processed/Eurasian_Teal/XC128818-Anas_crecca_Poland_Jarek_Matusiak_20130406-035_chunk001.wav,3.0,XC128818-Anas_crecca_Poland_Jarek_Matusiak_20130406-035.mp3
Eurasian_Teal,XC128818-Anas_crecca_Poland_Jarek_Matusiak_20130406-035,2,data/processed/Eurasian_Teal/XC128818-Anas_crecca_Poland_Jarek_Matusiak_20130406-035_chunk002.wav,3.0,XC128818-Anas_crecca_Poland_Jarek_Matusiak_20130406-035.mp3
Eurasian_Teal,XC128818-Anas_crecca_Poland_Jarek_Matusiak_20130406-035,3,data/processed/Eurasian_Teal/XC128818-Anas_crecca_Poland_Jarek_Matusiak_20130406-035_chunk003.wav,3.0,XC128818-Anas_crecca_Poland_Jarek_Matusiak_20130406-035.mp3
Eurasian_Teal,XC128818-Anas_crecca_Poland_Jarek_Matusiak_20130406-035,4,data/processed/Eurasian_Teal/XC128818-Anas_crecca_Poland_Jarek_Matusiak_20130406-035_chunk004.wav,3.0,XC128818-Anas_crecca_Poland_Jarek_Matusiak_20130406-035.mp3
Eurasian_Teal,XC128818-Anas_crecca_Poland_Jarek_Matusiak_20130406-035,5,data/processed/Eurasian_Teal/XC128818-Anas_crecca_Poland_Jarek_Matusiak_20130406-035_chunk005.wav,3.0,XC128818-Anas_crecca_Poland_Jarek_Matusiak_20130406-035.mp3
Eurasian_Teal,XC128818-Anas_crecca_Poland_Jarek_Matusiak_20130406-035,6,data/processed/Eurasian_Teal/XC128818-Anas_crecca_Poland_Jarek_Matusiak_20130406-035_chunk006.wav,3.0,XC128818-Anas_crecca_Poland_Jarek_Matusiak_20130406-035.mp3
Eurasian_Teal,XC128818-Anas_crecca_Poland_Jarek_Matusiak_20130406-035,7,data/processed/Eurasian_Teal/XC128818-Anas_crecca_Poland_Jarek_Matusiak_20130406-035_chunk007.wav,3.0,XC128818-Anas_crecca_Poland_Jarek_Matusiak_20130406-035.mp3
Eurasian_Teal,XC128818-Anas_crecca_Poland_Jarek_Matusiak_20130406-035,8,data/processed/Eurasian_Teal/XC128818-Anas_crecca_Poland_Jarek_Matusiak_20130406-035_chunk008.wav,3.0,XC128818-Anas_crecca_Poland_Jarek_Matusiak_20130406-035.mp3
Eurasian_Teal,XC128818-Anas_crecca_Poland_Jarek_Matusiak_20130406-035,9,data/processed/Eurasian_Teal/XC128818-Anas_crecca_Poland_Jarek_Matusiak_20130406-035_chunk009.wav,3.0,XC128818-Anas_crecca_Poland_Jarek_Matusiak_20130406-035.mp3
Eurasian_Teal,XC128818-Anas_crecca_Poland_Jarek_Matusiak_20130406-035,10,data/processed/Eurasian_Teal/XC128818-Anas_crecca_Poland_Jarek_Matusiak_20130406-035_chunk010.wav,3.0,XC128818-Anas_crecca_Poland_Jarek_Matusiak_20130406-035.mp3
Eurasian_Teal,XC128818-Anas_crecca_Poland_Jarek_Matusiak_20130406-035,11,data/processed/Eurasian_Teal/XC128818-Anas_crecca_Poland_Jarek_Matusiak_20130406-035_chunk011.wav,3.0,XC128818-Anas_crecca_Poland_Jarek_Matusiak_20130406-035.mp3
Eurasian_Teal,XC128818-Anas_crecca_Poland_Jarek_Matusiak_20130406-035,12,data/processed/Eurasian_Teal/XC128818-Anas_crecca_Poland_Jarek_Matusiak_20130406-035_chunk012.wav,3.0,XC128818-Anas_crecca_Poland_Jarek_Matusiak_20130406-035.mp3
Eurasian_Teal,XC128818-Anas_crecca_Poland_Jarek_Matusiak_20130406-035,13,data/processed/Eurasian_Teal/XC128818-Anas_crecca_Poland_Jarek_Matusiak_20130406-035_chunk013.wav,3.0,XC128818-Anas_crecca_Poland_Jarek_Matusiak_20130406-035.mp3
Eurasian_Teal,XC128818-Anas_crecca_Poland_Jarek_Matusiak_20130406-035,14,data/processed/Eurasian_Teal/XC128818-Anas_crecca_Poland_Jarek_Matusiak_20130406-035_chunk014.wav,3.0,XC128818-Anas_crecca_Poland_Jarek_Matusiak_20130406-035.mp3
Eurasian_Teal,XC128818-Anas_crecca_Poland_Jarek_Matusiak_20130406-035,15,data/processed/Eurasian_Teal/XC128818-Anas_crecca_Poland_Jarek_Matusiak_20130406-035_chunk015.wav,3.0,XC128818-Anas_crecca_Poland_Jarek_Matusiak_20130406-035.mp3
Eurasian_Teal,XC128818-Anas_crecca_Poland_Jarek_Matusiak_20130406-035,16,data/processed/Eurasian_Teal/XC128818-Anas_crecca_Poland_Jarek_Matusiak_20130406-035_chunk016.wav,3.0,XC128818-Anas_crecca_Poland_Jarek_Matusiak_20130406-035.mp3
Eurasian_Teal,XC128818-Anas_crecca_Poland_Jarek_Matusiak_20130406-035,17,data/processed/Eurasian_Teal/XC128818-Anas_crecca_Poland_Jarek_Matusiak_20130406-035_chunk017.wav,3.0,XC128818-Anas_crecca_Poland_Jarek_Matusiak_20130406-035.mp3
Eurasian_Teal,XC128818-Anas_crecca_Poland_Jarek_Matusiak_20130406-035,18,data/processed/Eurasian_Teal/XC128818-Anas_crecca_Poland_Jarek_Matusiak_20130406-035_chunk018.wav,3.0,XC128818-Anas_crecca_Poland_Jarek_Matusiak_20130406-035.mp3
Eurasian_Teal,XC128818-Anas_crecca_Poland_Jarek_Matusiak_20130406-035,19,data/processed/Eurasian_Teal/XC128818-Anas_crecca_Poland_Jarek_Matusiak_20130406-035_chunk019.wav,3.0,XC128818-Anas_crecca_Poland_Jarek_Matusiak_20130406-035.mp3
Eurasian_Teal,XC128818-Anas_crecca_Poland_Jarek_Matusiak_20130406-035,20,data/processed/Eurasian_Teal/XC128818-Anas_crecca_Poland_Jarek_Matusiak_20130406-035_chunk020.wav,3.0,XC128818-Anas_crecca_Poland_Jarek_Matusiak_20130406-035.mp3
Eurasian_Teal,XC128818-Anas_crecca_Poland_Jarek_Matusiak_20130406-035,21,data/processed/Eurasian_Teal/XC128818-Anas_crecca_Poland_Jarek_Matusiak_20130406-035_chunk021.wav,3.0,XC128818-Anas_crecca_Poland_Jarek_Matusiak_20130406-035.mp3
Eurasian_Teal,XC128818-Anas_crecca_Poland_Jarek_Matusiak_20130406-035,22,data/processed/Eurasian_Teal/XC128818-Anas_crecca_Poland_Jarek_Matusiak_20130406-035_chunk022.wav,3.0,XC128818-Anas_crecca_Poland_Jarek_Matusiak_20130406-035.mp3
Eurasian_Teal,XC128818-Anas_crecca_Poland_Jarek_Matusiak_20130406-035,23,data/processed/Eurasian_Teal/XC128818-Anas_crecca_Poland_Jarek_Matusiak_20130406-035_chunk023.wav,3.0,XC128818-Anas_crecca_Poland_Jarek_Matusiak_20130406-035.mp3
Eurasian_Teal,XC128818-Anas_crecca_Poland_Jarek_Matusiak_20130406-035,24,data/processed/Eurasian_Teal/XC128818-Anas_crecca_Poland_Jarek_Matusiak_20130406-035_chunk024.wav,3.0,XC128818-Anas_crecca_Poland_Jarek_Matusiak_20130406-035.mp3
Eurasian_Teal,XC128818-Anas_crecca_Poland_Jarek_Matusiak_20130406-035,25,data/processed/Eurasian_Teal/XC128818-Anas_crecca_Poland_Jarek_Matusiak_20130406-035_chunk025.wav,3.0,XC128818-Anas_crecca_Poland_Jarek_Matusiak_20130406-035.mp3
Eurasian_Teal,XC128818-Anas_crecca_Poland_Jarek_Matusiak_20130406-035,26,data/processed/Eurasian_Teal/XC128818-Anas_crecca_Poland_Jarek_Matusiak_20130406-035_chunk026.wav,3.0,XC128818-Anas_crecca_Poland_Jarek_Matusiak_20130406-035.mp3
Eurasian_Teal,XC128818-Anas_crecca_Poland_Jarek_Matusiak_20130406-035,27,data/processed/Eurasian_Teal/XC128818-Anas_crecca_Poland_Jarek_Matusiak_20130406-035_chunk027.wav,3.0,XC128818-Anas_crecca_Poland_Jarek_Matusiak_20130406-035.mp3
Eurasian_Teal,XC128818-Anas_crecca_Poland_Jarek_Matusiak_20130406-035,28,data/processed/Eurasian_Teal/XC128818-Anas_crecca_Poland_Jarek_Matusiak_20130406-035_chunk028.wav,3.0,XC128818-Anas_crecca_Poland_Jarek_Matusiak_20130406-035.mp3
Eurasian_Teal,XC128818-Anas_crecca_Poland_Jarek_Matusiak_20130406-035,29,data/processed/Eurasian_Teal/XC128818-Anas_crecca_Poland_Jarek_Matusiak_20130406-035_chunk029.wav,3.0,XC128818-Anas_crecca_Poland_Jarek_Matusiak_20130406-035.mp3
Eurasian_Teal,XC128818-Anas_crecca_Poland_Jarek_Matusiak_20130406-035,30,data/processed/Eurasian_Teal/XC128818-Anas_crecca_Poland_Jarek_Matusiak_20130406-035_chunk030.wav,3.0,XC128818-Anas_crecca_Poland_Jarek_Matusiak_20130406-035.mp3
Eurasian_Teal,XC128818-Anas_crecca_Poland_Jarek_Matusiak_20130406-035,31,data/processed/Eurasian_Teal/XC128818-Anas_crecca_Poland_Jarek_Matusiak_20130406-035_chunk031.wav,3.0,XC128818-Anas_crecca_Poland_Jarek_Matusiak_20130406-035.mp3
Eurasian_Teal,XC128818-Anas_crecca_Poland_Jarek_Matusiak_20130406-035,32,data/processed/Eurasian_Teal/XC128818-Anas_crecca_Poland_Jarek_Matusiak_20130406-035_chunk032.wav,3.0,XC128818-Anas_crecca_Poland_Jarek_Matusiak_20130406-035.mp3
Eurasian_Teal,XC128818-Anas_crecca_Poland_Jarek_Matusiak_20130406-035,33,data/processed/Eurasian_Teal/XC128818-Anas_crecca_Poland_Jarek_Matusiak_20130406-035_chunk033.wav,3.0,XC128818-Anas_crecca_Poland_Jarek_Matusiak_20130406-035.mp3
Eurasian_Teal,XC128818-Anas_crecca_Poland_Jarek_Matusiak_20130406-035,34,data/processed/Eurasian_Teal/XC128818-Anas_crecca_Poland_Jarek_Matusiak_20130406-035_chunk034.wav,3.0,XC128818-Anas_crecca_Poland_Jarek_Matusiak_20130406-035.mp3
Eurasian_Teal,XC128818-Anas_crecca_Poland_Jarek_Matusiak_20130406-035,35,data/processed/Eurasian_Teal/XC128818-Anas_crecca_Poland_Jarek_Matusiak_20130406-035_chunk035.wav,3.0,XC128818-Anas_crecca_Poland_Jarek_Matusiak_20130406-035.mp3
Eurasian_Teal,XC128818-Anas_crecca_Poland_Jarek_Matusiak_20130406-035,36,data/processed/Eurasian_Teal/XC128818-Anas_crecca_Poland_Jarek_Matusiak_20130406-035_chunk036.wav,3.0,XC128818-Anas_crecca_Poland_Jarek_Matusiak_20130406-035.mp3
Eurasian_Teal,XC128818-Anas_crecca_Poland_Jarek_Matusiak_20130406-035,37,data/processed/Eurasian_Teal/XC128818-Anas_crecca_Poland_Jarek_Matusiak_20130406-035_chunk037.wav,3.0,XC128818-Anas_crecca_Poland_Jarek_Matusiak_20130406-035.mp3
Eurasian_Teal,XC128818-Anas_crecca_Poland_Jarek_Matusiak_20130406-035,38,data/processed/Eurasian_Teal/XC128818-Anas_crecca_Poland_Jarek_Matusiak_20130406-035_chunk038.wav,3.0,XC128818-Anas_crecca_Poland_Jarek_Matusiak_20130406-035.mp3
Eurasian_Teal,XC128818-Anas_crecca_Poland_Jarek_Matusiak_20130406-035,39,data/processed/Eurasian_Teal/XC128818-Anas_crecca_Poland_Jarek_Matusiak_20130406-035_chunk039.wav,3.0,XC128818-Anas_crecca_Poland_Jarek_Matusiak_20130406-035.mp3
Eurasian_Teal,XC128818-Anas_crecca_Poland_Jarek_Matusiak_20130406-035,40,data/processed/Eurasian_Teal/XC128818-Anas_crecca_Poland_Jarek_Matusiak_20130406-035_chunk040.wav,3.0,XC128818-Anas_crecca_Poland_Jarek_Matusiak_20130406-035.mp3
Eurasian_Teal,XC128818-Anas_crecca_Poland_Jarek_Matusiak_20130406-035,41,data/processed/Eurasian_Teal/XC128818-Anas_crecca_Poland_Jarek_Matusiak_20130406-035_chunk041.wav,3.0,XC128818-Anas_crecca_Poland_Jarek_Matusiak_20130406-035.mp3
Eurasian_Teal,XC128818-Anas_crecca_Poland_Jarek_Matusiak_20130406-035,42,data/processed/Eurasian_Teal/XC128818-Anas_crecca_Poland_Jarek_Matusiak_20130406-035_chunk042.wav,3.0,XC128818-Anas_crecca_Poland_Jarek_Matusiak_20130406-035.mp3
Eurasian_Teal,XC128818-Anas_crecca_Poland_Jarek_Matusiak_20130406-035,43,data/processed/Eurasian_Teal/XC128818-Anas_crecca_Poland_Jarek_Matusiak_20130406-035_chunk043.wav,3.0,XC128818-Anas_crecca_Poland_Jarek_Matusiak_20130406-035.mp3
Eurasian_Teal,XC190740-Anas_crecca_m1_Poland_Jarek_Matusiak_20140413_31,0,data/processed/Eurasian_Teal/XC190740-Anas_crecca_m1_Poland_Jarek_Matusiak_20140413_31_chunk000.wav,3.0,XC190740-Anas_crecca_m1_Poland_Jarek_Matusiak_20140413_31.mp3
Eurasian_Teal,XC190740-Anas_crecca_m1_Poland_Jarek_Matusiak_20140413_31,1,data/processed/Eurasian_Teal/XC190740-Anas_crecca_m1_Poland_Jarek_Matusiak_20140413_31_chunk001.wav,3.0,XC190740-Anas_crecca_m1_Poland_Jarek_Matusiak_20140413_31.mp3
Eurasian_Teal,XC190741-Anas_crecca_m2_Poland_Jarek_Matusiak_20140413_31,0,data/processed/Eurasian_Teal/XC190741-Anas_crecca_m2_Poland_Jarek_Matusiak_20140413_31_chunk000.wav,3.0,XC190741-Anas_crecca_m2_Poland_Jarek_Matusiak_20140413_31.mp3
Eurasian_Teal,XC190744-Anas_crecca_m3_Poland_Jarek_Matusiak_20140413_31,0,data/processed/Eurasian_Teal/XC190744-Anas_crecca_m3_Poland_Jarek_Matusiak_20140413_31_chunk000.wav,3.0,XC190744-Anas_crecca_m3_Poland_Jarek_Matusiak_20140413_31.mp3
Eurasian_Teal,XC190745-Anas_crecca_m4_Poland_Jarek_Matusiak_20140413_31,0,data/processed/Eurasian_Teal/XC190745-Anas_crecca_m4_Poland_Jarek_Matusiak_20140413_31_chunk000.wav,3.0,XC190745-Anas_crecca_m4_Poland_Jarek_Matusiak_20140413_31.mp3
Eurasian_Teal,XC190745-Anas_crecca_m4_Poland_Jarek_Matusiak_20140413_31,1,data/processed/Eurasian_Teal/XC190745-Anas_crecca_m4_Poland_Jarek_Matusiak_20140413_31_chunk001.wav,3.0,XC190745-Anas_crecca_m4_Poland_Jarek_Matusiak_20140413_31.mp3
Eurasian_Teal,XC190745-Anas_crecca_m4_Poland_Jarek_Matusiak_20140413_31,2,data/processed/Eurasian_Teal/XC190745-Anas_crecca_m4_Poland_Jarek_Matusiak_20140413_31_chunk002.wav,3.0,XC190745-Anas_crecca_m4_Poland_Jarek_Matusiak_20140413_31.mp3
Eurasian_Teal,XC190745-Anas_crecca_m4_Poland_Jarek_Matusiak_20140413_31,3,data/processed/Eurasian_Teal/XC190745-Anas_crecca_m4_Poland_Jarek_Matusiak_20140413_31_chunk003.wav,3.0,XC190745-Anas_crecca_m4_Poland_Jarek_Matusiak_20140413_31.mp3
Eurasian_Teal,XC190749-Anas_crecca_f3_Poland_Jarek_Matusiak_20140413_30,0,data/processed/Eurasian_Teal/XC190749-Anas_crecca_f3_Poland_Jarek_Matusiak_20140413_30_chunk000.wav,3.0,XC190749-Anas_crecca_f3_Poland_Jarek_Matusiak_20140413_30.mp3
Eurasian_Teal,XC190749-Anas_crecca_f3_Poland_Jarek_Matusiak_20140413_30,1,data/processed/Eurasian_Teal/XC190749-Anas_crecca_f3_Poland_Jarek_Matusiak_20140413_30_chunk001.wav,3.0,XC190749-Anas_crecca_f3_Poland_Jarek_Matusiak_20140413_30.mp3
Eurasian_Teal,XC190751-Anas_crecca_f4_Poland_Jarek_Matusiak_20140413_30,0,data/processed/Eurasian_Teal/XC190751-Anas_crecca_f4_Poland_Jarek_Matusiak_20140413_30_chunk000.wav,3.0,XC190751-Anas_crecca_f4_Poland_Jarek_Matusiak_20140413_30.mp3
Eurasian_Teal,XC197026-Kricka-(2014-06-15,0,data/processed/Eurasian_Teal/XC197026-Kricka-(2014-06-15_chunk000.wav,3.0,XC197026-Kricka-(2014-06-15 11.48)-LS114741.mp3
Eurasian_Teal,XC197026-Kricka-(2014-06-15,1,data/processed/Eurasian_Teal/XC197026-Kricka-(2014-06-15_chunk001.wav,3.0,XC197026-Kricka-(2014-06-15 11.48)-LS114741.mp3
Eurasian_Teal,XC197026-Kricka-(2014-06-15,2,data/processed/Eurasian_Teal/XC197026-Kricka-(2014-06-15_chunk002.wav,3.0,XC197026-Kricka-(2014-06-15 11.48)-LS114741.mp3
Eurasian_Teal,XC197026-Kricka-(2014-06-15,3,data/processed/Eurasian_Teal/XC197026-Kricka-(2014-06-15_chunk003.wav,3.0,XC197026-Kricka-(2014-06-15 11.48)-LS114741.mp3
Eurasian_Teal,XC197026-Kricka-(2014-06-15,4,data/processed/Eurasian_Teal/XC197026-Kricka-(2014-06-15_chunk004.wav,3.0,XC197026-Kricka-(2014-06-15 11.48)-LS114741.mp3
Eurasian_Teal,XC197026-Kricka-(2014-06-15,5,data/processed/Eurasian_Teal/XC197026-Kricka-(2014-06-15_chunk005.wav,3.0,XC197026-Kricka-(2014-06-15 11.48)-LS114741.mp3
Eurasian_Teal,XC197026-Kricka-(2014-06-15,6,data/processed/Eurasian_Teal/XC197026-Kricka-(2014-06-15_chunk006.wav,3.0,XC197026-Kricka-(2014-06-15 11.48)-LS114741.mp3
Eurasian_Teal,XC197026-Kricka-(2014-06-15,7,data/processed/Eurasian_Teal/XC197026-Kricka-(2014-06-15_chunk007.wav,3.0,XC197026-Kricka-(2014-06-15 11.48)-LS114741.mp3
Eurasian_Teal,XC197026-Kricka-(2014-06-15,8,data/processed/Eurasian_Teal/XC197026-Kricka-(2014-06-15_chunk008.wav,3.0,XC197026-Kricka-(2014-06-15 11.48)-LS114741.mp3
Eurasian_Teal,XC197026-Kricka-(2014-06-15,9,data/processed/Eurasian_Teal/XC197026-Kricka-(2014-06-15_chunk009.wav,3.0,XC197026-Kricka-(2014-06-15 11.48)-LS114741.mp3
Eurasian_Teal,XC197026-Kricka-(2014-06-15,10,data/processed/Eurasian_Teal/XC197026-Kricka-(2014-06-15_chunk010.wav,3.0,XC197026-Kricka-(2014-06-15 11.48)-LS114741.mp3
Eurasian_Teal,XC197026-Kricka-(2014-06-15,11,data/processed/Eurasian_Teal/XC197026-Kricka-(2014-06-15_chunk011.wav,3.0,XC197026-Kricka-(2014-06-15 11.48)-LS114741.mp3
Eurasian_Teal,XC197026-Kricka-(2014-06-15,12,data/processed/Eurasian_Teal/XC197026-Kricka-(2014-06-15_chunk012.wav,3.0,XC197026-Kricka-(2014-06-15 11.48)-LS114741.mp3
Eurasian_Teal,XC197026-Kricka-(2014-06-15,13,data/processed/Eurasian_Teal/XC197026-Kricka-(2014-06-15_chunk013.wav,3.0,XC197026-Kricka-(2014-06-15 11.48)-LS114741.mp3
Eurasian_Teal,XC197026-Kricka-(2014-06-15,14,data/processed/Eurasian_Teal/XC197026-Kricka-(2014-06-15_chunk014.wav,3.0,XC197026-Kricka-(2014-06-15 11.48)-LS114741.mp3
Eurasian_Teal,XC197026-Kricka-(2014-06-15,15,data/processed/Eurasian_Teal/XC197026-Kricka-(2014-06-15_chunk015.wav,3.0,XC197026-Kricka-(2014-06-15 11.48)-LS114741.mp3
Eurasian_Teal,XC197026-Kricka-(2014-06-15,16,data/processed/Eurasian_Teal/XC197026-Kricka-(2014-06-15_chunk016.wav,3.0,XC197026-Kricka-(2014-06-15 11.48)-LS114741.mp3
Eurasian_Teal,XC197026-Kricka-(2014-06-15,17,data/processed/Eurasian_Teal/XC197026-Kricka-(2014-06-15_chunk017.wav,3.0,XC197026-Kricka-(2014-06-15 11.48)-LS114741.mp3
Eurasian_Teal,XC197026-Kricka-(2014-06-15,18,data/processed/Eurasian_Teal/XC197026-Kricka-(2014-06-15_chunk018.wav,3.0,XC197026-Kricka-(2014-06-15 11.48)-LS114741.mp3
Eurasian_Teal,XC197026-Kricka-(2014-06-15,19,data/processed/Eurasian_Teal/XC197026-Kricka-(2014-06-15_chunk019.wav,3.0,XC197026-Kricka-(2014-06-15 11.48)-LS114741.mp3
Eurasian_Teal,XC197026-Kricka-(2014-06-15,20,data/processed/Eurasian_Teal/XC197026-Kricka-(2014-06-15_chunk020.wav,3.0,XC197026-Kricka-(2014-06-15 11.48)-LS114741.mp3
Eurasian_Teal,XC197026-Kricka-(2014-06-15,21,data/processed/Eurasian_Teal/XC197026-Kricka-(2014-06-15_chunk021.wav,3.0,XC197026-Kricka-(2014-06-15 11.48)-LS114741.mp3
Eurasian_Teal,XC197026-Kricka-(2014-06-15,22,data/processed/Eurasian_Teal/XC197026-Kricka-(2014-06-15_chunk022.wav,3.0,XC197026-Kricka-(2014-06-15 11.48)-LS114741.mp3
Eurasian_Teal,XC197026-Kricka-(2014-06-15,23,data/processed/Eurasian_Teal/XC197026-Kricka-(2014-06-15_chunk023.wav,3.0,XC197026-Kricka-(2014-06-15 11.48)-LS114741.mp3
Eurasian_Teal,XC197026-Kricka-(2014-06-15,24,data/processed/Eurasian_Teal/XC197026-Kricka-(2014-06-15_chunk024.wav,3.0,XC197026-Kricka-(2014-06-15 11.48)-LS114741.mp3
Eurasian_Teal,XC197026-Kricka-(2014-06-15,25,data/processed/Eurasian_Teal/XC197026-Kricka-(2014-06-15_chunk025.wav,3.0,XC197026-Kricka-(2014-06-15 11.48)-LS114741.mp3
Eurasian_Teal,XC197026-Kricka-(2014-06-15,26,data/processed/Eurasian_Teal/XC197026-Kricka-(2014-06-15_chunk026.wav,3.0,XC197026-Kricka-(2014-06-15 11.48)-LS114741.mp3
Eurasian_Teal,XC197026-Kricka-(2014-06-15,27,data/processed/Eurasian_Teal/XC197026-Kricka-(2014-06-15_chunk027.wav,3.0,XC197026-Kricka-(2014-06-15 11.48)-LS114741.mp3
Eurasian_Teal,XC197026-Kricka-(2014-06-15,28,data/processed/Eurasian_Teal/XC197026-Kricka-(2014-06-15_chunk028.wav,3.0,XC197026-Kricka-(2014-06-15 11.48)-LS114741.mp3
Eurasian_Teal,XC197026-Kricka-(2014-06-15,29,data/processed/Eurasian_Teal/XC197026-Kricka-(2014-06-15_chunk029.wav,3.0,XC197026-Kricka-(2014-06-15 11.48)-LS114741.mp3
Eurasian_Teal,XC197026-Kricka-(2014-06-15,30,data/processed/Eurasian_Teal/XC197026-Kricka-(2014-06-15_chunk030.wav,3.0,XC197026-Kricka-(2014-06-15 11.48)-LS114741.mp3
Eurasian_Teal,XC197026-Kricka-(2014-06-15,31,data/processed/Eurasian_Teal/XC197026-Kricka-(2014-06-15_chunk031.wav,3.0,XC197026-Kricka-(2014-06-15 11.48)-LS114741.mp3
Eurasian_Teal,XC197026-Kricka-(2014-06-15,32,data/processed/Eurasian_Teal/XC197026-Kricka-(2014-06-15_chunk032.wav,3.0,XC197026-Kricka-(2014-06-15 11.48)-LS114741.mp3
Eurasian_Teal,XC197026-Kricka-(2014-06-15,33,data/processed/Eurasian_Teal/XC197026-Kricka-(2014-06-15_chunk033.wav,3.0,XC197026-Kricka-(2014-06-15 11.48)-LS114741.mp3
Eurasian_Teal,XC197026-Kricka-(2014-06-15,34,data/processed/Eurasian_Teal/XC197026-Kricka-(2014-06-15_chunk034.wav,3.0,XC197026-Kricka-(2014-06-15 11.48)-LS114741.mp3
Eurasian_Teal,XC197026-Kricka-(2014-06-15,35,data/processed/Eurasian_Teal/XC197026-Kricka-(2014-06-15_chunk035.wav,3.0,XC197026-Kricka-(2014-06-15 11.48)-LS114741.mp3
Eurasian_Teal,XC197026-Kricka-(2014-06-15,36,data/processed/Eurasian_Teal/XC197026-Kricka-(2014-06-15_chunk036.wav,3.0,XC197026-Kricka-(2014-06-15 11.48)-LS114741.mp3
Eurasian_Teal,XC197026-Kricka-(2014-06-15,37,data/processed/Eurasian_Teal/XC197026-Kricka-(2014-06-15_chunk037.wav,3.0,XC197026-Kricka-(2014-06-15 11.48)-LS114741.mp3
Eurasian_Teal,XC197026-Kricka-(2014-06-15,38,data/processed/Eurasian_Teal/XC197026-Kricka-(2014-06-15_chunk038.wav,3.0,XC197026-Kricka-(2014-06-15 11.48)-LS114741.mp3
Eurasian_Teal,XC197026-Kricka-(2014-06-15,39,data/processed/Eurasian_Teal/XC197026-Kricka-(2014-06-15_chunk039.wav,3.0,XC197026-Kricka-(2014-06-15 11.48)-LS114741.mp3
Eurasian_Teal,XC197026-Kricka-(2014-06-15,40,data/processed/Eurasian_Teal/XC197026-Kricka-(2014-06-15_chunk040.wav,3.0,XC197026-Kricka-(2014-06-15 11.48)-LS114741.mp3
Eurasian_Teal,XC197026-Kricka-(2014-06-15,41,data/processed/Eurasian_Teal/XC197026-Kricka-(2014-06-15_chunk041.wav,3.0,XC197026-Kricka-(2014-06-15 11.48)-LS114741.mp3
Eurasian_Teal,XC197026-Kricka-(2014-06-15,42,data/processed/Eurasian_Teal/XC197026-Kricka-(2014-06-15_chunk042.wav,3.0,XC197026-Kricka-(2014-06-15 11.48)-LS114741.mp3
Eurasian_Teal,XC241897-krikkand-0513_104256,0,data/processed/Eurasian_Teal/XC241897-krikkand-0513_104256_chunk000.wav,3.0,XC241897-krikkand-0513_104256.mp3
Eurasian_Teal,XC241897-krikkand-0513_104256,1,data/processed/Eurasian_Teal/XC241897-krikkand-0513_104256_chunk001.wav,3.0,XC241897-krikkand-0513_104256.mp3
Eurasian_Teal,XC241897-krikkand-0513_104256,2,data/processed/Eurasian_Teal/XC241897-krikkand-0513_104256_chunk002.wav,3.0,XC241897-krikkand-0513_104256.mp3
Eurasian_Teal,XC241897-krikkand-0513_104256,3,data/processed/Eurasian_Teal/XC241897-krikkand-0513_104256_chunk003.wav,3.0,XC241897-krikkand-0513_104256.mp3
Eurasian_Teal,XC241897-krikkand-0513_104256,4,data/processed/Eurasian_Teal/XC241897-krikkand-0513_104256_chunk004.wav,3.0,XC241897-krikkand-0513_104256.mp3
Eurasian_Teal,XC241897-krikkand-0513_104256,5,data/processed/Eurasian_Teal/XC241897-krikkand-0513_104256_chunk005.wav,3.0,XC241897-krikkand-0513_104256.mp3
Eurasian_Teal,XC241897-krikkand-0513_104256,6,data/processed/Eurasian_Teal/XC241897-krikkand-0513_104256_chunk006.wav,3.0,XC241897-krikkand-0513_104256.mp3
Eurasian_Teal,XC241897-krikkand-0513_104256,7,data/processed/Eurasian_Teal/XC241897-krikkand-0513_104256_chunk007.wav,3.0,XC241897-krikkand-0513_104256.mp3
Eurasian_Teal,XC241897-krikkand-0513_104256,8,data/processed/Eurasian_Teal/XC241897-krikkand-0513_104256_chunk008.wav,3.0,XC241897-krikkand-0513_104256.mp3
Eurasian_Teal,XC241897-krikkand-0513_104256,9,data/processed/Eurasian_Teal/XC241897-krikkand-0513_104256_chunk009.wav,3.0,XC241897-krikkand-0513_104256.mp3
Eurasian_Teal,XC280944-055,0,data/processed/Eurasian_Teal/XC280944-055_chunk000.wav,3.0,XC280944-055 1 Wintertaling 1 Balts.mp3
Eurasian_Teal,XC280944-055,1,data/processed/Eurasian_Teal/XC280944-055_chunk001.wav,3.0,XC280944-055 1 Wintertaling 1 Balts.mp3
Eurasian_Teal,XC280944-055,2,data/processed/Eurasian_Teal/XC280944-055_chunk002.wav,3.0,XC280944-055 1 Wintertaling 1 Balts.mp3
Eurasian_Teal,XC280944-055,3,data/processed/Eurasian_Teal/XC280944-055_chunk003.wav,3.0,XC280944-055 1 Wintertaling 1 Balts.mp3
Eurasian_Teal,XC280944-055,4,data/processed/Eurasian_Teal/XC280944-055_chunk004.wav,3.0,XC280944-055 1 Wintertaling 1 Balts.mp3
Eurasian_Teal,XC280944-055,5,data/processed/Eurasian_Teal/XC280944-055_chunk005.wav,3.0,XC280944-055 1 Wintertaling 1 Balts.mp3
Eurasian_Teal,XC280944-055,6,data/processed/Eurasian_Teal/XC280944-055_chunk006.wav,3.0,XC280944-055 1 Wintertaling 1 Balts.mp3
Eurasian_Teal,XC280944-055,7,data/processed/Eurasian_Teal/XC280944-055_chunk007.wav,3.0,XC280944-055 1 Wintertaling 1 Balts.mp3
Eurasian_Teal,XC280944-055,8,data/processed/Eurasian_Teal/XC280944-055_chunk008.wav,3.0,XC280944-055 1 Wintertaling 1 Balts.mp3
Eurasian_Teal,XC280944-055,9,data/processed/Eurasian_Teal/XC280944-055_chunk009.wav,3.0,XC280944-055 1 Wintertaling 1 Balts.mp3
Eurasian_Teal,XC280944-055,10,data/processed/Eurasian_Teal/XC280944-055_chunk010.wav,3.0,XC280944-055 1 Wintertaling 1 Balts.mp3
Eurasian_Teal,XC280944-055,11,data/processed/Eurasian_Teal/XC280944-055_chunk011.wav,3.0,XC280944-055 1 Wintertaling 1 Balts.mp3
Eurasian_Teal,XC280944-055,12,data/processed/Eurasian_Teal/XC280944-055_chunk012.wav,3.0,XC280944-055 1 Wintertaling 1 Balts.mp3
Eurasian_Teal,XC280944-055,13,data/processed/Eurasian_Teal/XC280944-055_chunk013.wav,3.0,XC280944-055 1 Wintertaling 1 Balts.mp3
Eurasian_Teal,XC280944-055,14,data/processed/Eurasian_Teal/XC280944-055_chunk014.wav,3.0,XC280944-055 1 Wintertaling 1 Balts.mp3
Eurasian_Teal,XC280944-055,15,data/processed/Eurasian_Teal/XC280944-055_chunk015.wav,3.0,XC280944-055 1 Wintertaling 1 Balts.mp3
Eurasian_Teal,XC280944-055,16,data/processed/Eurasian_Teal/XC280944-055_chunk016.wav,3.0,XC280944-055 1 Wintertaling 1 Balts.mp3
Eurasian_Teal,XC280944-055,17,data/processed/Eurasian_Teal/XC280944-055_chunk017.wav,3.0,XC280944-055 1 Wintertaling 1 Balts.mp3
Eurasian_Teal,XC280944-055,18,data/processed/Eurasian_Teal/XC280944-055_chunk018.wav,3.0,XC280944-055 1 Wintertaling 1 Balts.mp3
Eurasian_Teal,XC280944-055,19,data/processed/Eurasian_Teal/XC280944-055_chunk019.wav,3.0,XC280944-055 1 Wintertaling 1 Balts.mp3
Eurasian_Teal,XC280944-055,20,data/processed/Eurasian_Teal/XC280944-055_chunk020.wav,3.0,XC280944-055 1 Wintertaling 1 Balts.mp3
Eurasian_Teal,XC280944-055,21,data/processed/Eurasian_Teal/XC280944-055_chunk021.wav,3.0,XC280944-055 1 Wintertaling 1 Balts.mp3
Eurasian_Teal,XC280944-055,22,data/processed/Eurasian_Teal/XC280944-055_chunk022.wav,3.0,XC280944-055 1 Wintertaling 1 Balts.mp3
Eurasian_Teal,XC280944-055,23,data/processed/Eurasian_Teal/XC280944-055_chunk023.wav,3.0,XC280944-055 1 Wintertaling 1 Balts.mp3
Eurasian_Teal,XC280944-055,24,data/processed/Eurasian_Teal/XC280944-055_chunk024.wav,3.0,XC280944-055 1 Wintertaling 1 Balts.mp3
Eurasian_Teal,XC280945-055,0,data/processed/Eurasian_Teal/XC280945-055_chunk000.wav,3.0,XC280945-055 2 Wintertaling 2 Roep mannetje.mp3
Eurasian_Teal,XC280945-055,1,data/processed/Eurasian_Teal/XC280945-055_chunk001.wav,3.0,XC280945-055 2 Wintertaling 2 Roep mannetje.mp3
Eurasian_Teal,XC280945-055,2,data/processed/Eurasian_Teal/XC280945-055_chunk002.wav,3.0,XC280945-055 2 Wintertaling 2 Roep mannetje.mp3
Eurasian_Teal,XC280945-055,3,data/processed/Eurasian_Teal/XC280945-055_chunk003.wav,3.0,XC280945-055 2 Wintertaling 2 Roep mannetje.mp3
Eurasian_Teal,XC280945-055,4,data/processed/Eurasian_Teal/XC280945-055_chunk004.wav,3.0,XC280945-055 2 Wintertaling 2 Roep mannetje.mp3
Eurasian_Teal,XC280945-055,5,data/processed/Eurasian_Teal/XC280945-055_chunk005.wav,3.0,XC280945-055 2 Wintertaling 2 Roep mannetje.mp3
Eurasian_Teal,XC280945-055,6,data/processed/Eurasian_Teal/XC280945-055_chunk006.wav,3.0,XC280945-055 2 Wintertaling 2 Roep mannetje.mp3
Eurasian_Teal,XC280945-055,7,data/processed/Eurasian_Teal/XC280945-055_chunk007.wav,3.0,XC280945-055 2 Wintertaling 2 Roep mannetje.mp3
Eurasian_Teal,XC280945-055,8,data/processed/Eurasian_Teal/XC280945-055_chunk008.wav,3.0,XC280945-055 2 Wintertaling 2 Roep mannetje.mp3
Eurasian_Teal,XC280945-055,9,data/processed/Eurasian_Teal/XC280945-055_chunk009.wav,3.0,XC280945-055 2 Wintertaling 2 Roep mannetje.mp3
Eurasian_Teal,"XC304648-Wintertaling,",0,"data/processed/Eurasian_Teal/XC304648-Wintertaling,_chunk000.wav",3.0,"XC304648-Wintertaling, Markiezaat, 170216.mp3"
Eurasian_Teal,"XC304648-Wintertaling,",1,"data/processed/Eurasian_Teal/XC304648-Wintertaling,_chunk001.wav",3.0,"XC304648-Wintertaling, Markiezaat, 170216.mp3"
Eurasian_Teal,"XC304648-Wintertaling,",2,"data/processed/Eurasian_Teal/XC304648-Wintertaling,_chunk002.wav",3.0,"XC304648-Wintertaling, Markiezaat, 170216.mp3"
Eurasian_Teal,"XC304648-Wintertaling,",3,"data/processed/Eurasian_Teal/XC304648-Wintertaling,_chunk003.wav",3.0,"XC304648-Wintertaling, Markiezaat, 170216.mp3"
Eurasian_Teal,"XC304648-Wintertaling,",4,"data/processed/Eurasian_Teal/XC304648-Wintertaling,_chunk004.wav",3.0,"XC304648-Wintertaling, Markiezaat, 170216.mp3"
Eurasian_Teal,"XC304648-Wintertaling,",5,"data/processed/Eurasian_Teal/XC304648-Wintertaling,_chunk005.wav",3.0,"XC304648-Wintertaling, Markiezaat, 170216.mp3"
Eurasian_Teal,"XC304648-Wintertaling,",6,"data/processed/Eurasian_Teal/XC304648-Wintertaling,_chunk006.wav",3.0,"XC304648-Wintertaling, Markiezaat, 170216.mp3"
Eurasian_Teal,"XC304648-Wintertaling,",7,"data/processed/Eurasian_Teal/XC304648-Wintertaling,_chunk007.wav",3.0,"XC304648-Wintertaling, Markiezaat, 170216.mp3"
Eurasian_Teal,"XC304648-Wintertaling,",8,"data/processed/Eurasian_Teal/XC304648-Wintertaling,_chunk008.wav",3.0,"XC304648-Wintertaling, Markiezaat, 170216.mp3"
Eurasian_Teal,"XC304648-Wintertaling,",9,"data/processed/Eurasian_Teal/XC304648-Wintertaling,_chunk009.wav",3.0,"XC304648-Wintertaling, Markiezaat, 170216.mp3"
Eurasian_Teal,XC403075-Eurasian,0,data/processed/Eurasian_Teal/XC403075-Eurasian_chunk000.wav,3.0,"XC403075-Eurasian Teal (call, BE, Mol Grote Plas, 18feb2018, 1).mp3"
Eurasian_Teal,XC403075-Eurasian,1,data/processed/Eurasian_Teal/XC403075-Eurasian_chunk001.wav,3.0,"XC403075-Eurasian Teal (call, BE, Mol Grote Plas, 18feb2018, 1).mp3"
Eurasian_Teal,XC403075-Eurasian,2,data/processed/Eurasian_Teal/XC403075-Eurasian_chunk002.wav,3.0,"XC403075-Eurasian Teal (call, BE, Mol Grote Plas, 18feb2018, 1).mp3"
Eurasian_Teal,XC403075-Eurasian,3,data/processed/Eurasian_Teal/XC403075-Eurasian_chunk003.wav,3.0,"XC403075-Eurasian Teal (call, BE, Mol Grote Plas, 18feb2018, 1).mp3"
Eurasian_Teal,XC403075-Eurasian,4,data/processed/Eurasian_Teal/XC403075-Eurasian_chunk004.wav,3.0,"XC403075-Eurasian Teal (call, BE, Mol Grote Plas, 18feb2018, 1).mp3"
Eurasian_Teal,XC403075-Eurasian,5,data/processed/Eurasian_Teal/XC403075-Eurasian_chunk005.wav,3.0,"XC403075-Eurasian Teal (call, BE, Mol Grote Plas, 18feb2018, 1).mp3"
Eurasian_Teal,XC403075-Eurasian,6,data/processed/Eurasian_Teal/XC403075-Eurasian_chunk006.wav,3.0,"XC403075-Eurasian Teal (call, BE, Mol Grote Plas, 18feb2018, 1).mp3"
Eurasian_Teal,XC403075-Eurasian,7,data/processed/Eurasian_Teal/XC403075-Eurasian_chunk007.wav,3.0,"XC403075-Eurasian Teal (call, BE, Mol Grote Plas, 18feb2018, 1).mp3"
Eurasian_Teal,XC403075-Eurasian,8,data/processed/Eurasian_Teal/XC403075-Eurasian_chunk008.wav,3.0,"XC403075-Eurasian Teal (call, BE, Mol Grote Plas, 18feb2018, 1).mp3"
Eurasian_Teal,XC403075-Eurasian,9,data/processed/Eurasian_Teal/XC403075-Eurasian_chunk009.wav,3.0,"XC403075-Eurasian Teal (call, BE, Mol Grote Plas, 18feb2018, 1).mp3"
Eurasian_Teal,XC403075-Eurasian,10,data/processed/Eurasian_Teal/XC403075-Eurasian_chunk010.wav,3.0,"XC403075-Eurasian Teal (call, BE, Mol Grote Plas, 18feb2018, 1).mp3"
Eurasian_Teal,XC403075-Eurasian,11,data/processed/Eurasian_Teal/XC403075-Eurasian_chunk011.wav,3.0,"XC403075-Eurasian Teal (call, BE, Mol Grote Plas, 18feb2018, 1).mp3"
Eurasian_Teal,XC403075-Eurasian,12,data/processed/Eurasian_Teal/XC403075-Eurasian_chunk012.wav,3.0,"XC403075-Eurasian Teal (call, BE, Mol Grote Plas, 18feb2018, 1).mp3"
Eurasian_Teal,XC403075-Eurasian,13,data/processed/Eurasian_Teal/XC403075-Eurasian_chunk013.wav,3.0,"XC403075-Eurasian Teal (call, BE, Mol Grote Plas, 18feb2018, 1).mp3"
Eurasian_Teal,XC403075-Eurasian,14,data/processed/Eurasian_Teal/XC403075-Eurasian_chunk014.wav,3.0,"XC403075-Eurasian Teal (call, BE, Mol Grote Plas, 18feb2018, 1).mp3"
Eurasian_Teal,XC403075-Eurasian,15,data/processed/Eurasian_Teal/XC403075-Eurasian_chunk015.wav,3.0,"XC403075-Eurasian Teal (call, BE, Mol Grote Plas, 18feb2018, 1).mp3"
Eurasian_Teal,XC403075-Eurasian,16,data/processed/Eurasian_Teal/XC403075-Eurasian_chunk016.wav,3.0,"XC403075-Eurasian Teal (call, BE, Mol Grote Plas, 18feb2018, 1).mp3"
Eurasian_Teal,XC403075-Eurasian,17,data/processed/Eurasian_Teal/XC403075-Eurasian_chunk017.wav,3.0,"XC403075-Eurasian Teal (call, BE, Mol Grote Plas, 18feb2018, 1).mp3"
Eurasian_Teal,XC403075-Eurasian,18,data/processed/Eurasian_Teal/XC403075-Eurasian_chunk018.wav,3.0,"XC403075-Eurasian Teal (call, BE, Mol Grote Plas, 18feb2018, 1).mp3"
Eurasian_Teal,XC403075-Eurasian,19,data/processed/Eurasian_Teal/XC403075-Eurasian_chunk019.wav,3.0,"XC403075-Eurasian Teal (call, BE, Mol Grote Plas, 18feb2018, 1).mp3"
Eurasian_Teal,"XC406499-Wintertaling,",0,"data/processed/Eurasian_Teal/XC406499-Wintertaling,_chunk000.wav",3.0,"XC406499-Wintertaling, flight call, 140318 0448 uur.mp3"
Eurasian_Teal,"XC406499-Wintertaling,",1,"data/processed/Eurasian_Teal/XC406499-Wintertaling,_chunk001.wav",3.0,"XC406499-Wintertaling, flight call, 140318 0448 uur.mp3"
Eurasian_Teal,"XC406499-Wintertaling,",2,"data/processed/Eurasian_Teal/XC406499-Wintertaling,_chunk002.wav",3.0,"XC406499-Wintertaling, flight call, 140318 0448 uur.mp3"
Eurasian_Teal,"XC406499-Wintertaling,",3,"data/processed/Eurasian_Teal/XC406499-Wintertaling,_chunk003.wav",3.0,"XC406499-Wintertaling, flight call, 140318 0448 uur.mp3"
Eurasian_Teal,"XC406499-Wintertaling,",4,"data/processed/Eurasian_Teal/XC406499-Wintertaling,_chunk004.wav",3.0,"XC406499-Wintertaling, flight call, 140318 0448 uur.mp3"
Eurasian_Teal,"XC406499-Wintertaling,",5,"data/processed/Eurasian_Teal/XC406499-Wintertaling,_chunk005.wav",3.0,"XC406499-Wintertaling, flight call, 140318 0448 uur.mp3"
Eurasian_Teal,"XC406499-Wintertaling,",6,"data/processed/Eurasian_Teal/XC406499-Wintertaling,_chunk006.wav",3.0,"XC406499-Wintertaling, flight call, 140318 0448 uur.mp3"
Eurasian_Teal,"XC406499-Wintertaling,",7,"data/processed/Eurasian_Teal/XC406499-Wintertaling,_chunk007.wav",3.0,"XC406499-Wintertaling, flight call, 140318 0448 uur.mp3"
Eurasian_Teal,"XC406499-Wintertaling,",8,"data/processed/Eurasian_Teal/XC406499-Wintertaling,_chunk008.wav",3.0,"XC406499-Wintertaling, flight call, 140318 0448 uur.mp3"
Eurasian_Teal,"XC406499-Wintertaling,",9,"data/processed/Eurasian_Teal/XC406499-Wintertaling,_chunk009.wav",3.0,"XC406499-Wintertaling, flight call, 140318 0448 uur.mp3"
Eurasian_Teal,"XC406499-Wintertaling,",10,"data/processed/Eurasian_Teal/XC406499-Wintertaling,_chunk010.wav",3.0,"XC406499-Wintertaling, flight call, 140318 0448 uur.mp3"
Eurasian_Teal,"XC406499-Wintertaling,",11,"data/processed/Eurasian_Teal/XC406499-Wintertaling,_chunk011.wav",3.0,"XC406499-Wintertaling, flight call, 140318 0448 uur.mp3"
Eurasian_Teal,"XC406499-Wintertaling,",12,"data/processed/Eurasian_Teal/XC406499-Wintertaling,_chunk012.wav",3.0,"XC406499-Wintertaling, flight call, 140318 0448 uur.mp3"
Eurasian_Teal,XC520583-AB-075,0,data/processed/Eurasian_Teal/XC520583-AB-075_chunk000.wav,3.0,XC520583-AB-075 cyraneczki (2).mp3
Eurasian_Teal,XC520583-AB-075,1,data/processed/Eurasian_Teal/XC520583-AB-075_chunk001.wav,3.0,XC520583-AB-075 cyraneczki (2).mp3
Eurasian_Teal,XC520583-AB-075,2,data/processed/Eurasian_Teal/XC520583-AB-075_chunk002.wav,3.0,XC520583-AB-075 cyraneczki (2).mp3
Eurasian_Teal,XC520583-AB-075,3,data/processed/Eurasian_Teal/XC520583-AB-075_chunk003.wav,3.0,XC520583-AB-075 cyraneczki (2).mp3
Eurasian_Teal,XC520583-AB-075,4,data/processed/Eurasian_Teal/XC520583-AB-075_chunk004.wav,3.0,XC520583-AB-075 cyraneczki (2).mp3
Eurasian_Teal,XC520583-AB-075,5,data/processed/Eurasian_Teal/XC520583-AB-075_chunk005.wav,3.0,XC520583-AB-075 cyraneczki (2).mp3
Eurasian_Teal,XC520583-AB-075,6,data/processed/Eurasian_Teal/XC520583-AB-075_chunk006.wav,3.0,XC520583-AB-075 cyraneczki (2).mp3
Eurasian_Teal,XC520583-AB-075,7,data/processed/Eurasian_Teal/XC520583-AB-075_chunk007.wav,3.0,XC520583-AB-075 cyraneczki (2).mp3
Eurasian_Teal,XC520583-AB-075,8,data/processed/Eurasian_Teal/XC520583-AB-075_chunk008.wav,3.0,XC520583-AB-075 cyraneczki (2).mp3
Eurasian_Teal,XC554855-rdbpara_2020-05-06_20h20_Teal_male_calls,0,data/processed/Eurasian_Teal/XC554855-rdbpara_2020-05-06_20h20_Teal_male_calls_chunk000.wav,3.0,XC554855-rdbpara_2020-05-06_20h20_Teal_male_calls.mp3
Eurasian_Teal,XC554855-rdbpara_2020-05-06_20h20_Teal_male_calls,1,data/processed/Eurasian_Teal/XC554855-rdbpara_2020-05-06_20h20_Teal_male_calls_chunk001.wav,3.0,XC554855-rdbpara_2020-05-06_20h20_Teal_male_calls.mp3
Eurasian_Teal,XC554855-rdbpara_2020-05-06_20h20_Teal_male_calls,2,data/processed/Eurasian_Teal/XC554855-rdbpara_2020-05-06_20h20_Teal_male_calls_chunk002.wav,3.0,XC554855-rdbpara_2020-05-06_20h20_Teal_male_calls.mp3
Eurasian_Teal,XC554855-rdbpara_2020-05-06_20h20_Teal_male_calls,3,data/processed/Eurasian_Teal/XC554855-rdbpara_2020-05-06_20h20_Teal_male_calls_chunk003.wav,3.0,XC554855-rdbpara_2020-05-06_20h20_Teal_male_calls.mp3
Eurasian_Teal,XC554855-rdbpara_2020-05-06_20h20_Teal_male_calls,4,data/processed/Eurasian_Teal/XC554855-rdbpara_2020-05-06_20h20_Teal_male_calls_chunk004.wav,3.0,XC554855-rdbpara_2020-05-06_20h20_Teal_male_calls.mp3
Eurasian_Teal,XC554855-rdbpara_2020-05-06_20h20_Teal_male_calls,5,data/processed/Eurasian_Teal/XC554855-rdbpara_2020-05-06_20h20_Teal_male_calls_chunk005.wav,3.0,XC554855-rdbpara_2020-05-06_20h20_Teal_male_calls.mp3
Eurasian_Teal,XC554855-rdbpara_2020-05-06_20h20_Teal_male_calls,6,data/processed/Eurasian_Teal/XC554855-rdbpara_2020-05-06_20h20_Teal_male_calls_chunk006.wav,3.0,XC554855-rdbpara_2020-05-06_20h20_Teal_male_calls.mp3
Eurasian_Teal,XC554855-rdbpara_2020-05-06_20h20_Teal_male_calls,7,data/processed/Eurasian_Teal/XC554855-rdbpara_2020-05-06_20h20_Teal_male_calls_chunk007.wav,3.0,XC554855-rdbpara_2020-05-06_20h20_Teal_male_calls.mp3
Eurasian_Teal,XC554855-rdbpara_2020-05-06_20h20_Teal_male_calls,8,data/processed/Eurasian_Teal/XC554855-rdbpara_2020-05-06_20h20_Teal_male_calls_chunk008.wav,3.0,XC554855-rdbpara_2020-05-06_20h20_Teal_male_calls.mp3
Eurasian_Teal,XC554855-rdbpara_2020-05-06_20h20_Teal_male_calls,9,data/processed/Eurasian_Teal/XC554855-rdbpara_2020-05-06_20h20_Teal_male_calls_chunk009.wav,3.0,XC554855-rdbpara_2020-05-06_20h20_Teal_male_calls.mp3
Eurasian_Teal,XC554855-rdbpara_2020-05-06_20h20_Teal_male_calls,10,data/processed/Eurasian_Teal/XC554855-rdbpara_2020-05-06_20h20_Teal_male_calls_chunk010.wav,3.0,XC554855-rdbpara_2020-05-06_20h20_Teal_male_calls.mp3
Eurasian_Teal,XC554855-rdbpara_2020-05-06_20h20_Teal_male_calls,11,data/processed/Eurasian_Teal/XC554855-rdbpara_2020-05-06_20h20_Teal_male_calls_chunk011.wav,3.0,XC554855-rdbpara_2020-05-06_20h20_Teal_male_calls.mp3
Eurasian_Teal,XC554855-rdbpara_2020-05-06_20h20_Teal_male_calls,12,data/processed/Eurasian_Teal/XC554855-rdbpara_2020-05-06_20h20_Teal_male_calls_chunk012.wav,3.0,XC554855-rdbpara_2020-05-06_20h20_Teal_male_calls.mp3
Eurasian_Teal,XC554855-rdbpara_2020-05-06_20h20_Teal_male_calls,13,data/processed/Eurasian_Teal/XC554855-rdbpara_2020-05-06_20h20_Teal_male_calls_chunk013.wav,3.0,XC554855-rdbpara_2020-05-06_20h20_Teal_male_calls.mp3
Eurasian_Teal,XC554855-rdbpara_2020-05-06_20h20_Teal_male_calls,14,data/processed/Eurasian_Teal/XC554855-rdbpara_2020-05-06_20h20_Teal_male_calls_chunk014.wav,3.0,XC554855-rdbpara_2020-05-06_20h20_Teal_male_calls.mp3
Eurasian_Teal,XC554855-rdbpara_2020-05-06_20h20_Teal_male_calls,15,data/processed/Eurasian_Teal/XC554855-rdbpara_2020-05-06_20h20_Teal_male_calls_chunk015.wav,3.0,XC554855-rdbpara_2020-05-06_20h20_Teal_male_calls.mp3
Eurasian_Teal,XC554855-rdbpara_2020-05-06_20h20_Teal_male_calls,16,data/processed/Eurasian_Teal/XC554855-rdbpara_2020-05-06_20h20_Teal_male_calls_chunk016.wav,3.0,XC554855-rdbpara_2020-05-06_20h20_Teal_male_calls.mp3
Eurasian_Teal,XC554855-rdbpara_2020-05-06_20h20_Teal_male_calls,17,data/processed/Eurasian_Teal/XC554855-rdbpara_2020-05-06_20h20_Teal_male_calls_chunk017.wav,3.0,XC554855-rdbpara_2020-05-06_20h20_Teal_male_calls.mp3
Eurasian_Teal,XC554855-rdbpara_2020-05-06_20h20_Teal_male_calls,18,data/processed/Eurasian_Teal/XC554855-rdbpara_2020-05-06_20h20_Teal_male_calls_chunk018.wav,3.0,XC554855-rdbpara_2020-05-06_20h20_Teal_male_calls.mp3
Eurasian_Teal,XC554855-rdbpara_2020-05-06_20h20_Teal_male_calls,19,data/processed/Eurasian_Teal/XC554855-rdbpara_2020-05-06_20h20_Teal_male_calls_chunk019.wav,3.0,XC554855-rdbpara_2020-05-06_20h20_Teal_male_calls.mp3
Eurasian_Teal,XC554855-rdbpara_2020-05-06_20h20_Teal_male_calls,20,data/processed/Eurasian_Teal/XC554855-rdbpara_2020-05-06_20h20_Teal_male_calls_chunk020.wav,3.0,XC554855-rdbpara_2020-05-06_20h20_Teal_male_calls.mp3
Eurasian_Teal,XC554855-rdbpara_2020-05-06_20h20_Teal_male_calls,21,data/processed/Eurasian_Teal/XC554855-rdbpara_2020-05-06_20h20_Teal_male_calls_chunk021.wav,3.0,XC554855-rdbpara_2020-05-06_20h20_Teal_male_calls.mp3
Eurasian_Teal,XC554855-rdbpara_2020-05-06_20h20_Teal_male_calls,22,data/processed/Eurasian_Teal/XC554855-rdbpara_2020-05-06_20h20_Teal_male_calls_chunk022.wav,3.0,XC554855-rdbpara_2020-05-06_20h20_Teal_male_calls.mp3
Eurasian_Teal,XC554855-rdbpara_2020-05-06_20h20_Teal_male_calls,23,data/processed/Eurasian_Teal/XC554855-rdbpara_2020-05-06_20h20_Teal_male_calls_chunk023.wav,3.0,XC554855-rdbpara_2020-05-06_20h20_Teal_male_calls.mp3
Eurasian_Teal,XC554855-rdbpara_2020-05-06_20h20_Teal_male_calls,24,data/processed/Eurasian_Teal/XC554855-rdbpara_2020-05-06_20h20_Teal_male_calls_chunk024.wav,3.0,XC554855-rdbpara_2020-05-06_20h20_Teal_male_calls.mp3
Eurasian_Teal,XC554855-rdbpara_2020-05-06_20h20_Teal_male_calls,25,data/processed/Eurasian_Teal/XC554855-rdbpara_2020-05-06_20h20_Teal_male_calls_chunk025.wav,3.0,XC554855-rdbpara_2020-05-06_20h20_Teal_male_calls.mp3
Eurasian_Teal,XC554855-rdbpara_2020-05-06_20h20_Teal_male_calls,26,data/processed/Eurasian_Teal/XC554855-rdbpara_2020-05-06_20h20_Teal_male_calls_chunk026.wav,3.0,XC554855-rdbpara_2020-05-06_20h20_Teal_male_calls.mp3
Eurasian_Teal,XC554855-rdbpara_2020-05-06_20h20_Teal_male_calls,27,data/processed/Eurasian_Teal/XC554855-rdbpara_2020-05-06_20h20_Teal_male_calls_chunk027.wav,3.0,XC554855-rdbpara_2020-05-06_20h20_Teal_male_calls.mp3
Eurasian_Teal,XC554855-rdbpara_2020-05-06_20h20_Teal_male_calls,28,data/processed/Eurasian_Teal/XC554855-rdbpara_2020-05-06_20h20_Teal_male_calls_chunk028.wav,3.0,XC554855-rdbpara_2020-05-06_20h20_Teal_male_calls.mp3
Eurasian_Teal,XC554855-rdbpara_2020-05-06_20h20_Teal_male_calls,29,data/processed/Eurasian_Teal/XC554855-rdbpara_2020-05-06_20h20_Teal_male_calls_chunk029.wav,3.0,XC554855-rdbpara_2020-05-06_20h20_Teal_male_calls.mp3
Eurasian_Teal,XC554855-rdbpara_2020-05-06_20h20_Teal_male_calls,30,data/processed/Eurasian_Teal/XC554855-rdbpara_2020-05-06_20h20_Teal_male_calls_chunk030.wav,3.0,XC554855-rdbpara_2020-05-06_20h20_Teal_male_calls.mp3
Eurasian_Teal,XC554855-rdbpara_2020-05-06_20h20_Teal_male_calls,31,data/processed/Eurasian_Teal/XC554855-rdbpara_2020-05-06_20h20_Teal_male_calls_chunk031.wav,3.0,XC554855-rdbpara_2020-05-06_20h20_Teal_male_calls.mp3
Eurasian_Teal,XC554855-rdbpara_2020-05-06_20h20_Teal_male_calls,32,data/processed/Eurasian_Teal/XC554855-rdbpara_2020-05-06_20h20_Teal_male_calls_chunk032.wav,3.0,XC554855-rdbpara_2020-05-06_20h20_Teal_male_calls.mp3
Eurasian_Teal,XC554855-rdbpara_2020-05-06_20h20_Teal_male_calls,33,data/processed/Eurasian_Teal/XC554855-rdbpara_2020-05-06_20h20_Teal_male_calls_chunk033.wav,3.0,XC554855-rdbpara_2020-05-06_20h20_Teal_male_calls.mp3
Eurasian_Teal,XC554855-rdbpara_2020-05-06_20h20_Teal_male_calls,34,data/processed/Eurasian_Teal/XC554855-rdbpara_2020-05-06_20h20_Teal_male_calls_chunk034.wav,3.0,XC554855-rdbpara_2020-05-06_20h20_Teal_male_calls.mp3
Eurasian_Teal,XC554855-rdbpara_2020-05-06_20h20_Teal_male_calls,35,data/processed/Eurasian_Teal/XC554855-rdbpara_2020-05-06_20h20_Teal_male_calls_chunk035.wav,3.0,XC554855-rdbpara_2020-05-06_20h20_Teal_male_calls.mp3
Eurasian_Teal,XC554855-rdbpara_2020-05-06_20h20_Teal_male_calls,36,data/processed/Eurasian_Teal/XC554855-rdbpara_2020-05-06_20h20_Teal_male_calls_chunk036.wav,3.0,XC554855-rdbpara_2020-05-06_20h20_Teal_male_calls.mp3
Eurasian_Teal,XC554855-rdbpara_2020-05-06_20h20_Teal_male_calls,37,data/processed/Eurasian_Teal/XC554855-rdbpara_2020-05-06_20h20_Teal_male_calls_chunk037.wav,3.0,XC554855-rdbpara_2020-05-06_20h20_Teal_male_calls.mp3
Eurasian_Teal,XC554855-rdbpara_2020-05-06_20h20_Teal_male_calls,38,data/processed/Eurasian_Teal/XC554855-rdbpara_2020-05-06_20h20_Teal_male_calls_chunk038.wav,3.0,XC554855-rdbpara_2020-05-06_20h20_Teal_male_calls.mp3
Eurasian_Teal,XC554855-rdbpara_2020-05-06_20h20_Teal_male_calls,39,data/processed/Eurasian_Teal/XC554855-rdbpara_2020-05-06_20h20_Teal_male_calls_chunk039.wav,3.0,XC554855-rdbpara_2020-05-06_20h20_Teal_male_calls.mp3
Eurasian_Teal,XC554855-rdbpara_2020-05-06_20h20_Teal_male_calls,40,data/processed/Eurasian_Teal/XC554855-rdbpara_2020-05-06_20h20_Teal_male_calls_chunk040.wav,3.0,XC554855-rdbpara_2020-05-06_20h20_Teal_male_calls.mp3
Eurasian_Teal,XC554855-rdbpara_2020-05-06_20h20_Teal_male_calls,41,data/processed/Eurasian_Teal/XC554855-rdbpara_2020-05-06_20h20_Teal_male_calls_chunk041.wav,3.0,XC554855-rdbpara_2020-05-06_20h20_Teal_male_calls.mp3
Eurasian_Teal,XC558181-Kricka_09,0,data/processed/Eurasian_Teal/XC558181-Kricka_09_chunk000.wav,3.0,XC558181-Kricka_09.mp3
Eurasian_Teal,XC558181-Kricka_09,1,data/processed/Eurasian_Teal/XC558181-Kricka_09_chunk001.wav,3.0,XC558181-Kricka_09.mp3
Eurasian_Teal,XC558181-Kricka_09,2,data/processed/Eurasian_Teal/XC558181-Kricka_09_chunk002.wav,3.0,XC558181-Kricka_09.mp3
Eurasian_Teal,XC558181-Kricka_09,3,data/processed/Eurasian_Teal/XC558181-Kricka_09_chunk003.wav,3.0,XC558181-Kricka_09.mp3
Eurasian_Teal,XC589700-T-1627D52,0,data/processed/Eurasian_Teal/XC589700-T-1627D52_chunk000.wav,3.0,XC589700-T-1627D52.mp3
Eurasian_Teal,XC589700-T-1627D52,1,data/processed/Eurasian_Teal/XC589700-T-1627D52_chunk001.wav,3.0,XC589700-T-1627D52.mp3
Eurasian_Teal,XC589700-T-1627D52,2,data/processed/Eurasian_Teal/XC589700-T-1627D52_chunk002.wav,3.0,XC589700-T-1627D52.mp3
Eurasian_Teal,XC589700-T-1627D52,3,data/processed/Eurasian_Teal/XC589700-T-1627D52_chunk003.wav,3.0,XC589700-T-1627D52.mp3
Eurasian_Teal,XC589700-T-1627D52,4,data/processed/Eurasian_Teal/XC589700-T-1627D52_chunk004.wav,3.0,XC589700-T-1627D52.mp3
Eurasian_Teal,XC589700-T-1627D52,5,data/processed/Eurasian_Teal/XC589700-T-1627D52_chunk005.wav,3.0,XC589700-T-1627D52.mp3
Eurasian_Teal,XC589700-T-1627D52,6,data/processed/Eurasian_Teal/XC589700-T-1627D52_chunk006.wav,3.0,XC589700-T-1627D52.mp3
Eurasian_Teal,XC589702-T-1627D51,0,data/processed/Eurasian_Teal/XC589702-T-1627D51_chunk000.wav,3.0,XC589702-T-1627D51.mp3
Eurasian_Teal,XC589702-T-1627D51,1,data/processed/Eurasian_Teal/XC589702-T-1627D51_chunk001.wav,3.0,XC589702-T-1627D51.mp3
Eurasian_Teal,XC589702-T-1627D51,2,data/processed/Eurasian_Teal/XC589702-T-1627D51_chunk002.wav,3.0,XC589702-T-1627D51.mp3
Eurasian_Teal,XC589702-T-1627D51,3,data/processed/Eurasian_Teal/XC589702-T-1627D51_chunk003.wav,3.0,XC589702-T-1627D51.mp3
Eurasian_Teal,XC589702-T-1627D51,4,data/processed/Eurasian_Teal/XC589702-T-1627D51_chunk004.wav,3.0,XC589702-T-1627D51.mp3
Eurasian_Teal,XC589702-T-1627D51,5,data/processed/Eurasian_Teal/XC589702-T-1627D51_chunk005.wav,3.0,XC589702-T-1627D51.mp3
Eurasian_Teal,XC589702-T-1627D51,6,data/processed/Eurasian_Teal/XC589702-T-1627D51_chunk006.wav,3.0,XC589702-T-1627D51.mp3
Eurasian_Teal,XC589702-T-1627D51,7,data/processed/Eurasian_Teal/XC589702-T-1627D51_chunk007.wav,3.0,XC589702-T-1627D51.mp3
Eurasian_Teal,XC589702-T-1627D51,8,data/processed/Eurasian_Teal/XC589702-T-1627D51_chunk008.wav,3.0,XC589702-T-1627D51.mp3
Eurasian_Teal,XC589702-T-1627D51,9,data/processed/Eurasian_Teal/XC589702-T-1627D51_chunk009.wav,3.0,XC589702-T-1627D51.mp3
Eurasian_Teal,XC589702-T-1627D51,10,data/processed/Eurasian_Teal/XC589702-T-1627D51_chunk010.wav,3.0,XC589702-T-1627D51.mp3
Eurasian_Teal,XC589702-T-1627D51,11,data/processed/Eurasian_Teal/XC589702-T-1627D51_chunk011.wav,3.0,XC589702-T-1627D51.mp3
Eurasian_Teal,XC589702-T-1627D51,12,data/processed/Eurasian_Teal/XC589702-T-1627D51_chunk012.wav,3.0,XC589702-T-1627D51.mp3
Eurasian_Teal,XC589702-T-1627D51,13,data/processed/Eurasian_Teal/XC589702-T-1627D51_chunk013.wav,3.0,XC589702-T-1627D51.mp3
Eurasian_Teal,XC589702-T-1627D51,14,data/processed/Eurasian_Teal/XC589702-T-1627D51_chunk014.wav,3.0,XC589702-T-1627D51.mp3
Eurasian_Teal,XC589702-T-1627D51,15,data/processed/Eurasian_Teal/XC589702-T-1627D51_chunk015.wav,3.0,XC589702-T-1627D51.mp3
Eurasian_Teal,XC589702-T-1627D51,16,data/processed/Eurasian_Teal/XC589702-T-1627D51_chunk016.wav,3.0,XC589702-T-1627D51.mp3
Eurasian_Teal,XC589702-T-1627D51,17,data/processed/Eurasian_Teal/XC589702-T-1627D51_chunk017.wav,3.0,XC589702-T-1627D51.mp3
Eurasian_Teal,XC589702-T-1627D51,18,data/processed/Eurasian_Teal/XC589702-T-1627D51_chunk018.wav,3.0,XC589702-T-1627D51.mp3
Eurasian_Teal,XC589702-T-1627D51,19,data/processed/Eurasian_Teal/XC589702-T-1627D51_chunk019.wav,3.0,XC589702-T-1627D51.mp3
Eurasian_Teal,XC589702-T-1627D51,20,data/processed/Eurasian_Teal/XC589702-T-1627D51_chunk020.wav,3.0,XC589702-T-1627D51.mp3
Eurasian_Teal,XC593816-Jarek,0,data/processed/Eurasian_Teal/XC593816-Jarek_chunk000.wav,3.0,XC593816-Jarek Matusiak-374 (2) cyraneczka.mp3
Eurasian_Teal,XC593816-Jarek,1,data/processed/Eurasian_Teal/XC593816-Jarek_chunk001.wav,3.0,XC593816-Jarek Matusiak-374 (2) cyraneczka.mp3
Eurasian_Teal,XC593821-Jarek,0,data/processed/Eurasian_Teal/XC593821-Jarek_chunk000.wav,3.0,XC593821-Jarek Matusiak -370 cyraneczki.mp3
Eurasian_Teal,XC593821-Jarek,1,data/processed/Eurasian_Teal/XC593821-Jarek_chunk001.wav,3.0,XC593821-Jarek Matusiak -370 cyraneczki.mp3
Eurasian_Teal,XC593821-Jarek,2,data/processed/Eurasian_Teal/XC593821-Jarek_chunk002.wav,3.0,XC593821-Jarek Matusiak -370 cyraneczki.mp3
Eurasian_Teal,XC593821-Jarek,3,data/processed/Eurasian_Teal/XC593821-Jarek_chunk003.wav,3.0,XC593821-Jarek Matusiak -370 cyraneczki.mp3
Eurasian_Teal,XC593821-Jarek,4,data/processed/Eurasian_Teal/XC593821-Jarek_chunk004.wav,3.0,XC593821-Jarek Matusiak -370 cyraneczki.mp3
Eurasian_Teal,XC593821-Jarek,5,data/processed/Eurasian_Teal/XC593821-Jarek_chunk005.wav,3.0,XC593821-Jarek Matusiak -370 cyraneczki.mp3
Eurasian_Teal,XC593821-Jarek,6,data/processed/Eurasian_Teal/XC593821-Jarek_chunk006.wav,3.0,XC593821-Jarek Matusiak -370 cyraneczki.mp3
Eurasian_Teal,XC594011-JAREK-MATUSIAK-A-798,0,data/processed/Eurasian_Teal/XC594011-JAREK-MATUSIAK-A-798_chunk000.wav,3.0,XC594011-JAREK-MATUSIAK-A-798 (4) cyraneczka (3).mp3
Eurasian_Teal,XC604958-teal-1627d49-2,0,data/processed/Eurasian_Teal/XC604958-teal-1627d49-2_chunk000.wav,3.0,XC604958-teal-1627d49-2.mp3
Eurasian_Teal,XC604958-teal-1627d49-2,1,data/processed/Eurasian_Teal/XC604958-teal-1627d49-2_chunk001.wav,3.0,XC604958-teal-1627d49-2.mp3
Eurasian_Teal,XC604958-teal-1627d49-2,2,data/processed/Eurasian_Teal/XC604958-teal-1627d49-2_chunk002.wav,3.0,XC604958-teal-1627d49-2.mp3
Eurasian_Teal,XC604958-teal-1627d49-2,3,data/processed/Eurasian_Teal/XC604958-teal-1627d49-2_chunk003.wav,3.0,XC604958-teal-1627d49-2.mp3
Eurasian_Teal,XC604958-teal-1627d49-2,4,data/processed/Eurasian_Teal/XC604958-teal-1627d49-2_chunk004.wav,3.0,XC604958-teal-1627d49-2.mp3
Eurasian_Teal,XC604958-teal-1627d49-2,5,data/processed/Eurasian_Teal/XC604958-teal-1627d49-2_chunk005.wav,3.0,XC604958-teal-1627d49-2.mp3
Eurasian_Teal,XC604958-teal-1627d49-2,6,data/processed/Eurasian_Teal/XC604958-teal-1627d49-2_chunk006.wav,3.0,XC604958-teal-1627d49-2.mp3
Eurasian_Teal,XC604958-teal-1627d49-2,7,data/processed/Eurasian_Teal/XC604958-teal-1627d49-2_chunk007.wav,3.0,XC604958-teal-1627d49-2.mp3
Eurasian_Teal,XC604958-teal-1627d49-2,8,data/processed/Eurasian_Teal/XC604958-teal-1627d49-2_chunk008.wav,3.0,XC604958-teal-1627d49-2.mp3
Eurasian_Teal,XC604958-teal-1627d49-2,9,data/processed/Eurasian_Teal/XC604958-teal-1627d49-2_chunk009.wav,3.0,XC604958-teal-1627d49-2.mp3
Eurasian_Teal,XC604958-teal-1627d49-2,10,data/processed/Eurasian_Teal/XC604958-teal-1627d49-2_chunk010.wav,3.0,XC604958-teal-1627d49-2.mp3
Eurasian_Teal,XC604958-teal-1627d49-2,11,data/processed/Eurasian_Teal/XC604958-teal-1627d49-2_chunk011.wav,3.0,XC604958-teal-1627d49-2.mp3
Eurasian_Teal,XC604958-teal-1627d49-2,12,data/processed/Eurasian_Teal/XC604958-teal-1627d49-2_chunk012.wav,3.0,XC604958-teal-1627d49-2.mp3
Eurasian_Teal,XC604958-teal-1627d49-2,13,data/processed/Eurasian_Teal/XC604958-teal-1627d49-2_chunk013.wav,3.0,XC604958-teal-1627d49-2.mp3
Eurasian_Teal,XC604958-teal-1627d49-2,14,data/processed/Eurasian_Teal/XC604958-teal-1627d49-2_chunk014.wav,3.0,XC604958-teal-1627d49-2.mp3
Eurasian_Teal,XC604958-teal-1627d49-2,15,data/processed/Eurasian_Teal/XC604958-teal-1627d49-2_chunk015.wav,3.0,XC604958-teal-1627d49-2.mp3
Eurasian_Teal,XC604958-teal-1627d49-2,16,data/processed/Eurasian_Teal/XC604958-teal-1627d49-2_chunk016.wav,3.0,XC604958-teal-1627d49-2.mp3
Eurasian_Teal,XC604958-teal-1627d49-2,17,data/processed/Eurasian_Teal/XC604958-teal-1627d49-2_chunk017.wav,3.0,XC604958-teal-1627d49-2.mp3
Eurasian_Teal,XC604958-teal-1627d49-2,18,data/processed/Eurasian_Teal/XC604958-teal-1627d49-2_chunk018.wav,3.0,XC604958-teal-1627d49-2.mp3
Eurasian_Teal,XC604958-teal-1627d49-2,19,data/processed/Eurasian_Teal/XC604958-teal-1627d49-2_chunk019.wav,3.0,XC604958-teal-1627d49-2.mp3
Eurasian_Teal,XC604958-teal-1627d49-2,20,data/processed/Eurasian_Teal/XC604958-teal-1627d49-2_chunk020.wav,3.0,XC604958-teal-1627d49-2.mp3
Eurasian_Teal,XC604958-teal-1627d49-2,21,data/processed/Eurasian_Teal/XC604958-teal-1627d49-2_chunk021.wav,3.0,XC604958-teal-1627d49-2.mp3
Eurasian_Teal,XC604958-teal-1627d49-2,22,data/processed/Eurasian_Teal/XC604958-teal-1627d49-2_chunk022.wav,3.0,XC604958-teal-1627d49-2.mp3
Eurasian_Teal,XC604958-teal-1627d49-2,23,data/processed/Eurasian_Teal/XC604958-teal-1627d49-2_chunk023.wav,3.0,XC604958-teal-1627d49-2.mp3
Eurasian_Teal,XC604958-teal-1627d49-2,24,data/processed/Eurasian_Teal/XC604958-teal-1627d49-2_chunk024.wav,3.0,XC604958-teal-1627d49-2.mp3
Eurasian_Teal,XC604958-teal-1627d49-2,25,data/processed/Eurasian_Teal/XC604958-teal-1627d49-2_chunk025.wav,3.0,XC604958-teal-1627d49-2.mp3
Eurasian_Teal,XC604958-teal-1627d49-2,26,data/processed/Eurasian_Teal/XC604958-teal-1627d49-2_chunk026.wav,3.0,XC604958-teal-1627d49-2.mp3
Eurasian_Teal,XC604958-teal-1627d49-2,27,data/processed/Eurasian_Teal/XC604958-teal-1627d49-2_chunk027.wav,3.0,XC604958-teal-1627d49-2.mp3
Eurasian_Teal,XC604958-teal-1627d49-2,28,data/processed/Eurasian_Teal/XC604958-teal-1627d49-2_chunk028.wav,3.0,XC604958-teal-1627d49-2.mp3
Eurasian_Teal,XC604958-teal-1627d49-2,29,data/processed/Eurasian_Teal/XC604958-teal-1627d49-2_chunk029.wav,3.0,XC604958-teal-1627d49-2.mp3
Eurasian_Teal,XC604958-teal-1627d49-2,30,data/processed/Eurasian_Teal/XC604958-teal-1627d49-2_chunk030.wav,3.0,XC604958-teal-1627d49-2.mp3
Eurasian_Teal,XC604958-teal-1627d49-2,31,data/processed/Eurasian_Teal/XC604958-teal-1627d49-2_chunk031.wav,3.0,XC604958-teal-1627d49-2.mp3
Eurasian_Teal,XC604958-teal-1627d49-2,32,data/processed/Eurasian_Teal/XC604958-teal-1627d49-2_chunk032.wav,3.0,XC604958-teal-1627d49-2.mp3
Eurasian_Teal,XC604958-teal-1627d49-2,33,data/processed/Eurasian_Teal/XC604958-teal-1627d49-2_chunk033.wav,3.0,XC604958-teal-1627d49-2.mp3
Eurasian_Teal,XC604958-teal-1627d49-2,34,data/processed/Eurasian_Teal/XC604958-teal-1627d49-2_chunk034.wav,3.0,XC604958-teal-1627d49-2.mp3
Eurasian_Teal,XC604958-teal-1627d49-2,35,data/processed/Eurasian_Teal/XC604958-teal-1627d49-2_chunk035.wav,3.0,XC604958-teal-1627d49-2.mp3
Eurasian_Teal,XC604958-teal-1627d49-2,36,data/processed/Eurasian_Teal/XC604958-teal-1627d49-2_chunk036.wav,3.0,XC604958-teal-1627d49-2.mp3
Eurasian_Teal,XC604958-teal-1627d49-2,37,data/processed/Eurasian_Teal/XC604958-teal-1627d49-2_chunk037.wav,3.0,XC604958-teal-1627d49-2.mp3
Eurasian_Teal,XC604958-teal-1627d49-2,38,data/processed/Eurasian_Teal/XC604958-teal-1627d49-2_chunk038.wav,3.0,XC604958-teal-1627d49-2.mp3
Eurasian_Teal,XC604958-teal-1627d49-2,39,data/processed/Eurasian_Teal/XC604958-teal-1627d49-2_chunk039.wav,3.0,XC604958-teal-1627d49-2.mp3
Eurasian_Teal,XC604958-teal-1627d49-2,40,data/processed/Eurasian_Teal/XC604958-teal-1627d49-2_chunk040.wav,3.0,XC604958-teal-1627d49-2.mp3
Eurasian_Teal,XC604958-teal-1627d49-2,41,data/processed/Eurasian_Teal/XC604958-teal-1627d49-2_chunk041.wav,3.0,XC604958-teal-1627d49-2.mp3
Eurasian_Teal,XC604958-teal-1627d49-2,42,data/processed/Eurasian_Teal/XC604958-teal-1627d49-2_chunk042.wav,3.0,XC604958-teal-1627d49-2.mp3
Eurasian_Teal,XC604958-teal-1627d49-2,43,data/processed/Eurasian_Teal/XC604958-teal-1627d49-2_chunk043.wav,3.0,XC604958-teal-1627d49-2.mp3
Eurasian_Teal,XC604958-teal-1627d49-2,44,data/processed/Eurasian_Teal/XC604958-teal-1627d49-2_chunk044.wav,3.0,XC604958-teal-1627d49-2.mp3
Eurasian_Teal,XC604958-teal-1627d49-2,45,data/processed/Eurasian_Teal/XC604958-teal-1627d49-2_chunk045.wav,3.0,XC604958-teal-1627d49-2.mp3
Eurasian_Teal,XC604958-teal-1627d49-2,46,data/processed/Eurasian_Teal/XC604958-teal-1627d49-2_chunk046.wav,3.0,XC604958-teal-1627d49-2.mp3
Eurasian_Teal,XC604958-teal-1627d49-2,47,data/processed/Eurasian_Teal/XC604958-teal-1627d49-2_chunk047.wav,3.0,XC604958-teal-1627d49-2.mp3
Eurasian_Teal,XC604958-teal-1627d49-2,48,data/processed/Eurasian_Teal/XC604958-teal-1627d49-2_chunk048.wav,3.0,XC604958-teal-1627d49-2.mp3
Eurasian_Teal,XC604958-teal-1627d49-2,49,data/processed/Eurasian_Teal/XC604958-teal-1627d49-2_chunk049.wav,3.0,XC604958-teal-1627d49-2.mp3
Eurasian_Teal,XC604958-teal-1627d49-2,50,data/processed/Eurasian_Teal/XC604958-teal-1627d49-2_chunk050.wav,3.0,XC604958-teal-1627d49-2.mp3
Eurasian_Teal,XC604958-teal-1627d49-2,51,data/processed/Eurasian_Teal/XC604958-teal-1627d49-2_chunk051.wav,3.0,XC604958-teal-1627d49-2.mp3
Eurasian_Teal,XC604958-teal-1627d49-2,52,data/processed/Eurasian_Teal/XC604958-teal-1627d49-2_chunk052.wav,3.0,XC604958-teal-1627d49-2.mp3
Eurasian_Teal,XC604958-teal-1627d49-2,53,data/processed/Eurasian_Teal/XC604958-teal-1627d49-2_chunk053.wav,3.0,XC604958-teal-1627d49-2.mp3
Eurasian_Teal,XC604958-teal-1627d49-2,54,data/processed/Eurasian_Teal/XC604958-teal-1627d49-2_chunk054.wav,3.0,XC604958-teal-1627d49-2.mp3
Eurasian_Teal,XC604958-teal-1627d49-2,55,data/processed/Eurasian_Teal/XC604958-teal-1627d49-2_chunk055.wav,3.0,XC604958-teal-1627d49-2.mp3
Eurasian_Teal,XC604958-teal-1627d49-2,56,data/processed/Eurasian_Teal/XC604958-teal-1627d49-2_chunk056.wav,3.0,XC604958-teal-1627d49-2.mp3
Eurasian_Teal,XC604958-teal-1627d49-2,57,data/processed/Eurasian_Teal/XC604958-teal-1627d49-2_chunk057.wav,3.0,XC604958-teal-1627d49-2.mp3
Eurasian_Teal,XC604958-teal-1627d49-2,58,data/processed/Eurasian_Teal/XC604958-teal-1627d49-2_chunk058.wav,3.0,XC604958-teal-1627d49-2.mp3
Eurasian_Teal,XC604958-teal-1627d49-2,59,data/processed/Eurasian_Teal/XC604958-teal-1627d49-2_chunk059.wav,3.0,XC604958-teal-1627d49-2.mp3
Eurasian_Teal,XC604958-teal-1627d49-2,60,data/processed/Eurasian_Teal/XC604958-teal-1627d49-2_chunk060.wav,3.0,XC604958-teal-1627d49-2.mp3
Eurasian_Teal,XC604958-teal-1627d49-2,61,data/processed/Eurasian_Teal/XC604958-teal-1627d49-2_chunk061.wav,3.0,XC604958-teal-1627d49-2.mp3
Eurasian_Teal,XC604958-teal-1627d49-2,62,data/processed/Eurasian_Teal/XC604958-teal-1627d49-2_chunk062.wav,3.0,XC604958-teal-1627d49-2.mp3
Eurasian_Teal,XC604958-teal-1627d49-2,63,data/processed/Eurasian_Teal/XC604958-teal-1627d49-2_chunk063.wav,3.0,XC604958-teal-1627d49-2.mp3
Eurasian_Teal,XC604958-teal-1627d49-2,64,data/processed/Eurasian_Teal/XC604958-teal-1627d49-2_chunk064.wav,3.0,XC604958-teal-1627d49-2.mp3
Eurasian_Teal,XC604958-teal-1627d49-2,65,data/processed/Eurasian_Teal/XC604958-teal-1627d49-2_chunk065.wav,3.0,XC604958-teal-1627d49-2.mp3
Eurasian_Teal,XC604958-teal-1627d49-2,66,data/processed/Eurasian_Teal/XC604958-teal-1627d49-2_chunk066.wav,3.0,XC604958-teal-1627d49-2.mp3
Eurasian_Teal,XC604958-teal-1627d49-2,67,data/processed/Eurasian_Teal/XC604958-teal-1627d49-2_chunk067.wav,3.0,XC604958-teal-1627d49-2.mp3
Eurasian_Teal,XC604958-teal-1627d49-2,68,data/processed/Eurasian_Teal/XC604958-teal-1627d49-2_chunk068.wav,3.0,XC604958-teal-1627d49-2.mp3
Eurasian_Teal,XC640694-JAREK-MATUSIAK-A-1480,0,data/processed/Eurasian_Teal/XC640694-JAREK-MATUSIAK-A-1480_chunk000.wav,3.0,XC640694-JAREK-MATUSIAK-A-1480 (2) cyraneczka m.mp3
Eurasian_Teal,XC640694-JAREK-MATUSIAK-A-1480,1,data/processed/Eurasian_Teal/XC640694-JAREK-MATUSIAK-A-1480_chunk001.wav,3.0,XC640694-JAREK-MATUSIAK-A-1480 (2) cyraneczka m.mp3
Eurasian_Teal,XC640694-JAREK-MATUSIAK-A-1480,2,data/processed/Eurasian_Teal/XC640694-JAREK-MATUSIAK-A-1480_chunk002.wav,3.0,XC640694-JAREK-MATUSIAK-A-1480 (2) cyraneczka m.mp3
Eurasian_Teal,XC640694-JAREK-MATUSIAK-A-1480,3,data/processed/Eurasian_Teal/XC640694-JAREK-MATUSIAK-A-1480_chunk003.wav,3.0,XC640694-JAREK-MATUSIAK-A-1480 (2) cyraneczka m.mp3
Eurasian_Teal,XC640694-JAREK-MATUSIAK-A-1480,4,data/processed/Eurasian_Teal/XC640694-JAREK-MATUSIAK-A-1480_chunk004.wav,3.0,XC640694-JAREK-MATUSIAK-A-1480 (2) cyraneczka m.mp3
Eurasian_Teal,XC640696-JAREK-MATUSIAK-A-1480,0,data/processed/Eurasian_Teal/XC640696-JAREK-MATUSIAK-A-1480_chunk000.wav,3.0,XC640696-JAREK-MATUSIAK-A-1480 (2) cyraneczka.mp3
Eurasian_Teal,XC640696-JAREK-MATUSIAK-A-1480,1,data/processed/Eurasian_Teal/XC640696-JAREK-MATUSIAK-A-1480_chunk001.wav,3.0,XC640696-JAREK-MATUSIAK-A-1480 (2) cyraneczka.mp3
Eurasian_Teal,XC640696-JAREK-MATUSIAK-A-1480,2,data/processed/Eurasian_Teal/XC640696-JAREK-MATUSIAK-A-1480_chunk002.wav,3.0,XC640696-JAREK-MATUSIAK-A-1480 (2) cyraneczka.mp3
Eurasian_Teal,XC640696-JAREK-MATUSIAK-A-1480,3,data/processed/Eurasian_Teal/XC640696-JAREK-MATUSIAK-A-1480_chunk003.wav,3.0,XC640696-JAREK-MATUSIAK-A-1480 (2) cyraneczka.mp3
Eurasian_Teal,XC640696-JAREK-MATUSIAK-A-1480,4,data/processed/Eurasian_Teal/XC640696-JAREK-MATUSIAK-A-1480_chunk004.wav,3.0,XC640696-JAREK-MATUSIAK-A-1480 (2) cyraneczka.mp3
Eurasian_Teal,XC640696-JAREK-MATUSIAK-A-1480,5,data/processed/Eurasian_Teal/XC640696-JAREK-MATUSIAK-A-1480_chunk005.wav,3.0,XC640696-JAREK-MATUSIAK-A-1480 (2) cyraneczka.mp3
Eurasian_Teal,XC640696-JAREK-MATUSIAK-A-1480,6,data/processed/Eurasian_Teal/XC640696-JAREK-MATUSIAK-A-1480_chunk006.wav,3.0,XC640696-JAREK-MATUSIAK-A-1480 (2) cyraneczka.mp3
Eurasian_Teal,XC640696-JAREK-MATUSIAK-A-1480,7,data/processed/Eurasian_Teal/XC640696-JAREK-MATUSIAK-A-1480_chunk007.wav,3.0,XC640696-JAREK-MATUSIAK-A-1480 (2) cyraneczka.mp3
Eurasian_Teal,XC640696-JAREK-MATUSIAK-A-1480,8,data/processed/Eurasian_Teal/XC640696-JAREK-MATUSIAK-A-1480_chunk008.wav,3.0,XC640696-JAREK-MATUSIAK-A-1480 (2) cyraneczka.mp3
Eurasian_Teal,XC640696-JAREK-MATUSIAK-A-1480,9,data/processed/Eurasian_Teal/XC640696-JAREK-MATUSIAK-A-1480_chunk009.wav,3.0,XC640696-JAREK-MATUSIAK-A-1480 (2) cyraneczka.mp3
Eurasian_Teal,XC640696-JAREK-MATUSIAK-A-1480,10,data/processed/Eurasian_Teal/XC640696-JAREK-MATUSIAK-A-1480_chunk010.wav,3.0,XC640696-JAREK-MATUSIAK-A-1480 (2) cyraneczka.mp3
Eurasian_Teal,XC640696-JAREK-MATUSIAK-A-1480,11,data/processed/Eurasian_Teal/XC640696-JAREK-MATUSIAK-A-1480_chunk011.wav,3.0,XC640696-JAREK-MATUSIAK-A-1480 (2) cyraneczka.mp3
Eurasian_Teal,XC640696-JAREK-MATUSIAK-A-1480,12,data/processed/Eurasian_Teal/XC640696-JAREK-MATUSIAK-A-1480_chunk012.wav,3.0,XC640696-JAREK-MATUSIAK-A-1480 (2) cyraneczka.mp3
Eurasian_Teal,XC644306-Kricka_16,0,data/processed/Eurasian_Teal/XC644306-Kricka_16_chunk000.wav,3.0,XC644306-Kricka_16.mp3
Eurasian_Teal,XC644306-Kricka_16,1,data/processed/Eurasian_Teal/XC644306-Kricka_16_chunk001.wav,3.0,XC644306-Kricka_16.mp3
Eurasian_Teal,XC644306-Kricka_16,2,data/processed/Eurasian_Teal/XC644306-Kricka_16_chunk002.wav,3.0,XC644306-Kricka_16.mp3
Eurasian_Teal,XC644306-Kricka_16,3,data/processed/Eurasian_Teal/XC644306-Kricka_16_chunk003.wav,3.0,XC644306-Kricka_16.mp3
Eurasian_Teal,XC644306-Kricka_16,4,data/processed/Eurasian_Teal/XC644306-Kricka_16_chunk004.wav,3.0,XC644306-Kricka_16.mp3
Eurasian_Teal,XC644306-Kricka_16,5,data/processed/Eurasian_Teal/XC644306-Kricka_16_chunk005.wav,3.0,XC644306-Kricka_16.mp3
Eurasian_Teal,XC644306-Kricka_16,6,data/processed/Eurasian_Teal/XC644306-Kricka_16_chunk006.wav,3.0,XC644306-Kricka_16.mp3
Eurasian_Teal,XC644306-Kricka_16,7,data/processed/Eurasian_Teal/XC644306-Kricka_16_chunk007.wav,3.0,XC644306-Kricka_16.mp3
Eurasian_Teal,XC644306-Kricka_16,8,data/processed/Eurasian_Teal/XC644306-Kricka_16_chunk008.wav,3.0,XC644306-Kricka_16.mp3
Eurasian_Teal,XC644306-Kricka_16,9,data/processed/Eurasian_Teal/XC644306-Kricka_16_chunk009.wav,3.0,XC644306-Kricka_16.mp3
Eurasian_Teal,XC644306-Kricka_16,10,data/processed/Eurasian_Teal/XC644306-Kricka_16_chunk010.wav,3.0,XC644306-Kricka_16.mp3
Eurasian_Teal,XC644306-Kricka_16,11,data/processed/Eurasian_Teal/XC644306-Kricka_16_chunk011.wav,3.0,XC644306-Kricka_16.mp3
Eurasian_Teal,XC644306-Kricka_16,12,data/processed/Eurasian_Teal/XC644306-Kricka_16_chunk012.wav,3.0,XC644306-Kricka_16.mp3
Eurasian_Teal,XC644306-Kricka_16,13,data/processed/Eurasian_Teal/XC644306-Kricka_16_chunk013.wav,3.0,XC644306-Kricka_16.mp3
Eurasian_Teal,XC644306-Kricka_16,14,data/processed/Eurasian_Teal/XC644306-Kricka_16_chunk014.wav,3.0,XC644306-Kricka_16.mp3
Eurasian_Teal,XC644306-Kricka_16,15,data/processed/Eurasian_Teal/XC644306-Kricka_16_chunk015.wav,3.0,XC644306-Kricka_16.mp3
Eurasian_Teal,XC644306-Kricka_16,16,data/processed/Eurasian_Teal/XC644306-Kricka_16_chunk016.wav,3.0,XC644306-Kricka_16.mp3
Eurasian_Teal,XC644306-Kricka_16,17,data/processed/Eurasian_Teal/XC644306-Kricka_16_chunk017.wav,3.0,XC644306-Kricka_16.mp3
Eurasian_Teal,XC644306-Kricka_16,18,data/processed/Eurasian_Teal/XC644306-Kricka_16_chunk018.wav,3.0,XC644306-Kricka_16.mp3
Eurasian_Teal,XC644306-Kricka_16,19,data/processed/Eurasian_Teal/XC644306-Kricka_16_chunk019.wav,3.0,XC644306-Kricka_16.mp3
Eurasian_Teal,XC647844-Kricka_17,0,data/processed/Eurasian_Teal/XC647844-Kricka_17_chunk000.wav,3.0,XC647844-Kricka_17.mp3
Eurasian_Teal,XC647844-Kricka_17,1,data/processed/Eurasian_Teal/XC647844-Kricka_17_chunk001.wav,3.0,XC647844-Kricka_17.mp3
Eurasian_Teal,XC647844-Kricka_17,2,data/processed/Eurasian_Teal/XC647844-Kricka_17_chunk002.wav,3.0,XC647844-Kricka_17.mp3
Eurasian_Teal,XC647844-Kricka_17,3,data/processed/Eurasian_Teal/XC647844-Kricka_17_chunk003.wav,3.0,XC647844-Kricka_17.mp3
Eurasian_Teal,XC647844-Kricka_17,4,data/processed/Eurasian_Teal/XC647844-Kricka_17_chunk004.wav,3.0,XC647844-Kricka_17.mp3
Eurasian_Teal,XC647844-Kricka_17,5,data/processed/Eurasian_Teal/XC647844-Kricka_17_chunk005.wav,3.0,XC647844-Kricka_17.mp3
Eurasian_Teal,XC647844-Kricka_17,6,data/processed/Eurasian_Teal/XC647844-Kricka_17_chunk006.wav,3.0,XC647844-Kricka_17.mp3
Eurasian_Teal,XC647844-Kricka_17,7,data/processed/Eurasian_Teal/XC647844-Kricka_17_chunk007.wav,3.0,XC647844-Kricka_17.mp3
Eurasian_Teal,XC647844-Kricka_17,8,data/processed/Eurasian_Teal/XC647844-Kricka_17_chunk008.wav,3.0,XC647844-Kricka_17.mp3
Eurasian_Teal,XC648668-Kricka_18,0,data/processed/Eurasian_Teal/XC648668-Kricka_18_chunk000.wav,3.0,XC648668-Kricka_18.mp3
Eurasian_Teal,XC648668-Kricka_18,1,data/processed/Eurasian_Teal/XC648668-Kricka_18_chunk001.wav,3.0,XC648668-Kricka_18.mp3
Eurasian_Teal,XC648668-Kricka_18,2,data/processed/Eurasian_Teal/XC648668-Kricka_18_chunk002.wav,3.0,XC648668-Kricka_18.mp3
Eurasian_Teal,XC648668-Kricka_18,3,data/processed/Eurasian_Teal/XC648668-Kricka_18_chunk003.wav,3.0,XC648668-Kricka_18.mp3
Eurasian_Teal,XC648668-Kricka_18,4,data/processed/Eurasian_Teal/XC648668-Kricka_18_chunk004.wav,3.0,XC648668-Kricka_18.mp3
Eurasian_Teal,XC648668-Kricka_18,5,data/processed/Eurasian_Teal/XC648668-Kricka_18_chunk005.wav,3.0,XC648668-Kricka_18.mp3
Eurasian_Teal,XC648668-Kricka_18,6,data/processed/Eurasian_Teal/XC648668-Kricka_18_chunk006.wav,3.0,XC648668-Kricka_18.mp3
Eurasian_Teal,XC695865-Sarcelle,0,data/processed/Eurasian_Teal/XC695865-Sarcelle_chunk000.wav,3.0,XC695865-Sarcelle d'hiver parades et fuite face à un épervier ++.mp3
Eurasian_Teal,XC695865-Sarcelle,1,data/processed/Eurasian_Teal/XC695865-Sarcelle_chunk001.wav,3.0,XC695865-Sarcelle d'hiver parades et fuite face à un épervier ++.mp3
Eurasian_Teal,XC695865-Sarcelle,2,data/processed/Eurasian_Teal/XC695865-Sarcelle_chunk002.wav,3.0,XC695865-Sarcelle d'hiver parades et fuite face à un épervier ++.mp3
Eurasian_Teal,XC695865-Sarcelle,3,data/processed/Eurasian_Teal/XC695865-Sarcelle_chunk003.wav,3.0,XC695865-Sarcelle d'hiver parades et fuite face à un épervier ++.mp3
Eurasian_Teal,XC695865-Sarcelle,4,data/processed/Eurasian_Teal/XC695865-Sarcelle_chunk004.wav,3.0,XC695865-Sarcelle d'hiver parades et fuite face à un épervier ++.mp3
Eurasian_Teal,XC695865-Sarcelle,5,data/processed/Eurasian_Teal/XC695865-Sarcelle_chunk005.wav,3.0,XC695865-Sarcelle d'hiver parades et fuite face à un épervier ++.mp3
Eurasian_Teal,XC695865-Sarcelle,6,data/processed/Eurasian_Teal/XC695865-Sarcelle_chunk006.wav,3.0,XC695865-Sarcelle d'hiver parades et fuite face à un épervier ++.mp3
Eurasian_Teal,XC695865-Sarcelle,7,data/processed/Eurasian_Teal/XC695865-Sarcelle_chunk007.wav,3.0,XC695865-Sarcelle d'hiver parades et fuite face à un épervier ++.mp3
Eurasian_Teal,XC695865-Sarcelle,8,data/processed/Eurasian_Teal/XC695865-Sarcelle_chunk008.wav,3.0,XC695865-Sarcelle d'hiver parades et fuite face à un épervier ++.mp3
Eurasian_Teal,XC695865-Sarcelle,9,data/processed/Eurasian_Teal/XC695865-Sarcelle_chunk009.wav,3.0,XC695865-Sarcelle d'hiver parades et fuite face à un épervier ++.mp3
Eurasian_Teal,XC695865-Sarcelle,10,data/processed/Eurasian_Teal/XC695865-Sarcelle_chunk010.wav,3.0,XC695865-Sarcelle d'hiver parades et fuite face à un épervier ++.mp3
Eurasian_Teal,XC695865-Sarcelle,11,data/processed/Eurasian_Teal/XC695865-Sarcelle_chunk011.wav,3.0,XC695865-Sarcelle d'hiver parades et fuite face à un épervier ++.mp3
Eurasian_Teal,XC695865-Sarcelle,12,data/processed/Eurasian_Teal/XC695865-Sarcelle_chunk012.wav,3.0,XC695865-Sarcelle d'hiver parades et fuite face à un épervier ++.mp3
Eurasian_Teal,XC695865-Sarcelle,13,data/processed/Eurasian_Teal/XC695865-Sarcelle_chunk013.wav,3.0,XC695865-Sarcelle d'hiver parades et fuite face à un épervier ++.mp3
Eurasian_Teal,XC695865-Sarcelle,14,data/processed/Eurasian_Teal/XC695865-Sarcelle_chunk014.wav,3.0,XC695865-Sarcelle d'hiver parades et fuite face à un épervier ++.mp3
Eurasian_Teal,XC695865-Sarcelle,15,data/processed/Eurasian_Teal/XC695865-Sarcelle_chunk015.wav,3.0,XC695865-Sarcelle d'hiver parades et fuite face à un épervier ++.mp3
Eurasian_Teal,XC695865-Sarcelle,16,data/processed/Eurasian_Teal/XC695865-Sarcelle_chunk016.wav,3.0,XC695865-Sarcelle d'hiver parades et fuite face à un épervier ++.mp3
Eurasian_Teal,XC695865-Sarcelle,17,data/processed/Eurasian_Teal/XC695865-Sarcelle_chunk017.wav,3.0,XC695865-Sarcelle d'hiver parades et fuite face à un épervier ++.mp3
Eurasian_Teal,XC695865-Sarcelle,18,data/processed/Eurasian_Teal/XC695865-Sarcelle_chunk018.wav,3.0,XC695865-Sarcelle d'hiver parades et fuite face à un épervier ++.mp3
Eurasian_Teal,XC695865-Sarcelle,19,data/processed/Eurasian_Teal/XC695865-Sarcelle_chunk019.wav,3.0,XC695865-Sarcelle d'hiver parades et fuite face à un épervier ++.mp3
Eurasian_Teal,XC695865-Sarcelle,20,data/processed/Eurasian_Teal/XC695865-Sarcelle_chunk020.wav,3.0,XC695865-Sarcelle d'hiver parades et fuite face à un épervier ++.mp3
Eurasian_Teal,XC695865-Sarcelle,21,data/processed/Eurasian_Teal/XC695865-Sarcelle_chunk021.wav,3.0,XC695865-Sarcelle d'hiver parades et fuite face à un épervier ++.mp3
Eurasian_Teal,XC695865-Sarcelle,22,data/processed/Eurasian_Teal/XC695865-Sarcelle_chunk022.wav,3.0,XC695865-Sarcelle d'hiver parades et fuite face à un épervier ++.mp3
Eurasian_Teal,XC695865-Sarcelle,23,data/processed/Eurasian_Teal/XC695865-Sarcelle_chunk023.wav,3.0,XC695865-Sarcelle d'hiver parades et fuite face à un épervier ++.mp3
Eurasian_Teal,XC695865-Sarcelle,24,data/processed/Eurasian_Teal/XC695865-Sarcelle_chunk024.wav,3.0,XC695865-Sarcelle d'hiver parades et fuite face à un épervier ++.mp3
Eurasian_Teal,XC695865-Sarcelle,25,data/processed/Eurasian_Teal/XC695865-Sarcelle_chunk025.wav,3.0,XC695865-Sarcelle d'hiver parades et fuite face à un épervier ++.mp3
Eurasian_Teal,XC695865-Sarcelle,26,data/processed/Eurasian_Teal/XC695865-Sarcelle_chunk026.wav,3.0,XC695865-Sarcelle d'hiver parades et fuite face à un épervier ++.mp3
Eurasian_Teal,XC695865-Sarcelle,27,data/processed/Eurasian_Teal/XC695865-Sarcelle_chunk027.wav,3.0,XC695865-Sarcelle d'hiver parades et fuite face à un épervier ++.mp3
Eurasian_Teal,XC695865-Sarcelle,28,data/processed/Eurasian_Teal/XC695865-Sarcelle_chunk028.wav,3.0,XC695865-Sarcelle d'hiver parades et fuite face à un épervier ++.mp3
Eurasian_Teal,XC695865-Sarcelle,29,data/processed/Eurasian_Teal/XC695865-Sarcelle_chunk029.wav,3.0,XC695865-Sarcelle d'hiver parades et fuite face à un épervier ++.mp3
Eurasian_Teal,XC695865-Sarcelle,30,data/processed/Eurasian_Teal/XC695865-Sarcelle_chunk030.wav,3.0,XC695865-Sarcelle d'hiver parades et fuite face à un épervier ++.mp3
Eurasian_Teal,XC695865-Sarcelle,31,data/processed/Eurasian_Teal/XC695865-Sarcelle_chunk031.wav,3.0,XC695865-Sarcelle d'hiver parades et fuite face à un épervier ++.mp3
Eurasian_Teal,XC695865-Sarcelle,32,data/processed/Eurasian_Teal/XC695865-Sarcelle_chunk032.wav,3.0,XC695865-Sarcelle d'hiver parades et fuite face à un épervier ++.mp3
Eurasian_Teal,XC695865-Sarcelle,33,data/processed/Eurasian_Teal/XC695865-Sarcelle_chunk033.wav,3.0,XC695865-Sarcelle d'hiver parades et fuite face à un épervier ++.mp3
Eurasian_Teal,XC695865-Sarcelle,34,data/processed/Eurasian_Teal/XC695865-Sarcelle_chunk034.wav,3.0,XC695865-Sarcelle d'hiver parades et fuite face à un épervier ++.mp3
Eurasian_Teal,XC695865-Sarcelle,35,data/processed/Eurasian_Teal/XC695865-Sarcelle_chunk035.wav,3.0,XC695865-Sarcelle d'hiver parades et fuite face à un épervier ++.mp3
Eurasian_Teal,XC695865-Sarcelle,36,data/processed/Eurasian_Teal/XC695865-Sarcelle_chunk036.wav,3.0,XC695865-Sarcelle d'hiver parades et fuite face à un épervier ++.mp3
Eurasian_Teal,XC695865-Sarcelle,37,data/processed/Eurasian_Teal/XC695865-Sarcelle_chunk037.wav,3.0,XC695865-Sarcelle d'hiver parades et fuite face à un épervier ++.mp3
Eurasian_Teal,XC695865-Sarcelle,38,data/processed/Eurasian_Teal/XC695865-Sarcelle_chunk038.wav,3.0,XC695865-Sarcelle d'hiver parades et fuite face à un épervier ++.mp3
Eurasian_Teal,XC695865-Sarcelle,39,data/processed/Eurasian_Teal/XC695865-Sarcelle_chunk039.wav,3.0,XC695865-Sarcelle d'hiver parades et fuite face à un épervier ++.mp3
Eurasian_Teal,XC695865-Sarcelle,40,data/processed/Eurasian_Teal/XC695865-Sarcelle_chunk040.wav,3.0,XC695865-Sarcelle d'hiver parades et fuite face à un épervier ++.mp3
Eurasian_Teal,XC695865-Sarcelle,41,data/processed/Eurasian_Teal/XC695865-Sarcelle_chunk041.wav,3.0,XC695865-Sarcelle d'hiver parades et fuite face à un épervier ++.mp3
Eurasian_Teal,XC695865-Sarcelle,42,data/processed/Eurasian_Teal/XC695865-Sarcelle_chunk042.wav,3.0,XC695865-Sarcelle d'hiver parades et fuite face à un épervier ++.mp3
Eurasian_Teal,XC695865-Sarcelle,43,data/processed/Eurasian_Teal/XC695865-Sarcelle_chunk043.wav,3.0,XC695865-Sarcelle d'hiver parades et fuite face à un épervier ++.mp3
Eurasian_Teal,XC695865-Sarcelle,44,data/processed/Eurasian_Teal/XC695865-Sarcelle_chunk044.wav,3.0,XC695865-Sarcelle d'hiver parades et fuite face à un épervier ++.mp3
Eurasian_Teal,XC695865-Sarcelle,45,data/processed/Eurasian_Teal/XC695865-Sarcelle_chunk045.wav,3.0,XC695865-Sarcelle d'hiver parades et fuite face à un épervier ++.mp3
Eurasian_Teal,XC695865-Sarcelle,46,data/processed/Eurasian_Teal/XC695865-Sarcelle_chunk046.wav,3.0,XC695865-Sarcelle d'hiver parades et fuite face à un épervier ++.mp3
Eurasian_Teal,XC695865-Sarcelle,47,data/processed/Eurasian_Teal/XC695865-Sarcelle_chunk047.wav,3.0,XC695865-Sarcelle d'hiver parades et fuite face à un épervier ++.mp3
Eurasian_Teal,XC695865-Sarcelle,48,data/processed/Eurasian_Teal/XC695865-Sarcelle_chunk048.wav,3.0,XC695865-Sarcelle d'hiver parades et fuite face à un épervier ++.mp3
Eurasian_Teal,XC695865-Sarcelle,49,data/processed/Eurasian_Teal/XC695865-Sarcelle_chunk049.wav,3.0,XC695865-Sarcelle d'hiver parades et fuite face à un épervier ++.mp3
Eurasian_Teal,XC695865-Sarcelle,50,data/processed/Eurasian_Teal/XC695865-Sarcelle_chunk050.wav,3.0,XC695865-Sarcelle d'hiver parades et fuite face à un épervier ++.mp3
Eurasian_Teal,XC695865-Sarcelle,51,data/processed/Eurasian_Teal/XC695865-Sarcelle_chunk051.wav,3.0,XC695865-Sarcelle d'hiver parades et fuite face à un épervier ++.mp3
Eurasian_Teal,XC695865-Sarcelle,52,data/processed/Eurasian_Teal/XC695865-Sarcelle_chunk052.wav,3.0,XC695865-Sarcelle d'hiver parades et fuite face à un épervier ++.mp3
Eurasian_Teal,XC695865-Sarcelle,53,data/processed/Eurasian_Teal/XC695865-Sarcelle_chunk053.wav,3.0,XC695865-Sarcelle d'hiver parades et fuite face à un épervier ++.mp3
Eurasian_Teal,XC695865-Sarcelle,54,data/processed/Eurasian_Teal/XC695865-Sarcelle_chunk054.wav,3.0,XC695865-Sarcelle d'hiver parades et fuite face à un épervier ++.mp3
Eurasian_Teal,XC695865-Sarcelle,55,data/processed/Eurasian_Teal/XC695865-Sarcelle_chunk055.wav,3.0,XC695865-Sarcelle d'hiver parades et fuite face à un épervier ++.mp3
Eurasian_Teal,XC695865-Sarcelle,56,data/processed/Eurasian_Teal/XC695865-Sarcelle_chunk056.wav,3.0,XC695865-Sarcelle d'hiver parades et fuite face à un épervier ++.mp3
Eurasian_Teal,XC695865-Sarcelle,57,data/processed/Eurasian_Teal/XC695865-Sarcelle_chunk057.wav,3.0,XC695865-Sarcelle d'hiver parades et fuite face à un épervier ++.mp3
Eurasian_Teal,XC695865-Sarcelle,58,data/processed/Eurasian_Teal/XC695865-Sarcelle_chunk058.wav,3.0,XC695865-Sarcelle d'hiver parades et fuite face à un épervier ++.mp3
Eurasian_Teal,XC695865-Sarcelle,59,data/processed/Eurasian_Teal/XC695865-Sarcelle_chunk059.wav,3.0,XC695865-Sarcelle d'hiver parades et fuite face à un épervier ++.mp3
Eurasian_Teal,XC695865-Sarcelle,60,data/processed/Eurasian_Teal/XC695865-Sarcelle_chunk060.wav,3.0,XC695865-Sarcelle d'hiver parades et fuite face à un épervier ++.mp3
Eurasian_Teal,XC695865-Sarcelle,61,data/processed/Eurasian_Teal/XC695865-Sarcelle_chunk061.wav,3.0,XC695865-Sarcelle d'hiver parades et fuite face à un épervier ++.mp3
Eurasian_Teal,XC695865-Sarcelle,62,data/processed/Eurasian_Teal/XC695865-Sarcelle_chunk062.wav,3.0,XC695865-Sarcelle d'hiver parades et fuite face à un épervier ++.mp3
Eurasian_Teal,XC695865-Sarcelle,63,data/processed/Eurasian_Teal/XC695865-Sarcelle_chunk063.wav,3.0,XC695865-Sarcelle d'hiver parades et fuite face à un épervier ++.mp3
Eurasian_Teal,XC695865-Sarcelle,64,data/processed/Eurasian_Teal/XC695865-Sarcelle_chunk064.wav,3.0,XC695865-Sarcelle d'hiver parades et fuite face à un épervier ++.mp3
Eurasian_Teal,XC695865-Sarcelle,65,data/processed/Eurasian_Teal/XC695865-Sarcelle_chunk065.wav,3.0,XC695865-Sarcelle d'hiver parades et fuite face à un épervier ++.mp3
Eurasian_Teal,XC695865-Sarcelle,66,data/processed/Eurasian_Teal/XC695865-Sarcelle_chunk066.wav,3.0,XC695865-Sarcelle d'hiver parades et fuite face à un épervier ++.mp3
Eurasian_Teal,XC695865-Sarcelle,67,data/processed/Eurasian_Teal/XC695865-Sarcelle_chunk067.wav,3.0,XC695865-Sarcelle d'hiver parades et fuite face à un épervier ++.mp3
Eurasian_Teal,XC695865-Sarcelle,68,data/processed/Eurasian_Teal/XC695865-Sarcelle_chunk068.wav,3.0,XC695865-Sarcelle d'hiver parades et fuite face à un épervier ++.mp3
Eurasian_Teal,XC695865-Sarcelle,69,data/processed/Eurasian_Teal/XC695865-Sarcelle_chunk069.wav,3.0,XC695865-Sarcelle d'hiver parades et fuite face à un épervier ++.mp3
Eurasian_Teal,XC695865-Sarcelle,70,data/processed/Eurasian_Teal/XC695865-Sarcelle_chunk070.wav,3.0,XC695865-Sarcelle d'hiver parades et fuite face à un épervier ++.mp3
Eurasian_Teal,XC695865-Sarcelle,71,data/processed/Eurasian_Teal/XC695865-Sarcelle_chunk071.wav,3.0,XC695865-Sarcelle d'hiver parades et fuite face à un épervier ++.mp3
Eurasian_Teal,XC695865-Sarcelle,72,data/processed/Eurasian_Teal/XC695865-Sarcelle_chunk072.wav,3.0,XC695865-Sarcelle d'hiver parades et fuite face à un épervier ++.mp3
Eurasian_Teal,XC695865-Sarcelle,73,data/processed/Eurasian_Teal/XC695865-Sarcelle_chunk073.wav,3.0,XC695865-Sarcelle d'hiver parades et fuite face à un épervier ++.mp3
Eurasian_Teal,XC698774-220101,0,data/processed/Eurasian_Teal/XC698774-220101_chunk000.wav,3.0,XC698774-220101 MP-984 Port la Faute 10h36 sarcelle hiver.mp3
Eurasian_Teal,XC698774-220101,1,data/processed/Eurasian_Teal/XC698774-220101_chunk001.wav,3.0,XC698774-220101 MP-984 Port la Faute 10h36 sarcelle hiver.mp3
Eurasian_Teal,XC698774-220101,2,data/processed/Eurasian_Teal/XC698774-220101_chunk002.wav,3.0,XC698774-220101 MP-984 Port la Faute 10h36 sarcelle hiver.mp3
Eurasian_Teal,XC698774-220101,3,data/processed/Eurasian_Teal/XC698774-220101_chunk003.wav,3.0,XC698774-220101 MP-984 Port la Faute 10h36 sarcelle hiver.mp3
Eurasian_Teal,XC698774-220101,4,data/processed/Eurasian_Teal/XC698774-220101_chunk004.wav,3.0,XC698774-220101 MP-984 Port la Faute 10h36 sarcelle hiver.mp3
Eurasian_Teal,XC698774-220101,5,data/processed/Eurasian_Teal/XC698774-220101_chunk005.wav,3.0,XC698774-220101 MP-984 Port la Faute 10h36 sarcelle hiver.mp3
Eurasian_Teal,XC698774-220101,6,data/processed/Eurasian_Teal/XC698774-220101_chunk006.wav,3.0,XC698774-220101 MP-984 Port la Faute 10h36 sarcelle hiver.mp3
Eurasian_Teal,XC698774-220101,7,data/processed/Eurasian_Teal/XC698774-220101_chunk007.wav,3.0,XC698774-220101 MP-984 Port la Faute 10h36 sarcelle hiver.mp3
Eurasian_Teal,XC698774-220101,8,data/processed/Eurasian_Teal/XC698774-220101_chunk008.wav,3.0,XC698774-220101 MP-984 Port la Faute 10h36 sarcelle hiver.mp3
Eurasian_Teal,XC698774-220101,9,data/processed/Eurasian_Teal/XC698774-220101_chunk009.wav,3.0,XC698774-220101 MP-984 Port la Faute 10h36 sarcelle hiver.mp3
Eurasian_Teal,XC698774-220101,10,data/processed/Eurasian_Teal/XC698774-220101_chunk010.wav,3.0,XC698774-220101 MP-984 Port la Faute 10h36 sarcelle hiver.mp3
Eurasian_Teal,XC698774-220101,11,data/processed/Eurasian_Teal/XC698774-220101_chunk011.wav,3.0,XC698774-220101 MP-984 Port la Faute 10h36 sarcelle hiver.mp3
Eurasian_Teal,XC698774-220101,12,data/processed/Eurasian_Teal/XC698774-220101_chunk012.wav,3.0,XC698774-220101 MP-984 Port la Faute 10h36 sarcelle hiver.mp3
Eurasian_Teal,XC698774-220101,13,data/processed/Eurasian_Teal/XC698774-220101_chunk013.wav,3.0,XC698774-220101 MP-984 Port la Faute 10h36 sarcelle hiver.mp3
Eurasian_Teal,XC698774-220101,14,data/processed/Eurasian_Teal/XC698774-220101_chunk014.wav,3.0,XC698774-220101 MP-984 Port la Faute 10h36 sarcelle hiver.mp3
Eurasian_Teal,XC698774-220101,15,data/processed/Eurasian_Teal/XC698774-220101_chunk015.wav,3.0,XC698774-220101 MP-984 Port la Faute 10h36 sarcelle hiver.mp3
Eurasian_Teal,XC698774-220101,16,data/processed/Eurasian_Teal/XC698774-220101_chunk016.wav,3.0,XC698774-220101 MP-984 Port la Faute 10h36 sarcelle hiver.mp3
Eurasian_Teal,XC698774-220101,17,data/processed/Eurasian_Teal/XC698774-220101_chunk017.wav,3.0,XC698774-220101 MP-984 Port la Faute 10h36 sarcelle hiver.mp3
Eurasian_Teal,XC698774-220101,18,data/processed/Eurasian_Teal/XC698774-220101_chunk018.wav,3.0,XC698774-220101 MP-984 Port la Faute 10h36 sarcelle hiver.mp3
Eurasian_Teal,XC698774-220101,19,data/processed/Eurasian_Teal/XC698774-220101_chunk019.wav,3.0,XC698774-220101 MP-984 Port la Faute 10h36 sarcelle hiver.mp3
Eurasian_Teal,XC698774-220101,20,data/processed/Eurasian_Teal/XC698774-220101_chunk020.wav,3.0,XC698774-220101 MP-984 Port la Faute 10h36 sarcelle hiver.mp3
Eurasian_Teal,XC698774-220101,21,data/processed/Eurasian_Teal/XC698774-220101_chunk021.wav,3.0,XC698774-220101 MP-984 Port la Faute 10h36 sarcelle hiver.mp3
Eurasian_Teal,"XC712070-Wintertaling,",0,"data/processed/Eurasian_Teal/XC712070-Wintertaling,_chunk000.wav",3.0,"XC712070-Wintertaling, flight call, small flock, IGS, 250222, 2217 uur.mp3"
Eurasian_Teal,"XC712070-Wintertaling,",1,"data/processed/Eurasian_Teal/XC712070-Wintertaling,_chunk001.wav",3.0,"XC712070-Wintertaling, flight call, small flock, IGS, 250222, 2217 uur.mp3"
Eurasian_Teal,"XC712070-Wintertaling,",2,"data/processed/Eurasian_Teal/XC712070-Wintertaling,_chunk002.wav",3.0,"XC712070-Wintertaling, flight call, small flock, IGS, 250222, 2217 uur.mp3"
Eurasian_Teal,"XC712070-Wintertaling,",3,"data/processed/Eurasian_Teal/XC712070-Wintertaling,_chunk003.wav",3.0,"XC712070-Wintertaling, flight call, small flock, IGS, 250222, 2217 uur.mp3"
Eurasian_Teal,"XC712070-Wintertaling,",4,"data/processed/Eurasian_Teal/XC712070-Wintertaling,_chunk004.wav",3.0,"XC712070-Wintertaling, flight call, small flock, IGS, 250222, 2217 uur.mp3"
Eurasian_Teal,"XC712070-Wintertaling,",5,"data/processed/Eurasian_Teal/XC712070-Wintertaling,_chunk005.wav",3.0,"XC712070-Wintertaling, flight call, small flock, IGS, 250222, 2217 uur.mp3"
Eurasian_Teal,XC718663-Kricka_20,0,data/processed/Eurasian_Teal/XC718663-Kricka_20_chunk000.wav,3.0,XC718663-Kricka_20.mp3
Eurasian_Teal,XC718663-Kricka_20,1,data/processed/Eurasian_Teal/XC718663-Kricka_20_chunk001.wav,3.0,XC718663-Kricka_20.mp3
Eurasian_Teal,XC718663-Kricka_20,2,data/processed/Eurasian_Teal/XC718663-Kricka_20_chunk002.wav,3.0,XC718663-Kricka_20.mp3
Eurasian_Teal,XC718663-Kricka_20,3,data/processed/Eurasian_Teal/XC718663-Kricka_20_chunk003.wav,3.0,XC718663-Kricka_20.mp3
Eurasian_Teal,XC718663-Kricka_20,4,data/processed/Eurasian_Teal/XC718663-Kricka_20_chunk004.wav,3.0,XC718663-Kricka_20.mp3
Eurasian_Teal,XC718663-Kricka_20,5,data/processed/Eurasian_Teal/XC718663-Kricka_20_chunk005.wav,3.0,XC718663-Kricka_20.mp3
Eurasian_Teal,XC718663-Kricka_20,6,data/processed/Eurasian_Teal/XC718663-Kricka_20_chunk006.wav,3.0,XC718663-Kricka_20.mp3
Eurasian_Teal,XC718663-Kricka_20,7,data/processed/Eurasian_Teal/XC718663-Kricka_20_chunk007.wav,3.0,XC718663-Kricka_20.mp3
Eurasian_Teal,XC718663-Kricka_20,8,data/processed/Eurasian_Teal/XC718663-Kricka_20_chunk008.wav,3.0,XC718663-Kricka_20.mp3
Eurasian_Teal,XC718663-Kricka_20,9,data/processed/Eurasian_Teal/XC718663-Kricka_20_chunk009.wav,3.0,XC718663-Kricka_20.mp3
Eurasian_Teal,XC718663-Kricka_20,10,data/processed/Eurasian_Teal/XC718663-Kricka_20_chunk010.wav,3.0,XC718663-Kricka_20.mp3
Eurasian_Teal,XC718663-Kricka_20,11,data/processed/Eurasian_Teal/XC718663-Kricka_20_chunk011.wav,3.0,XC718663-Kricka_20.mp3
Eurasian_Teal,XC718663-Kricka_20,12,data/processed/Eurasian_Teal/XC718663-Kricka_20_chunk012.wav,3.0,XC718663-Kricka_20.mp3
Eurasian_Teal,XC718663-Kricka_20,13,data/processed/Eurasian_Teal/XC718663-Kricka_20_chunk013.wav,3.0,XC718663-Kricka_20.mp3
Eurasian_Teal,XC718663-Kricka_20,14,data/processed/Eurasian_Teal/XC718663-Kricka_20_chunk014.wav,3.0,XC718663-Kricka_20.mp3
Eurasian_Teal,XC718663-Kricka_20,15,data/processed/Eurasian_Teal/XC718663-Kricka_20_chunk015.wav,3.0,XC718663-Kricka_20.mp3
Eurasian_Teal,XC718663-Kricka_20,16,data/processed/Eurasian_Teal/XC718663-Kricka_20_chunk016.wav,3.0,XC718663-Kricka_20.mp3
Eurasian_Teal,XC718663-Kricka_20,17,data/processed/Eurasian_Teal/XC718663-Kricka_20_chunk017.wav,3.0,XC718663-Kricka_20.mp3
Eurasian_Teal,XC718663-Kricka_20,18,data/processed/Eurasian_Teal/XC718663-Kricka_20_chunk018.wav,3.0,XC718663-Kricka_20.mp3
Eurasian_Teal,XC718663-Kricka_20,19,data/processed/Eurasian_Teal/XC718663-Kricka_20_chunk019.wav,3.0,XC718663-Kricka_20.mp3
Eurasian_Teal,XC723639-Kricka_28,0,data/processed/Eurasian_Teal/XC723639-Kricka_28_chunk000.wav,3.0,XC723639-Kricka_28.mp3
Eurasian_Teal,XC723639-Kricka_28,1,data/processed/Eurasian_Teal/XC723639-Kricka_28_chunk001.wav,3.0,XC723639-Kricka_28.mp3
Eurasian_Teal,XC723639-Kricka_28,2,data/processed/Eurasian_Teal/XC723639-Kricka_28_chunk002.wav,3.0,XC723639-Kricka_28.mp3
Eurasian_Teal,XC723639-Kricka_28,3,data/processed/Eurasian_Teal/XC723639-Kricka_28_chunk003.wav,3.0,XC723639-Kricka_28.mp3
Eurasian_Teal,XC723639-Kricka_28,4,data/processed/Eurasian_Teal/XC723639-Kricka_28_chunk004.wav,3.0,XC723639-Kricka_28.mp3
Eurasian_Teal,XC723639-Kricka_28,5,data/processed/Eurasian_Teal/XC723639-Kricka_28_chunk005.wav,3.0,XC723639-Kricka_28.mp3
Eurasian_Teal,XC723639-Kricka_28,6,data/processed/Eurasian_Teal/XC723639-Kricka_28_chunk006.wav,3.0,XC723639-Kricka_28.mp3
Eurasian_Teal,XC723639-Kricka_28,7,data/processed/Eurasian_Teal/XC723639-Kricka_28_chunk007.wav,3.0,XC723639-Kricka_28.mp3
Eurasian_Teal,XC723639-Kricka_28,8,data/processed/Eurasian_Teal/XC723639-Kricka_28_chunk008.wav,3.0,XC723639-Kricka_28.mp3
Eurasian_Teal,XC723639-Kricka_28,9,data/processed/Eurasian_Teal/XC723639-Kricka_28_chunk009.wav,3.0,XC723639-Kricka_28.mp3
Eurasian_Teal,XC723639-Kricka_28,10,data/processed/Eurasian_Teal/XC723639-Kricka_28_chunk010.wav,3.0,XC723639-Kricka_28.mp3
Eurasian_Teal,XC723639-Kricka_28,11,data/processed/Eurasian_Teal/XC723639-Kricka_28_chunk011.wav,3.0,XC723639-Kricka_28.mp3
Eurasian_Teal,XC723639-Kricka_28,12,data/processed/Eurasian_Teal/XC723639-Kricka_28_chunk012.wav,3.0,XC723639-Kricka_28.mp3
Eurasian_Teal,XC723639-Kricka_28,13,data/processed/Eurasian_Teal/XC723639-Kricka_28_chunk013.wav,3.0,XC723639-Kricka_28.mp3
Eurasian_Teal,XC723639-Kricka_28,14,data/processed/Eurasian_Teal/XC723639-Kricka_28_chunk014.wav,3.0,XC723639-Kricka_28.mp3
Eurasian_Teal,XC723639-Kricka_28,15,data/processed/Eurasian_Teal/XC723639-Kricka_28_chunk015.wav,3.0,XC723639-Kricka_28.mp3
Eurasian_Teal,XC799605-Kricka_31,0,data/processed/Eurasian_Teal/XC799605-Kricka_31_chunk000.wav,3.0,XC799605-Kricka_31.mp3
Eurasian_Teal,XC799605-Kricka_31,1,data/processed/Eurasian_Teal/XC799605-Kricka_31_chunk001.wav,3.0,XC799605-Kricka_31.mp3
Eurasian_Teal,XC799605-Kricka_31,2,data/processed/Eurasian_Teal/XC799605-Kricka_31_chunk002.wav,3.0,XC799605-Kricka_31.mp3
Eurasian_Teal,XC799605-Kricka_31,3,data/processed/Eurasian_Teal/XC799605-Kricka_31_chunk003.wav,3.0,XC799605-Kricka_31.mp3
Eurasian_Teal,XC799605-Kricka_31,4,data/processed/Eurasian_Teal/XC799605-Kricka_31_chunk004.wav,3.0,XC799605-Kricka_31.mp3
Eurasian_Teal,XC799605-Kricka_31,5,data/processed/Eurasian_Teal/XC799605-Kricka_31_chunk005.wav,3.0,XC799605-Kricka_31.mp3
Eurasian_Teal,XC799605-Kricka_31,6,data/processed/Eurasian_Teal/XC799605-Kricka_31_chunk006.wav,3.0,XC799605-Kricka_31.mp3
Eurasian_Teal,XC799605-Kricka_31,7,data/processed/Eurasian_Teal/XC799605-Kricka_31_chunk007.wav,3.0,XC799605-Kricka_31.mp3
Eurasian_Teal,XC799605-Kricka_31,8,data/processed/Eurasian_Teal/XC799605-Kricka_31_chunk008.wav,3.0,XC799605-Kricka_31.mp3
Eurasian_Teal,XC799605-Kricka_31,9,data/processed/Eurasian_Teal/XC799605-Kricka_31_chunk009.wav,3.0,XC799605-Kricka_31.mp3
Eurasian_Teal,XC799605-Kricka_31,10,data/processed/Eurasian_Teal/XC799605-Kricka_31_chunk010.wav,3.0,XC799605-Kricka_31.mp3
Eurasian_Teal,XC799605-Kricka_31,11,data/processed/Eurasian_Teal/XC799605-Kricka_31_chunk011.wav,3.0,XC799605-Kricka_31.mp3
Eurasian_Teal,XC799605-Kricka_31,12,data/processed/Eurasian_Teal/XC799605-Kricka_31_chunk012.wav,3.0,XC799605-Kricka_31.mp3
Eurasian_Teal,XC799605-Kricka_31,13,data/processed/Eurasian_Teal/XC799605-Kricka_31_chunk013.wav,3.0,XC799605-Kricka_31.mp3
Eurasian_Teal,XC799605-Kricka_31,14,data/processed/Eurasian_Teal/XC799605-Kricka_31_chunk014.wav,3.0,XC799605-Kricka_31.mp3
Eurasian_Teal,XC799605-Kricka_31,15,data/processed/Eurasian_Teal/XC799605-Kricka_31_chunk015.wav,3.0,XC799605-Kricka_31.mp3
Eurasian_Teal,XC799605-Kricka_31,16,data/processed/Eurasian_Teal/XC799605-Kricka_31_chunk016.wav,3.0,XC799605-Kricka_31.mp3
Eurasian_Teal,XC799605-Kricka_31,17,data/processed/Eurasian_Teal/XC799605-Kricka_31_chunk017.wav,3.0,XC799605-Kricka_31.mp3
Eurasian_Teal,XC801736-Kricka_32,0,data/processed/Eurasian_Teal/XC801736-Kricka_32_chunk000.wav,3.0,XC801736-Kricka_32.mp3
Eurasian_Teal,XC801736-Kricka_32,1,data/processed/Eurasian_Teal/XC801736-Kricka_32_chunk001.wav,3.0,XC801736-Kricka_32.mp3
Eurasian_Teal,XC801736-Kricka_32,2,data/processed/Eurasian_Teal/XC801736-Kricka_32_chunk002.wav,3.0,XC801736-Kricka_32.mp3
Eurasian_Teal,XC801736-Kricka_32,3,data/processed/Eurasian_Teal/XC801736-Kricka_32_chunk003.wav,3.0,XC801736-Kricka_32.mp3
Eurasian_Teal,XC801736-Kricka_32,4,data/processed/Eurasian_Teal/XC801736-Kricka_32_chunk004.wav,3.0,XC801736-Kricka_32.mp3
Eurasian_Teal,XC801736-Kricka_32,5,data/processed/Eurasian_Teal/XC801736-Kricka_32_chunk005.wav,3.0,XC801736-Kricka_32.mp3
Eurasian_Teal,XC801736-Kricka_32,6,data/processed/Eurasian_Teal/XC801736-Kricka_32_chunk006.wav,3.0,XC801736-Kricka_32.mp3
Eurasian_Teal,XC801739-Kricka_34,0,data/processed/Eurasian_Teal/XC801739-Kricka_34_chunk000.wav,3.0,XC801739-Kricka_34.mp3
Eurasian_Teal,XC801739-Kricka_34,1,data/processed/Eurasian_Teal/XC801739-Kricka_34_chunk001.wav,3.0,XC801739-Kricka_34.mp3
Eurasian_Teal,XC801739-Kricka_34,2,data/processed/Eurasian_Teal/XC801739-Kricka_34_chunk002.wav,3.0,XC801739-Kricka_34.mp3
Eurasian_Teal,XC801739-Kricka_34,3,data/processed/Eurasian_Teal/XC801739-Kricka_34_chunk003.wav,3.0,XC801739-Kricka_34.mp3
Eurasian_Teal,XC801739-Kricka_34,4,data/processed/Eurasian_Teal/XC801739-Kricka_34_chunk004.wav,3.0,XC801739-Kricka_34.mp3
Eurasian_Teal,XC801739-Kricka_34,5,data/processed/Eurasian_Teal/XC801739-Kricka_34_chunk005.wav,3.0,XC801739-Kricka_34.mp3
Eurasian_Teal,XC801739-Kricka_34,6,data/processed/Eurasian_Teal/XC801739-Kricka_34_chunk006.wav,3.0,XC801739-Kricka_34.mp3
Eurasian_Teal,XC801739-Kricka_34,7,data/processed/Eurasian_Teal/XC801739-Kricka_34_chunk007.wav,3.0,XC801739-Kricka_34.mp3
Eurasian_Teal,XC801739-Kricka_34,8,data/processed/Eurasian_Teal/XC801739-Kricka_34_chunk008.wav,3.0,XC801739-Kricka_34.mp3
Eurasian_Teal,XC801739-Kricka_34,9,data/processed/Eurasian_Teal/XC801739-Kricka_34_chunk009.wav,3.0,XC801739-Kricka_34.mp3
Eurasian_Teal,XC801739-Kricka_34,10,data/processed/Eurasian_Teal/XC801739-Kricka_34_chunk010.wav,3.0,XC801739-Kricka_34.mp3
Eurasian_Teal,XC801739-Kricka_34,11,data/processed/Eurasian_Teal/XC801739-Kricka_34_chunk011.wav,3.0,XC801739-Kricka_34.mp3
Eurasian_Teal,XC801739-Kricka_34,12,data/processed/Eurasian_Teal/XC801739-Kricka_34_chunk012.wav,3.0,XC801739-Kricka_34.mp3
Eurasian_Teal,XC801739-Kricka_34,13,data/processed/Eurasian_Teal/XC801739-Kricka_34_chunk013.wav,3.0,XC801739-Kricka_34.mp3
Eurasian_Teal,XC801739-Kricka_34,14,data/processed/Eurasian_Teal/XC801739-Kricka_34_chunk014.wav,3.0,XC801739-Kricka_34.mp3
Eurasian_Teal,XC801739-Kricka_34,15,data/processed/Eurasian_Teal/XC801739-Kricka_34_chunk015.wav,3.0,XC801739-Kricka_34.mp3
Eurasian_Teal,XC801739-Kricka_34,16,data/processed/Eurasian_Teal/XC801739-Kricka_34_chunk016.wav,3.0,XC801739-Kricka_34.mp3
Eurasian_Teal,XC801739-Kricka_34,17,data/processed/Eurasian_Teal/XC801739-Kricka_34_chunk017.wav,3.0,XC801739-Kricka_34.mp3
Eurasian_Teal,XC801739-Kricka_34,18,data/processed/Eurasian_Teal/XC801739-Kricka_34_chunk018.wav,3.0,XC801739-Kricka_34.mp3
Eurasian_Teal,XC801739-Kricka_34,19,data/processed/Eurasian_Teal/XC801739-Kricka_34_chunk019.wav,3.0,XC801739-Kricka_34.mp3
Eurasian_Teal,XC801739-Kricka_34,20,data/processed/Eurasian_Teal/XC801739-Kricka_34_chunk020.wav,3.0,XC801739-Kricka_34.mp3
Eurasian_Teal,XC801739-Kricka_34,21,data/processed/Eurasian_Teal/XC801739-Kricka_34_chunk021.wav,3.0,XC801739-Kricka_34.mp3
Eurasian_Teal,XC801739-Kricka_34,22,data/processed/Eurasian_Teal/XC801739-Kricka_34_chunk022.wav,3.0,XC801739-Kricka_34.mp3
Eurasian_Teal,XC801739-Kricka_34,23,data/processed/Eurasian_Teal/XC801739-Kricka_34_chunk023.wav,3.0,XC801739-Kricka_34.mp3
Eurasian_Teal,XC801740-Kricka_35,0,data/processed/Eurasian_Teal/XC801740-Kricka_35_chunk000.wav,3.0,XC801740-Kricka_35.mp3
Eurasian_Teal,XC801740-Kricka_35,1,data/processed/Eurasian_Teal/XC801740-Kricka_35_chunk001.wav,3.0,XC801740-Kricka_35.mp3
Eurasian_Teal,XC801740-Kricka_35,2,data/processed/Eurasian_Teal/XC801740-Kricka_35_chunk002.wav,3.0,XC801740-Kricka_35.mp3
Eurasian_Teal,XC801740-Kricka_35,3,data/processed/Eurasian_Teal/XC801740-Kricka_35_chunk003.wav,3.0,XC801740-Kricka_35.mp3
Eurasian_Teal,XC801740-Kricka_35,4,data/processed/Eurasian_Teal/XC801740-Kricka_35_chunk004.wav,3.0,XC801740-Kricka_35.mp3
Eurasian_Teal,XC801740-Kricka_35,5,data/processed/Eurasian_Teal/XC801740-Kricka_35_chunk005.wav,3.0,XC801740-Kricka_35.mp3
Eurasian_Teal,XC801740-Kricka_35,6,data/processed/Eurasian_Teal/XC801740-Kricka_35_chunk006.wav,3.0,XC801740-Kricka_35.mp3
Eurasian_Teal,XC801740-Kricka_35,7,data/processed/Eurasian_Teal/XC801740-Kricka_35_chunk007.wav,3.0,XC801740-Kricka_35.mp3
Eurasian_Teal,XC801740-Kricka_35,8,data/processed/Eurasian_Teal/XC801740-Kricka_35_chunk008.wav,3.0,XC801740-Kricka_35.mp3
Eurasian_Teal,XC801740-Kricka_35,9,data/processed/Eurasian_Teal/XC801740-Kricka_35_chunk009.wav,3.0,XC801740-Kricka_35.mp3
Eurasian_Teal,XC801740-Kricka_35,10,data/processed/Eurasian_Teal/XC801740-Kricka_35_chunk010.wav,3.0,XC801740-Kricka_35.mp3
Eurasian_Teal,XC801740-Kricka_35,11,data/processed/Eurasian_Teal/XC801740-Kricka_35_chunk011.wav,3.0,XC801740-Kricka_35.mp3
Eurasian_Teal,XC801740-Kricka_35,12,data/processed/Eurasian_Teal/XC801740-Kricka_35_chunk012.wav,3.0,XC801740-Kricka_35.mp3
Eurasian_Teal,XC801740-Kricka_35,13,data/processed/Eurasian_Teal/XC801740-Kricka_35_chunk013.wav,3.0,XC801740-Kricka_35.mp3
Eurasian_Teal,XC801740-Kricka_35,14,data/processed/Eurasian_Teal/XC801740-Kricka_35_chunk014.wav,3.0,XC801740-Kricka_35.mp3
Eurasian_Teal,XC801740-Kricka_35,15,data/processed/Eurasian_Teal/XC801740-Kricka_35_chunk015.wav,3.0,XC801740-Kricka_35.mp3
Eurasian_Teal,XC801740-Kricka_35,16,data/processed/Eurasian_Teal/XC801740-Kricka_35_chunk016.wav,3.0,XC801740-Kricka_35.mp3
Eurasian_Teal,XC801740-Kricka_35,17,data/processed/Eurasian_Teal/XC801740-Kricka_35_chunk017.wav,3.0,XC801740-Kricka_35.mp3
Eurasian_Teal,XC801740-Kricka_35,18,data/processed/Eurasian_Teal/XC801740-Kricka_35_chunk018.wav,3.0,XC801740-Kricka_35.mp3
Eurasian_Teal,XC801740-Kricka_35,19,data/processed/Eurasian_Teal/XC801740-Kricka_35_chunk019.wav,3.0,XC801740-Kricka_35.mp3
Eurasian_Teal,XC801740-Kricka_35,20,data/processed/Eurasian_Teal/XC801740-Kricka_35_chunk020.wav,3.0,XC801740-Kricka_35.mp3
Eurasian_Teal,XC801740-Kricka_35,21,data/processed/Eurasian_Teal/XC801740-Kricka_35_chunk021.wav,3.0,XC801740-Kricka_35.mp3
Eurasian_Teal,XC801740-Kricka_35,22,data/processed/Eurasian_Teal/XC801740-Kricka_35_chunk022.wav,3.0,XC801740-Kricka_35.mp3
Eurasian_Teal,XC801740-Kricka_35,23,data/processed/Eurasian_Teal/XC801740-Kricka_35_chunk023.wav,3.0,XC801740-Kricka_35.mp3
Eurasian_Teal,XC801740-Kricka_35,24,data/processed/Eurasian_Teal/XC801740-Kricka_35_chunk024.wav,3.0,XC801740-Kricka_35.mp3
Eurasian_Teal,XC801740-Kricka_35,25,data/processed/Eurasian_Teal/XC801740-Kricka_35_chunk025.wav,3.0,XC801740-Kricka_35.mp3
Eurasian_Teal,XC801740-Kricka_35,26,data/processed/Eurasian_Teal/XC801740-Kricka_35_chunk026.wav,3.0,XC801740-Kricka_35.mp3
Eurasian_Teal,XC801740-Kricka_35,27,data/processed/Eurasian_Teal/XC801740-Kricka_35_chunk027.wav,3.0,XC801740-Kricka_35.mp3
Eurasian_Teal,XC801740-Kricka_35,28,data/processed/Eurasian_Teal/XC801740-Kricka_35_chunk028.wav,3.0,XC801740-Kricka_35.mp3
Eurasian_Teal,XC801740-Kricka_35,29,data/processed/Eurasian_Teal/XC801740-Kricka_35_chunk029.wav,3.0,XC801740-Kricka_35.mp3
Eurasian_Teal,XC801740-Kricka_35,30,data/processed/Eurasian_Teal/XC801740-Kricka_35_chunk030.wav,3.0,XC801740-Kricka_35.mp3
Eurasian_Teal,XC801740-Kricka_35,31,data/processed/Eurasian_Teal/XC801740-Kricka_35_chunk031.wav,3.0,XC801740-Kricka_35.mp3
Eurasian_Teal,XC801740-Kricka_35,32,data/processed/Eurasian_Teal/XC801740-Kricka_35_chunk032.wav,3.0,XC801740-Kricka_35.mp3
Eurasian_Teal,XC801740-Kricka_35,33,data/processed/Eurasian_Teal/XC801740-Kricka_35_chunk033.wav,3.0,XC801740-Kricka_35.mp3
Eurasian_Teal,XC801740-Kricka_35,34,data/processed/Eurasian_Teal/XC801740-Kricka_35_chunk034.wav,3.0,XC801740-Kricka_35.mp3
Eurasian_Teal,XC801740-Kricka_35,35,data/processed/Eurasian_Teal/XC801740-Kricka_35_chunk035.wav,3.0,XC801740-Kricka_35.mp3
Eurasian_Teal,XC801740-Kricka_35,36,data/processed/Eurasian_Teal/XC801740-Kricka_35_chunk036.wav,3.0,XC801740-Kricka_35.mp3
Eurasian_Teal,XC801740-Kricka_35,37,data/processed/Eurasian_Teal/XC801740-Kricka_35_chunk037.wav,3.0,XC801740-Kricka_35.mp3
Eurasian_Teal,XC801740-Kricka_35,38,data/processed/Eurasian_Teal/XC801740-Kricka_35_chunk038.wav,3.0,XC801740-Kricka_35.mp3
Eurasian_Teal,XC801740-Kricka_35,39,data/processed/Eurasian_Teal/XC801740-Kricka_35_chunk039.wav,3.0,XC801740-Kricka_35.mp3
Eurasian_Teal,XC801740-Kricka_35,40,data/processed/Eurasian_Teal/XC801740-Kricka_35_chunk040.wav,3.0,XC801740-Kricka_35.mp3
Eurasian_Teal,XC801740-Kricka_35,41,data/processed/Eurasian_Teal/XC801740-Kricka_35_chunk041.wav,3.0,XC801740-Kricka_35.mp3
Eurasian_Teal,XC801740-Kricka_35,42,data/processed/Eurasian_Teal/XC801740-Kricka_35_chunk042.wav,3.0,XC801740-Kricka_35.mp3
Eurasian_Teal,XC801740-Kricka_35,43,data/processed/Eurasian_Teal/XC801740-Kricka_35_chunk043.wav,3.0,XC801740-Kricka_35.mp3
Eurasian_Teal,XC801740-Kricka_35,44,data/processed/Eurasian_Teal/XC801740-Kricka_35_chunk044.wav,3.0,XC801740-Kricka_35.mp3
Eurasian_Teal,XC801740-Kricka_35,45,data/processed/Eurasian_Teal/XC801740-Kricka_35_chunk045.wav,3.0,XC801740-Kricka_35.mp3
Eurasian_Teal,XC801740-Kricka_35,46,data/processed/Eurasian_Teal/XC801740-Kricka_35_chunk046.wav,3.0,XC801740-Kricka_35.mp3
Eurasian_Teal,XC801740-Kricka_35,47,data/processed/Eurasian_Teal/XC801740-Kricka_35_chunk047.wav,3.0,XC801740-Kricka_35.mp3
Eurasian_Teal,XC801740-Kricka_35,48,data/processed/Eurasian_Teal/XC801740-Kricka_35_chunk048.wav,3.0,XC801740-Kricka_35.mp3
Eurasian_Teal,XC801740-Kricka_35,49,data/processed/Eurasian_Teal/XC801740-Kricka_35_chunk049.wav,3.0,XC801740-Kricka_35.mp3
Eurasian_Teal,XC801740-Kricka_35,50,data/processed/Eurasian_Teal/XC801740-Kricka_35_chunk050.wav,3.0,XC801740-Kricka_35.mp3
Eurasian_Teal,XC801740-Kricka_35,51,data/processed/Eurasian_Teal/XC801740-Kricka_35_chunk051.wav,3.0,XC801740-Kricka_35.mp3
Eurasian_Teal,XC801740-Kricka_35,52,data/processed/Eurasian_Teal/XC801740-Kricka_35_chunk052.wav,3.0,XC801740-Kricka_35.mp3
Eurasian_Teal,XC801740-Kricka_35,53,data/processed/Eurasian_Teal/XC801740-Kricka_35_chunk053.wav,3.0,XC801740-Kricka_35.mp3
Eurasian_Teal,XC801740-Kricka_35,54,data/processed/Eurasian_Teal/XC801740-Kricka_35_chunk054.wav,3.0,XC801740-Kricka_35.mp3
Eurasian_Teal,XC801740-Kricka_35,55,data/processed/Eurasian_Teal/XC801740-Kricka_35_chunk055.wav,3.0,XC801740-Kricka_35.mp3
Eurasian_Teal,XC801740-Kricka_35,56,data/processed/Eurasian_Teal/XC801740-Kricka_35_chunk056.wav,3.0,XC801740-Kricka_35.mp3
Eurasian_Teal,XC801740-Kricka_35,57,data/processed/Eurasian_Teal/XC801740-Kricka_35_chunk057.wav,3.0,XC801740-Kricka_35.mp3
Eurasian_Teal,XC801740-Kricka_35,58,data/processed/Eurasian_Teal/XC801740-Kricka_35_chunk058.wav,3.0,XC801740-Kricka_35.mp3
Eurasian_Teal,XC801740-Kricka_35,59,data/processed/Eurasian_Teal/XC801740-Kricka_35_chunk059.wav,3.0,XC801740-Kricka_35.mp3
Eurasian_Teal,XC801740-Kricka_35,60,data/processed/Eurasian_Teal/XC801740-Kricka_35_chunk060.wav,3.0,XC801740-Kricka_35.mp3
Eurasian_Teal,XC801740-Kricka_35,61,data/processed/Eurasian_Teal/XC801740-Kricka_35_chunk061.wav,3.0,XC801740-Kricka_35.mp3
Eurasian_Teal,XC801740-Kricka_35,62,data/processed/Eurasian_Teal/XC801740-Kricka_35_chunk062.wav,3.0,XC801740-Kricka_35.mp3
Eurasian_Teal,XC801740-Kricka_35,63,data/processed/Eurasian_Teal/XC801740-Kricka_35_chunk063.wav,3.0,XC801740-Kricka_35.mp3
Eurasian_Teal,XC801740-Kricka_35,64,data/processed/Eurasian_Teal/XC801740-Kricka_35_chunk064.wav,3.0,XC801740-Kricka_35.mp3
Eurasian_Teal,XC991879-250425_2966-Kricka-taltrast-skogssnäppa-gäss,0,data/processed/Eurasian_Teal/XC991879-250425_2966-Kricka-taltrast-skogssnäppa-gäss_chunk000.wav,3.0,XC991879-250425_2966-Kricka-taltrast-skogssnäppa-gäss.mp3
Eurasian_Teal,XC991879-250425_2966-Kricka-taltrast-skogssnäppa-gäss,1,data/processed/Eurasian_Teal/XC991879-250425_2966-Kricka-taltrast-skogssnäppa-gäss_chunk001.wav,3.0,XC991879-250425_2966-Kricka-taltrast-skogssnäppa-gäss.mp3
Eurasian_Teal,XC991879-250425_2966-Kricka-taltrast-skogssnäppa-gäss,2,data/processed/Eurasian_Teal/XC991879-250425_2966-Kricka-taltrast-skogssnäppa-gäss_chunk002.wav,3.0,XC991879-250425_2966-Kricka-taltrast-skogssnäppa-gäss.mp3
Eurasian_Teal,XC991879-250425_2966-Kricka-taltrast-skogssnäppa-gäss,3,data/processed/Eurasian_Teal/XC991879-250425_2966-Kricka-taltrast-skogssnäppa-gäss_chunk003.wav,3.0,XC991879-250425_2966-Kricka-taltrast-skogssnäppa-gäss.mp3
Eurasian_Teal,XC991879-250425_2966-Kricka-taltrast-skogssnäppa-gäss,4,data/processed/Eurasian_Teal/XC991879-250425_2966-Kricka-taltrast-skogssnäppa-gäss_chunk004.wav,3.0,XC991879-250425_2966-Kricka-taltrast-skogssnäppa-gäss.mp3
Eurasian_Teal,XC991879-250425_2966-Kricka-taltrast-skogssnäppa-gäss,5,data/processed/Eurasian_Teal/XC991879-250425_2966-Kricka-taltrast-skogssnäppa-gäss_chunk005.wav,3.0,XC991879-250425_2966-Kricka-taltrast-skogssnäppa-gäss.mp3
Eurasian_Teal,XC991879-250425_2966-Kricka-taltrast-skogssnäppa-gäss,6,data/processed/Eurasian_Teal/XC991879-250425_2966-Kricka-taltrast-skogssnäppa-gäss_chunk006.wav,3.0,XC991879-250425_2966-Kricka-taltrast-skogssnäppa-gäss.mp3
Eurasian_Teal,XC991879-250425_2966-Kricka-taltrast-skogssnäppa-gäss,7,data/processed/Eurasian_Teal/XC991879-250425_2966-Kricka-taltrast-skogssnäppa-gäss_chunk007.wav,3.0,XC991879-250425_2966-Kricka-taltrast-skogssnäppa-gäss.mp3
Eurasian_Teal,XC991879-250425_2966-Kricka-taltrast-skogssnäppa-gäss,8,data/processed/Eurasian_Teal/XC991879-250425_2966-Kricka-taltrast-skogssnäppa-gäss_chunk008.wav,3.0,XC991879-250425_2966-Kricka-taltrast-skogssnäppa-gäss.mp3
Eurasian_Teal,XC991879-250425_2966-Kricka-taltrast-skogssnäppa-gäss,9,data/processed/Eurasian_Teal/XC991879-250425_2966-Kricka-taltrast-skogssnäppa-gäss_chunk009.wav,3.0,XC991879-250425_2966-Kricka-taltrast-skogssnäppa-gäss.mp3
Eurasian_Teal,XC991879-250425_2966-Kricka-taltrast-skogssnäppa-gäss,10,data/processed/Eurasian_Teal/XC991879-250425_2966-Kricka-taltrast-skogssnäppa-gäss_chunk010.wav,3.0,XC991879-250425_2966-Kricka-taltrast-skogssnäppa-gäss.mp3
Eurasian_Teal,XC991879-250425_2966-Kricka-taltrast-skogssnäppa-gäss,11,data/processed/Eurasian_Teal/XC991879-250425_2966-Kricka-taltrast-skogssnäppa-gäss_chunk011.wav,3.0,XC991879-250425_2966-Kricka-taltrast-skogssnäppa-gäss.mp3
Eurasian_Teal,XC991879-250425_2966-Kricka-taltrast-skogssnäppa-gäss,12,data/processed/Eurasian_Teal/XC991879-250425_2966-Kricka-taltrast-skogssnäppa-gäss_chunk012.wav,3.0,XC991879-250425_2966-Kricka-taltrast-skogssnäppa-gäss.mp3
Eurasian_Teal,XC991879-250425_2966-Kricka-taltrast-skogssnäppa-gäss,13,data/processed/Eurasian_Teal/XC991879-250425_2966-Kricka-taltrast-skogssnäppa-gäss_chunk013.wav,3.0,XC991879-250425_2966-Kricka-taltrast-skogssnäppa-gäss.mp3
Eurasian_Teal,XC991879-250425_2966-Kricka-taltrast-skogssnäppa-gäss,14,data/processed/Eurasian_Teal/XC991879-250425_2966-Kricka-taltrast-skogssnäppa-gäss_chunk014.wav,3.0,XC991879-250425_2966-Kricka-taltrast-skogssnäppa-gäss.mp3
Eurasian_Teal,XC991879-250425_2966-Kricka-taltrast-skogssnäppa-gäss,15,data/processed/Eurasian_Teal/XC991879-250425_2966-Kricka-taltrast-skogssnäppa-gäss_chunk015.wav,3.0,XC991879-250425_2966-Kricka-taltrast-skogssnäppa-gäss.mp3
Eurasian_Teal,XC991879-250425_2966-Kricka-taltrast-skogssnäppa-gäss,16,data/processed/Eurasian_Teal/XC991879-250425_2966-Kricka-taltrast-skogssnäppa-gäss_chunk016.wav,3.0,XC991879-250425_2966-Kricka-taltrast-skogssnäppa-gäss.mp3
Eurasian_Teal,XC991879-250425_2966-Kricka-taltrast-skogssnäppa-gäss,17,data/processed/Eurasian_Teal/XC991879-250425_2966-Kricka-taltrast-skogssnäppa-gäss_chunk017.wav,3.0,XC991879-250425_2966-Kricka-taltrast-skogssnäppa-gäss.mp3
Eurasian_Teal,XC991879-250425_2966-Kricka-taltrast-skogssnäppa-gäss,18,data/processed/Eurasian_Teal/XC991879-250425_2966-Kricka-taltrast-skogssnäppa-gäss_chunk018.wav,3.0,XC991879-250425_2966-Kricka-taltrast-skogssnäppa-gäss.mp3
Eurasian_Teal,XC991879-250425_2966-Kricka-taltrast-skogssnäppa-gäss,19,data/processed/Eurasian_Teal/XC991879-250425_2966-Kricka-taltrast-skogssnäppa-gäss_chunk019.wav,3.0,XC991879-250425_2966-Kricka-taltrast-skogssnäppa-gäss.mp3
Eurasian_Teal,XC991879-250425_2966-Kricka-taltrast-skogssnäppa-gäss,20,data/processed/Eurasian_Teal/XC991879-250425_2966-Kricka-taltrast-skogssnäppa-gäss_chunk020.wav,3.0,XC991879-250425_2966-Kricka-taltrast-skogssnäppa-gäss.mp3
Eurasian_Teal,XC991879-250425_2966-Kricka-taltrast-skogssnäppa-gäss,21,data/processed/Eurasian_Teal/XC991879-250425_2966-Kricka-taltrast-skogssnäppa-gäss_chunk021.wav,3.0,XC991879-250425_2966-Kricka-taltrast-skogssnäppa-gäss.mp3
Eurasian_Teal,XC991879-250425_2966-Kricka-taltrast-skogssnäppa-gäss,22,data/processed/Eurasian_Teal/XC991879-250425_2966-Kricka-taltrast-skogssnäppa-gäss_chunk022.wav,3.0,XC991879-250425_2966-Kricka-taltrast-skogssnäppa-gäss.mp3
Eurasian_Teal,XC991879-250425_2966-Kricka-taltrast-skogssnäppa-gäss,23,data/processed/Eurasian_Teal/XC991879-250425_2966-Kricka-taltrast-skogssnäppa-gäss_chunk023.wav,3.0,XC991879-250425_2966-Kricka-taltrast-skogssnäppa-gäss.mp3
Eurasian_Teal,XC991879-250425_2966-Kricka-taltrast-skogssnäppa-gäss,24,data/processed/Eurasian_Teal/XC991879-250425_2966-Kricka-taltrast-skogssnäppa-gäss_chunk024.wav,3.0,XC991879-250425_2966-Kricka-taltrast-skogssnäppa-gäss.mp3
Eurasian_Teal,XC991879-250425_2966-Kricka-taltrast-skogssnäppa-gäss,25,data/processed/Eurasian_Teal/XC991879-250425_2966-Kricka-taltrast-skogssnäppa-gäss_chunk025.wav,3.0,XC991879-250425_2966-Kricka-taltrast-skogssnäppa-gäss.mp3
Eurasian_Teal,XC991879-250425_2966-Kricka-taltrast-skogssnäppa-gäss,26,data/processed/Eurasian_Teal/XC991879-250425_2966-Kricka-taltrast-skogssnäppa-gäss_chunk026.wav,3.0,XC991879-250425_2966-Kricka-taltrast-skogssnäppa-gäss.mp3
Eurasian_Teal,XC991879-250425_2966-Kricka-taltrast-skogssnäppa-gäss,27,data/processed/Eurasian_Teal/XC991879-250425_2966-Kricka-taltrast-skogssnäppa-gäss_chunk027.wav,3.0,XC991879-250425_2966-Kricka-taltrast-skogssnäppa-gäss.mp3
Eurasian_Teal,XC991880-250425_2963-Kricka-vattenrall-padda,0,data/processed/Eurasian_Teal/XC991880-250425_2963-Kricka-vattenrall-padda_chunk000.wav,3.0,XC991880-250425_2963-Kricka-vattenrall-padda.mp3
Eurasian_Teal,XC991880-250425_2963-Kricka-vattenrall-padda,1,data/processed/Eurasian_Teal/XC991880-250425_2963-Kricka-vattenrall-padda_chunk001.wav,3.0,XC991880-250425_2963-Kricka-vattenrall-padda.mp3
Eurasian_Teal,XC991880-250425_2963-Kricka-vattenrall-padda,2,data/processed/Eurasian_Teal/XC991880-250425_2963-Kricka-vattenrall-padda_chunk002.wav,3.0,XC991880-250425_2963-Kricka-vattenrall-padda.mp3
Eurasian_Teal,XC991880-250425_2963-Kricka-vattenrall-padda,3,data/processed/Eurasian_Teal/XC991880-250425_2963-Kricka-vattenrall-padda_chunk003.wav,3.0,XC991880-250425_2963-Kricka-vattenrall-padda.mp3
Eurasian_Teal,XC991880-250425_2963-Kricka-vattenrall-padda,4,data/processed/Eurasian_Teal/XC991880-250425_2963-Kricka-vattenrall-padda_chunk004.wav,3.0,XC991880-250425_2963-Kricka-vattenrall-padda.mp3
Eurasian_Teal,XC991880-250425_2963-Kricka-vattenrall-padda,5,data/processed/Eurasian_Teal/XC991880-250425_2963-Kricka-vattenrall-padda_chunk005.wav,3.0,XC991880-250425_2963-Kricka-vattenrall-padda.mp3
Eurasian_Teal,XC991880-250425_2963-Kricka-vattenrall-padda,6,data/processed/Eurasian_Teal/XC991880-250425_2963-Kricka-vattenrall-padda_chunk006.wav,3.0,XC991880-250425_2963-Kricka-vattenrall-padda.mp3
Eurasian_Teal,XC991880-250425_2963-Kricka-vattenrall-padda,7,data/processed/Eurasian_Teal/XC991880-250425_2963-Kricka-vattenrall-padda_chunk007.wav,3.0,XC991880-250425_2963-Kricka-vattenrall-padda.mp3
Eurasian_Teal,XC991880-250425_2963-Kricka-vattenrall-padda,8,data/processed/Eurasian_Teal/XC991880-250425_2963-Kricka-vattenrall-padda_chunk008.wav,3.0,XC991880-250425_2963-Kricka-vattenrall-padda.mp3
Eurasian_Teal,XC991880-250425_2963-Kricka-vattenrall-padda,9,data/processed/Eurasian_Teal/XC991880-250425_2963-Kricka-vattenrall-padda_chunk009.wav,3.0,XC991880-250425_2963-Kricka-vattenrall-padda.mp3
Eurasian_Teal,XC991880-250425_2963-Kricka-vattenrall-padda,10,data/processed/Eurasian_Teal/XC991880-250425_2963-Kricka-vattenrall-padda_chunk010.wav,3.0,XC991880-250425_2963-Kricka-vattenrall-padda.mp3
Eurasian_Teal,XC991880-250425_2963-Kricka-vattenrall-padda,11,data/processed/Eurasian_Teal/XC991880-250425_2963-Kricka-vattenrall-padda_chunk011.wav,3.0,XC991880-250425_2963-Kricka-vattenrall-padda.mp3
Eurasian_Teal,XC991880-250425_2963-Kricka-vattenrall-padda,12,data/processed/Eurasian_Teal/XC991880-250425_2963-Kricka-vattenrall-padda_chunk012.wav,3.0,XC991880-250425_2963-Kricka-vattenrall-padda.mp3
Eurasian_Teal,XC991880-250425_2963-Kricka-vattenrall-padda,13,data/processed/Eurasian_Teal/XC991880-250425_2963-Kricka-vattenrall-padda_chunk013.wav,3.0,XC991880-250425_2963-Kricka-vattenrall-padda.mp3
Eurasian_Teal,XC991880-250425_2963-Kricka-vattenrall-padda,14,data/processed/Eurasian_Teal/XC991880-250425_2963-Kricka-vattenrall-padda_chunk014.wav,3.0,XC991880-250425_2963-Kricka-vattenrall-padda.mp3
Eurasian_Teal,XC991880-250425_2963-Kricka-vattenrall-padda,15,data/processed/Eurasian_Teal/XC991880-250425_2963-Kricka-vattenrall-padda_chunk015.wav,3.0,XC991880-250425_2963-Kricka-vattenrall-padda.mp3
Eurasian_Teal,XC991880-250425_2963-Kricka-vattenrall-padda,16,data/processed/Eurasian_Teal/XC991880-250425_2963-Kricka-vattenrall-padda_chunk016.wav,3.0,XC991880-250425_2963-Kricka-vattenrall-padda.mp3
Eurasian_Teal,XC991880-250425_2963-Kricka-vattenrall-padda,17,data/processed/Eurasian_Teal/XC991880-250425_2963-Kricka-vattenrall-padda_chunk017.wav,3.0,XC991880-250425_2963-Kricka-vattenrall-padda.mp3
Eurasian_Teal,XC991880-250425_2963-Kricka-vattenrall-padda,18,data/processed/Eurasian_Teal/XC991880-250425_2963-Kricka-vattenrall-padda_chunk018.wav,3.0,XC991880-250425_2963-Kricka-vattenrall-padda.mp3
Eurasian_Teal,XC991880-250425_2963-Kricka-vattenrall-padda,19,data/processed/Eurasian_Teal/XC991880-250425_2963-Kricka-vattenrall-padda_chunk019.wav,3.0,XC991880-250425_2963-Kricka-vattenrall-padda.mp3
Eurasian_Teal,XC991880-250425_2963-Kricka-vattenrall-padda,20,data/processed/Eurasian_Teal/XC991880-250425_2963-Kricka-vattenrall-padda_chunk020.wav,3.0,XC991880-250425_2963-Kricka-vattenrall-padda.mp3
Eurasian_Teal,XC991880-250425_2963-Kricka-vattenrall-padda,21,data/processed/Eurasian_Teal/XC991880-250425_2963-Kricka-vattenrall-padda_chunk021.wav,3.0,XC991880-250425_2963-Kricka-vattenrall-padda.mp3
Eurasian_Teal,XC991880-250425_2963-Kricka-vattenrall-padda,22,data/processed/Eurasian_Teal/XC991880-250425_2963-Kricka-vattenrall-padda_chunk022.wav,3.0,XC991880-250425_2963-Kricka-vattenrall-padda.mp3
Eurasian_Teal,XC991880-250425_2963-Kricka-vattenrall-padda,23,data/processed/Eurasian_Teal/XC991880-250425_2963-Kricka-vattenrall-padda_chunk023.wav,3.0,XC991880-250425_2963-Kricka-vattenrall-padda.mp3
Eurasian_Teal,XC991880-250425_2963-Kricka-vattenrall-padda,24,data/processed/Eurasian_Teal/XC991880-250425_2963-Kricka-vattenrall-padda_chunk024.wav,3.0,XC991880-250425_2963-Kricka-vattenrall-padda.mp3
Eurasian_Teal,XC991880-250425_2963-Kricka-vattenrall-padda,25,data/processed/Eurasian_Teal/XC991880-250425_2963-Kricka-vattenrall-padda_chunk025.wav,3.0,XC991880-250425_2963-Kricka-vattenrall-padda.mp3
Eurasian_Teal,XC991880-250425_2963-Kricka-vattenrall-padda,26,data/processed/Eurasian_Teal/XC991880-250425_2963-Kricka-vattenrall-padda_chunk026.wav,3.0,XC991880-250425_2963-Kricka-vattenrall-padda.mp3
Eurasian_Teal,XC991880-250425_2963-Kricka-vattenrall-padda,27,data/processed/Eurasian_Teal/XC991880-250425_2963-Kricka-vattenrall-padda_chunk027.wav,3.0,XC991880-250425_2963-Kricka-vattenrall-padda.mp3
Eurasian_Teal,XC991880-250425_2963-Kricka-vattenrall-padda,28,data/processed/Eurasian_Teal/XC991880-250425_2963-Kricka-vattenrall-padda_chunk028.wav,3.0,XC991880-250425_2963-Kricka-vattenrall-padda.mp3
Eurasian_Teal,XC991880-250425_2963-Kricka-vattenrall-padda,29,data/processed/Eurasian_Teal/XC991880-250425_2963-Kricka-vattenrall-padda_chunk029.wav,3.0,XC991880-250425_2963-Kricka-vattenrall-padda.mp3
Eurasian_Teal,XC991880-250425_2963-Kricka-vattenrall-padda,30,data/processed/Eurasian_Teal/XC991880-250425_2963-Kricka-vattenrall-padda_chunk030.wav,3.0,XC991880-250425_2963-Kricka-vattenrall-padda.mp3
Eurasian_Teal,XC991880-250425_2963-Kricka-vattenrall-padda,31,data/processed/Eurasian_Teal/XC991880-250425_2963-Kricka-vattenrall-padda_chunk031.wav,3.0,XC991880-250425_2963-Kricka-vattenrall-padda.mp3
Eurasian_Teal,XC991880-250425_2963-Kricka-vattenrall-padda,32,data/processed/Eurasian_Teal/XC991880-250425_2963-Kricka-vattenrall-padda_chunk032.wav,3.0,XC991880-250425_2963-Kricka-vattenrall-padda.mp3
Eurasian_Teal,XC991880-250425_2963-Kricka-vattenrall-padda,33,data/processed/Eurasian_Teal/XC991880-250425_2963-Kricka-vattenrall-padda_chunk033.wav,3.0,XC991880-250425_2963-Kricka-vattenrall-padda.mp3
Eurasian_Teal,XC991880-250425_2963-Kricka-vattenrall-padda,34,data/processed/Eurasian_Teal/XC991880-250425_2963-Kricka-vattenrall-padda_chunk034.wav,3.0,XC991880-250425_2963-Kricka-vattenrall-padda.mp3
Eurasian_Teal,XC991880-250425_2963-Kricka-vattenrall-padda,35,data/processed/Eurasian_Teal/XC991880-250425_2963-Kricka-vattenrall-padda_chunk035.wav,3.0,XC991880-250425_2963-Kricka-vattenrall-padda.mp3
Eurasian_Teal,XC991880-250425_2963-Kricka-vattenrall-padda,36,data/processed/Eurasian_Teal/XC991880-250425_2963-Kricka-vattenrall-padda_chunk036.wav,3.0,XC991880-250425_2963-Kricka-vattenrall-padda.mp3
Eurasian_Teal,XC991880-250425_2963-Kricka-vattenrall-padda,37,data/processed/Eurasian_Teal/XC991880-250425_2963-Kricka-vattenrall-padda_chunk037.wav,3.0,XC991880-250425_2963-Kricka-vattenrall-padda.mp3
Eurasian_Teal,XC991880-250425_2963-Kricka-vattenrall-padda,38,data/processed/Eurasian_Teal/XC991880-250425_2963-Kricka-vattenrall-padda_chunk038.wav,3.0,XC991880-250425_2963-Kricka-vattenrall-padda.mp3
Eurasian_Teal,XC991880-250425_2963-Kricka-vattenrall-padda,39,data/processed/Eurasian_Teal/XC991880-250425_2963-Kricka-vattenrall-padda_chunk039.wav,3.0,XC991880-250425_2963-Kricka-vattenrall-padda.mp3
Eurasian_Teal,XC991880-250425_2963-Kricka-vattenrall-padda,40,data/processed/Eurasian_Teal/XC991880-250425_2963-Kricka-vattenrall-padda_chunk040.wav,3.0,XC991880-250425_2963-Kricka-vattenrall-padda.mp3
Eurasian_Teal,XC991880-250425_2963-Kricka-vattenrall-padda,41,data/processed/Eurasian_Teal/XC991880-250425_2963-Kricka-vattenrall-padda_chunk041.wav,3.0,XC991880-250425_2963-Kricka-vattenrall-padda.mp3
Eurasian_Teal,XC991880-250425_2963-Kricka-vattenrall-padda,42,data/processed/Eurasian_Teal/XC991880-250425_2963-Kricka-vattenrall-padda_chunk042.wav,3.0,XC991880-250425_2963-Kricka-vattenrall-padda.mp3
Eurasian_Teal,XC991880-250425_2963-Kricka-vattenrall-padda,43,data/processed/Eurasian_Teal/XC991880-250425_2963-Kricka-vattenrall-padda_chunk043.wav,3.0,XC991880-250425_2963-Kricka-vattenrall-padda.mp3
Eurasian_Teal,XC991880-250425_2963-Kricka-vattenrall-padda,44,data/processed/Eurasian_Teal/XC991880-250425_2963-Kricka-vattenrall-padda_chunk044.wav,3.0,XC991880-250425_2963-Kricka-vattenrall-padda.mp3
Eurasian_Teal,XC991880-250425_2963-Kricka-vattenrall-padda,45,data/processed/Eurasian_Teal/XC991880-250425_2963-Kricka-vattenrall-padda_chunk045.wav,3.0,XC991880-250425_2963-Kricka-vattenrall-padda.mp3
Eurasian_Teal,XC991880-250425_2963-Kricka-vattenrall-padda,46,data/processed/Eurasian_Teal/XC991880-250425_2963-Kricka-vattenrall-padda_chunk046.wav,3.0,XC991880-250425_2963-Kricka-vattenrall-padda.mp3
Eurasian_Teal,XC991880-250425_2963-Kricka-vattenrall-padda,47,data/processed/Eurasian_Teal/XC991880-250425_2963-Kricka-vattenrall-padda_chunk047.wav,3.0,XC991880-250425_2963-Kricka-vattenrall-padda.mp3
Eurasian_Teal,XC991880-250425_2963-Kricka-vattenrall-padda,48,data/processed/Eurasian_Teal/XC991880-250425_2963-Kricka-vattenrall-padda_chunk048.wav,3.0,XC991880-250425_2963-Kricka-vattenrall-padda.mp3
Eurasian_Teal,XC991880-250425_2963-Kricka-vattenrall-padda,49,data/processed/Eurasian_Teal/XC991880-250425_2963-Kricka-vattenrall-padda_chunk049.wav,3.0,XC991880-250425_2963-Kricka-vattenrall-padda.mp3
Eurasian_Teal,XC991880-250425_2963-Kricka-vattenrall-padda,50,data/processed/Eurasian_Teal/XC991880-250425_2963-Kricka-vattenrall-padda_chunk050.wav,3.0,XC991880-250425_2963-Kricka-vattenrall-padda.mp3
Eurasian_Teal,XC991880-250425_2963-Kricka-vattenrall-padda,51,data/processed/Eurasian_Teal/XC991880-250425_2963-Kricka-vattenrall-padda_chunk051.wav,3.0,XC991880-250425_2963-Kricka-vattenrall-padda.mp3
Eurasian_Teal,XC991880-250425_2963-Kricka-vattenrall-padda,52,data/processed/Eurasian_Teal/XC991880-250425_2963-Kricka-vattenrall-padda_chunk052.wav,3.0,XC991880-250425_2963-Kricka-vattenrall-padda.mp3
Eurasian_Teal,XC991880-250425_2963-Kricka-vattenrall-padda,53,data/processed/Eurasian_Teal/XC991880-250425_2963-Kricka-vattenrall-padda_chunk053.wav,3.0,XC991880-250425_2963-Kricka-vattenrall-padda.mp3
Eurasian_Teal,XC991880-250425_2963-Kricka-vattenrall-padda,54,data/processed/Eurasian_Teal/XC991880-250425_2963-Kricka-vattenrall-padda_chunk054.wav,3.0,XC991880-250425_2963-Kricka-vattenrall-padda.mp3
Eurasian_Teal,XC991880-250425_2963-Kricka-vattenrall-padda,55,data/processed/Eurasian_Teal/XC991880-250425_2963-Kricka-vattenrall-padda_chunk055.wav,3.0,XC991880-250425_2963-Kricka-vattenrall-padda.mp3
Eurasian_Teal,XC991880-250425_2963-Kricka-vattenrall-padda,56,data/processed/Eurasian_Teal/XC991880-250425_2963-Kricka-vattenrall-padda_chunk056.wav,3.0,XC991880-250425_2963-Kricka-vattenrall-padda.mp3
Eurasian_Teal,XC998226-ZOOM0065-tavi,0,data/processed/Eurasian_Teal/XC998226-ZOOM0065-tavi_chunk000.wav,3.0,XC998226-ZOOM0065-tavi.mp3
Eurasian_Teal,XC998226-ZOOM0065-tavi,1,data/processed/Eurasian_Teal/XC998226-ZOOM0065-tavi_chunk001.wav,3.0,XC998226-ZOOM0065-tavi.mp3
Eurasian_Teal,XC998226-ZOOM0065-tavi,2,data/processed/Eurasian_Teal/XC998226-ZOOM0065-tavi_chunk002.wav,3.0,XC998226-ZOOM0065-tavi.mp3
Eurasian_Teal,XC998226-ZOOM0065-tavi,3,data/processed/Eurasian_Teal/XC998226-ZOOM0065-tavi_chunk003.wav,3.0,XC998226-ZOOM0065-tavi.mp3
Eurasian_Teal,XC998226-ZOOM0065-tavi,4,data/processed/Eurasian_Teal/XC998226-ZOOM0065-tavi_chunk004.wav,3.0,XC998226-ZOOM0065-tavi.mp3
Eurasian_Teal,XC998226-ZOOM0065-tavi,5,data/processed/Eurasian_Teal/XC998226-ZOOM0065-tavi_chunk005.wav,3.0,XC998226-ZOOM0065-tavi.mp3
Eurasian_Teal,XC998226-ZOOM0065-tavi,6,data/processed/Eurasian_Teal/XC998226-ZOOM0065-tavi_chunk006.wav,3.0,XC998226-ZOOM0065-tavi.mp3
Eurasian_Teal,XC998226-ZOOM0065-tavi,7,data/processed/Eurasian_Teal/XC998226-ZOOM0065-tavi_chunk007.wav,3.0,XC998226-ZOOM0065-tavi.mp3
Eurasian_Teal,XC998226-ZOOM0065-tavi,8,data/processed/Eurasian_Teal/XC998226-ZOOM0065-tavi_chunk008.wav,3.0,XC998226-ZOOM0065-tavi.mp3
Eurasian_Teal,XC998226-ZOOM0065-tavi,9,data/processed/Eurasian_Teal/XC998226-ZOOM0065-tavi_chunk009.wav,3.0,XC998226-ZOOM0065-tavi.mp3
Eurasian_Teal,XC998226-ZOOM0065-tavi,10,data/processed/Eurasian_Teal/XC998226-ZOOM0065-tavi_chunk010.wav,3.0,XC998226-ZOOM0065-tavi.mp3
Eurasian_Teal,XC998226-ZOOM0065-tavi,11,data/processed/Eurasian_Teal/XC998226-ZOOM0065-tavi_chunk011.wav,3.0,XC998226-ZOOM0065-tavi.mp3
Eurasian_Teal,XC998226-ZOOM0065-tavi,12,data/processed/Eurasian_Teal/XC998226-ZOOM0065-tavi_chunk012.wav,3.0,XC998226-ZOOM0065-tavi.mp3
Eurasian_Teal,XC998226-ZOOM0065-tavi,13,data/processed/Eurasian_Teal/XC998226-ZOOM0065-tavi_chunk013.wav,3.0,XC998226-ZOOM0065-tavi.mp3
Eurasian_Teal,XC998226-ZOOM0065-tavi,14,data/processed/Eurasian_Teal/XC998226-ZOOM0065-tavi_chunk014.wav,3.0,XC998226-ZOOM0065-tavi.mp3
Eurasian_Teal,XC998226-ZOOM0065-tavi,15,data/processed/Eurasian_Teal/XC998226-ZOOM0065-tavi_chunk015.wav,3.0,XC998226-ZOOM0065-tavi.mp3
Eurasian_Teal,XC998226-ZOOM0065-tavi,16,data/processed/Eurasian_Teal/XC998226-ZOOM0065-tavi_chunk016.wav,3.0,XC998226-ZOOM0065-tavi.mp3
Eurasian_Teal,XC998226-ZOOM0065-tavi,17,data/processed/Eurasian_Teal/XC998226-ZOOM0065-tavi_chunk017.wav,3.0,XC998226-ZOOM0065-tavi.mp3
Eurasian_Teal,XC998226-ZOOM0065-tavi,18,data/processed/Eurasian_Teal/XC998226-ZOOM0065-tavi_chunk018.wav,3.0,XC998226-ZOOM0065-tavi.mp3
Eurasian_Teal,XC998226-ZOOM0065-tavi,19,data/processed/Eurasian_Teal/XC998226-ZOOM0065-tavi_chunk019.wav,3.0,XC998226-ZOOM0065-tavi.mp3
Eurasian_Teal,XC998226-ZOOM0065-tavi,20,data/processed/Eurasian_Teal/XC998226-ZOOM0065-tavi_chunk020.wav,3.0,XC998226-ZOOM0065-tavi.mp3
Eurasian_Teal,XC998226-ZOOM0065-tavi,21,data/processed/Eurasian_Teal/XC998226-ZOOM0065-tavi_chunk021.wav,3.0,XC998226-ZOOM0065-tavi.mp3
Eurasian_Teal,XC998226-ZOOM0065-tavi,22,data/processed/Eurasian_Teal/XC998226-ZOOM0065-tavi_chunk022.wav,3.0,XC998226-ZOOM0065-tavi.mp3
Eurasian_Teal,XC998226-ZOOM0065-tavi,23,data/processed/Eurasian_Teal/XC998226-ZOOM0065-tavi_chunk023.wav,3.0,XC998226-ZOOM0065-tavi.mp3
Eurasian_Teal,XC998226-ZOOM0065-tavi,24,data/processed/Eurasian_Teal/XC998226-ZOOM0065-tavi_chunk024.wav,3.0,XC998226-ZOOM0065-tavi.mp3
Eurasian_Teal,XC998226-ZOOM0065-tavi,25,data/processed/Eurasian_Teal/XC998226-ZOOM0065-tavi_chunk025.wav,3.0,XC998226-ZOOM0065-tavi.mp3
Eurasian_Teal,XC998226-ZOOM0065-tavi,26,data/processed/Eurasian_Teal/XC998226-ZOOM0065-tavi_chunk026.wav,3.0,XC998226-ZOOM0065-tavi.mp3
Eurasian_Teal,XC998226-ZOOM0065-tavi,27,data/processed/Eurasian_Teal/XC998226-ZOOM0065-tavi_chunk027.wav,3.0,XC998226-ZOOM0065-tavi.mp3
Eurasian_Teal,XC998226-ZOOM0065-tavi,28,data/processed/Eurasian_Teal/XC998226-ZOOM0065-tavi_chunk028.wav,3.0,XC998226-ZOOM0065-tavi.mp3
Eurasian_Teal,XC998226-ZOOM0065-tavi,29,data/processed/Eurasian_Teal/XC998226-ZOOM0065-tavi_chunk029.wav,3.0,XC998226-ZOOM0065-tavi.mp3
Eurasian_Teal,XC998226-ZOOM0065-tavi,30,data/processed/Eurasian_Teal/XC998226-ZOOM0065-tavi_chunk030.wav,3.0,XC998226-ZOOM0065-tavi.mp3
Eurasian_Teal,XC998226-ZOOM0065-tavi,31,data/processed/Eurasian_Teal/XC998226-ZOOM0065-tavi_chunk031.wav,3.0,XC998226-ZOOM0065-tavi.mp3
Eurasian_Teal,XC998226-ZOOM0065-tavi,32,data/processed/Eurasian_Teal/XC998226-ZOOM0065-tavi_chunk032.wav,3.0,XC998226-ZOOM0065-tavi.mp3
Eurasian_Teal,XC998226-ZOOM0065-tavi,33,data/processed/Eurasian_Teal/XC998226-ZOOM0065-tavi_chunk033.wav,3.0,XC998226-ZOOM0065-tavi.mp3
Eurasian_Teal,XC998226-ZOOM0065-tavi,34,data/processed/Eurasian_Teal/XC998226-ZOOM0065-tavi_chunk034.wav,3.0,XC998226-ZOOM0065-tavi.mp3
Eurasian_Teal,XC998226-ZOOM0065-tavi,35,data/processed/Eurasian_Teal/XC998226-ZOOM0065-tavi_chunk035.wav,3.0,XC998226-ZOOM0065-tavi.mp3
Eurasian_Teal,XC998226-ZOOM0065-tavi,36,data/processed/Eurasian_Teal/XC998226-ZOOM0065-tavi_chunk036.wav,3.0,XC998226-ZOOM0065-tavi.mp3
Eurasian_Teal,XC998226-ZOOM0065-tavi,37,data/processed/Eurasian_Teal/XC998226-ZOOM0065-tavi_chunk037.wav,3.0,XC998226-ZOOM0065-tavi.mp3
Eurasian_Teal,XC998226-ZOOM0065-tavi,38,data/processed/Eurasian_Teal/XC998226-ZOOM0065-tavi_chunk038.wav,3.0,XC998226-ZOOM0065-tavi.mp3
Eurasian_Teal,XC998226-ZOOM0065-tavi,39,data/processed/Eurasian_Teal/XC998226-ZOOM0065-tavi_chunk039.wav,3.0,XC998226-ZOOM0065-tavi.mp3
Eurasian_Teal,XC998226-ZOOM0065-tavi,40,data/processed/Eurasian_Teal/XC998226-ZOOM0065-tavi_chunk040.wav,3.0,XC998226-ZOOM0065-tavi.mp3
Eurasian_Teal,XC998226-ZOOM0065-tavi,41,data/processed/Eurasian_Teal/XC998226-ZOOM0065-tavi_chunk041.wav,3.0,XC998226-ZOOM0065-tavi.mp3
Eurasian_Teal,XC998226-ZOOM0065-tavi,42,data/processed/Eurasian_Teal/XC998226-ZOOM0065-tavi_chunk042.wav,3.0,XC998226-ZOOM0065-tavi.mp3
Eurasian_Teal,XC998226-ZOOM0065-tavi,43,data/processed/Eurasian_Teal/XC998226-ZOOM0065-tavi_chunk043.wav,3.0,XC998226-ZOOM0065-tavi.mp3
Eurasian_Teal,XC998226-ZOOM0065-tavi,44,data/processed/Eurasian_Teal/XC998226-ZOOM0065-tavi_chunk044.wav,3.0,XC998226-ZOOM0065-tavi.mp3
Eurasian_Teal,XC998226-ZOOM0065-tavi,45,data/processed/Eurasian_Teal/XC998226-ZOOM0065-tavi_chunk045.wav,3.0,XC998226-ZOOM0065-tavi.mp3
Eurasian_Teal,XC998226-ZOOM0065-tavi,46,data/processed/Eurasian_Teal/XC998226-ZOOM0065-tavi_chunk046.wav,3.0,XC998226-ZOOM0065-tavi.mp3
Eurasian_Teal,XC998226-ZOOM0065-tavi,47,data/processed/Eurasian_Teal/XC998226-ZOOM0065-tavi_chunk047.wav,3.0,XC998226-ZOOM0065-tavi.mp3
Eurasian_Teal,XC998226-ZOOM0065-tavi,48,data/processed/Eurasian_Teal/XC998226-ZOOM0065-tavi_chunk048.wav,3.0,XC998226-ZOOM0065-tavi.mp3
Eurasian_Teal,XC998226-ZOOM0065-tavi,49,data/processed/Eurasian_Teal/XC998226-ZOOM0065-tavi_chunk049.wav,3.0,XC998226-ZOOM0065-tavi.mp3
Eurasian_Teal,XC998356-Kricka_37,0,data/processed/Eurasian_Teal/XC998356-Kricka_37_chunk000.wav,3.0,XC998356-Kricka_37.mp3
Eurasian_Teal,XC998356-Kricka_37,1,data/processed/Eurasian_Teal/XC998356-Kricka_37_chunk001.wav,3.0,XC998356-Kricka_37.mp3
Eurasian_Teal,XC998356-Kricka_37,2,data/processed/Eurasian_Teal/XC998356-Kricka_37_chunk002.wav,3.0,XC998356-Kricka_37.mp3
Eurasian_Teal,XC998356-Kricka_37,3,data/processed/Eurasian_Teal/XC998356-Kricka_37_chunk003.wav,3.0,XC998356-Kricka_37.mp3
Eurasian_Teal,XC998356-Kricka_37,4,data/processed/Eurasian_Teal/XC998356-Kricka_37_chunk004.wav,3.0,XC998356-Kricka_37.mp3
Eurasian_Teal,XC998356-Kricka_37,5,data/processed/Eurasian_Teal/XC998356-Kricka_37_chunk005.wav,3.0,XC998356-Kricka_37.mp3
Eurasian_Teal,XC998356-Kricka_37,6,data/processed/Eurasian_Teal/XC998356-Kricka_37_chunk006.wav,3.0,XC998356-Kricka_37.mp3
Eurasian_Teal,XC998356-Kricka_37,7,data/processed/Eurasian_Teal/XC998356-Kricka_37_chunk007.wav,3.0,XC998356-Kricka_37.mp3
Eurasian_Teal,XC998356-Kricka_37,8,data/processed/Eurasian_Teal/XC998356-Kricka_37_chunk008.wav,3.0,XC998356-Kricka_37.mp3
Eurasian_Teal,XC998356-Kricka_37,9,data/processed/Eurasian_Teal/XC998356-Kricka_37_chunk009.wav,3.0,XC998356-Kricka_37.mp3
Eurasian_Teal,XC998356-Kricka_37,10,data/processed/Eurasian_Teal/XC998356-Kricka_37_chunk010.wav,3.0,XC998356-Kricka_37.mp3
Eurasian_Teal,XC998356-Kricka_37,11,data/processed/Eurasian_Teal/XC998356-Kricka_37_chunk011.wav,3.0,XC998356-Kricka_37.mp3
Eurasian_Teal,XC998356-Kricka_37,12,data/processed/Eurasian_Teal/XC998356-Kricka_37_chunk012.wav,3.0,XC998356-Kricka_37.mp3
Eurasian_Teal,XC998356-Kricka_37,13,data/processed/Eurasian_Teal/XC998356-Kricka_37_chunk013.wav,3.0,XC998356-Kricka_37.mp3
Eurasian_Teal,XC998356-Kricka_37,14,data/processed/Eurasian_Teal/XC998356-Kricka_37_chunk014.wav,3.0,XC998356-Kricka_37.mp3
Eurasian_Teal,XC998356-Kricka_37,15,data/processed/Eurasian_Teal/XC998356-Kricka_37_chunk015.wav,3.0,XC998356-Kricka_37.mp3
Eurasian_Teal,XC998356-Kricka_37,16,data/processed/Eurasian_Teal/XC998356-Kricka_37_chunk016.wav,3.0,XC998356-Kricka_37.mp3
Northern_Pintail,XC1013358-Canard-pilet-mâle-inspirations-+,0,data/processed/Northern_Pintail/XC1013358-Canard-pilet-mâle-inspirations-+_chunk000.wav,3.0,XC1013358-Canard-pilet-mâle-inspirations-+.wav
Northern_Pintail,XC1013358-Canard-pilet-mâle-inspirations-+,1,data/processed/Northern_Pintail/XC1013358-Canard-pilet-mâle-inspirations-+_chunk001.wav,3.0,XC1013358-Canard-pilet-mâle-inspirations-+.wav
Northern_Pintail,XC1013358-Canard-pilet-mâle-inspirations-+,2,data/processed/Northern_Pintail/XC1013358-Canard-pilet-mâle-inspirations-+_chunk002.wav,3.0,XC1013358-Canard-pilet-mâle-inspirations-+.wav
Northern_Pintail,XC1013358-Canard-pilet-mâle-inspirations-+,3,data/processed/Northern_Pintail/XC1013358-Canard-pilet-mâle-inspirations-+_chunk003.wav,3.0,XC1013358-Canard-pilet-mâle-inspirations-+.wav
Northern_Pintail,XC1013358-Canard-pilet-mâle-inspirations-+,4,data/processed/Northern_Pintail/XC1013358-Canard-pilet-mâle-inspirations-+_chunk004.wav,3.0,XC1013358-Canard-pilet-mâle-inspirations-+.wav
Northern_Pintail,XC1013358-Canard-pilet-mâle-inspirations-+,5,data/processed/Northern_Pintail/XC1013358-Canard-pilet-mâle-inspirations-+_chunk005.wav,3.0,XC1013358-Canard-pilet-mâle-inspirations-+.wav
Northern_Pintail,XC1013358-Canard-pilet-mâle-inspirations-+,6,data/processed/Northern_Pintail/XC1013358-Canard-pilet-mâle-inspirations-+_chunk006.wav,3.0,XC1013358-Canard-pilet-mâle-inspirations-+.wav
Northern_Pintail,XC1045871-Canard-pilet-cris-vol-08062022---Nome---Alaska,0,data/processed/Northern_Pintail/XC1045871-Canard-pilet-cris-vol-08062022---Nome---Alaska_chunk000.wav,3.0,XC1045871-Canard-pilet-cris-vol-08062022---Nome---Alaska.mp3
Northern_Pintail,XC1045871-Canard-pilet-cris-vol-08062022---Nome---Alaska,1,data/processed/Northern_Pintail/XC1045871-Canard-pilet-cris-vol-08062022---Nome---Alaska_chunk001.wav,3.0,XC1045871-Canard-pilet-cris-vol-08062022---Nome---Alaska.mp3
Northern_Pintail,XC1045871-Canard-pilet-cris-vol-08062022---Nome---Alaska,2,data/processed/Northern_Pintail/XC1045871-Canard-pilet-cris-vol-08062022---Nome---Alaska_chunk002.wav,3.0,XC1045871-Canard-pilet-cris-vol-08062022---Nome---Alaska.mp3
Northern_Pintail,XC1045871-Canard-pilet-cris-vol-08062022---Nome---Alaska,3,data/processed/Northern_Pintail/XC1045871-Canard-pilet-cris-vol-08062022---Nome---Alaska_chunk003.wav,3.0,XC1045871-Canard-pilet-cris-vol-08062022---Nome---Alaska.mp3
Northern_Pintail,XC1045871-Canard-pilet-cris-vol-08062022---Nome---Alaska,4,data/processed/Northern_Pintail/XC1045871-Canard-pilet-cris-vol-08062022---Nome---Alaska_chunk004.wav,3.0,XC1045871-Canard-pilet-cris-vol-08062022---Nome---Alaska.mp3
Northern_Pintail,XC1045871-Canard-pilet-cris-vol-08062022---Nome---Alaska,5,data/processed/Northern_Pintail/XC1045871-Canard-pilet-cris-vol-08062022---Nome---Alaska_chunk005.wav,3.0,XC1045871-Canard-pilet-cris-vol-08062022---Nome---Alaska.mp3
Northern_Pintail,"XC1082417-Northern-Pintail-call-very-good-2026-02-21-North-Warren-RSPB,-Suffolk,-England_349_edited",0,"data/processed/Northern_Pintail/XC1082417-Northern-Pintail-call-very-good-2026-02-21-North-Warren-RSPB,-Suffolk,-England_349_edited_chunk000.wav",3.0,"XC1082417-Northern-Pintail-call-very-good-2026-02-21-North-Warren-RSPB,-Suffolk,-England_349_edited.wav"
Northern_Pintail,"XC1082417-Northern-Pintail-call-very-good-2026-02-21-North-Warren-RSPB,-Suffolk,-England_349_edited",1,"data/processed/Northern_Pintail/XC1082417-Northern-Pintail-call-very-good-2026-02-21-North-Warren-RSPB,-Suffolk,-England_349_edited_chunk001.wav",3.0,"XC1082417-Northern-Pintail-call-very-good-2026-02-21-North-Warren-RSPB,-Suffolk,-England_349_edited.wav"
Northern_Pintail,"XC1082417-Northern-Pintail-call-very-good-2026-02-21-North-Warren-RSPB,-Suffolk,-England_349_edited",2,"data/processed/Northern_Pintail/XC1082417-Northern-Pintail-call-very-good-2026-02-21-North-Warren-RSPB,-Suffolk,-England_349_edited_chunk002.wav",3.0,"XC1082417-Northern-Pintail-call-very-good-2026-02-21-North-Warren-RSPB,-Suffolk,-England_349_edited.wav"
Northern_Pintail,"XC1082417-Northern-Pintail-call-very-good-2026-02-21-North-Warren-RSPB,-Suffolk,-England_349_edited",3,"data/processed/Northern_Pintail/XC1082417-Northern-Pintail-call-very-good-2026-02-21-North-Warren-RSPB,-Suffolk,-England_349_edited_chunk003.wav",3.0,"XC1082417-Northern-Pintail-call-very-good-2026-02-21-North-Warren-RSPB,-Suffolk,-England_349_edited.wav"
Northern_Pintail,"XC1082417-Northern-Pintail-call-very-good-2026-02-21-North-Warren-RSPB,-Suffolk,-England_349_edited",4,"data/processed/Northern_Pintail/XC1082417-Northern-Pintail-call-very-good-2026-02-21-North-Warren-RSPB,-Suffolk,-England_349_edited_chunk004.wav",3.0,"XC1082417-Northern-Pintail-call-very-good-2026-02-21-North-Warren-RSPB,-Suffolk,-England_349_edited.wav"
Northern_Pintail,"XC1082417-Northern-Pintail-call-very-good-2026-02-21-North-Warren-RSPB,-Suffolk,-England_349_edited",5,"data/processed/Northern_Pintail/XC1082417-Northern-Pintail-call-very-good-2026-02-21-North-Warren-RSPB,-Suffolk,-England_349_edited_chunk005.wav",3.0,"XC1082417-Northern-Pintail-call-very-good-2026-02-21-North-Warren-RSPB,-Suffolk,-England_349_edited.wav"
Northern_Pintail,"XC1082417-Northern-Pintail-call-very-good-2026-02-21-North-Warren-RSPB,-Suffolk,-England_349_edited",6,"data/processed/Northern_Pintail/XC1082417-Northern-Pintail-call-very-good-2026-02-21-North-Warren-RSPB,-Suffolk,-England_349_edited_chunk006.wav",3.0,"XC1082417-Northern-Pintail-call-very-good-2026-02-21-North-Warren-RSPB,-Suffolk,-England_349_edited.wav"
Northern_Pintail,"XC1082417-Northern-Pintail-call-very-good-2026-02-21-North-Warren-RSPB,-Suffolk,-England_349_edited",7,"data/processed/Northern_Pintail/XC1082417-Northern-Pintail-call-very-good-2026-02-21-North-Warren-RSPB,-Suffolk,-England_349_edited_chunk007.wav",3.0,"XC1082417-Northern-Pintail-call-very-good-2026-02-21-North-Warren-RSPB,-Suffolk,-England_349_edited.wav"
Northern_Pintail,"XC1082417-Northern-Pintail-call-very-good-2026-02-21-North-Warren-RSPB,-Suffolk,-England_349_edited",8,"data/processed/Northern_Pintail/XC1082417-Northern-Pintail-call-very-good-2026-02-21-North-Warren-RSPB,-Suffolk,-England_349_edited_chunk008.wav",3.0,"XC1082417-Northern-Pintail-call-very-good-2026-02-21-North-Warren-RSPB,-Suffolk,-England_349_edited.wav"
Northern_Pintail,"XC1082418-Northern-Pintail-call-very-good-2026-02-21-North-Warren-RSPB,-Suffolk,-England_351_edited",0,"data/processed/Northern_Pintail/XC1082418-Northern-Pintail-call-very-good-2026-02-21-North-Warren-RSPB,-Suffolk,-England_351_edited_chunk000.wav",3.0,"XC1082418-Northern-Pintail-call-very-good-2026-02-21-North-Warren-RSPB,-Suffolk,-England_351_edited.wav"
Northern_Pintail,"XC1082418-Northern-Pintail-call-very-good-2026-02-21-North-Warren-RSPB,-Suffolk,-England_351_edited",1,"data/processed/Northern_Pintail/XC1082418-Northern-Pintail-call-very-good-2026-02-21-North-Warren-RSPB,-Suffolk,-England_351_edited_chunk001.wav",3.0,"XC1082418-Northern-Pintail-call-very-good-2026-02-21-North-Warren-RSPB,-Suffolk,-England_351_edited.wav"
Northern_Pintail,"XC1082418-Northern-Pintail-call-very-good-2026-02-21-North-Warren-RSPB,-Suffolk,-England_351_edited",2,"data/processed/Northern_Pintail/XC1082418-Northern-Pintail-call-very-good-2026-02-21-North-Warren-RSPB,-Suffolk,-England_351_edited_chunk002.wav",3.0,"XC1082418-Northern-Pintail-call-very-good-2026-02-21-North-Warren-RSPB,-Suffolk,-England_351_edited.wav"
Northern_Pintail,"XC1082418-Northern-Pintail-call-very-good-2026-02-21-North-Warren-RSPB,-Suffolk,-England_351_edited",3,"data/processed/Northern_Pintail/XC1082418-Northern-Pintail-call-very-good-2026-02-21-North-Warren-RSPB,-Suffolk,-England_351_edited_chunk003.wav",3.0,"XC1082418-Northern-Pintail-call-very-good-2026-02-21-North-Warren-RSPB,-Suffolk,-England_351_edited.wav"
Northern_Pintail,"XC1082418-Northern-Pintail-call-very-good-2026-02-21-North-Warren-RSPB,-Suffolk,-England_351_edited",4,"data/processed/Northern_Pintail/XC1082418-Northern-Pintail-call-very-good-2026-02-21-North-Warren-RSPB,-Suffolk,-England_351_edited_chunk004.wav",3.0,"XC1082418-Northern-Pintail-call-very-good-2026-02-21-North-Warren-RSPB,-Suffolk,-England_351_edited.wav"
Northern_Pintail,"XC1082418-Northern-Pintail-call-very-good-2026-02-21-North-Warren-RSPB,-Suffolk,-England_351_edited",5,"data/processed/Northern_Pintail/XC1082418-Northern-Pintail-call-very-good-2026-02-21-North-Warren-RSPB,-Suffolk,-England_351_edited_chunk005.wav",3.0,"XC1082418-Northern-Pintail-call-very-good-2026-02-21-North-Warren-RSPB,-Suffolk,-England_351_edited.wav"
Northern_Pintail,"XC1082418-Northern-Pintail-call-very-good-2026-02-21-North-Warren-RSPB,-Suffolk,-England_351_edited",6,"data/processed/Northern_Pintail/XC1082418-Northern-Pintail-call-very-good-2026-02-21-North-Warren-RSPB,-Suffolk,-England_351_edited_chunk006.wav",3.0,"XC1082418-Northern-Pintail-call-very-good-2026-02-21-North-Warren-RSPB,-Suffolk,-England_351_edited.wav"
Northern_Pintail,"XC1082418-Northern-Pintail-call-very-good-2026-02-21-North-Warren-RSPB,-Suffolk,-England_351_edited",7,"data/processed/Northern_Pintail/XC1082418-Northern-Pintail-call-very-good-2026-02-21-North-Warren-RSPB,-Suffolk,-England_351_edited_chunk007.wav",3.0,"XC1082418-Northern-Pintail-call-very-good-2026-02-21-North-Warren-RSPB,-Suffolk,-England_351_edited.wav"
Northern_Pintail,"XC1082418-Northern-Pintail-call-very-good-2026-02-21-North-Warren-RSPB,-Suffolk,-England_351_edited",8,"data/processed/Northern_Pintail/XC1082418-Northern-Pintail-call-very-good-2026-02-21-North-Warren-RSPB,-Suffolk,-England_351_edited_chunk008.wav",3.0,"XC1082418-Northern-Pintail-call-very-good-2026-02-21-North-Warren-RSPB,-Suffolk,-England_351_edited.wav"
Northern_Pintail,"XC1082418-Northern-Pintail-call-very-good-2026-02-21-North-Warren-RSPB,-Suffolk,-England_351_edited",9,"data/processed/Northern_Pintail/XC1082418-Northern-Pintail-call-very-good-2026-02-21-North-Warren-RSPB,-Suffolk,-England_351_edited_chunk009.wav",3.0,"XC1082418-Northern-Pintail-call-very-good-2026-02-21-North-Warren-RSPB,-Suffolk,-England_351_edited.wav"
Northern_Pintail,"XC1082418-Northern-Pintail-call-very-good-2026-02-21-North-Warren-RSPB,-Suffolk,-England_351_edited",10,"data/processed/Northern_Pintail/XC1082418-Northern-Pintail-call-very-good-2026-02-21-North-Warren-RSPB,-Suffolk,-England_351_edited_chunk010.wav",3.0,"XC1082418-Northern-Pintail-call-very-good-2026-02-21-North-Warren-RSPB,-Suffolk,-England_351_edited.wav"
Northern_Pintail,"XC1082420-Northern-Pintail-call-very-good-2026-02-21-North-Warren-RSPB,-Suffolk,-England_355_edited",0,"data/processed/Northern_Pintail/XC1082420-Northern-Pintail-call-very-good-2026-02-21-North-Warren-RSPB,-Suffolk,-England_355_edited_chunk000.wav",3.0,"XC1082420-Northern-Pintail-call-very-good-2026-02-21-North-Warren-RSPB,-Suffolk,-England_355_edited.wav"
Northern_Pintail,"XC1082420-Northern-Pintail-call-very-good-2026-02-21-North-Warren-RSPB,-Suffolk,-England_355_edited",1,"data/processed/Northern_Pintail/XC1082420-Northern-Pintail-call-very-good-2026-02-21-North-Warren-RSPB,-Suffolk,-England_355_edited_chunk001.wav",3.0,"XC1082420-Northern-Pintail-call-very-good-2026-02-21-North-Warren-RSPB,-Suffolk,-England_355_edited.wav"
Northern_Pintail,"XC1082420-Northern-Pintail-call-very-good-2026-02-21-North-Warren-RSPB,-Suffolk,-England_355_edited",2,"data/processed/Northern_Pintail/XC1082420-Northern-Pintail-call-very-good-2026-02-21-North-Warren-RSPB,-Suffolk,-England_355_edited_chunk002.wav",3.0,"XC1082420-Northern-Pintail-call-very-good-2026-02-21-North-Warren-RSPB,-Suffolk,-England_355_edited.wav"
Northern_Pintail,XC1086517-pilet-top-0-32,0,data/processed/Northern_Pintail/XC1086517-pilet-top-0-32_chunk000.wav,3.0,XC1086517-pilet-top-0-32.mp3
Northern_Pintail,XC1086517-pilet-top-0-32,1,data/processed/Northern_Pintail/XC1086517-pilet-top-0-32_chunk001.wav,3.0,XC1086517-pilet-top-0-32.mp3
Northern_Pintail,XC1086517-pilet-top-0-32,2,data/processed/Northern_Pintail/XC1086517-pilet-top-0-32_chunk002.wav,3.0,XC1086517-pilet-top-0-32.mp3
Northern_Pintail,XC1087188-piletGRENTHE_20260307_195302,0,data/processed/Northern_Pintail/XC1087188-piletGRENTHE_20260307_195302_chunk000.wav,3.0,XC1087188-piletGRENTHE_20260307_195302.wav
Northern_Pintail,XC1087188-piletGRENTHE_20260307_195302,1,data/processed/Northern_Pintail/XC1087188-piletGRENTHE_20260307_195302_chunk001.wav,3.0,XC1087188-piletGRENTHE_20260307_195302.wav
Northern_Pintail,XC1087188-piletGRENTHE_20260307_195302,2,data/processed/Northern_Pintail/XC1087188-piletGRENTHE_20260307_195302_chunk002.wav,3.0,XC1087188-piletGRENTHE_20260307_195302.wav
Northern_Pintail,XC1088012-260310-031407-Pijlstaart,0,data/processed/Northern_Pintail/XC1088012-260310-031407-Pijlstaart_chunk000.wav,3.0,XC1088012-260310-031407-Pijlstaart.wav
Northern_Pintail,XC1088012-260310-031407-Pijlstaart,1,data/processed/Northern_Pintail/XC1088012-260310-031407-Pijlstaart_chunk001.wav,3.0,XC1088012-260310-031407-Pijlstaart.wav
Northern_Pintail,XC1088012-260310-031407-Pijlstaart,2,data/processed/Northern_Pintail/XC1088012-260310-031407-Pijlstaart_chunk002.wav,3.0,XC1088012-260310-031407-Pijlstaart.wav
Northern_Pintail,XC1088012-260310-031407-Pijlstaart,3,data/processed/Northern_Pintail/XC1088012-260310-031407-Pijlstaart_chunk003.wav,3.0,XC1088012-260310-031407-Pijlstaart.wav
Northern_Pintail,XC1088012-260310-031407-Pijlstaart,4,data/processed/Northern_Pintail/XC1088012-260310-031407-Pijlstaart_chunk004.wav,3.0,XC1088012-260310-031407-Pijlstaart.wav
Northern_Pintail,XC1088012-260310-031407-Pijlstaart,5,data/processed/Northern_Pintail/XC1088012-260310-031407-Pijlstaart_chunk005.wav,3.0,XC1088012-260310-031407-Pijlstaart.wav
Northern_Pintail,XC113161-Anas_acuta_Poland_Jarek_Matusiak_20110213-004,0,data/processed/Northern_Pintail/XC113161-Anas_acuta_Poland_Jarek_Matusiak_20110213-004_chunk000.wav,3.0,XC113161-Anas_acuta_Poland_Jarek_Matusiak_20110213-004.mp3
Northern_Pintail,XC113161-Anas_acuta_Poland_Jarek_Matusiak_20110213-004,1,data/processed/Northern_Pintail/XC113161-Anas_acuta_Poland_Jarek_Matusiak_20110213-004_chunk001.wav,3.0,XC113161-Anas_acuta_Poland_Jarek_Matusiak_20110213-004.mp3
Northern_Pintail,XC113161-Anas_acuta_Poland_Jarek_Matusiak_20110213-004,2,data/processed/Northern_Pintail/XC113161-Anas_acuta_Poland_Jarek_Matusiak_20110213-004_chunk002.wav,3.0,XC113161-Anas_acuta_Poland_Jarek_Matusiak_20110213-004.mp3
Northern_Pintail,XC113161-Anas_acuta_Poland_Jarek_Matusiak_20110213-004,3,data/processed/Northern_Pintail/XC113161-Anas_acuta_Poland_Jarek_Matusiak_20110213-004_chunk003.wav,3.0,XC113161-Anas_acuta_Poland_Jarek_Matusiak_20110213-004.mp3
Northern_Pintail,XC113161-Anas_acuta_Poland_Jarek_Matusiak_20110213-004,4,data/processed/Northern_Pintail/XC113161-Anas_acuta_Poland_Jarek_Matusiak_20110213-004_chunk004.wav,3.0,XC113161-Anas_acuta_Poland_Jarek_Matusiak_20110213-004.mp3
Northern_Pintail,XC113161-Anas_acuta_Poland_Jarek_Matusiak_20110213-004,5,data/processed/Northern_Pintail/XC113161-Anas_acuta_Poland_Jarek_Matusiak_20110213-004_chunk005.wav,3.0,XC113161-Anas_acuta_Poland_Jarek_Matusiak_20110213-004.mp3
Northern_Pintail,XC113161-Anas_acuta_Poland_Jarek_Matusiak_20110213-004,6,data/processed/Northern_Pintail/XC113161-Anas_acuta_Poland_Jarek_Matusiak_20110213-004_chunk006.wav,3.0,XC113161-Anas_acuta_Poland_Jarek_Matusiak_20110213-004.mp3
Northern_Pintail,XC113161-Anas_acuta_Poland_Jarek_Matusiak_20110213-004,7,data/processed/Northern_Pintail/XC113161-Anas_acuta_Poland_Jarek_Matusiak_20110213-004_chunk007.wav,3.0,XC113161-Anas_acuta_Poland_Jarek_Matusiak_20110213-004.mp3
Northern_Pintail,XC113161-Anas_acuta_Poland_Jarek_Matusiak_20110213-004,8,data/processed/Northern_Pintail/XC113161-Anas_acuta_Poland_Jarek_Matusiak_20110213-004_chunk008.wav,3.0,XC113161-Anas_acuta_Poland_Jarek_Matusiak_20110213-004.mp3
Northern_Pintail,XC113161-Anas_acuta_Poland_Jarek_Matusiak_20110213-004,9,data/processed/Northern_Pintail/XC113161-Anas_acuta_Poland_Jarek_Matusiak_20110213-004_chunk009.wav,3.0,XC113161-Anas_acuta_Poland_Jarek_Matusiak_20110213-004.mp3
Northern_Pintail,XC113161-Anas_acuta_Poland_Jarek_Matusiak_20110213-004,10,data/processed/Northern_Pintail/XC113161-Anas_acuta_Poland_Jarek_Matusiak_20110213-004_chunk010.wav,3.0,XC113161-Anas_acuta_Poland_Jarek_Matusiak_20110213-004.mp3
Northern_Pintail,XC113161-Anas_acuta_Poland_Jarek_Matusiak_20110213-004,11,data/processed/Northern_Pintail/XC113161-Anas_acuta_Poland_Jarek_Matusiak_20110213-004_chunk011.wav,3.0,XC113161-Anas_acuta_Poland_Jarek_Matusiak_20110213-004.mp3
Northern_Pintail,XC113161-Anas_acuta_Poland_Jarek_Matusiak_20110213-004,12,data/processed/Northern_Pintail/XC113161-Anas_acuta_Poland_Jarek_Matusiak_20110213-004_chunk012.wav,3.0,XC113161-Anas_acuta_Poland_Jarek_Matusiak_20110213-004.mp3
Northern_Pintail,XC113161-Anas_acuta_Poland_Jarek_Matusiak_20110213-004,13,data/processed/Northern_Pintail/XC113161-Anas_acuta_Poland_Jarek_Matusiak_20110213-004_chunk013.wav,3.0,XC113161-Anas_acuta_Poland_Jarek_Matusiak_20110213-004.mp3
Northern_Pintail,XC113161-Anas_acuta_Poland_Jarek_Matusiak_20110213-004,14,data/processed/Northern_Pintail/XC113161-Anas_acuta_Poland_Jarek_Matusiak_20110213-004_chunk014.wav,3.0,XC113161-Anas_acuta_Poland_Jarek_Matusiak_20110213-004.mp3
Northern_Pintail,XC113161-Anas_acuta_Poland_Jarek_Matusiak_20110213-004,15,data/processed/Northern_Pintail/XC113161-Anas_acuta_Poland_Jarek_Matusiak_20110213-004_chunk015.wav,3.0,XC113161-Anas_acuta_Poland_Jarek_Matusiak_20110213-004.mp3
Northern_Pintail,XC113162-Anas_acuta_Poland_Jarek_Matusiak_20121120,0,data/processed/Northern_Pintail/XC113162-Anas_acuta_Poland_Jarek_Matusiak_20121120_chunk000.wav,3.0,XC113162-Anas_acuta_Poland_Jarek_Matusiak_20121120.mp3
Northern_Pintail,XC113162-Anas_acuta_Poland_Jarek_Matusiak_20121120,1,data/processed/Northern_Pintail/XC113162-Anas_acuta_Poland_Jarek_Matusiak_20121120_chunk001.wav,3.0,XC113162-Anas_acuta_Poland_Jarek_Matusiak_20121120.mp3
Northern_Pintail,XC113162-Anas_acuta_Poland_Jarek_Matusiak_20121120,2,data/processed/Northern_Pintail/XC113162-Anas_acuta_Poland_Jarek_Matusiak_20121120_chunk002.wav,3.0,XC113162-Anas_acuta_Poland_Jarek_Matusiak_20121120.mp3
Northern_Pintail,XC113162-Anas_acuta_Poland_Jarek_Matusiak_20121120,3,data/processed/Northern_Pintail/XC113162-Anas_acuta_Poland_Jarek_Matusiak_20121120_chunk003.wav,3.0,XC113162-Anas_acuta_Poland_Jarek_Matusiak_20121120.mp3
Northern_Pintail,XC113162-Anas_acuta_Poland_Jarek_Matusiak_20121120,4,data/processed/Northern_Pintail/XC113162-Anas_acuta_Poland_Jarek_Matusiak_20121120_chunk004.wav,3.0,XC113162-Anas_acuta_Poland_Jarek_Matusiak_20121120.mp3
Northern_Pintail,XC113162-Anas_acuta_Poland_Jarek_Matusiak_20121120,5,data/processed/Northern_Pintail/XC113162-Anas_acuta_Poland_Jarek_Matusiak_20121120_chunk005.wav,3.0,XC113162-Anas_acuta_Poland_Jarek_Matusiak_20121120.mp3
Northern_Pintail,XC113162-Anas_acuta_Poland_Jarek_Matusiak_20121120,6,data/processed/Northern_Pintail/XC113162-Anas_acuta_Poland_Jarek_Matusiak_20121120_chunk006.wav,3.0,XC113162-Anas_acuta_Poland_Jarek_Matusiak_20121120.mp3
Northern_Pintail,XC113162-Anas_acuta_Poland_Jarek_Matusiak_20121120,7,data/processed/Northern_Pintail/XC113162-Anas_acuta_Poland_Jarek_Matusiak_20121120_chunk007.wav,3.0,XC113162-Anas_acuta_Poland_Jarek_Matusiak_20121120.mp3
Northern_Pintail,XC113162-Anas_acuta_Poland_Jarek_Matusiak_20121120,8,data/processed/Northern_Pintail/XC113162-Anas_acuta_Poland_Jarek_Matusiak_20121120_chunk008.wav,3.0,XC113162-Anas_acuta_Poland_Jarek_Matusiak_20121120.mp3
Northern_Pintail,XC113162-Anas_acuta_Poland_Jarek_Matusiak_20121120,9,data/processed/Northern_Pintail/XC113162-Anas_acuta_Poland_Jarek_Matusiak_20121120_chunk009.wav,3.0,XC113162-Anas_acuta_Poland_Jarek_Matusiak_20121120.mp3
Northern_Pintail,XC113162-Anas_acuta_Poland_Jarek_Matusiak_20121120,10,data/processed/Northern_Pintail/XC113162-Anas_acuta_Poland_Jarek_Matusiak_20121120_chunk010.wav,3.0,XC113162-Anas_acuta_Poland_Jarek_Matusiak_20121120.mp3
Northern_Pintail,XC113185-Anas_acuta_Poland_Jarek_Matusiak_20110312-031,0,data/processed/Northern_Pintail/XC113185-Anas_acuta_Poland_Jarek_Matusiak_20110312-031_chunk000.wav,3.0,XC113185-Anas_acuta_Poland_Jarek_Matusiak_20110312-031.mp3
Northern_Pintail,XC113185-Anas_acuta_Poland_Jarek_Matusiak_20110312-031,1,data/processed/Northern_Pintail/XC113185-Anas_acuta_Poland_Jarek_Matusiak_20110312-031_chunk001.wav,3.0,XC113185-Anas_acuta_Poland_Jarek_Matusiak_20110312-031.mp3
Northern_Pintail,XC113185-Anas_acuta_Poland_Jarek_Matusiak_20110312-031,2,data/processed/Northern_Pintail/XC113185-Anas_acuta_Poland_Jarek_Matusiak_20110312-031_chunk002.wav,3.0,XC113185-Anas_acuta_Poland_Jarek_Matusiak_20110312-031.mp3
Northern_Pintail,XC161348-Northern,0,data/processed/Northern_Pintail/XC161348-Northern_chunk000.wav,3.0,"XC161348-Northern Pintail all calls, two dozen with 80 percent male -FL, Blackpoint, MINWR, December 17, 2013, 0917 AM.mp3"
Northern_Pintail,XC161348-Northern,1,data/processed/Northern_Pintail/XC161348-Northern_chunk001.wav,3.0,"XC161348-Northern Pintail all calls, two dozen with 80 percent male -FL, Blackpoint, MINWR, December 17, 2013, 0917 AM.mp3"
Northern_Pintail,XC161348-Northern,2,data/processed/Northern_Pintail/XC161348-Northern_chunk002.wav,3.0,"XC161348-Northern Pintail all calls, two dozen with 80 percent male -FL, Blackpoint, MINWR, December 17, 2013, 0917 AM.mp3"
Northern_Pintail,XC161348-Northern,3,data/processed/Northern_Pintail/XC161348-Northern_chunk003.wav,3.0,"XC161348-Northern Pintail all calls, two dozen with 80 percent male -FL, Blackpoint, MINWR, December 17, 2013, 0917 AM.mp3"
Northern_Pintail,XC161348-Northern,4,data/processed/Northern_Pintail/XC161348-Northern_chunk004.wav,3.0,"XC161348-Northern Pintail all calls, two dozen with 80 percent male -FL, Blackpoint, MINWR, December 17, 2013, 0917 AM.mp3"
Northern_Pintail,XC161348-Northern,5,data/processed/Northern_Pintail/XC161348-Northern_chunk005.wav,3.0,"XC161348-Northern Pintail all calls, two dozen with 80 percent male -FL, Blackpoint, MINWR, December 17, 2013, 0917 AM.mp3"
Northern_Pintail,XC161348-Northern,6,data/processed/Northern_Pintail/XC161348-Northern_chunk006.wav,3.0,"XC161348-Northern Pintail all calls, two dozen with 80 percent male -FL, Blackpoint, MINWR, December 17, 2013, 0917 AM.mp3"
Northern_Pintail,XC161348-Northern,7,data/processed/Northern_Pintail/XC161348-Northern_chunk007.wav,3.0,"XC161348-Northern Pintail all calls, two dozen with 80 percent male -FL, Blackpoint, MINWR, December 17, 2013, 0917 AM.mp3"
Northern_Pintail,XC161348-Northern,8,data/processed/Northern_Pintail/XC161348-Northern_chunk008.wav,3.0,"XC161348-Northern Pintail all calls, two dozen with 80 percent male -FL, Blackpoint, MINWR, December 17, 2013, 0917 AM.mp3"
Northern_Pintail,XC161348-Northern,9,data/processed/Northern_Pintail/XC161348-Northern_chunk009.wav,3.0,"XC161348-Northern Pintail all calls, two dozen with 80 percent male -FL, Blackpoint, MINWR, December 17, 2013, 0917 AM.mp3"
Northern_Pintail,XC161348-Northern,10,data/processed/Northern_Pintail/XC161348-Northern_chunk010.wav,3.0,"XC161348-Northern Pintail all calls, two dozen with 80 percent male -FL, Blackpoint, MINWR, December 17, 2013, 0917 AM.mp3"
Northern_Pintail,XC161348-Northern,11,data/processed/Northern_Pintail/XC161348-Northern_chunk011.wav,3.0,"XC161348-Northern Pintail all calls, two dozen with 80 percent male -FL, Blackpoint, MINWR, December 17, 2013, 0917 AM.mp3"
Northern_Pintail,XC161348-Northern,12,data/processed/Northern_Pintail/XC161348-Northern_chunk012.wav,3.0,"XC161348-Northern Pintail all calls, two dozen with 80 percent male -FL, Blackpoint, MINWR, December 17, 2013, 0917 AM.mp3"
Northern_Pintail,XC161348-Northern,13,data/processed/Northern_Pintail/XC161348-Northern_chunk013.wav,3.0,"XC161348-Northern Pintail all calls, two dozen with 80 percent male -FL, Blackpoint, MINWR, December 17, 2013, 0917 AM.mp3"
Northern_Pintail,XC161348-Northern,14,data/processed/Northern_Pintail/XC161348-Northern_chunk014.wav,3.0,"XC161348-Northern Pintail all calls, two dozen with 80 percent male -FL, Blackpoint, MINWR, December 17, 2013, 0917 AM.mp3"
Northern_Pintail,XC161348-Northern,15,data/processed/Northern_Pintail/XC161348-Northern_chunk015.wav,3.0,"XC161348-Northern Pintail all calls, two dozen with 80 percent male -FL, Blackpoint, MINWR, December 17, 2013, 0917 AM.mp3"
Northern_Pintail,XC161348-Northern,16,data/processed/Northern_Pintail/XC161348-Northern_chunk016.wav,3.0,"XC161348-Northern Pintail all calls, two dozen with 80 percent male -FL, Blackpoint, MINWR, December 17, 2013, 0917 AM.mp3"
Northern_Pintail,XC161348-Northern,17,data/processed/Northern_Pintail/XC161348-Northern_chunk017.wav,3.0,"XC161348-Northern Pintail all calls, two dozen with 80 percent male -FL, Blackpoint, MINWR, December 17, 2013, 0917 AM.mp3"
Northern_Pintail,XC161348-Northern,18,data/processed/Northern_Pintail/XC161348-Northern_chunk018.wav,3.0,"XC161348-Northern Pintail all calls, two dozen with 80 percent male -FL, Blackpoint, MINWR, December 17, 2013, 0917 AM.mp3"
Northern_Pintail,XC161348-Northern,19,data/processed/Northern_Pintail/XC161348-Northern_chunk019.wav,3.0,"XC161348-Northern Pintail all calls, two dozen with 80 percent male -FL, Blackpoint, MINWR, December 17, 2013, 0917 AM.mp3"
Northern_Pintail,XC161348-Northern,20,data/processed/Northern_Pintail/XC161348-Northern_chunk020.wav,3.0,"XC161348-Northern Pintail all calls, two dozen with 80 percent male -FL, Blackpoint, MINWR, December 17, 2013, 0917 AM.mp3"
Northern_Pintail,XC161348-Northern,21,data/processed/Northern_Pintail/XC161348-Northern_chunk021.wav,3.0,"XC161348-Northern Pintail all calls, two dozen with 80 percent male -FL, Blackpoint, MINWR, December 17, 2013, 0917 AM.mp3"
Northern_Pintail,XC161348-Northern,22,data/processed/Northern_Pintail/XC161348-Northern_chunk022.wav,3.0,"XC161348-Northern Pintail all calls, two dozen with 80 percent male -FL, Blackpoint, MINWR, December 17, 2013, 0917 AM.mp3"
Northern_Pintail,XC161348-Northern,23,data/processed/Northern_Pintail/XC161348-Northern_chunk023.wav,3.0,"XC161348-Northern Pintail all calls, two dozen with 80 percent male -FL, Blackpoint, MINWR, December 17, 2013, 0917 AM.mp3"
Northern_Pintail,XC161348-Northern,24,data/processed/Northern_Pintail/XC161348-Northern_chunk024.wav,3.0,"XC161348-Northern Pintail all calls, two dozen with 80 percent male -FL, Blackpoint, MINWR, December 17, 2013, 0917 AM.mp3"
Northern_Pintail,XC161348-Northern,25,data/processed/Northern_Pintail/XC161348-Northern_chunk025.wav,3.0,"XC161348-Northern Pintail all calls, two dozen with 80 percent male -FL, Blackpoint, MINWR, December 17, 2013, 0917 AM.mp3"
Northern_Pintail,XC161348-Northern,26,data/processed/Northern_Pintail/XC161348-Northern_chunk026.wav,3.0,"XC161348-Northern Pintail all calls, two dozen with 80 percent male -FL, Blackpoint, MINWR, December 17, 2013, 0917 AM.mp3"
Northern_Pintail,XC161348-Northern,27,data/processed/Northern_Pintail/XC161348-Northern_chunk027.wav,3.0,"XC161348-Northern Pintail all calls, two dozen with 80 percent male -FL, Blackpoint, MINWR, December 17, 2013, 0917 AM.mp3"
Northern_Pintail,XC161348-Northern,28,data/processed/Northern_Pintail/XC161348-Northern_chunk028.wav,3.0,"XC161348-Northern Pintail all calls, two dozen with 80 percent male -FL, Blackpoint, MINWR, December 17, 2013, 0917 AM.mp3"
Northern_Pintail,XC161348-Northern,29,data/processed/Northern_Pintail/XC161348-Northern_chunk029.wav,3.0,"XC161348-Northern Pintail all calls, two dozen with 80 percent male -FL, Blackpoint, MINWR, December 17, 2013, 0917 AM.mp3"
Northern_Pintail,XC161348-Northern,30,data/processed/Northern_Pintail/XC161348-Northern_chunk030.wav,3.0,"XC161348-Northern Pintail all calls, two dozen with 80 percent male -FL, Blackpoint, MINWR, December 17, 2013, 0917 AM.mp3"
Northern_Pintail,XC161348-Northern,31,data/processed/Northern_Pintail/XC161348-Northern_chunk031.wav,3.0,"XC161348-Northern Pintail all calls, two dozen with 80 percent male -FL, Blackpoint, MINWR, December 17, 2013, 0917 AM.mp3"
Northern_Pintail,XC161348-Northern,32,data/processed/Northern_Pintail/XC161348-Northern_chunk032.wav,3.0,"XC161348-Northern Pintail all calls, two dozen with 80 percent male -FL, Blackpoint, MINWR, December 17, 2013, 0917 AM.mp3"
Northern_Pintail,XC161348-Northern,33,data/processed/Northern_Pintail/XC161348-Northern_chunk033.wav,3.0,"XC161348-Northern Pintail all calls, two dozen with 80 percent male -FL, Blackpoint, MINWR, December 17, 2013, 0917 AM.mp3"
Northern_Pintail,XC161348-Northern,34,data/processed/Northern_Pintail/XC161348-Northern_chunk034.wav,3.0,"XC161348-Northern Pintail all calls, two dozen with 80 percent male -FL, Blackpoint, MINWR, December 17, 2013, 0917 AM.mp3"
Northern_Pintail,XC161348-Northern,35,data/processed/Northern_Pintail/XC161348-Northern_chunk035.wav,3.0,"XC161348-Northern Pintail all calls, two dozen with 80 percent male -FL, Blackpoint, MINWR, December 17, 2013, 0917 AM.mp3"
Northern_Pintail,XC161348-Northern,36,data/processed/Northern_Pintail/XC161348-Northern_chunk036.wav,3.0,"XC161348-Northern Pintail all calls, two dozen with 80 percent male -FL, Blackpoint, MINWR, December 17, 2013, 0917 AM.mp3"
Northern_Pintail,XC161348-Northern,37,data/processed/Northern_Pintail/XC161348-Northern_chunk037.wav,3.0,"XC161348-Northern Pintail all calls, two dozen with 80 percent male -FL, Blackpoint, MINWR, December 17, 2013, 0917 AM.mp3"
Northern_Pintail,XC161348-Northern,38,data/processed/Northern_Pintail/XC161348-Northern_chunk038.wav,3.0,"XC161348-Northern Pintail all calls, two dozen with 80 percent male -FL, Blackpoint, MINWR, December 17, 2013, 0917 AM.mp3"
Northern_Pintail,XC161348-Northern,39,data/processed/Northern_Pintail/XC161348-Northern_chunk039.wav,3.0,"XC161348-Northern Pintail all calls, two dozen with 80 percent male -FL, Blackpoint, MINWR, December 17, 2013, 0917 AM.mp3"
Northern_Pintail,XC161348-Northern,40,data/processed/Northern_Pintail/XC161348-Northern_chunk040.wav,3.0,"XC161348-Northern Pintail all calls, two dozen with 80 percent male -FL, Blackpoint, MINWR, December 17, 2013, 0917 AM.mp3"
Northern_Pintail,XC161348-Northern,41,data/processed/Northern_Pintail/XC161348-Northern_chunk041.wav,3.0,"XC161348-Northern Pintail all calls, two dozen with 80 percent male -FL, Blackpoint, MINWR, December 17, 2013, 0917 AM.mp3"
Northern_Pintail,XC161348-Northern,42,data/processed/Northern_Pintail/XC161348-Northern_chunk042.wav,3.0,"XC161348-Northern Pintail all calls, two dozen with 80 percent male -FL, Blackpoint, MINWR, December 17, 2013, 0917 AM.mp3"
Northern_Pintail,XC161348-Northern,43,data/processed/Northern_Pintail/XC161348-Northern_chunk043.wav,3.0,"XC161348-Northern Pintail all calls, two dozen with 80 percent male -FL, Blackpoint, MINWR, December 17, 2013, 0917 AM.mp3"
Northern_Pintail,XC161348-Northern,44,data/processed/Northern_Pintail/XC161348-Northern_chunk044.wav,3.0,"XC161348-Northern Pintail all calls, two dozen with 80 percent male -FL, Blackpoint, MINWR, December 17, 2013, 0917 AM.mp3"
Northern_Pintail,XC161348-Northern,45,data/processed/Northern_Pintail/XC161348-Northern_chunk045.wav,3.0,"XC161348-Northern Pintail all calls, two dozen with 80 percent male -FL, Blackpoint, MINWR, December 17, 2013, 0917 AM.mp3"
Northern_Pintail,XC161348-Northern,46,data/processed/Northern_Pintail/XC161348-Northern_chunk046.wav,3.0,"XC161348-Northern Pintail all calls, two dozen with 80 percent male -FL, Blackpoint, MINWR, December 17, 2013, 0917 AM.mp3"
Northern_Pintail,XC161348-Northern,47,data/processed/Northern_Pintail/XC161348-Northern_chunk047.wav,3.0,"XC161348-Northern Pintail all calls, two dozen with 80 percent male -FL, Blackpoint, MINWR, December 17, 2013, 0917 AM.mp3"
Northern_Pintail,XC161348-Northern,48,data/processed/Northern_Pintail/XC161348-Northern_chunk048.wav,3.0,"XC161348-Northern Pintail all calls, two dozen with 80 percent male -FL, Blackpoint, MINWR, December 17, 2013, 0917 AM.mp3"
Northern_Pintail,XC161348-Northern,49,data/processed/Northern_Pintail/XC161348-Northern_chunk049.wav,3.0,"XC161348-Northern Pintail all calls, two dozen with 80 percent male -FL, Blackpoint, MINWR, December 17, 2013, 0917 AM.mp3"
Northern_Pintail,XC161348-Northern,50,data/processed/Northern_Pintail/XC161348-Northern_chunk050.wav,3.0,"XC161348-Northern Pintail all calls, two dozen with 80 percent male -FL, Blackpoint, MINWR, December 17, 2013, 0917 AM.mp3"
Northern_Pintail,XC161348-Northern,51,data/processed/Northern_Pintail/XC161348-Northern_chunk051.wav,3.0,"XC161348-Northern Pintail all calls, two dozen with 80 percent male -FL, Blackpoint, MINWR, December 17, 2013, 0917 AM.mp3"
Northern_Pintail,XC161348-Northern,52,data/processed/Northern_Pintail/XC161348-Northern_chunk052.wav,3.0,"XC161348-Northern Pintail all calls, two dozen with 80 percent male -FL, Blackpoint, MINWR, December 17, 2013, 0917 AM.mp3"
Northern_Pintail,XC161348-Northern,53,data/processed/Northern_Pintail/XC161348-Northern_chunk053.wav,3.0,"XC161348-Northern Pintail all calls, two dozen with 80 percent male -FL, Blackpoint, MINWR, December 17, 2013, 0917 AM.mp3"
Northern_Pintail,XC161348-Northern,54,data/processed/Northern_Pintail/XC161348-Northern_chunk054.wav,3.0,"XC161348-Northern Pintail all calls, two dozen with 80 percent male -FL, Blackpoint, MINWR, December 17, 2013, 0917 AM.mp3"
Northern_Pintail,XC161348-Northern,55,data/processed/Northern_Pintail/XC161348-Northern_chunk055.wav,3.0,"XC161348-Northern Pintail all calls, two dozen with 80 percent male -FL, Blackpoint, MINWR, December 17, 2013, 0917 AM.mp3"
Northern_Pintail,XC161348-Northern,56,data/processed/Northern_Pintail/XC161348-Northern_chunk056.wav,3.0,"XC161348-Northern Pintail all calls, two dozen with 80 percent male -FL, Blackpoint, MINWR, December 17, 2013, 0917 AM.mp3"
Northern_Pintail,XC161348-Northern,57,data/processed/Northern_Pintail/XC161348-Northern_chunk057.wav,3.0,"XC161348-Northern Pintail all calls, two dozen with 80 percent male -FL, Blackpoint, MINWR, December 17, 2013, 0917 AM.mp3"
Northern_Pintail,XC161348-Northern,58,data/processed/Northern_Pintail/XC161348-Northern_chunk058.wav,3.0,"XC161348-Northern Pintail all calls, two dozen with 80 percent male -FL, Blackpoint, MINWR, December 17, 2013, 0917 AM.mp3"
Northern_Pintail,XC161348-Northern,59,data/processed/Northern_Pintail/XC161348-Northern_chunk059.wav,3.0,"XC161348-Northern Pintail all calls, two dozen with 80 percent male -FL, Blackpoint, MINWR, December 17, 2013, 0917 AM.mp3"
Northern_Pintail,XC161348-Northern,60,data/processed/Northern_Pintail/XC161348-Northern_chunk060.wav,3.0,"XC161348-Northern Pintail all calls, two dozen with 80 percent male -FL, Blackpoint, MINWR, December 17, 2013, 0917 AM.mp3"
Northern_Pintail,XC161348-Northern,61,data/processed/Northern_Pintail/XC161348-Northern_chunk061.wav,3.0,"XC161348-Northern Pintail all calls, two dozen with 80 percent male -FL, Blackpoint, MINWR, December 17, 2013, 0917 AM.mp3"
Northern_Pintail,XC161349-Northern,0,data/processed/Northern_Pintail/XC161349-Northern_chunk000.wav,3.0,"XC161349-Northern Pintail all calls, two dozen with 80 percent male -FL, Blackpoint, MINWR, December 17, 2013, 0928 AM.mp3"
Northern_Pintail,XC161349-Northern,1,data/processed/Northern_Pintail/XC161349-Northern_chunk001.wav,3.0,"XC161349-Northern Pintail all calls, two dozen with 80 percent male -FL, Blackpoint, MINWR, December 17, 2013, 0928 AM.mp3"
Northern_Pintail,XC161349-Northern,2,data/processed/Northern_Pintail/XC161349-Northern_chunk002.wav,3.0,"XC161349-Northern Pintail all calls, two dozen with 80 percent male -FL, Blackpoint, MINWR, December 17, 2013, 0928 AM.mp3"
Northern_Pintail,XC161349-Northern,3,data/processed/Northern_Pintail/XC161349-Northern_chunk003.wav,3.0,"XC161349-Northern Pintail all calls, two dozen with 80 percent male -FL, Blackpoint, MINWR, December 17, 2013, 0928 AM.mp3"
Northern_Pintail,XC161349-Northern,4,data/processed/Northern_Pintail/XC161349-Northern_chunk004.wav,3.0,"XC161349-Northern Pintail all calls, two dozen with 80 percent male -FL, Blackpoint, MINWR, December 17, 2013, 0928 AM.mp3"
Northern_Pintail,XC161349-Northern,5,data/processed/Northern_Pintail/XC161349-Northern_chunk005.wav,3.0,"XC161349-Northern Pintail all calls, two dozen with 80 percent male -FL, Blackpoint, MINWR, December 17, 2013, 0928 AM.mp3"
Northern_Pintail,XC161349-Northern,6,data/processed/Northern_Pintail/XC161349-Northern_chunk006.wav,3.0,"XC161349-Northern Pintail all calls, two dozen with 80 percent male -FL, Blackpoint, MINWR, December 17, 2013, 0928 AM.mp3"
Northern_Pintail,XC161349-Northern,7,data/processed/Northern_Pintail/XC161349-Northern_chunk007.wav,3.0,"XC161349-Northern Pintail all calls, two dozen with 80 percent male -FL, Blackpoint, MINWR, December 17, 2013, 0928 AM.mp3"
Northern_Pintail,XC161349-Northern,8,data/processed/Northern_Pintail/XC161349-Northern_chunk008.wav,3.0,"XC161349-Northern Pintail all calls, two dozen with 80 percent male -FL, Blackpoint, MINWR, December 17, 2013, 0928 AM.mp3"
Northern_Pintail,XC161349-Northern,9,data/processed/Northern_Pintail/XC161349-Northern_chunk009.wav,3.0,"XC161349-Northern Pintail all calls, two dozen with 80 percent male -FL, Blackpoint, MINWR, December 17, 2013, 0928 AM.mp3"
Northern_Pintail,XC161349-Northern,10,data/processed/Northern_Pintail/XC161349-Northern_chunk010.wav,3.0,"XC161349-Northern Pintail all calls, two dozen with 80 percent male -FL, Blackpoint, MINWR, December 17, 2013, 0928 AM.mp3"
Northern_Pintail,XC161349-Northern,11,data/processed/Northern_Pintail/XC161349-Northern_chunk011.wav,3.0,"XC161349-Northern Pintail all calls, two dozen with 80 percent male -FL, Blackpoint, MINWR, December 17, 2013, 0928 AM.mp3"
Northern_Pintail,XC161349-Northern,12,data/processed/Northern_Pintail/XC161349-Northern_chunk012.wav,3.0,"XC161349-Northern Pintail all calls, two dozen with 80 percent male -FL, Blackpoint, MINWR, December 17, 2013, 0928 AM.mp3"
Northern_Pintail,XC161349-Northern,13,data/processed/Northern_Pintail/XC161349-Northern_chunk013.wav,3.0,"XC161349-Northern Pintail all calls, two dozen with 80 percent male -FL, Blackpoint, MINWR, December 17, 2013, 0928 AM.mp3"
Northern_Pintail,XC161349-Northern,14,data/processed/Northern_Pintail/XC161349-Northern_chunk014.wav,3.0,"XC161349-Northern Pintail all calls, two dozen with 80 percent male -FL, Blackpoint, MINWR, December 17, 2013, 0928 AM.mp3"
Northern_Pintail,XC161349-Northern,15,data/processed/Northern_Pintail/XC161349-Northern_chunk015.wav,3.0,"XC161349-Northern Pintail all calls, two dozen with 80 percent male -FL, Blackpoint, MINWR, December 17, 2013, 0928 AM.mp3"
Northern_Pintail,XC161349-Northern,16,data/processed/Northern_Pintail/XC161349-Northern_chunk016.wav,3.0,"XC161349-Northern Pintail all calls, two dozen with 80 percent male -FL, Blackpoint, MINWR, December 17, 2013, 0928 AM.mp3"
Northern_Pintail,XC161349-Northern,17,data/processed/Northern_Pintail/XC161349-Northern_chunk017.wav,3.0,"XC161349-Northern Pintail all calls, two dozen with 80 percent male -FL, Blackpoint, MINWR, December 17, 2013, 0928 AM.mp3"
Northern_Pintail,XC161349-Northern,18,data/processed/Northern_Pintail/XC161349-Northern_chunk018.wav,3.0,"XC161349-Northern Pintail all calls, two dozen with 80 percent male -FL, Blackpoint, MINWR, December 17, 2013, 0928 AM.mp3"
Northern_Pintail,XC161349-Northern,19,data/processed/Northern_Pintail/XC161349-Northern_chunk019.wav,3.0,"XC161349-Northern Pintail all calls, two dozen with 80 percent male -FL, Blackpoint, MINWR, December 17, 2013, 0928 AM.mp3"
Northern_Pintail,XC161349-Northern,20,data/processed/Northern_Pintail/XC161349-Northern_chunk020.wav,3.0,"XC161349-Northern Pintail all calls, two dozen with 80 percent male -FL, Blackpoint, MINWR, December 17, 2013, 0928 AM.mp3"
Northern_Pintail,XC161349-Northern,21,data/processed/Northern_Pintail/XC161349-Northern_chunk021.wav,3.0,"XC161349-Northern Pintail all calls, two dozen with 80 percent male -FL, Blackpoint, MINWR, December 17, 2013, 0928 AM.mp3"
Northern_Pintail,XC161349-Northern,22,data/processed/Northern_Pintail/XC161349-Northern_chunk022.wav,3.0,"XC161349-Northern Pintail all calls, two dozen with 80 percent male -FL, Blackpoint, MINWR, December 17, 2013, 0928 AM.mp3"
Northern_Pintail,XC161349-Northern,23,data/processed/Northern_Pintail/XC161349-Northern_chunk023.wav,3.0,"XC161349-Northern Pintail all calls, two dozen with 80 percent male -FL, Blackpoint, MINWR, December 17, 2013, 0928 AM.mp3"
Northern_Pintail,XC161349-Northern,24,data/processed/Northern_Pintail/XC161349-Northern_chunk024.wav,3.0,"XC161349-Northern Pintail all calls, two dozen with 80 percent male -FL, Blackpoint, MINWR, December 17, 2013, 0928 AM.mp3"
Northern_Pintail,XC161349-Northern,25,data/processed/Northern_Pintail/XC161349-Northern_chunk025.wav,3.0,"XC161349-Northern Pintail all calls, two dozen with 80 percent male -FL, Blackpoint, MINWR, December 17, 2013, 0928 AM.mp3"
Northern_Pintail,XC161349-Northern,26,data/processed/Northern_Pintail/XC161349-Northern_chunk026.wav,3.0,"XC161349-Northern Pintail all calls, two dozen with 80 percent male -FL, Blackpoint, MINWR, December 17, 2013, 0928 AM.mp3"
Northern_Pintail,XC161349-Northern,27,data/processed/Northern_Pintail/XC161349-Northern_chunk027.wav,3.0,"XC161349-Northern Pintail all calls, two dozen with 80 percent male -FL, Blackpoint, MINWR, December 17, 2013, 0928 AM.mp3"
Northern_Pintail,XC161349-Northern,28,data/processed/Northern_Pintail/XC161349-Northern_chunk028.wav,3.0,"XC161349-Northern Pintail all calls, two dozen with 80 percent male -FL, Blackpoint, MINWR, December 17, 2013, 0928 AM.mp3"
Northern_Pintail,XC161349-Northern,29,data/processed/Northern_Pintail/XC161349-Northern_chunk029.wav,3.0,"XC161349-Northern Pintail all calls, two dozen with 80 percent male -FL, Blackpoint, MINWR, December 17, 2013, 0928 AM.mp3"
Northern_Pintail,XC161349-Northern,30,data/processed/Northern_Pintail/XC161349-Northern_chunk030.wav,3.0,"XC161349-Northern Pintail all calls, two dozen with 80 percent male -FL, Blackpoint, MINWR, December 17, 2013, 0928 AM.mp3"
Northern_Pintail,XC161349-Northern,31,data/processed/Northern_Pintail/XC161349-Northern_chunk031.wav,3.0,"XC161349-Northern Pintail all calls, two dozen with 80 percent male -FL, Blackpoint, MINWR, December 17, 2013, 0928 AM.mp3"
Northern_Pintail,XC161349-Northern,32,data/processed/Northern_Pintail/XC161349-Northern_chunk032.wav,3.0,"XC161349-Northern Pintail all calls, two dozen with 80 percent male -FL, Blackpoint, MINWR, December 17, 2013, 0928 AM.mp3"
Northern_Pintail,XC161349-Northern,33,data/processed/Northern_Pintail/XC161349-Northern_chunk033.wav,3.0,"XC161349-Northern Pintail all calls, two dozen with 80 percent male -FL, Blackpoint, MINWR, December 17, 2013, 0928 AM.mp3"
Northern_Pintail,XC161349-Northern,34,data/processed/Northern_Pintail/XC161349-Northern_chunk034.wav,3.0,"XC161349-Northern Pintail all calls, two dozen with 80 percent male -FL, Blackpoint, MINWR, December 17, 2013, 0928 AM.mp3"
Northern_Pintail,XC161349-Northern,35,data/processed/Northern_Pintail/XC161349-Northern_chunk035.wav,3.0,"XC161349-Northern Pintail all calls, two dozen with 80 percent male -FL, Blackpoint, MINWR, December 17, 2013, 0928 AM.mp3"
Northern_Pintail,XC161349-Northern,36,data/processed/Northern_Pintail/XC161349-Northern_chunk036.wav,3.0,"XC161349-Northern Pintail all calls, two dozen with 80 percent male -FL, Blackpoint, MINWR, December 17, 2013, 0928 AM.mp3"
Northern_Pintail,XC161349-Northern,37,data/processed/Northern_Pintail/XC161349-Northern_chunk037.wav,3.0,"XC161349-Northern Pintail all calls, two dozen with 80 percent male -FL, Blackpoint, MINWR, December 17, 2013, 0928 AM.mp3"
Northern_Pintail,XC161349-Northern,38,data/processed/Northern_Pintail/XC161349-Northern_chunk038.wav,3.0,"XC161349-Northern Pintail all calls, two dozen with 80 percent male -FL, Blackpoint, MINWR, December 17, 2013, 0928 AM.mp3"
Northern_Pintail,XC161349-Northern,39,data/processed/Northern_Pintail/XC161349-Northern_chunk039.wav,3.0,"XC161349-Northern Pintail all calls, two dozen with 80 percent male -FL, Blackpoint, MINWR, December 17, 2013, 0928 AM.mp3"
Northern_Pintail,XC161349-Northern,40,data/processed/Northern_Pintail/XC161349-Northern_chunk040.wav,3.0,"XC161349-Northern Pintail all calls, two dozen with 80 percent male -FL, Blackpoint, MINWR, December 17, 2013, 0928 AM.mp3"
Northern_Pintail,XC161349-Northern,41,data/processed/Northern_Pintail/XC161349-Northern_chunk041.wav,3.0,"XC161349-Northern Pintail all calls, two dozen with 80 percent male -FL, Blackpoint, MINWR, December 17, 2013, 0928 AM.mp3"
Northern_Pintail,XC161349-Northern,42,data/processed/Northern_Pintail/XC161349-Northern_chunk042.wav,3.0,"XC161349-Northern Pintail all calls, two dozen with 80 percent male -FL, Blackpoint, MINWR, December 17, 2013, 0928 AM.mp3"
Northern_Pintail,XC161349-Northern,43,data/processed/Northern_Pintail/XC161349-Northern_chunk043.wav,3.0,"XC161349-Northern Pintail all calls, two dozen with 80 percent male -FL, Blackpoint, MINWR, December 17, 2013, 0928 AM.mp3"
Northern_Pintail,XC276915-Anas_acuta-FL,0,data/processed/Northern_Pintail/XC276915-Anas_acuta-FL_chunk000.wav,3.0,XC276915-Anas_acuta-FL flight GasWellRd Barrow 13Jun 0.42am LS117108b.mp3
Northern_Pintail,XC276915-Anas_acuta-FL,1,data/processed/Northern_Pintail/XC276915-Anas_acuta-FL_chunk001.wav,3.0,XC276915-Anas_acuta-FL flight GasWellRd Barrow 13Jun 0.42am LS117108b.mp3
Northern_Pintail,XC276915-Anas_acuta-FL,2,data/processed/Northern_Pintail/XC276915-Anas_acuta-FL_chunk002.wav,3.0,XC276915-Anas_acuta-FL flight GasWellRd Barrow 13Jun 0.42am LS117108b.mp3
Northern_Pintail,XC381982-170607_0049,0,data/processed/Northern_Pintail/XC381982-170607_0049_chunk000.wav,3.0,XC381982-170607_0049 Spidsand Red.mp3
Northern_Pintail,XC381982-170607_0049,1,data/processed/Northern_Pintail/XC381982-170607_0049_chunk001.wav,3.0,XC381982-170607_0049 Spidsand Red.mp3
Northern_Pintail,XC381982-170607_0049,2,data/processed/Northern_Pintail/XC381982-170607_0049_chunk002.wav,3.0,XC381982-170607_0049 Spidsand Red.mp3
Northern_Pintail,XC381982-170607_0049,3,data/processed/Northern_Pintail/XC381982-170607_0049_chunk003.wav,3.0,XC381982-170607_0049 Spidsand Red.mp3
Northern_Pintail,XC381982-170607_0049,4,data/processed/Northern_Pintail/XC381982-170607_0049_chunk004.wav,3.0,XC381982-170607_0049 Spidsand Red.mp3
Northern_Pintail,XC429351-pijlstaarten,0,data/processed/Northern_Pintail/XC429351-pijlstaarten_chunk000.wav,3.0,XC429351-pijlstaarten 14-3-2018 2h30.mp3
Northern_Pintail,XC429351-pijlstaarten,1,data/processed/Northern_Pintail/XC429351-pijlstaarten_chunk001.wav,3.0,XC429351-pijlstaarten 14-3-2018 2h30.mp3
Northern_Pintail,XC429351-pijlstaarten,2,data/processed/Northern_Pintail/XC429351-pijlstaarten_chunk002.wav,3.0,XC429351-pijlstaarten 14-3-2018 2h30.mp3
Northern_Pintail,XC432787-2018-08-16,0,data/processed/Northern_Pintail/XC432787-2018-08-16_chunk000.wav,3.0,XC432787-2018-08-16 Stokkseyri - Bingvellir 180816 Canard sp pilet h.mp3
Northern_Pintail,XC432787-2018-08-16,1,data/processed/Northern_Pintail/XC432787-2018-08-16_chunk001.wav,3.0,XC432787-2018-08-16 Stokkseyri - Bingvellir 180816 Canard sp pilet h.mp3
Northern_Pintail,XC432787-2018-08-16,2,data/processed/Northern_Pintail/XC432787-2018-08-16_chunk002.wav,3.0,XC432787-2018-08-16 Stokkseyri - Bingvellir 180816 Canard sp pilet h.mp3
Northern_Pintail,XC432787-2018-08-16,3,data/processed/Northern_Pintail/XC432787-2018-08-16_chunk003.wav,3.0,XC432787-2018-08-16 Stokkseyri - Bingvellir 180816 Canard sp pilet h.mp3
Northern_Pintail,XC456275-Pintail,0,data/processed/Northern_Pintail/XC456275-Pintail_chunk000.wav,3.0,XC456275-Pintail call very good 2019 02 09 Slimbridge WWT_1017_short.mp3
Northern_Pintail,XC456275-Pintail,1,data/processed/Northern_Pintail/XC456275-Pintail_chunk001.wav,3.0,XC456275-Pintail call very good 2019 02 09 Slimbridge WWT_1017_short.mp3
Northern_Pintail,XC456275-Pintail,2,data/processed/Northern_Pintail/XC456275-Pintail_chunk002.wav,3.0,XC456275-Pintail call very good 2019 02 09 Slimbridge WWT_1017_short.mp3
Northern_Pintail,XC456275-Pintail,3,data/processed/Northern_Pintail/XC456275-Pintail_chunk003.wav,3.0,XC456275-Pintail call very good 2019 02 09 Slimbridge WWT_1017_short.mp3
Northern_Pintail,XC456275-Pintail,4,data/processed/Northern_Pintail/XC456275-Pintail_chunk004.wav,3.0,XC456275-Pintail call very good 2019 02 09 Slimbridge WWT_1017_short.mp3
Northern_Pintail,XC610280-OCB_407806_B5_20190523_000000_NOPI,0,data/processed/Northern_Pintail/XC610280-OCB_407806_B5_20190523_000000_NOPI_chunk000.wav,3.0,XC610280-OCB_407806_B5_20190523_000000_NOPI.mp3
Northern_Pintail,XC610280-OCB_407806_B5_20190523_000000_NOPI,1,data/processed/Northern_Pintail/XC610280-OCB_407806_B5_20190523_000000_NOPI_chunk001.wav,3.0,XC610280-OCB_407806_B5_20190523_000000_NOPI.mp3
Northern_Pintail,XC610280-OCB_407806_B5_20190523_000000_NOPI,2,data/processed/Northern_Pintail/XC610280-OCB_407806_B5_20190523_000000_NOPI_chunk002.wav,3.0,XC610280-OCB_407806_B5_20190523_000000_NOPI.mp3
Northern_Pintail,XC610280-OCB_407806_B5_20190523_000000_NOPI,3,data/processed/Northern_Pintail/XC610280-OCB_407806_B5_20190523_000000_NOPI_chunk003.wav,3.0,XC610280-OCB_407806_B5_20190523_000000_NOPI.mp3
Northern_Pintail,XC610280-OCB_407806_B5_20190523_000000_NOPI,4,data/processed/Northern_Pintail/XC610280-OCB_407806_B5_20190523_000000_NOPI_chunk004.wav,3.0,XC610280-OCB_407806_B5_20190523_000000_NOPI.mp3
Northern_Pintail,XC610280-OCB_407806_B5_20190523_000000_NOPI,5,data/processed/Northern_Pintail/XC610280-OCB_407806_B5_20190523_000000_NOPI_chunk005.wav,3.0,XC610280-OCB_407806_B5_20190523_000000_NOPI.mp3
Northern_Pintail,XC610280-OCB_407806_B5_20190523_000000_NOPI,6,data/processed/Northern_Pintail/XC610280-OCB_407806_B5_20190523_000000_NOPI_chunk006.wav,3.0,XC610280-OCB_407806_B5_20190523_000000_NOPI.mp3
Northern_Pintail,XC610280-OCB_407806_B5_20190523_000000_NOPI,7,data/processed/Northern_Pintail/XC610280-OCB_407806_B5_20190523_000000_NOPI_chunk007.wav,3.0,XC610280-OCB_407806_B5_20190523_000000_NOPI.mp3
Northern_Pintail,XC610280-OCB_407806_B5_20190523_000000_NOPI,8,data/processed/Northern_Pintail/XC610280-OCB_407806_B5_20190523_000000_NOPI_chunk008.wav,3.0,XC610280-OCB_407806_B5_20190523_000000_NOPI.mp3
Northern_Pintail,XC611504-Pintail_Song_Aiguamols_090220_1254,0,data/processed/Northern_Pintail/XC611504-Pintail_Song_Aiguamols_090220_1254_chunk000.wav,3.0,XC611504-Pintail_Song_Aiguamols_090220_1254.mp3
Northern_Pintail,XC611504-Pintail_Song_Aiguamols_090220_1254,1,data/processed/Northern_Pintail/XC611504-Pintail_Song_Aiguamols_090220_1254_chunk001.wav,3.0,XC611504-Pintail_Song_Aiguamols_090220_1254.mp3
Northern_Pintail,XC611504-Pintail_Song_Aiguamols_090220_1254,2,data/processed/Northern_Pintail/XC611504-Pintail_Song_Aiguamols_090220_1254_chunk002.wav,3.0,XC611504-Pintail_Song_Aiguamols_090220_1254.mp3
Northern_Pintail,XC611504-Pintail_Song_Aiguamols_090220_1254,3,data/processed/Northern_Pintail/XC611504-Pintail_Song_Aiguamols_090220_1254_chunk003.wav,3.0,XC611504-Pintail_Song_Aiguamols_090220_1254.mp3
Northern_Pintail,XC611504-Pintail_Song_Aiguamols_090220_1254,4,data/processed/Northern_Pintail/XC611504-Pintail_Song_Aiguamols_090220_1254_chunk004.wav,3.0,XC611504-Pintail_Song_Aiguamols_090220_1254.mp3
Northern_Pintail,XC611504-Pintail_Song_Aiguamols_090220_1254,5,data/processed/Northern_Pintail/XC611504-Pintail_Song_Aiguamols_090220_1254_chunk005.wav,3.0,XC611504-Pintail_Song_Aiguamols_090220_1254.mp3
Northern_Pintail,XC631789-210323_0315_Spießente,0,data/processed/Northern_Pintail/XC631789-210323_0315_Spießente_chunk000.wav,3.0,XC631789-210323_0315_Spießente.mp3
Northern_Pintail,XC631789-210323_0315_Spießente,1,data/processed/Northern_Pintail/XC631789-210323_0315_Spießente_chunk001.wav,3.0,XC631789-210323_0315_Spießente.mp3
Northern_Pintail,XC631789-210323_0315_Spießente,2,data/processed/Northern_Pintail/XC631789-210323_0315_Spießente_chunk002.wav,3.0,XC631789-210323_0315_Spießente.mp3
Northern_Pintail,XC640792-Pijlstaart,0,data/processed/Northern_Pintail/XC640792-Pijlstaart_chunk000.wav,3.0,XC640792-Pijlstaart 20210412 2105 1a.mp3
Northern_Pintail,XC640792-Pijlstaart,1,data/processed/Northern_Pintail/XC640792-Pijlstaart_chunk001.wav,3.0,XC640792-Pijlstaart 20210412 2105 1a.mp3
Northern_Pintail,XC640792-Pijlstaart,2,data/processed/Northern_Pintail/XC640792-Pijlstaart_chunk002.wav,3.0,XC640792-Pijlstaart 20210412 2105 1a.mp3
Northern_Pintail,XC640792-Pijlstaart,3,data/processed/Northern_Pintail/XC640792-Pijlstaart_chunk003.wav,3.0,XC640792-Pijlstaart 20210412 2105 1a.mp3
Northern_Pintail,XC644369-210430_0852,0,data/processed/Northern_Pintail/XC644369-210430_0852_chunk000.wav,3.0,XC644369-210430_0852 - PT.mp3
Northern_Pintail,XC644369-210430_0852,1,data/processed/Northern_Pintail/XC644369-210430_0852_chunk001.wav,3.0,XC644369-210430_0852 - PT.mp3
Northern_Pintail,XC650943-Default,0,data/processed/Northern_Pintail/XC650943-Default_chunk000.wav,3.0,XC650943-Default project.mp3
Northern_Pintail,XC650943-Default,1,data/processed/Northern_Pintail/XC650943-Default_chunk001.wav,3.0,XC650943-Default project.mp3
Northern_Pintail,XC650943-Default,2,data/processed/Northern_Pintail/XC650943-Default_chunk002.wav,3.0,XC650943-Default project.mp3
Northern_Pintail,XC650943-Default,3,data/processed/Northern_Pintail/XC650943-Default_chunk003.wav,3.0,XC650943-Default project.mp3
Northern_Pintail,XC650943-Default,4,data/processed/Northern_Pintail/XC650943-Default_chunk004.wav,3.0,XC650943-Default project.mp3
Northern_Pintail,XC650943-Default,5,data/processed/Northern_Pintail/XC650943-Default_chunk005.wav,3.0,XC650943-Default project.mp3
Northern_Pintail,XC650943-Default,6,data/processed/Northern_Pintail/XC650943-Default_chunk006.wav,3.0,XC650943-Default project.mp3
Northern_Pintail,XC650943-Default,7,data/processed/Northern_Pintail/XC650943-Default_chunk007.wav,3.0,XC650943-Default project.mp3
Northern_Pintail,XC650943-Default,8,data/processed/Northern_Pintail/XC650943-Default_chunk008.wav,3.0,XC650943-Default project.mp3
Northern_Pintail,XC650943-Default,9,data/processed/Northern_Pintail/XC650943-Default_chunk009.wav,3.0,XC650943-Default project.mp3
Northern_Pintail,XC650943-Default,10,data/processed/Northern_Pintail/XC650943-Default_chunk010.wav,3.0,XC650943-Default project.mp3
Northern_Pintail,XC650943-Default,11,data/processed/Northern_Pintail/XC650943-Default_chunk011.wav,3.0,XC650943-Default project.mp3
Northern_Pintail,XC650943-Default,12,data/processed/Northern_Pintail/XC650943-Default_chunk012.wav,3.0,XC650943-Default project.mp3
Northern_Pintail,XC650943-Default,13,data/processed/Northern_Pintail/XC650943-Default_chunk013.wav,3.0,XC650943-Default project.mp3
Northern_Pintail,XC650943-Default,14,data/processed/Northern_Pintail/XC650943-Default_chunk014.wav,3.0,XC650943-Default project.mp3
Northern_Pintail,XC650943-Default,15,data/processed/Northern_Pintail/XC650943-Default_chunk015.wav,3.0,XC650943-Default project.mp3
Northern_Pintail,XC650943-Default,16,data/processed/Northern_Pintail/XC650943-Default_chunk016.wav,3.0,XC650943-Default project.mp3
Northern_Pintail,XC650943-Default,17,data/processed/Northern_Pintail/XC650943-Default_chunk017.wav,3.0,XC650943-Default project.mp3
Northern_Pintail,XC650943-Default,18,data/processed/Northern_Pintail/XC650943-Default_chunk018.wav,3.0,XC650943-Default project.mp3
Northern_Pintail,XC650943-Default,19,data/processed/Northern_Pintail/XC650943-Default_chunk019.wav,3.0,XC650943-Default project.mp3
Northern_Pintail,XC650943-Default,20,data/processed/Northern_Pintail/XC650943-Default_chunk020.wav,3.0,XC650943-Default project.mp3
Northern_Pintail,XC650943-Default,21,data/processed/Northern_Pintail/XC650943-Default_chunk021.wav,3.0,XC650943-Default project.mp3
Northern_Pintail,"XC712068-Pijlstaart,",0,"data/processed/Northern_Pintail/XC712068-Pijlstaart,_chunk000.wav",3.0,"XC712068-Pijlstaart, flight call, IGS, 150322, 0022 uur.mp3"
Northern_Pintail,"XC712068-Pijlstaart,",1,"data/processed/Northern_Pintail/XC712068-Pijlstaart,_chunk001.wav",3.0,"XC712068-Pijlstaart, flight call, IGS, 150322, 0022 uur.mp3"
Northern_Pintail,"XC712068-Pijlstaart,",2,"data/processed/Northern_Pintail/XC712068-Pijlstaart,_chunk002.wav",3.0,"XC712068-Pijlstaart, flight call, IGS, 150322, 0022 uur.mp3"
Northern_Pintail,"XC712068-Pijlstaart,",3,"data/processed/Northern_Pintail/XC712068-Pijlstaart,_chunk003.wav",3.0,"XC712068-Pijlstaart, flight call, IGS, 150322, 0022 uur.mp3"
Northern_Pintail,XC712335-220225,0,data/processed/Northern_Pintail/XC712335-220225_chunk000.wav,3.0,XC712335-220225 MP-1035 11h08 canard pilet.mp3
Northern_Pintail,XC712335-220225,1,data/processed/Northern_Pintail/XC712335-220225_chunk001.wav,3.0,XC712335-220225 MP-1035 11h08 canard pilet.mp3
Northern_Pintail,XC712335-220225,2,data/processed/Northern_Pintail/XC712335-220225_chunk002.wav,3.0,XC712335-220225 MP-1035 11h08 canard pilet.mp3
Northern_Pintail,XC712335-220225,3,data/processed/Northern_Pintail/XC712335-220225_chunk003.wav,3.0,XC712335-220225 MP-1035 11h08 canard pilet.mp3
Northern_Pintail,XC712335-220225,4,data/processed/Northern_Pintail/XC712335-220225_chunk004.wav,3.0,XC712335-220225 MP-1035 11h08 canard pilet.mp3
Northern_Pintail,XC712335-220225,5,data/processed/Northern_Pintail/XC712335-220225_chunk005.wav,3.0,XC712335-220225 MP-1035 11h08 canard pilet.mp3
Northern_Pintail,XC712335-220225,6,data/processed/Northern_Pintail/XC712335-220225_chunk006.wav,3.0,XC712335-220225 MP-1035 11h08 canard pilet.mp3
Northern_Pintail,XC712335-220225,7,data/processed/Northern_Pintail/XC712335-220225_chunk007.wav,3.0,XC712335-220225 MP-1035 11h08 canard pilet.mp3
Northern_Pintail,XC712335-220225,8,data/processed/Northern_Pintail/XC712335-220225_chunk008.wav,3.0,XC712335-220225 MP-1035 11h08 canard pilet.mp3
Northern_Pintail,XC712335-220225,9,data/processed/Northern_Pintail/XC712335-220225_chunk009.wav,3.0,XC712335-220225 MP-1035 11h08 canard pilet.mp3
Northern_Pintail,XC712335-220225,10,data/processed/Northern_Pintail/XC712335-220225_chunk010.wav,3.0,XC712335-220225 MP-1035 11h08 canard pilet.mp3
Northern_Pintail,XC712335-220225,11,data/processed/Northern_Pintail/XC712335-220225_chunk011.wav,3.0,XC712335-220225 MP-1035 11h08 canard pilet.mp3
Northern_Pintail,XC712335-220225,12,data/processed/Northern_Pintail/XC712335-220225_chunk012.wav,3.0,XC712335-220225 MP-1035 11h08 canard pilet.mp3
Northern_Pintail,XC712335-220225,13,data/processed/Northern_Pintail/XC712335-220225_chunk013.wav,3.0,XC712335-220225 MP-1035 11h08 canard pilet.mp3
Northern_Pintail,XC712335-220225,14,data/processed/Northern_Pintail/XC712335-220225_chunk014.wav,3.0,XC712335-220225 MP-1035 11h08 canard pilet.mp3
Northern_Pintail,XC712335-220225,15,data/processed/Northern_Pintail/XC712335-220225_chunk015.wav,3.0,XC712335-220225 MP-1035 11h08 canard pilet.mp3
Northern_Pintail,XC741529-stjärtand_20220729_0807_hona_lock_Buavan_Oviken_AA_redigerad_202208,0,data/processed/Northern_Pintail/XC741529-stjärtand_20220729_0807_hona_lock_Buavan_Oviken_AA_redigerad_202208_chunk000.wav,3.0,XC741529-stjärtand_20220729_0807_hona_lock_Buavan_Oviken_AA_redigerad_202208.mp3
Northern_Pintail,XC741529-stjärtand_20220729_0807_hona_lock_Buavan_Oviken_AA_redigerad_202208,1,data/processed/Northern_Pintail/XC741529-stjärtand_20220729_0807_hona_lock_Buavan_Oviken_AA_redigerad_202208_chunk001.wav,3.0,XC741529-stjärtand_20220729_0807_hona_lock_Buavan_Oviken_AA_redigerad_202208.mp3
Northern_Pintail,XC741529-stjärtand_20220729_0807_hona_lock_Buavan_Oviken_AA_redigerad_202208,2,data/processed/Northern_Pintail/XC741529-stjärtand_20220729_0807_hona_lock_Buavan_Oviken_AA_redigerad_202208_chunk002.wav,3.0,XC741529-stjärtand_20220729_0807_hona_lock_Buavan_Oviken_AA_redigerad_202208.mp3
Northern_Pintail,XC741529-stjärtand_20220729_0807_hona_lock_Buavan_Oviken_AA_redigerad_202208,3,data/processed/Northern_Pintail/XC741529-stjärtand_20220729_0807_hona_lock_Buavan_Oviken_AA_redigerad_202208_chunk003.wav,3.0,XC741529-stjärtand_20220729_0807_hona_lock_Buavan_Oviken_AA_redigerad_202208.mp3
Northern_Pintail,XC741529-stjärtand_20220729_0807_hona_lock_Buavan_Oviken_AA_redigerad_202208,4,data/processed/Northern_Pintail/XC741529-stjärtand_20220729_0807_hona_lock_Buavan_Oviken_AA_redigerad_202208_chunk004.wav,3.0,XC741529-stjärtand_20220729_0807_hona_lock_Buavan_Oviken_AA_redigerad_202208.mp3
Northern_Pintail,XC741529-stjärtand_20220729_0807_hona_lock_Buavan_Oviken_AA_redigerad_202208,5,data/processed/Northern_Pintail/XC741529-stjärtand_20220729_0807_hona_lock_Buavan_Oviken_AA_redigerad_202208_chunk005.wav,3.0,XC741529-stjärtand_20220729_0807_hona_lock_Buavan_Oviken_AA_redigerad_202208.mp3
Northern_Pintail,XC741529-stjärtand_20220729_0807_hona_lock_Buavan_Oviken_AA_redigerad_202208,6,data/processed/Northern_Pintail/XC741529-stjärtand_20220729_0807_hona_lock_Buavan_Oviken_AA_redigerad_202208_chunk006.wav,3.0,XC741529-stjärtand_20220729_0807_hona_lock_Buavan_Oviken_AA_redigerad_202208.mp3
Northern_Pintail,XC741529-stjärtand_20220729_0807_hona_lock_Buavan_Oviken_AA_redigerad_202208,7,data/processed/Northern_Pintail/XC741529-stjärtand_20220729_0807_hona_lock_Buavan_Oviken_AA_redigerad_202208_chunk007.wav,3.0,XC741529-stjärtand_20220729_0807_hona_lock_Buavan_Oviken_AA_redigerad_202208.mp3
Northern_Pintail,XC741529-stjärtand_20220729_0807_hona_lock_Buavan_Oviken_AA_redigerad_202208,8,data/processed/Northern_Pintail/XC741529-stjärtand_20220729_0807_hona_lock_Buavan_Oviken_AA_redigerad_202208_chunk008.wav,3.0,XC741529-stjärtand_20220729_0807_hona_lock_Buavan_Oviken_AA_redigerad_202208.mp3
Northern_Pintail,XC741529-stjärtand_20220729_0807_hona_lock_Buavan_Oviken_AA_redigerad_202208,9,data/processed/Northern_Pintail/XC741529-stjärtand_20220729_0807_hona_lock_Buavan_Oviken_AA_redigerad_202208_chunk009.wav,3.0,XC741529-stjärtand_20220729_0807_hona_lock_Buavan_Oviken_AA_redigerad_202208.mp3
Northern_Pintail,XC741529-stjärtand_20220729_0807_hona_lock_Buavan_Oviken_AA_redigerad_202208,10,data/processed/Northern_Pintail/XC741529-stjärtand_20220729_0807_hona_lock_Buavan_Oviken_AA_redigerad_202208_chunk010.wav,3.0,XC741529-stjärtand_20220729_0807_hona_lock_Buavan_Oviken_AA_redigerad_202208.mp3
Northern_Pintail,XC741529-stjärtand_20220729_0807_hona_lock_Buavan_Oviken_AA_redigerad_202208,11,data/processed/Northern_Pintail/XC741529-stjärtand_20220729_0807_hona_lock_Buavan_Oviken_AA_redigerad_202208_chunk011.wav,3.0,XC741529-stjärtand_20220729_0807_hona_lock_Buavan_Oviken_AA_redigerad_202208.mp3
Northern_Pintail,XC741529-stjärtand_20220729_0807_hona_lock_Buavan_Oviken_AA_redigerad_202208,12,data/processed/Northern_Pintail/XC741529-stjärtand_20220729_0807_hona_lock_Buavan_Oviken_AA_redigerad_202208_chunk012.wav,3.0,XC741529-stjärtand_20220729_0807_hona_lock_Buavan_Oviken_AA_redigerad_202208.mp3
Northern_Pintail,XC741529-stjärtand_20220729_0807_hona_lock_Buavan_Oviken_AA_redigerad_202208,13,data/processed/Northern_Pintail/XC741529-stjärtand_20220729_0807_hona_lock_Buavan_Oviken_AA_redigerad_202208_chunk013.wav,3.0,XC741529-stjärtand_20220729_0807_hona_lock_Buavan_Oviken_AA_redigerad_202208.mp3
Northern_Pintail,XC884101-pilet-23mars24-17h,0,data/processed/Northern_Pintail/XC884101-pilet-23mars24-17h_chunk000.wav,3.0,XC884101-pilet-23mars24-17h.mp3
Northern_Pintail,XC884101-pilet-23mars24-17h,1,data/processed/Northern_Pintail/XC884101-pilet-23mars24-17h_chunk001.wav,3.0,XC884101-pilet-23mars24-17h.mp3
Northern_Pintail,XC884101-pilet-23mars24-17h,2,data/processed/Northern_Pintail/XC884101-pilet-23mars24-17h_chunk002.wav,3.0,XC884101-pilet-23mars24-17h.mp3
Northern_Pintail,XC884101-pilet-23mars24-17h,3,data/processed/Northern_Pintail/XC884101-pilet-23mars24-17h_chunk003.wav,3.0,XC884101-pilet-23mars24-17h.mp3
Northern_Pintail,XC884101-pilet-23mars24-17h,4,data/processed/Northern_Pintail/XC884101-pilet-23mars24-17h_chunk004.wav,3.0,XC884101-pilet-23mars24-17h.mp3
Northern_Pintail,"XC996802-Pintail-call-very-good-2020-12-07-North-Warren-RSPB,-Suffolk_082_edited",0,"data/processed/Northern_Pintail/XC996802-Pintail-call-very-good-2020-12-07-North-Warren-RSPB,-Suffolk_082_edited_chunk000.wav",3.0,"XC996802-Pintail-call-very-good-2020-12-07-North-Warren-RSPB,-Suffolk_082_edited.wav"
Northern_Pintail,"XC996802-Pintail-call-very-good-2020-12-07-North-Warren-RSPB,-Suffolk_082_edited",1,"data/processed/Northern_Pintail/XC996802-Pintail-call-very-good-2020-12-07-North-Warren-RSPB,-Suffolk_082_edited_chunk001.wav",3.0,"XC996802-Pintail-call-very-good-2020-12-07-North-Warren-RSPB,-Suffolk_082_edited.wav"
Northern_Pintail,"XC996802-Pintail-call-very-good-2020-12-07-North-Warren-RSPB,-Suffolk_082_edited",2,"data/processed/Northern_Pintail/XC996802-Pintail-call-very-good-2020-12-07-North-Warren-RSPB,-Suffolk_082_edited_chunk002.wav",3.0,"XC996802-Pintail-call-very-good-2020-12-07-North-Warren-RSPB,-Suffolk_082_edited.wav"
Northern_Pintail,"XC996802-Pintail-call-very-good-2020-12-07-North-Warren-RSPB,-Suffolk_082_edited",3,"data/processed/Northern_Pintail/XC996802-Pintail-call-very-good-2020-12-07-North-Warren-RSPB,-Suffolk_082_edited_chunk003.wav",3.0,"XC996802-Pintail-call-very-good-2020-12-07-North-Warren-RSPB,-Suffolk_082_edited.wav"
Northern_Pintail,"XC996803-Pintail-call-very-good-2020-12-07-North-Warren-RSPB,-Suffolk_083_short",0,"data/processed/Northern_Pintail/XC996803-Pintail-call-very-good-2020-12-07-North-Warren-RSPB,-Suffolk_083_short_chunk000.wav",3.0,"XC996803-Pintail-call-very-good-2020-12-07-North-Warren-RSPB,-Suffolk_083_short.wav"
Northern_Pintail,"XC996803-Pintail-call-very-good-2020-12-07-North-Warren-RSPB,-Suffolk_083_short",1,"data/processed/Northern_Pintail/XC996803-Pintail-call-very-good-2020-12-07-North-Warren-RSPB,-Suffolk_083_short_chunk001.wav",3.0,"XC996803-Pintail-call-very-good-2020-12-07-North-Warren-RSPB,-Suffolk_083_short.wav"
Northern_Pintail,"XC996803-Pintail-call-very-good-2020-12-07-North-Warren-RSPB,-Suffolk_083_short",2,"data/processed/Northern_Pintail/XC996803-Pintail-call-very-good-2020-12-07-North-Warren-RSPB,-Suffolk_083_short_chunk002.wav",3.0,"XC996803-Pintail-call-very-good-2020-12-07-North-Warren-RSPB,-Suffolk_083_short.wav"
Northern_Pintail,XC996806-Pintail-call-very-good-2021-02-10-North-Warren-RSPB_151_edited,0,data/processed/Northern_Pintail/XC996806-Pintail-call-very-good-2021-02-10-North-Warren-RSPB_151_edited_chunk000.wav,3.0,XC996806-Pintail-call-very-good-2021-02-10-North-Warren-RSPB_151_edited.wav
Northern_Pintail,XC996806-Pintail-call-very-good-2021-02-10-North-Warren-RSPB_151_edited,1,data/processed/Northern_Pintail/XC996806-Pintail-call-very-good-2021-02-10-North-Warren-RSPB_151_edited_chunk001.wav,3.0,XC996806-Pintail-call-very-good-2021-02-10-North-Warren-RSPB_151_edited.wav
Northern_Pintail,XC996806-Pintail-call-very-good-2021-02-10-North-Warren-RSPB_151_edited,2,data/processed/Northern_Pintail/XC996806-Pintail-call-very-good-2021-02-10-North-Warren-RSPB_151_edited_chunk002.wav,3.0,XC996806-Pintail-call-very-good-2021-02-10-North-Warren-RSPB_151_edited.wav
Northern_Pintail,XC996806-Pintail-call-very-good-2021-02-10-North-Warren-RSPB_151_edited,3,data/processed/Northern_Pintail/XC996806-Pintail-call-very-good-2021-02-10-North-Warren-RSPB_151_edited_chunk003.wav,3.0,XC996806-Pintail-call-very-good-2021-02-10-North-Warren-RSPB_151_edited.wav
Northern_Pintail,XC996806-Pintail-call-very-good-2021-02-10-North-Warren-RSPB_151_edited,4,data/processed/Northern_Pintail/XC996806-Pintail-call-very-good-2021-02-10-North-Warren-RSPB_151_edited_chunk004.wav,3.0,XC996806-Pintail-call-very-good-2021-02-10-North-Warren-RSPB_151_edited.wav
Northern_Pintail,XC996806-Pintail-call-very-good-2021-02-10-North-Warren-RSPB_151_edited,5,data/processed/Northern_Pintail/XC996806-Pintail-call-very-good-2021-02-10-North-Warren-RSPB_151_edited_chunk005.wav,3.0,XC996806-Pintail-call-very-good-2021-02-10-North-Warren-RSPB_151_edited.wav
Northern_Pintail,XC996806-Pintail-call-very-good-2021-02-10-North-Warren-RSPB_151_edited,6,data/processed/Northern_Pintail/XC996806-Pintail-call-very-good-2021-02-10-North-Warren-RSPB_151_edited_chunk006.wav,3.0,XC996806-Pintail-call-very-good-2021-02-10-North-Warren-RSPB_151_edited.wav
Northern_Pintail,norther,0,data/processed/Northern_Pintail/norther_chunk000.wav,3.0,norther pintailsd.mp3
Northern_Pintail,norther,1,data/processed/Northern_Pintail/norther_chunk001.wav,3.0,norther pintailsd.mp3
Common_Pochard,Aythia_ferina_f_Poland_Jarek_Matusiak_20120428-004,0,data/processed/Common_Pochard/Aythia_ferina_f_Poland_Jarek_Matusiak_20120428-004_chunk000.wav,3.0,Aythia_ferina_f_Poland_Jarek_Matusiak_20120428-004.mp3
Common_Pochard,Aythia_ferina_f_Poland_Jarek_Matusiak_20120428-004,1,data/processed/Common_Pochard/Aythia_ferina_f_Poland_Jarek_Matusiak_20120428-004_chunk001.wav,3.0,Aythia_ferina_f_Poland_Jarek_Matusiak_20120428-004.mp3
Common_Pochard,Aythia_ferina_f_Poland_Jarek_Matusiak_20120428-004,2,data/processed/Common_Pochard/Aythia_ferina_f_Poland_Jarek_Matusiak_20120428-004_chunk002.wav,3.0,Aythia_ferina_f_Poland_Jarek_Matusiak_20120428-004.mp3
Common_Pochard,Aythia_ferina_f_Poland_Jarek_Matusiak_20120428-004,3,data/processed/Common_Pochard/Aythia_ferina_f_Poland_Jarek_Matusiak_20120428-004_chunk003.wav,3.0,Aythia_ferina_f_Poland_Jarek_Matusiak_20120428-004.mp3
Common_Pochard,Aythia_ferina_f_Poland_Jarek_Matusiak_20120428-004,4,data/processed/Common_Pochard/Aythia_ferina_f_Poland_Jarek_Matusiak_20120428-004_chunk004.wav,3.0,Aythia_ferina_f_Poland_Jarek_Matusiak_20120428-004.mp3
Common_Pochard,Aythia_ferina_f_Poland_Jarek_Matusiak_20120428-004,5,data/processed/Common_Pochard/Aythia_ferina_f_Poland_Jarek_Matusiak_20120428-004_chunk005.wav,3.0,Aythia_ferina_f_Poland_Jarek_Matusiak_20120428-004.mp3
Common_Pochard,Aythia_ferina_f_Poland_Jarek_Matusiak_20120428-004,6,data/processed/Common_Pochard/Aythia_ferina_f_Poland_Jarek_Matusiak_20120428-004_chunk006.wav,3.0,Aythia_ferina_f_Poland_Jarek_Matusiak_20120428-004.mp3
Common_Pochard,Aythia_ferina_f_Poland_Jarek_Matusiak_20120428-017,0,data/processed/Common_Pochard/Aythia_ferina_f_Poland_Jarek_Matusiak_20120428-017_chunk000.wav,3.0,Aythia_ferina_f_Poland_Jarek_Matusiak_20120428-017.mp3
Common_Pochard,Aythia_ferina_f_Poland_Jarek_Matusiak_20120428-017,1,data/processed/Common_Pochard/Aythia_ferina_f_Poland_Jarek_Matusiak_20120428-017_chunk001.wav,3.0,Aythia_ferina_f_Poland_Jarek_Matusiak_20120428-017.mp3
Common_Pochard,Aythia_ferina_f_Poland_Jarek_Matusiak_20120428-017,2,data/processed/Common_Pochard/Aythia_ferina_f_Poland_Jarek_Matusiak_20120428-017_chunk002.wav,3.0,Aythia_ferina_f_Poland_Jarek_Matusiak_20120428-017.mp3
Common_Pochard,Aythia_ferina_f_Poland_Jarek_Matusiak_20120428-017,3,data/processed/Common_Pochard/Aythia_ferina_f_Poland_Jarek_Matusiak_20120428-017_chunk003.wav,3.0,Aythia_ferina_f_Poland_Jarek_Matusiak_20120428-017.mp3
Common_Pochard,Aythia_ferina_f_Poland_Jarek_Matusiak_20120428-017,4,data/processed/Common_Pochard/Aythia_ferina_f_Poland_Jarek_Matusiak_20120428-017_chunk004.wav,3.0,Aythia_ferina_f_Poland_Jarek_Matusiak_20120428-017.mp3
Common_Pochard,Aythya_ferina_2012_05_02_01,0,data/processed/Common_Pochard/Aythya_ferina_2012_05_02_01_chunk000.wav,3.0,Aythya_ferina_2012_05_02_01.mp3
Common_Pochard,Aythya_ferina_2012_05_02_01,1,data/processed/Common_Pochard/Aythya_ferina_2012_05_02_01_chunk001.wav,3.0,Aythya_ferina_2012_05_02_01.mp3
Common_Pochard,Aythya_ferina_2012_05_02_01,2,data/processed/Common_Pochard/Aythya_ferina_2012_05_02_01_chunk002.wav,3.0,Aythya_ferina_2012_05_02_01.mp3
Common_Pochard,Aythya_ferina_2012_05_02_01,3,data/processed/Common_Pochard/Aythya_ferina_2012_05_02_01_chunk003.wav,3.0,Aythya_ferina_2012_05_02_01.mp3
Common_Pochard,Aythya_ferina_2012_05_02_01,4,data/processed/Common_Pochard/Aythya_ferina_2012_05_02_01_chunk004.wav,3.0,Aythya_ferina_2012_05_02_01.mp3
Common_Pochard,Aythya_ferina_2012_05_02_01,5,data/processed/Common_Pochard/Aythya_ferina_2012_05_02_01_chunk005.wav,3.0,Aythya_ferina_2012_05_02_01.mp3
Common_Pochard,Aythya_ferina_2012_05_02_01,6,data/processed/Common_Pochard/Aythya_ferina_2012_05_02_01_chunk006.wav,3.0,Aythya_ferina_2012_05_02_01.mp3
Common_Pochard,Aythya_ferina_2012_05_02_01,7,data/processed/Common_Pochard/Aythya_ferina_2012_05_02_01_chunk007.wav,3.0,Aythya_ferina_2012_05_02_01.mp3
Common_Pochard,Aythya_ferina_2012_05_02_01,8,data/processed/Common_Pochard/Aythya_ferina_2012_05_02_01_chunk008.wav,3.0,Aythya_ferina_2012_05_02_01.mp3
Common_Pochard,Aythya_ferina_2012_05_02_01,9,data/processed/Common_Pochard/Aythya_ferina_2012_05_02_01_chunk009.wav,3.0,Aythya_ferina_2012_05_02_01.mp3
Common_Pochard,Aythya_ferina_2012_05_02_01,10,data/processed/Common_Pochard/Aythya_ferina_2012_05_02_01_chunk010.wav,3.0,Aythya_ferina_2012_05_02_01.mp3
Common_Pochard,Aythya_ferina_2012_05_02_01,11,data/processed/Common_Pochard/Aythya_ferina_2012_05_02_01_chunk011.wav,3.0,Aythya_ferina_2012_05_02_01.mp3
Common_Pochard,Aythya_ferina_2012_05_02_01,12,data/processed/Common_Pochard/Aythya_ferina_2012_05_02_01_chunk012.wav,3.0,Aythya_ferina_2012_05_02_01.mp3
Common_Pochard,Aythya_ferina_2012_05_02_01,13,data/processed/Common_Pochard/Aythya_ferina_2012_05_02_01_chunk013.wav,3.0,Aythya_ferina_2012_05_02_01.mp3
Common_Pochard,Aythya_ferina_2012_05_02_01,14,data/processed/Common_Pochard/Aythya_ferina_2012_05_02_01_chunk014.wav,3.0,Aythya_ferina_2012_05_02_01.mp3
Common_Pochard,Aythya_ferina_2012_05_02_01,15,data/processed/Common_Pochard/Aythya_ferina_2012_05_02_01_chunk015.wav,3.0,Aythya_ferina_2012_05_02_01.mp3
Common_Pochard,Aythya_ferina_2012_05_02_01,16,data/processed/Common_Pochard/Aythya_ferina_2012_05_02_01_chunk016.wav,3.0,Aythya_ferina_2012_05_02_01.mp3
Common_Pochard,Aythya_ferina_2012_05_02_01,17,data/processed/Common_Pochard/Aythya_ferina_2012_05_02_01_chunk017.wav,3.0,Aythya_ferina_2012_05_02_01.mp3
Common_Pochard,Aythya_ferina_2012_05_02_01,18,data/processed/Common_Pochard/Aythya_ferina_2012_05_02_01_chunk018.wav,3.0,Aythya_ferina_2012_05_02_01.mp3
Common_Pochard,Aythya_ferina_2012_05_02_01,19,data/processed/Common_Pochard/Aythya_ferina_2012_05_02_01_chunk019.wav,3.0,Aythya_ferina_2012_05_02_01.mp3
Common_Pochard,Aythya_ferina_2012_05_02_01,20,data/processed/Common_Pochard/Aythya_ferina_2012_05_02_01_chunk020.wav,3.0,Aythya_ferina_2012_05_02_01.mp3
Common_Pochard,Aythya_ferina_2012_05_02_01,21,data/processed/Common_Pochard/Aythya_ferina_2012_05_02_01_chunk021.wav,3.0,Aythya_ferina_2012_05_02_01.mp3
Common_Pochard,XC138166-2013061010_1829_Aythya,0,data/processed/Common_Pochard/XC138166-2013061010_1829_Aythya_chunk000.wav,3.0,XC138166-2013061010_1829_Aythya ferina_femelle_F DEROUSSEN.mp3
Common_Pochard,XC138166-2013061010_1829_Aythya,1,data/processed/Common_Pochard/XC138166-2013061010_1829_Aythya_chunk001.wav,3.0,XC138166-2013061010_1829_Aythya ferina_femelle_F DEROUSSEN.mp3
Common_Pochard,XC138178-2013061111_1511_Aythya,0,data/processed/Common_Pochard/XC138178-2013061111_1511_Aythya_chunk000.wav,3.0,XC138178-2013061111_1511_Aythya ferina_males_F DEROUSSEN.mp3
Common_Pochard,XC138178-2013061111_1511_Aythya,1,data/processed/Common_Pochard/XC138178-2013061111_1511_Aythya_chunk001.wav,3.0,XC138178-2013061111_1511_Aythya ferina_males_F DEROUSSEN.mp3
Common_Pochard,XC138178-2013061111_1511_Aythya,2,data/processed/Common_Pochard/XC138178-2013061111_1511_Aythya_chunk002.wav,3.0,XC138178-2013061111_1511_Aythya ferina_males_F DEROUSSEN.mp3
Common_Pochard,XC138178-2013061111_1511_Aythya,3,data/processed/Common_Pochard/XC138178-2013061111_1511_Aythya_chunk003.wav,3.0,XC138178-2013061111_1511_Aythya ferina_males_F DEROUSSEN.mp3
Common_Pochard,XC138178-2013061111_1511_Aythya,4,data/processed/Common_Pochard/XC138178-2013061111_1511_Aythya_chunk004.wav,3.0,XC138178-2013061111_1511_Aythya ferina_males_F DEROUSSEN.mp3
Common_Pochard,XC138178-2013061111_1511_Aythya,5,data/processed/Common_Pochard/XC138178-2013061111_1511_Aythya_chunk005.wav,3.0,XC138178-2013061111_1511_Aythya ferina_males_F DEROUSSEN.mp3
Common_Pochard,XC138178-2013061111_1511_Aythya,6,data/processed/Common_Pochard/XC138178-2013061111_1511_Aythya_chunk006.wav,3.0,XC138178-2013061111_1511_Aythya ferina_males_F DEROUSSEN.mp3
Common_Pochard,XC138178-2013061111_1511_Aythya,7,data/processed/Common_Pochard/XC138178-2013061111_1511_Aythya_chunk007.wav,3.0,XC138178-2013061111_1511_Aythya ferina_males_F DEROUSSEN.mp3
Common_Pochard,XC138178-2013061111_1511_Aythya,8,data/processed/Common_Pochard/XC138178-2013061111_1511_Aythya_chunk008.wav,3.0,XC138178-2013061111_1511_Aythya ferina_males_F DEROUSSEN.mp3
Common_Pochard,XC138178-2013061111_1511_Aythya,9,data/processed/Common_Pochard/XC138178-2013061111_1511_Aythya_chunk009.wav,3.0,XC138178-2013061111_1511_Aythya ferina_males_F DEROUSSEN.mp3
Common_Pochard,XC138178-2013061111_1511_Aythya,10,data/processed/Common_Pochard/XC138178-2013061111_1511_Aythya_chunk010.wav,3.0,XC138178-2013061111_1511_Aythya ferina_males_F DEROUSSEN.mp3
Common_Pochard,XC138178-2013061111_1511_Aythya,11,data/processed/Common_Pochard/XC138178-2013061111_1511_Aythya_chunk011.wav,3.0,XC138178-2013061111_1511_Aythya ferina_males_F DEROUSSEN.mp3
Common_Pochard,XC138178-2013061111_1511_Aythya,12,data/processed/Common_Pochard/XC138178-2013061111_1511_Aythya_chunk012.wav,3.0,XC138178-2013061111_1511_Aythya ferina_males_F DEROUSSEN.mp3
Common_Pochard,XC138178-2013061111_1511_Aythya,13,data/processed/Common_Pochard/XC138178-2013061111_1511_Aythya_chunk013.wav,3.0,XC138178-2013061111_1511_Aythya ferina_males_F DEROUSSEN.mp3
Common_Pochard,XC138178-2013061111_1511_Aythya,14,data/processed/Common_Pochard/XC138178-2013061111_1511_Aythya_chunk014.wav,3.0,XC138178-2013061111_1511_Aythya ferina_males_F DEROUSSEN.mp3
Common_Pochard,XC138178-2013061111_1511_Aythya,15,data/processed/Common_Pochard/XC138178-2013061111_1511_Aythya_chunk015.wav,3.0,XC138178-2013061111_1511_Aythya ferina_males_F DEROUSSEN.mp3
Common_Pochard,XC138178-2013061111_1511_Aythya,16,data/processed/Common_Pochard/XC138178-2013061111_1511_Aythya_chunk016.wav,3.0,XC138178-2013061111_1511_Aythya ferina_males_F DEROUSSEN.mp3
Common_Pochard,XC138178-2013061111_1511_Aythya,17,data/processed/Common_Pochard/XC138178-2013061111_1511_Aythya_chunk017.wav,3.0,XC138178-2013061111_1511_Aythya ferina_males_F DEROUSSEN.mp3
Common_Pochard,XC138178-2013061111_1511_Aythya,18,data/processed/Common_Pochard/XC138178-2013061111_1511_Aythya_chunk018.wav,3.0,XC138178-2013061111_1511_Aythya ferina_males_F DEROUSSEN.mp3
Common_Pochard,XC138178-2013061111_1511_Aythya,19,data/processed/Common_Pochard/XC138178-2013061111_1511_Aythya_chunk019.wav,3.0,XC138178-2013061111_1511_Aythya ferina_males_F DEROUSSEN.mp3
Common_Pochard,XC138178-2013061111_1511_Aythya,20,data/processed/Common_Pochard/XC138178-2013061111_1511_Aythya_chunk020.wav,3.0,XC138178-2013061111_1511_Aythya ferina_males_F DEROUSSEN.mp3
Common_Pochard,XC138178-2013061111_1511_Aythya,21,data/processed/Common_Pochard/XC138178-2013061111_1511_Aythya_chunk021.wav,3.0,XC138178-2013061111_1511_Aythya ferina_males_F DEROUSSEN.mp3
Common_Pochard,XC138178-2013061111_1511_Aythya,22,data/processed/Common_Pochard/XC138178-2013061111_1511_Aythya_chunk022.wav,3.0,XC138178-2013061111_1511_Aythya ferina_males_F DEROUSSEN.mp3
Common_Pochard,XC138178-2013061111_1511_Aythya,23,data/processed/Common_Pochard/XC138178-2013061111_1511_Aythya_chunk023.wav,3.0,XC138178-2013061111_1511_Aythya ferina_males_F DEROUSSEN.mp3
Common_Pochard,XC138178-2013061111_1511_Aythya,24,data/processed/Common_Pochard/XC138178-2013061111_1511_Aythya_chunk024.wav,3.0,XC138178-2013061111_1511_Aythya ferina_males_F DEROUSSEN.mp3
Common_Pochard,XC138178-2013061111_1511_Aythya,25,data/processed/Common_Pochard/XC138178-2013061111_1511_Aythya_chunk025.wav,3.0,XC138178-2013061111_1511_Aythya ferina_males_F DEROUSSEN.mp3
Common_Pochard,XC138178-2013061111_1511_Aythya,26,data/processed/Common_Pochard/XC138178-2013061111_1511_Aythya_chunk026.wav,3.0,XC138178-2013061111_1511_Aythya ferina_males_F DEROUSSEN.mp3
Common_Pochard,XC138178-2013061111_1511_Aythya,27,data/processed/Common_Pochard/XC138178-2013061111_1511_Aythya_chunk027.wav,3.0,XC138178-2013061111_1511_Aythya ferina_males_F DEROUSSEN.mp3
Common_Pochard,XC138178-2013061111_1511_Aythya,28,data/processed/Common_Pochard/XC138178-2013061111_1511_Aythya_chunk028.wav,3.0,XC138178-2013061111_1511_Aythya ferina_males_F DEROUSSEN.mp3
Common_Pochard,XC138178-2013061111_1511_Aythya,29,data/processed/Common_Pochard/XC138178-2013061111_1511_Aythya_chunk029.wav,3.0,XC138178-2013061111_1511_Aythya ferina_males_F DEROUSSEN.mp3
Common_Pochard,XC138178-2013061111_1511_Aythya,30,data/processed/Common_Pochard/XC138178-2013061111_1511_Aythya_chunk030.wav,3.0,XC138178-2013061111_1511_Aythya ferina_males_F DEROUSSEN.mp3
Common_Pochard,XC164145-Marokko_Lac,0,data/processed/Common_Pochard/XC164145-Marokko_Lac_chunk000.wav,3.0,XC164145-Marokko_Lac de Sidi Bourhaba_aytfer_koiras-soidin_Marokko_Lac de Sidi Bourhaba_2012-04-25.mp3
Common_Pochard,XC164145-Marokko_Lac,1,data/processed/Common_Pochard/XC164145-Marokko_Lac_chunk001.wav,3.0,XC164145-Marokko_Lac de Sidi Bourhaba_aytfer_koiras-soidin_Marokko_Lac de Sidi Bourhaba_2012-04-25.mp3
Common_Pochard,XC164145-Marokko_Lac,2,data/processed/Common_Pochard/XC164145-Marokko_Lac_chunk002.wav,3.0,XC164145-Marokko_Lac de Sidi Bourhaba_aytfer_koiras-soidin_Marokko_Lac de Sidi Bourhaba_2012-04-25.mp3
Common_Pochard,XC184457-Aythya_ferina_f_Poland_Jarek_Matusiak_20140628_16,0,data/processed/Common_Pochard/XC184457-Aythya_ferina_f_Poland_Jarek_Matusiak_20140628_16_chunk000.wav,3.0,XC184457-Aythya_ferina_f_Poland_Jarek_Matusiak_20140628_16.mp3
Common_Pochard,XC184457-Aythya_ferina_f_Poland_Jarek_Matusiak_20140628_16,1,data/processed/Common_Pochard/XC184457-Aythya_ferina_f_Poland_Jarek_Matusiak_20140628_16_chunk001.wav,3.0,XC184457-Aythya_ferina_f_Poland_Jarek_Matusiak_20140628_16.mp3
Common_Pochard,XC184457-Aythya_ferina_f_Poland_Jarek_Matusiak_20140628_16,2,data/processed/Common_Pochard/XC184457-Aythya_ferina_f_Poland_Jarek_Matusiak_20140628_16_chunk002.wav,3.0,XC184457-Aythya_ferina_f_Poland_Jarek_Matusiak_20140628_16.mp3
Common_Pochard,XC184457-Aythya_ferina_f_Poland_Jarek_Matusiak_20140628_16,3,data/processed/Common_Pochard/XC184457-Aythya_ferina_f_Poland_Jarek_Matusiak_20140628_16_chunk003.wav,3.0,XC184457-Aythya_ferina_f_Poland_Jarek_Matusiak_20140628_16.mp3
Common_Pochard,XC184457-Aythya_ferina_f_Poland_Jarek_Matusiak_20140628_16,4,data/processed/Common_Pochard/XC184457-Aythya_ferina_f_Poland_Jarek_Matusiak_20140628_16_chunk004.wav,3.0,XC184457-Aythya_ferina_f_Poland_Jarek_Matusiak_20140628_16.mp3
Common_Pochard,XC184457-Aythya_ferina_f_Poland_Jarek_Matusiak_20140628_16,5,data/processed/Common_Pochard/XC184457-Aythya_ferina_f_Poland_Jarek_Matusiak_20140628_16_chunk005.wav,3.0,XC184457-Aythya_ferina_f_Poland_Jarek_Matusiak_20140628_16.mp3
Common_Pochard,XC184457-Aythya_ferina_f_Poland_Jarek_Matusiak_20140628_16,6,data/processed/Common_Pochard/XC184457-Aythya_ferina_f_Poland_Jarek_Matusiak_20140628_16_chunk006.wav,3.0,XC184457-Aythya_ferina_f_Poland_Jarek_Matusiak_20140628_16.mp3
Common_Pochard,XC184457-Aythya_ferina_f_Poland_Jarek_Matusiak_20140628_16,7,data/processed/Common_Pochard/XC184457-Aythya_ferina_f_Poland_Jarek_Matusiak_20140628_16_chunk007.wav,3.0,XC184457-Aythya_ferina_f_Poland_Jarek_Matusiak_20140628_16.mp3
Common_Pochard,XC299728-130426_05_Aythya_ferina,0,data/processed/Common_Pochard/XC299728-130426_05_Aythya_ferina_chunk000.wav,3.0,XC299728-130426_05_Aythya_ferina.mp3
Common_Pochard,XC299728-130426_05_Aythya_ferina,1,data/processed/Common_Pochard/XC299728-130426_05_Aythya_ferina_chunk001.wav,3.0,XC299728-130426_05_Aythya_ferina.mp3
Common_Pochard,XC299728-130426_05_Aythya_ferina,2,data/processed/Common_Pochard/XC299728-130426_05_Aythya_ferina_chunk002.wav,3.0,XC299728-130426_05_Aythya_ferina.mp3
Common_Pochard,XC299728-130426_05_Aythya_ferina,3,data/processed/Common_Pochard/XC299728-130426_05_Aythya_ferina_chunk003.wav,3.0,XC299728-130426_05_Aythya_ferina.mp3
Common_Pochard,XC299728-130426_05_Aythya_ferina,4,data/processed/Common_Pochard/XC299728-130426_05_Aythya_ferina_chunk004.wav,3.0,XC299728-130426_05_Aythya_ferina.mp3
Common_Pochard,XC299728-130426_05_Aythya_ferina,5,data/processed/Common_Pochard/XC299728-130426_05_Aythya_ferina_chunk005.wav,3.0,XC299728-130426_05_Aythya_ferina.mp3
Common_Pochard,XC299728-130426_05_Aythya_ferina,6,data/processed/Common_Pochard/XC299728-130426_05_Aythya_ferina_chunk006.wav,3.0,XC299728-130426_05_Aythya_ferina.mp3
Common_Pochard,XC299728-130426_05_Aythya_ferina,7,data/processed/Common_Pochard/XC299728-130426_05_Aythya_ferina_chunk007.wav,3.0,XC299728-130426_05_Aythya_ferina.mp3
Common_Pochard,XC299728-130426_05_Aythya_ferina,8,data/processed/Common_Pochard/XC299728-130426_05_Aythya_ferina_chunk008.wav,3.0,XC299728-130426_05_Aythya_ferina.mp3
Common_Pochard,XC299728-130426_05_Aythya_ferina,9,data/processed/Common_Pochard/XC299728-130426_05_Aythya_ferina_chunk009.wav,3.0,XC299728-130426_05_Aythya_ferina.mp3
Common_Pochard,XC299728-130426_05_Aythya_ferina,10,data/processed/Common_Pochard/XC299728-130426_05_Aythya_ferina_chunk010.wav,3.0,XC299728-130426_05_Aythya_ferina.mp3
Common_Pochard,XC299728-130426_05_Aythya_ferina,11,data/processed/Common_Pochard/XC299728-130426_05_Aythya_ferina_chunk011.wav,3.0,XC299728-130426_05_Aythya_ferina.mp3
Common_Pochard,XC299728-130426_05_Aythya_ferina,12,data/processed/Common_Pochard/XC299728-130426_05_Aythya_ferina_chunk012.wav,3.0,XC299728-130426_05_Aythya_ferina.mp3
Common_Pochard,XC299728-130426_05_Aythya_ferina,13,data/processed/Common_Pochard/XC299728-130426_05_Aythya_ferina_chunk013.wav,3.0,XC299728-130426_05_Aythya_ferina.mp3
Common_Pochard,XC299728-130426_05_Aythya_ferina,14,data/processed/Common_Pochard/XC299728-130426_05_Aythya_ferina_chunk014.wav,3.0,XC299728-130426_05_Aythya_ferina.mp3
Common_Pochard,XC299728-130426_05_Aythya_ferina,15,data/processed/Common_Pochard/XC299728-130426_05_Aythya_ferina_chunk015.wav,3.0,XC299728-130426_05_Aythya_ferina.mp3
Common_Pochard,XC299728-130426_05_Aythya_ferina,16,data/processed/Common_Pochard/XC299728-130426_05_Aythya_ferina_chunk016.wav,3.0,XC299728-130426_05_Aythya_ferina.mp3
Common_Pochard,XC299728-130426_05_Aythya_ferina,17,data/processed/Common_Pochard/XC299728-130426_05_Aythya_ferina_chunk017.wav,3.0,XC299728-130426_05_Aythya_ferina.mp3
Common_Pochard,XC299728-130426_05_Aythya_ferina,18,data/processed/Common_Pochard/XC299728-130426_05_Aythya_ferina_chunk018.wav,3.0,XC299728-130426_05_Aythya_ferina.mp3
Common_Pochard,XC299728-130426_05_Aythya_ferina,19,data/processed/Common_Pochard/XC299728-130426_05_Aythya_ferina_chunk019.wav,3.0,XC299728-130426_05_Aythya_ferina.mp3
Common_Pochard,XC299728-130426_05_Aythya_ferina,20,data/processed/Common_Pochard/XC299728-130426_05_Aythya_ferina_chunk020.wav,3.0,XC299728-130426_05_Aythya_ferina.mp3
Common_Pochard,XC299728-130426_05_Aythya_ferina,21,data/processed/Common_Pochard/XC299728-130426_05_Aythya_ferina_chunk021.wav,3.0,XC299728-130426_05_Aythya_ferina.mp3
Common_Pochard,XC414488-Aythya_ferina-FL,0,data/processed/Common_Pochard/XC414488-Aythya_ferina-FL_chunk000.wav,3.0,XC414488-Aythya_ferina-FL flight Xianghai NR 24May16 5.15pm LS110305a.mp3
Common_Pochard,XC414488-Aythya_ferina-FL,1,data/processed/Common_Pochard/XC414488-Aythya_ferina-FL_chunk001.wav,3.0,XC414488-Aythya_ferina-FL flight Xianghai NR 24May16 5.15pm LS110305a.mp3
Common_Pochard,XC414488-Aythya_ferina-FL,2,data/processed/Common_Pochard/XC414488-Aythya_ferina-FL_chunk002.wav,3.0,XC414488-Aythya_ferina-FL flight Xianghai NR 24May16 5.15pm LS110305a.mp3
Common_Pochard,XC414488-Aythya_ferina-FL,3,data/processed/Common_Pochard/XC414488-Aythya_ferina-FL_chunk003.wav,3.0,XC414488-Aythya_ferina-FL flight Xianghai NR 24May16 5.15pm LS110305a.mp3
Common_Pochard,XC414488-Aythya_ferina-FL,4,data/processed/Common_Pochard/XC414488-Aythya_ferina-FL_chunk004.wav,3.0,XC414488-Aythya_ferina-FL flight Xianghai NR 24May16 5.15pm LS110305a.mp3
Common_Pochard,XC467963-głowienka2,0,data/processed/Common_Pochard/XC467963-głowienka2_chunk000.wav,3.0,XC467963-głowienka2 Suble.mp3
Common_Pochard,XC467963-głowienka2,1,data/processed/Common_Pochard/XC467963-głowienka2_chunk001.wav,3.0,XC467963-głowienka2 Suble.mp3
Common_Pochard,XC467963-głowienka2,2,data/processed/Common_Pochard/XC467963-głowienka2_chunk002.wav,3.0,XC467963-głowienka2 Suble.mp3
Common_Pochard,XC467963-głowienka2,3,data/processed/Common_Pochard/XC467963-głowienka2_chunk003.wav,3.0,XC467963-głowienka2 Suble.mp3
Common_Pochard,XC484891-Fuligule,0,data/processed/Common_Pochard/XC484891-Fuligule_chunk000.wav,3.0,XC484891-Fuligule milouin femelle cris d alarme +.mp3
Common_Pochard,XC484891-Fuligule,1,data/processed/Common_Pochard/XC484891-Fuligule_chunk001.wav,3.0,XC484891-Fuligule milouin femelle cris d alarme +.mp3
Common_Pochard,XC484891-Fuligule,2,data/processed/Common_Pochard/XC484891-Fuligule_chunk002.wav,3.0,XC484891-Fuligule milouin femelle cris d alarme +.mp3
Common_Pochard,XC484891-Fuligule,3,data/processed/Common_Pochard/XC484891-Fuligule_chunk003.wav,3.0,XC484891-Fuligule milouin femelle cris d alarme +.mp3
Common_Pochard,XC484892-Fuligule,0,data/processed/Common_Pochard/XC484892-Fuligule_chunk000.wav,3.0,XC484892-Fuligule milouin quemandages 2.mp3
Common_Pochard,XC484892-Fuligule,1,data/processed/Common_Pochard/XC484892-Fuligule_chunk001.wav,3.0,XC484892-Fuligule milouin quemandages 2.mp3
Common_Pochard,XC484892-Fuligule,2,data/processed/Common_Pochard/XC484892-Fuligule_chunk002.wav,3.0,XC484892-Fuligule milouin quemandages 2.mp3
Common_Pochard,XC484892-Fuligule,3,data/processed/Common_Pochard/XC484892-Fuligule_chunk003.wav,3.0,XC484892-Fuligule milouin quemandages 2.mp3
Common_Pochard,XC484892-Fuligule,4,data/processed/Common_Pochard/XC484892-Fuligule_chunk004.wav,3.0,XC484892-Fuligule milouin quemandages 2.mp3
Common_Pochard,XC484892-Fuligule,5,data/processed/Common_Pochard/XC484892-Fuligule_chunk005.wav,3.0,XC484892-Fuligule milouin quemandages 2.mp3
Common_Pochard,XC484892-Fuligule,6,data/processed/Common_Pochard/XC484892-Fuligule_chunk006.wav,3.0,XC484892-Fuligule milouin quemandages 2.mp3
Common_Pochard,XC484892-Fuligule,7,data/processed/Common_Pochard/XC484892-Fuligule_chunk007.wav,3.0,XC484892-Fuligule milouin quemandages 2.mp3
Common_Pochard,XC484892-Fuligule,8,data/processed/Common_Pochard/XC484892-Fuligule_chunk008.wav,3.0,XC484892-Fuligule milouin quemandages 2.mp3
Common_Pochard,XC484892-Fuligule,9,data/processed/Common_Pochard/XC484892-Fuligule_chunk009.wav,3.0,XC484892-Fuligule milouin quemandages 2.mp3
Common_Pochard,XC484892-Fuligule,10,data/processed/Common_Pochard/XC484892-Fuligule_chunk010.wav,3.0,XC484892-Fuligule milouin quemandages 2.mp3
Common_Pochard,XC484893-Fuligule,0,data/processed/Common_Pochard/XC484893-Fuligule_chunk000.wav,3.0,XC484893-Fuligule milouin quemandages.mp3
Common_Pochard,XC484893-Fuligule,1,data/processed/Common_Pochard/XC484893-Fuligule_chunk001.wav,3.0,XC484893-Fuligule milouin quemandages.mp3
Common_Pochard,XC484893-Fuligule,2,data/processed/Common_Pochard/XC484893-Fuligule_chunk002.wav,3.0,XC484893-Fuligule milouin quemandages.mp3
Common_Pochard,XC484893-Fuligule,3,data/processed/Common_Pochard/XC484893-Fuligule_chunk003.wav,3.0,XC484893-Fuligule milouin quemandages.mp3
Common_Pochard,XC484893-Fuligule,4,data/processed/Common_Pochard/XC484893-Fuligule_chunk004.wav,3.0,XC484893-Fuligule milouin quemandages.mp3
Common_Pochard,XC541366-Tafeleend,0,data/processed/Common_Pochard/XC541366-Tafeleend_chunk000.wav,3.0,XC541366-Tafeleend 20200404-01a.mp3
Common_Pochard,XC541366-Tafeleend,1,data/processed/Common_Pochard/XC541366-Tafeleend_chunk001.wav,3.0,XC541366-Tafeleend 20200404-01a.mp3
Common_Pochard,XC541366-Tafeleend,2,data/processed/Common_Pochard/XC541366-Tafeleend_chunk002.wav,3.0,XC541366-Tafeleend 20200404-01a.mp3
Common_Pochard,XC541366-Tafeleend,3,data/processed/Common_Pochard/XC541366-Tafeleend_chunk003.wav,3.0,XC541366-Tafeleend 20200404-01a.mp3
Common_Pochard,XC541366-Tafeleend,4,data/processed/Common_Pochard/XC541366-Tafeleend_chunk004.wav,3.0,XC541366-Tafeleend 20200404-01a.mp3
Common_Pochard,XC541366-Tafeleend,5,data/processed/Common_Pochard/XC541366-Tafeleend_chunk005.wav,3.0,XC541366-Tafeleend 20200404-01a.mp3
Common_Pochard,XC541366-Tafeleend,6,data/processed/Common_Pochard/XC541366-Tafeleend_chunk006.wav,3.0,XC541366-Tafeleend 20200404-01a.mp3
Common_Pochard,XC541366-Tafeleend,7,data/processed/Common_Pochard/XC541366-Tafeleend_chunk007.wav,3.0,XC541366-Tafeleend 20200404-01a.mp3
Common_Pochard,XC541366-Tafeleend,8,data/processed/Common_Pochard/XC541366-Tafeleend_chunk008.wav,3.0,XC541366-Tafeleend 20200404-01a.mp3
Common_Pochard,XC541366-Tafeleend,9,data/processed/Common_Pochard/XC541366-Tafeleend_chunk009.wav,3.0,XC541366-Tafeleend 20200404-01a.mp3
Common_Pochard,XC541366-Tafeleend,10,data/processed/Common_Pochard/XC541366-Tafeleend_chunk010.wav,3.0,XC541366-Tafeleend 20200404-01a.mp3
Common_Pochard,XC541366-Tafeleend,11,data/processed/Common_Pochard/XC541366-Tafeleend_chunk011.wav,3.0,XC541366-Tafeleend 20200404-01a.mp3
Common_Pochard,XC541366-Tafeleend,12,data/processed/Common_Pochard/XC541366-Tafeleend_chunk012.wav,3.0,XC541366-Tafeleend 20200404-01a.mp3
Common_Pochard,XC541366-Tafeleend,13,data/processed/Common_Pochard/XC541366-Tafeleend_chunk013.wav,3.0,XC541366-Tafeleend 20200404-01a.mp3
Common_Pochard,XC541366-Tafeleend,14,data/processed/Common_Pochard/XC541366-Tafeleend_chunk014.wav,3.0,XC541366-Tafeleend 20200404-01a.mp3
Common_Pochard,XC541366-Tafeleend,15,data/processed/Common_Pochard/XC541366-Tafeleend_chunk015.wav,3.0,XC541366-Tafeleend 20200404-01a.mp3
Common_Pochard,XC541366-Tafeleend,16,data/processed/Common_Pochard/XC541366-Tafeleend_chunk016.wav,3.0,XC541366-Tafeleend 20200404-01a.mp3
Common_Pochard,XC541366-Tafeleend,17,data/processed/Common_Pochard/XC541366-Tafeleend_chunk017.wav,3.0,XC541366-Tafeleend 20200404-01a.mp3
Common_Pochard,XC541366-Tafeleend,18,data/processed/Common_Pochard/XC541366-Tafeleend_chunk018.wav,3.0,XC541366-Tafeleend 20200404-01a.mp3
Common_Pochard,XC541366-Tafeleend,19,data/processed/Common_Pochard/XC541366-Tafeleend_chunk019.wav,3.0,XC541366-Tafeleend 20200404-01a.mp3
Common_Pochard,XC590636-poch-d02,0,data/processed/Common_Pochard/XC590636-poch-d02_chunk000.wav,3.0,XC590636-poch-d02.mp3
Common_Pochard,XC590636-poch-d02,1,data/processed/Common_Pochard/XC590636-poch-d02_chunk001.wav,3.0,XC590636-poch-d02.mp3
Common_Pochard,XC590637-poch-d14,0,data/processed/Common_Pochard/XC590637-poch-d14_chunk000.wav,3.0,XC590637-poch-d14.mp3
Common_Pochard,XC590637-poch-d14,1,data/processed/Common_Pochard/XC590637-poch-d14_chunk001.wav,3.0,XC590637-poch-d14.mp3
Common_Pochard,XC591952-pochard,0,data/processed/Common_Pochard/XC591952-pochard_chunk000.wav,3.0,XC591952-pochard in 162219.mp3
Common_Pochard,XC591952-pochard,1,data/processed/Common_Pochard/XC591952-pochard_chunk001.wav,3.0,XC591952-pochard in 162219.mp3
Common_Pochard,XC591952-pochard,2,data/processed/Common_Pochard/XC591952-pochard_chunk002.wav,3.0,XC591952-pochard in 162219.mp3
Common_Pochard,XC591952-pochard,3,data/processed/Common_Pochard/XC591952-pochard_chunk003.wav,3.0,XC591952-pochard in 162219.mp3
Common_Pochard,XC591952-pochard,4,data/processed/Common_Pochard/XC591952-pochard_chunk004.wav,3.0,XC591952-pochard in 162219.mp3
Common_Pochard,XC591952-pochard,5,data/processed/Common_Pochard/XC591952-pochard_chunk005.wav,3.0,XC591952-pochard in 162219.mp3
Common_Pochard,XC591952-pochard,6,data/processed/Common_Pochard/XC591952-pochard_chunk006.wav,3.0,XC591952-pochard in 162219.mp3
Common_Pochard,XC591952-pochard,7,data/processed/Common_Pochard/XC591952-pochard_chunk007.wav,3.0,XC591952-pochard in 162219.mp3
Common_Pochard,XC591952-pochard,8,data/processed/Common_Pochard/XC591952-pochard_chunk008.wav,3.0,XC591952-pochard in 162219.mp3
Common_Pochard,XC591952-pochard,9,data/processed/Common_Pochard/XC591952-pochard_chunk009.wav,3.0,XC591952-pochard in 162219.mp3
Common_Pochard,XC592689-JAREK-MATUSIAK-A-565,0,data/processed/Common_Pochard/XC592689-JAREK-MATUSIAK-A-565_chunk000.wav,3.0,XC592689-JAREK-MATUSIAK-A-565 (2)głowienki (2).mp3
Common_Pochard,XC592689-JAREK-MATUSIAK-A-565,1,data/processed/Common_Pochard/XC592689-JAREK-MATUSIAK-A-565_chunk001.wav,3.0,XC592689-JAREK-MATUSIAK-A-565 (2)głowienki (2).mp3
Common_Pochard,XC592689-JAREK-MATUSIAK-A-565,2,data/processed/Common_Pochard/XC592689-JAREK-MATUSIAK-A-565_chunk002.wav,3.0,XC592689-JAREK-MATUSIAK-A-565 (2)głowienki (2).mp3
Common_Pochard,XC592689-JAREK-MATUSIAK-A-565,3,data/processed/Common_Pochard/XC592689-JAREK-MATUSIAK-A-565_chunk003.wav,3.0,XC592689-JAREK-MATUSIAK-A-565 (2)głowienki (2).mp3
Common_Pochard,XC592689-JAREK-MATUSIAK-A-565,4,data/processed/Common_Pochard/XC592689-JAREK-MATUSIAK-A-565_chunk004.wav,3.0,XC592689-JAREK-MATUSIAK-A-565 (2)głowienki (2).mp3
Common_Pochard,XC592689-JAREK-MATUSIAK-A-565,5,data/processed/Common_Pochard/XC592689-JAREK-MATUSIAK-A-565_chunk005.wav,3.0,XC592689-JAREK-MATUSIAK-A-565 (2)głowienki (2).mp3
Common_Pochard,XC592689-JAREK-MATUSIAK-A-565,6,data/processed/Common_Pochard/XC592689-JAREK-MATUSIAK-A-565_chunk006.wav,3.0,XC592689-JAREK-MATUSIAK-A-565 (2)głowienki (2).mp3
Common_Pochard,XC592689-JAREK-MATUSIAK-A-565,7,data/processed/Common_Pochard/XC592689-JAREK-MATUSIAK-A-565_chunk007.wav,3.0,XC592689-JAREK-MATUSIAK-A-565 (2)głowienki (2).mp3
Common_Pochard,XC592689-JAREK-MATUSIAK-A-565,8,data/processed/Common_Pochard/XC592689-JAREK-MATUSIAK-A-565_chunk008.wav,3.0,XC592689-JAREK-MATUSIAK-A-565 (2)głowienki (2).mp3
Common_Pochard,XC592689-JAREK-MATUSIAK-A-565,9,data/processed/Common_Pochard/XC592689-JAREK-MATUSIAK-A-565_chunk009.wav,3.0,XC592689-JAREK-MATUSIAK-A-565 (2)głowienki (2).mp3
Common_Pochard,XC592689-JAREK-MATUSIAK-A-565,10,data/processed/Common_Pochard/XC592689-JAREK-MATUSIAK-A-565_chunk010.wav,3.0,XC592689-JAREK-MATUSIAK-A-565 (2)głowienki (2).mp3
Common_Pochard,XC592689-JAREK-MATUSIAK-A-565,11,data/processed/Common_Pochard/XC592689-JAREK-MATUSIAK-A-565_chunk011.wav,3.0,XC592689-JAREK-MATUSIAK-A-565 (2)głowienki (2).mp3
Common_Pochard,XC592689-JAREK-MATUSIAK-A-565,12,data/processed/Common_Pochard/XC592689-JAREK-MATUSIAK-A-565_chunk012.wav,3.0,XC592689-JAREK-MATUSIAK-A-565 (2)głowienki (2).mp3
Common_Pochard,XC592689-JAREK-MATUSIAK-A-565,13,data/processed/Common_Pochard/XC592689-JAREK-MATUSIAK-A-565_chunk013.wav,3.0,XC592689-JAREK-MATUSIAK-A-565 (2)głowienki (2).mp3
Common_Pochard,XC592689-JAREK-MATUSIAK-A-565,14,data/processed/Common_Pochard/XC592689-JAREK-MATUSIAK-A-565_chunk014.wav,3.0,XC592689-JAREK-MATUSIAK-A-565 (2)głowienki (2).mp3
Common_Pochard,XC592689-JAREK-MATUSIAK-A-565,15,data/processed/Common_Pochard/XC592689-JAREK-MATUSIAK-A-565_chunk015.wav,3.0,XC592689-JAREK-MATUSIAK-A-565 (2)głowienki (2).mp3
Common_Pochard,XC592689-JAREK-MATUSIAK-A-565,16,data/processed/Common_Pochard/XC592689-JAREK-MATUSIAK-A-565_chunk016.wav,3.0,XC592689-JAREK-MATUSIAK-A-565 (2)głowienki (2).mp3
Common_Pochard,XC592689-JAREK-MATUSIAK-A-565,17,data/processed/Common_Pochard/XC592689-JAREK-MATUSIAK-A-565_chunk017.wav,3.0,XC592689-JAREK-MATUSIAK-A-565 (2)głowienki (2).mp3
Common_Pochard,XC592689-JAREK-MATUSIAK-A-565,18,data/processed/Common_Pochard/XC592689-JAREK-MATUSIAK-A-565_chunk018.wav,3.0,XC592689-JAREK-MATUSIAK-A-565 (2)głowienki (2).mp3
Common_Pochard,XC592689-JAREK-MATUSIAK-A-565,19,data/processed/Common_Pochard/XC592689-JAREK-MATUSIAK-A-565_chunk019.wav,3.0,XC592689-JAREK-MATUSIAK-A-565 (2)głowienki (2).mp3
Common_Pochard,XC592689-JAREK-MATUSIAK-A-565,20,data/processed/Common_Pochard/XC592689-JAREK-MATUSIAK-A-565_chunk020.wav,3.0,XC592689-JAREK-MATUSIAK-A-565 (2)głowienki (2).mp3
Common_Pochard,XC592689-JAREK-MATUSIAK-A-565,21,data/processed/Common_Pochard/XC592689-JAREK-MATUSIAK-A-565_chunk021.wav,3.0,XC592689-JAREK-MATUSIAK-A-565 (2)głowienki (2).mp3
Common_Pochard,XC592689-JAREK-MATUSIAK-A-565,22,data/processed/Common_Pochard/XC592689-JAREK-MATUSIAK-A-565_chunk022.wav,3.0,XC592689-JAREK-MATUSIAK-A-565 (2)głowienki (2).mp3
Common_Pochard,XC592689-JAREK-MATUSIAK-A-565,23,data/processed/Common_Pochard/XC592689-JAREK-MATUSIAK-A-565_chunk023.wav,3.0,XC592689-JAREK-MATUSIAK-A-565 (2)głowienki (2).mp3
Common_Pochard,XC592689-JAREK-MATUSIAK-A-565,24,data/processed/Common_Pochard/XC592689-JAREK-MATUSIAK-A-565_chunk024.wav,3.0,XC592689-JAREK-MATUSIAK-A-565 (2)głowienki (2).mp3
Common_Pochard,XC592689-JAREK-MATUSIAK-A-565,25,data/processed/Common_Pochard/XC592689-JAREK-MATUSIAK-A-565_chunk025.wav,3.0,XC592689-JAREK-MATUSIAK-A-565 (2)głowienki (2).mp3
Common_Pochard,XC592689-JAREK-MATUSIAK-A-565,26,data/processed/Common_Pochard/XC592689-JAREK-MATUSIAK-A-565_chunk026.wav,3.0,XC592689-JAREK-MATUSIAK-A-565 (2)głowienki (2).mp3
Common_Pochard,XC592689-JAREK-MATUSIAK-A-565,27,data/processed/Common_Pochard/XC592689-JAREK-MATUSIAK-A-565_chunk027.wav,3.0,XC592689-JAREK-MATUSIAK-A-565 (2)głowienki (2).mp3
Common_Pochard,XC592689-JAREK-MATUSIAK-A-565,28,data/processed/Common_Pochard/XC592689-JAREK-MATUSIAK-A-565_chunk028.wav,3.0,XC592689-JAREK-MATUSIAK-A-565 (2)głowienki (2).mp3
Common_Pochard,XC592689-JAREK-MATUSIAK-A-565,29,data/processed/Common_Pochard/XC592689-JAREK-MATUSIAK-A-565_chunk029.wav,3.0,XC592689-JAREK-MATUSIAK-A-565 (2)głowienki (2).mp3
Common_Pochard,XC592689-JAREK-MATUSIAK-A-565,30,data/processed/Common_Pochard/XC592689-JAREK-MATUSIAK-A-565_chunk030.wav,3.0,XC592689-JAREK-MATUSIAK-A-565 (2)głowienki (2).mp3
Common_Pochard,XC592689-JAREK-MATUSIAK-A-565,31,data/processed/Common_Pochard/XC592689-JAREK-MATUSIAK-A-565_chunk031.wav,3.0,XC592689-JAREK-MATUSIAK-A-565 (2)głowienki (2).mp3
Common_Pochard,XC592689-JAREK-MATUSIAK-A-565,32,data/processed/Common_Pochard/XC592689-JAREK-MATUSIAK-A-565_chunk032.wav,3.0,XC592689-JAREK-MATUSIAK-A-565 (2)głowienki (2).mp3
Common_Pochard,XC592689-JAREK-MATUSIAK-A-565,33,data/processed/Common_Pochard/XC592689-JAREK-MATUSIAK-A-565_chunk033.wav,3.0,XC592689-JAREK-MATUSIAK-A-565 (2)głowienki (2).mp3
Common_Pochard,XC592689-JAREK-MATUSIAK-A-565,34,data/processed/Common_Pochard/XC592689-JAREK-MATUSIAK-A-565_chunk034.wav,3.0,XC592689-JAREK-MATUSIAK-A-565 (2)głowienki (2).mp3
Common_Pochard,XC592689-JAREK-MATUSIAK-A-565,35,data/processed/Common_Pochard/XC592689-JAREK-MATUSIAK-A-565_chunk035.wav,3.0,XC592689-JAREK-MATUSIAK-A-565 (2)głowienki (2).mp3
Common_Pochard,XC592689-JAREK-MATUSIAK-A-565,36,data/processed/Common_Pochard/XC592689-JAREK-MATUSIAK-A-565_chunk036.wav,3.0,XC592689-JAREK-MATUSIAK-A-565 (2)głowienki (2).mp3
Common_Pochard,XC609398-JAREK-MATUSIAK-A-565,0,data/processed/Common_Pochard/XC609398-JAREK-MATUSIAK-A-565_chunk000.wav,3.0,XC609398-JAREK-MATUSIAK-A-565 (2) głowienki.mp3
Common_Pochard,XC609398-JAREK-MATUSIAK-A-565,1,data/processed/Common_Pochard/XC609398-JAREK-MATUSIAK-A-565_chunk001.wav,3.0,XC609398-JAREK-MATUSIAK-A-565 (2) głowienki.mp3
Common_Pochard,XC609398-JAREK-MATUSIAK-A-565,2,data/processed/Common_Pochard/XC609398-JAREK-MATUSIAK-A-565_chunk002.wav,3.0,XC609398-JAREK-MATUSIAK-A-565 (2) głowienki.mp3
Common_Pochard,XC609398-JAREK-MATUSIAK-A-565,3,data/processed/Common_Pochard/XC609398-JAREK-MATUSIAK-A-565_chunk003.wav,3.0,XC609398-JAREK-MATUSIAK-A-565 (2) głowienki.mp3
Common_Pochard,XC609398-JAREK-MATUSIAK-A-565,4,data/processed/Common_Pochard/XC609398-JAREK-MATUSIAK-A-565_chunk004.wav,3.0,XC609398-JAREK-MATUSIAK-A-565 (2) głowienki.mp3
Common_Pochard,XC609398-JAREK-MATUSIAK-A-565,5,data/processed/Common_Pochard/XC609398-JAREK-MATUSIAK-A-565_chunk005.wav,3.0,XC609398-JAREK-MATUSIAK-A-565 (2) głowienki.mp3
Common_Pochard,XC609398-JAREK-MATUSIAK-A-565,6,data/processed/Common_Pochard/XC609398-JAREK-MATUSIAK-A-565_chunk006.wav,3.0,XC609398-JAREK-MATUSIAK-A-565 (2) głowienki.mp3
Common_Pochard,XC609398-JAREK-MATUSIAK-A-565,7,data/processed/Common_Pochard/XC609398-JAREK-MATUSIAK-A-565_chunk007.wav,3.0,XC609398-JAREK-MATUSIAK-A-565 (2) głowienki.mp3
Common_Pochard,XC609398-JAREK-MATUSIAK-A-565,8,data/processed/Common_Pochard/XC609398-JAREK-MATUSIAK-A-565_chunk008.wav,3.0,XC609398-JAREK-MATUSIAK-A-565 (2) głowienki.mp3
Common_Pochard,XC609398-JAREK-MATUSIAK-A-565,9,data/processed/Common_Pochard/XC609398-JAREK-MATUSIAK-A-565_chunk009.wav,3.0,XC609398-JAREK-MATUSIAK-A-565 (2) głowienki.mp3
Common_Pochard,XC609398-JAREK-MATUSIAK-A-565,10,data/processed/Common_Pochard/XC609398-JAREK-MATUSIAK-A-565_chunk010.wav,3.0,XC609398-JAREK-MATUSIAK-A-565 (2) głowienki.mp3
Common_Pochard,XC609398-JAREK-MATUSIAK-A-565,11,data/processed/Common_Pochard/XC609398-JAREK-MATUSIAK-A-565_chunk011.wav,3.0,XC609398-JAREK-MATUSIAK-A-565 (2) głowienki.mp3
Common_Pochard,XC609398-JAREK-MATUSIAK-A-565,12,data/processed/Common_Pochard/XC609398-JAREK-MATUSIAK-A-565_chunk012.wav,3.0,XC609398-JAREK-MATUSIAK-A-565 (2) głowienki.mp3
Common_Pochard,XC609398-JAREK-MATUSIAK-A-565,13,data/processed/Common_Pochard/XC609398-JAREK-MATUSIAK-A-565_chunk013.wav,3.0,XC609398-JAREK-MATUSIAK-A-565 (2) głowienki.mp3
Common_Pochard,XC609398-JAREK-MATUSIAK-A-565,14,data/processed/Common_Pochard/XC609398-JAREK-MATUSIAK-A-565_chunk014.wav,3.0,XC609398-JAREK-MATUSIAK-A-565 (2) głowienki.mp3
Common_Pochard,XC609398-JAREK-MATUSIAK-A-565,15,data/processed/Common_Pochard/XC609398-JAREK-MATUSIAK-A-565_chunk015.wav,3.0,XC609398-JAREK-MATUSIAK-A-565 (2) głowienki.mp3
Common_Pochard,XC609398-JAREK-MATUSIAK-A-565,16,data/processed/Common_Pochard/XC609398-JAREK-MATUSIAK-A-565_chunk016.wav,3.0,XC609398-JAREK-MATUSIAK-A-565 (2) głowienki.mp3
Common_Pochard,XC609398-JAREK-MATUSIAK-A-565,17,data/processed/Common_Pochard/XC609398-JAREK-MATUSIAK-A-565_chunk017.wav,3.0,XC609398-JAREK-MATUSIAK-A-565 (2) głowienki.mp3
Common_Pochard,XC609398-JAREK-MATUSIAK-A-565,18,data/processed/Common_Pochard/XC609398-JAREK-MATUSIAK-A-565_chunk018.wav,3.0,XC609398-JAREK-MATUSIAK-A-565 (2) głowienki.mp3
Common_Pochard,XC609398-JAREK-MATUSIAK-A-565,19,data/processed/Common_Pochard/XC609398-JAREK-MATUSIAK-A-565_chunk019.wav,3.0,XC609398-JAREK-MATUSIAK-A-565 (2) głowienki.mp3
Common_Pochard,XC609398-JAREK-MATUSIAK-A-565,20,data/processed/Common_Pochard/XC609398-JAREK-MATUSIAK-A-565_chunk020.wav,3.0,XC609398-JAREK-MATUSIAK-A-565 (2) głowienki.mp3
Common_Pochard,XC609398-JAREK-MATUSIAK-A-565,21,data/processed/Common_Pochard/XC609398-JAREK-MATUSIAK-A-565_chunk021.wav,3.0,XC609398-JAREK-MATUSIAK-A-565 (2) głowienki.mp3
Common_Pochard,XC609398-JAREK-MATUSIAK-A-565,22,data/processed/Common_Pochard/XC609398-JAREK-MATUSIAK-A-565_chunk022.wav,3.0,XC609398-JAREK-MATUSIAK-A-565 (2) głowienki.mp3
Common_Pochard,XC609398-JAREK-MATUSIAK-A-565,23,data/processed/Common_Pochard/XC609398-JAREK-MATUSIAK-A-565_chunk023.wav,3.0,XC609398-JAREK-MATUSIAK-A-565 (2) głowienki.mp3
Common_Pochard,XC609398-JAREK-MATUSIAK-A-565,24,data/processed/Common_Pochard/XC609398-JAREK-MATUSIAK-A-565_chunk024.wav,3.0,XC609398-JAREK-MATUSIAK-A-565 (2) głowienki.mp3
Common_Pochard,XC609398-JAREK-MATUSIAK-A-565,25,data/processed/Common_Pochard/XC609398-JAREK-MATUSIAK-A-565_chunk025.wav,3.0,XC609398-JAREK-MATUSIAK-A-565 (2) głowienki.mp3
Common_Pochard,XC609398-JAREK-MATUSIAK-A-565,26,data/processed/Common_Pochard/XC609398-JAREK-MATUSIAK-A-565_chunk026.wav,3.0,XC609398-JAREK-MATUSIAK-A-565 (2) głowienki.mp3
Common_Pochard,XC609398-JAREK-MATUSIAK-A-565,27,data/processed/Common_Pochard/XC609398-JAREK-MATUSIAK-A-565_chunk027.wav,3.0,XC609398-JAREK-MATUSIAK-A-565 (2) głowienki.mp3
Common_Pochard,XC609398-JAREK-MATUSIAK-A-565,28,data/processed/Common_Pochard/XC609398-JAREK-MATUSIAK-A-565_chunk028.wav,3.0,XC609398-JAREK-MATUSIAK-A-565 (2) głowienki.mp3
Common_Pochard,XC609398-JAREK-MATUSIAK-A-565,29,data/processed/Common_Pochard/XC609398-JAREK-MATUSIAK-A-565_chunk029.wav,3.0,XC609398-JAREK-MATUSIAK-A-565 (2) głowienki.mp3
Common_Pochard,XC609398-JAREK-MATUSIAK-A-565,30,data/processed/Common_Pochard/XC609398-JAREK-MATUSIAK-A-565_chunk030.wav,3.0,XC609398-JAREK-MATUSIAK-A-565 (2) głowienki.mp3
Common_Pochard,XC609398-JAREK-MATUSIAK-A-565,31,data/processed/Common_Pochard/XC609398-JAREK-MATUSIAK-A-565_chunk031.wav,3.0,XC609398-JAREK-MATUSIAK-A-565 (2) głowienki.mp3
Common_Pochard,XC609398-JAREK-MATUSIAK-A-565,32,data/processed/Common_Pochard/XC609398-JAREK-MATUSIAK-A-565_chunk032.wav,3.0,XC609398-JAREK-MATUSIAK-A-565 (2) głowienki.mp3
Common_Pochard,XC609398-JAREK-MATUSIAK-A-565,33,data/processed/Common_Pochard/XC609398-JAREK-MATUSIAK-A-565_chunk033.wav,3.0,XC609398-JAREK-MATUSIAK-A-565 (2) głowienki.mp3
Common_Pochard,XC609398-JAREK-MATUSIAK-A-565,34,data/processed/Common_Pochard/XC609398-JAREK-MATUSIAK-A-565_chunk034.wav,3.0,XC609398-JAREK-MATUSIAK-A-565 (2) głowienki.mp3
Common_Pochard,XC609398-JAREK-MATUSIAK-A-565,35,data/processed/Common_Pochard/XC609398-JAREK-MATUSIAK-A-565_chunk035.wav,3.0,XC609398-JAREK-MATUSIAK-A-565 (2) głowienki.mp3
Common_Pochard,XC609398-JAREK-MATUSIAK-A-565,36,data/processed/Common_Pochard/XC609398-JAREK-MATUSIAK-A-565_chunk036.wav,3.0,XC609398-JAREK-MATUSIAK-A-565 (2) głowienki.mp3
Common_Pochard,XC609398-JAREK-MATUSIAK-A-565,37,data/processed/Common_Pochard/XC609398-JAREK-MATUSIAK-A-565_chunk037.wav,3.0,XC609398-JAREK-MATUSIAK-A-565 (2) głowienki.mp3
Common_Pochard,XC609398-JAREK-MATUSIAK-A-565,38,data/processed/Common_Pochard/XC609398-JAREK-MATUSIAK-A-565_chunk038.wav,3.0,XC609398-JAREK-MATUSIAK-A-565 (2) głowienki.mp3
Common_Pochard,XC609398-JAREK-MATUSIAK-A-565,39,data/processed/Common_Pochard/XC609398-JAREK-MATUSIAK-A-565_chunk039.wav,3.0,XC609398-JAREK-MATUSIAK-A-565 (2) głowienki.mp3
Common_Pochard,XC609398-JAREK-MATUSIAK-A-565,40,data/processed/Common_Pochard/XC609398-JAREK-MATUSIAK-A-565_chunk040.wav,3.0,XC609398-JAREK-MATUSIAK-A-565 (2) głowienki.mp3
Common_Pochard,XC609398-JAREK-MATUSIAK-A-565,41,data/processed/Common_Pochard/XC609398-JAREK-MATUSIAK-A-565_chunk041.wav,3.0,XC609398-JAREK-MATUSIAK-A-565 (2) głowienki.mp3
Common_Pochard,XC609398-JAREK-MATUSIAK-A-565,42,data/processed/Common_Pochard/XC609398-JAREK-MATUSIAK-A-565_chunk042.wav,3.0,XC609398-JAREK-MATUSIAK-A-565 (2) głowienki.mp3
Common_Pochard,XC609398-JAREK-MATUSIAK-A-565,43,data/processed/Common_Pochard/XC609398-JAREK-MATUSIAK-A-565_chunk043.wav,3.0,XC609398-JAREK-MATUSIAK-A-565 (2) głowienki.mp3
Common_Pochard,XC609398-JAREK-MATUSIAK-A-565,44,data/processed/Common_Pochard/XC609398-JAREK-MATUSIAK-A-565_chunk044.wav,3.0,XC609398-JAREK-MATUSIAK-A-565 (2) głowienki.mp3
Common_Pochard,XC609398-JAREK-MATUSIAK-A-565,45,data/processed/Common_Pochard/XC609398-JAREK-MATUSIAK-A-565_chunk045.wav,3.0,XC609398-JAREK-MATUSIAK-A-565 (2) głowienki.mp3
Common_Pochard,XC609398-JAREK-MATUSIAK-A-565,46,data/processed/Common_Pochard/XC609398-JAREK-MATUSIAK-A-565_chunk046.wav,3.0,XC609398-JAREK-MATUSIAK-A-565 (2) głowienki.mp3
Common_Pochard,XC609398-JAREK-MATUSIAK-A-565,47,data/processed/Common_Pochard/XC609398-JAREK-MATUSIAK-A-565_chunk047.wav,3.0,XC609398-JAREK-MATUSIAK-A-565 (2) głowienki.mp3
Common_Pochard,XC609398-JAREK-MATUSIAK-A-565,48,data/processed/Common_Pochard/XC609398-JAREK-MATUSIAK-A-565_chunk048.wav,3.0,XC609398-JAREK-MATUSIAK-A-565 (2) głowienki.mp3
Common_Pochard,XC609398-JAREK-MATUSIAK-A-565,49,data/processed/Common_Pochard/XC609398-JAREK-MATUSIAK-A-565_chunk049.wav,3.0,XC609398-JAREK-MATUSIAK-A-565 (2) głowienki.mp3
Common_Pochard,XC609398-JAREK-MATUSIAK-A-565,50,data/processed/Common_Pochard/XC609398-JAREK-MATUSIAK-A-565_chunk050.wav,3.0,XC609398-JAREK-MATUSIAK-A-565 (2) głowienki.mp3
Common_Pochard,XC609398-JAREK-MATUSIAK-A-565,51,data/processed/Common_Pochard/XC609398-JAREK-MATUSIAK-A-565_chunk051.wav,3.0,XC609398-JAREK-MATUSIAK-A-565 (2) głowienki.mp3
Common_Pochard,XC609398-JAREK-MATUSIAK-A-565,52,data/processed/Common_Pochard/XC609398-JAREK-MATUSIAK-A-565_chunk052.wav,3.0,XC609398-JAREK-MATUSIAK-A-565 (2) głowienki.mp3
Common_Pochard,XC609398-JAREK-MATUSIAK-A-565,53,data/processed/Common_Pochard/XC609398-JAREK-MATUSIAK-A-565_chunk053.wav,3.0,XC609398-JAREK-MATUSIAK-A-565 (2) głowienki.mp3
Common_Pochard,XC609398-JAREK-MATUSIAK-A-565,54,data/processed/Common_Pochard/XC609398-JAREK-MATUSIAK-A-565_chunk054.wav,3.0,XC609398-JAREK-MATUSIAK-A-565 (2) głowienki.mp3
Common_Pochard,XC609398-JAREK-MATUSIAK-A-565,55,data/processed/Common_Pochard/XC609398-JAREK-MATUSIAK-A-565_chunk055.wav,3.0,XC609398-JAREK-MATUSIAK-A-565 (2) głowienki.mp3
Common_Pochard,XC609398-JAREK-MATUSIAK-A-565,56,data/processed/Common_Pochard/XC609398-JAREK-MATUSIAK-A-565_chunk056.wav,3.0,XC609398-JAREK-MATUSIAK-A-565 (2) głowienki.mp3
Common_Pochard,XC609398-JAREK-MATUSIAK-A-565,57,data/processed/Common_Pochard/XC609398-JAREK-MATUSIAK-A-565_chunk057.wav,3.0,XC609398-JAREK-MATUSIAK-A-565 (2) głowienki.mp3
Common_Pochard,XC609398-JAREK-MATUSIAK-A-565,58,data/processed/Common_Pochard/XC609398-JAREK-MATUSIAK-A-565_chunk058.wav,3.0,XC609398-JAREK-MATUSIAK-A-565 (2) głowienki.mp3
Common_Pochard,XC609398-JAREK-MATUSIAK-A-565,59,data/processed/Common_Pochard/XC609398-JAREK-MATUSIAK-A-565_chunk059.wav,3.0,XC609398-JAREK-MATUSIAK-A-565 (2) głowienki.mp3
Common_Pochard,XC609398-JAREK-MATUSIAK-A-565,60,data/processed/Common_Pochard/XC609398-JAREK-MATUSIAK-A-565_chunk060.wav,3.0,XC609398-JAREK-MATUSIAK-A-565 (2) głowienki.mp3
Common_Pochard,XC609398-JAREK-MATUSIAK-A-565,61,data/processed/Common_Pochard/XC609398-JAREK-MATUSIAK-A-565_chunk061.wav,3.0,XC609398-JAREK-MATUSIAK-A-565 (2) głowienki.mp3
Common_Pochard,XC609398-JAREK-MATUSIAK-A-565,62,data/processed/Common_Pochard/XC609398-JAREK-MATUSIAK-A-565_chunk062.wav,3.0,XC609398-JAREK-MATUSIAK-A-565 (2) głowienki.mp3
Common_Pochard,XC609398-JAREK-MATUSIAK-A-565,63,data/processed/Common_Pochard/XC609398-JAREK-MATUSIAK-A-565_chunk063.wav,3.0,XC609398-JAREK-MATUSIAK-A-565 (2) głowienki.mp3
Common_Pochard,XC609398-JAREK-MATUSIAK-A-565,64,data/processed/Common_Pochard/XC609398-JAREK-MATUSIAK-A-565_chunk064.wav,3.0,XC609398-JAREK-MATUSIAK-A-565 (2) głowienki.mp3
Common_Pochard,XC609398-JAREK-MATUSIAK-A-565,65,data/processed/Common_Pochard/XC609398-JAREK-MATUSIAK-A-565_chunk065.wav,3.0,XC609398-JAREK-MATUSIAK-A-565 (2) głowienki.mp3
Common_Pochard,XC609398-JAREK-MATUSIAK-A-565,66,data/processed/Common_Pochard/XC609398-JAREK-MATUSIAK-A-565_chunk066.wav,3.0,XC609398-JAREK-MATUSIAK-A-565 (2) głowienki.mp3
Common_Pochard,XC609398-JAREK-MATUSIAK-A-565,67,data/processed/Common_Pochard/XC609398-JAREK-MATUSIAK-A-565_chunk067.wav,3.0,XC609398-JAREK-MATUSIAK-A-565 (2) głowienki.mp3
Common_Pochard,XC609398-JAREK-MATUSIAK-A-565,68,data/processed/Common_Pochard/XC609398-JAREK-MATUSIAK-A-565_chunk068.wav,3.0,XC609398-JAREK-MATUSIAK-A-565 (2) głowienki.mp3
Common_Pochard,XC609398-JAREK-MATUSIAK-A-565,69,data/processed/Common_Pochard/XC609398-JAREK-MATUSIAK-A-565_chunk069.wav,3.0,XC609398-JAREK-MATUSIAK-A-565 (2) głowienki.mp3
Common_Pochard,XC609398-JAREK-MATUSIAK-A-565,70,data/processed/Common_Pochard/XC609398-JAREK-MATUSIAK-A-565_chunk070.wav,3.0,XC609398-JAREK-MATUSIAK-A-565 (2) głowienki.mp3
Common_Pochard,XC609398-JAREK-MATUSIAK-A-565,71,data/processed/Common_Pochard/XC609398-JAREK-MATUSIAK-A-565_chunk071.wav,3.0,XC609398-JAREK-MATUSIAK-A-565 (2) głowienki.mp3
Common_Pochard,XC609398-JAREK-MATUSIAK-A-565,72,data/processed/Common_Pochard/XC609398-JAREK-MATUSIAK-A-565_chunk072.wav,3.0,XC609398-JAREK-MATUSIAK-A-565 (2) głowienki.mp3
Common_Pochard,XC609398-JAREK-MATUSIAK-A-565,73,data/processed/Common_Pochard/XC609398-JAREK-MATUSIAK-A-565_chunk073.wav,3.0,XC609398-JAREK-MATUSIAK-A-565 (2) głowienki.mp3
Common_Pochard,XC609398-JAREK-MATUSIAK-A-565,74,data/processed/Common_Pochard/XC609398-JAREK-MATUSIAK-A-565_chunk074.wav,3.0,XC609398-JAREK-MATUSIAK-A-565 (2) głowienki.mp3
Common_Pochard,XC609398-JAREK-MATUSIAK-A-565,75,data/processed/Common_Pochard/XC609398-JAREK-MATUSIAK-A-565_chunk075.wav,3.0,XC609398-JAREK-MATUSIAK-A-565 (2) głowienki.mp3
Common_Pochard,XC609398-JAREK-MATUSIAK-A-565,76,data/processed/Common_Pochard/XC609398-JAREK-MATUSIAK-A-565_chunk076.wav,3.0,XC609398-JAREK-MATUSIAK-A-565 (2) głowienki.mp3
Common_Pochard,XC609398-JAREK-MATUSIAK-A-565,77,data/processed/Common_Pochard/XC609398-JAREK-MATUSIAK-A-565_chunk077.wav,3.0,XC609398-JAREK-MATUSIAK-A-565 (2) głowienki.mp3
Common_Pochard,XC609398-JAREK-MATUSIAK-A-565,78,data/processed/Common_Pochard/XC609398-JAREK-MATUSIAK-A-565_chunk078.wav,3.0,XC609398-JAREK-MATUSIAK-A-565 (2) głowienki.mp3
Common_Pochard,XC609398-JAREK-MATUSIAK-A-565,79,data/processed/Common_Pochard/XC609398-JAREK-MATUSIAK-A-565_chunk079.wav,3.0,XC609398-JAREK-MATUSIAK-A-565 (2) głowienki.mp3
Common_Pochard,XC609398-JAREK-MATUSIAK-A-565,80,data/processed/Common_Pochard/XC609398-JAREK-MATUSIAK-A-565_chunk080.wav,3.0,XC609398-JAREK-MATUSIAK-A-565 (2) głowienki.mp3
Common_Pochard,XC609398-JAREK-MATUSIAK-A-565,81,data/processed/Common_Pochard/XC609398-JAREK-MATUSIAK-A-565_chunk081.wav,3.0,XC609398-JAREK-MATUSIAK-A-565 (2) głowienki.mp3
Common_Pochard,XC609398-JAREK-MATUSIAK-A-565,82,data/processed/Common_Pochard/XC609398-JAREK-MATUSIAK-A-565_chunk082.wav,3.0,XC609398-JAREK-MATUSIAK-A-565 (2) głowienki.mp3
Common_Pochard,XC609398-JAREK-MATUSIAK-A-565,83,data/processed/Common_Pochard/XC609398-JAREK-MATUSIAK-A-565_chunk083.wav,3.0,XC609398-JAREK-MATUSIAK-A-565 (2) głowienki.mp3
Common_Pochard,XC609398-JAREK-MATUSIAK-A-565,84,data/processed/Common_Pochard/XC609398-JAREK-MATUSIAK-A-565_chunk084.wav,3.0,XC609398-JAREK-MATUSIAK-A-565 (2) głowienki.mp3
Common_Pochard,XC609398-JAREK-MATUSIAK-A-565,85,data/processed/Common_Pochard/XC609398-JAREK-MATUSIAK-A-565_chunk085.wav,3.0,XC609398-JAREK-MATUSIAK-A-565 (2) głowienki.mp3
Common_Pochard,XC609398-JAREK-MATUSIAK-A-565,86,data/processed/Common_Pochard/XC609398-JAREK-MATUSIAK-A-565_chunk086.wav,3.0,XC609398-JAREK-MATUSIAK-A-565 (2) głowienki.mp3
Common_Pochard,XC609398-JAREK-MATUSIAK-A-565,87,data/processed/Common_Pochard/XC609398-JAREK-MATUSIAK-A-565_chunk087.wav,3.0,XC609398-JAREK-MATUSIAK-A-565 (2) głowienki.mp3
Common_Pochard,XC609398-JAREK-MATUSIAK-A-565,88,data/processed/Common_Pochard/XC609398-JAREK-MATUSIAK-A-565_chunk088.wav,3.0,XC609398-JAREK-MATUSIAK-A-565 (2) głowienki.mp3
Common_Pochard,XC609398-JAREK-MATUSIAK-A-565,89,data/processed/Common_Pochard/XC609398-JAREK-MATUSIAK-A-565_chunk089.wav,3.0,XC609398-JAREK-MATUSIAK-A-565 (2) głowienki.mp3
Common_Pochard,XC609398-JAREK-MATUSIAK-A-565,90,data/processed/Common_Pochard/XC609398-JAREK-MATUSIAK-A-565_chunk090.wav,3.0,XC609398-JAREK-MATUSIAK-A-565 (2) głowienki.mp3
Common_Pochard,XC609403-JAREK-MATUSIAK-A-565,0,data/processed/Common_Pochard/XC609403-JAREK-MATUSIAK-A-565_chunk000.wav,3.0,XC609403-JAREK-MATUSIAK-A-565 (2) głowienka.mp3
Common_Pochard,XC609403-JAREK-MATUSIAK-A-565,1,data/processed/Common_Pochard/XC609403-JAREK-MATUSIAK-A-565_chunk001.wav,3.0,XC609403-JAREK-MATUSIAK-A-565 (2) głowienka.mp3
Common_Pochard,XC609403-JAREK-MATUSIAK-A-565,2,data/processed/Common_Pochard/XC609403-JAREK-MATUSIAK-A-565_chunk002.wav,3.0,XC609403-JAREK-MATUSIAK-A-565 (2) głowienka.mp3
Common_Pochard,XC609403-JAREK-MATUSIAK-A-565,3,data/processed/Common_Pochard/XC609403-JAREK-MATUSIAK-A-565_chunk003.wav,3.0,XC609403-JAREK-MATUSIAK-A-565 (2) głowienka.mp3
Common_Pochard,XC609403-JAREK-MATUSIAK-A-565,4,data/processed/Common_Pochard/XC609403-JAREK-MATUSIAK-A-565_chunk004.wav,3.0,XC609403-JAREK-MATUSIAK-A-565 (2) głowienka.mp3
Common_Pochard,XC609403-JAREK-MATUSIAK-A-565,5,data/processed/Common_Pochard/XC609403-JAREK-MATUSIAK-A-565_chunk005.wav,3.0,XC609403-JAREK-MATUSIAK-A-565 (2) głowienka.mp3
Common_Pochard,XC609403-JAREK-MATUSIAK-A-565,6,data/processed/Common_Pochard/XC609403-JAREK-MATUSIAK-A-565_chunk006.wav,3.0,XC609403-JAREK-MATUSIAK-A-565 (2) głowienka.mp3
Common_Pochard,XC609403-JAREK-MATUSIAK-A-565,7,data/processed/Common_Pochard/XC609403-JAREK-MATUSIAK-A-565_chunk007.wav,3.0,XC609403-JAREK-MATUSIAK-A-565 (2) głowienka.mp3
Common_Pochard,XC609403-JAREK-MATUSIAK-A-565,8,data/processed/Common_Pochard/XC609403-JAREK-MATUSIAK-A-565_chunk008.wav,3.0,XC609403-JAREK-MATUSIAK-A-565 (2) głowienka.mp3
Common_Pochard,XC609403-JAREK-MATUSIAK-A-565,9,data/processed/Common_Pochard/XC609403-JAREK-MATUSIAK-A-565_chunk009.wav,3.0,XC609403-JAREK-MATUSIAK-A-565 (2) głowienka.mp3
Common_Pochard,XC634400-LS_57363,0,data/processed/Common_Pochard/XC634400-LS_57363_chunk000.wav,3.0,XC634400-LS_57363 Tafeleend flight call female A.mp3
Common_Pochard,XC634400-LS_57363,1,data/processed/Common_Pochard/XC634400-LS_57363_chunk001.wav,3.0,XC634400-LS_57363 Tafeleend flight call female A.mp3
Common_Pochard,XC634400-LS_57363,2,data/processed/Common_Pochard/XC634400-LS_57363_chunk002.wav,3.0,XC634400-LS_57363 Tafeleend flight call female A.mp3
Common_Pochard,XC634400-LS_57363,3,data/processed/Common_Pochard/XC634400-LS_57363_chunk003.wav,3.0,XC634400-LS_57363 Tafeleend flight call female A.mp3
Common_Pochard,XC634400-LS_57363,4,data/processed/Common_Pochard/XC634400-LS_57363_chunk004.wav,3.0,XC634400-LS_57363 Tafeleend flight call female A.mp3
Common_Pochard,XC634400-LS_57363,5,data/processed/Common_Pochard/XC634400-LS_57363_chunk005.wav,3.0,XC634400-LS_57363 Tafeleend flight call female A.mp3
Common_Pochard,XC650996-210522_0845,0,data/processed/Common_Pochard/XC650996-210522_0845_chunk000.wav,3.0,XC650996-210522_0845.mp3
Common_Pochard,XC650996-210522_0845,1,data/processed/Common_Pochard/XC650996-210522_0845_chunk001.wav,3.0,XC650996-210522_0845.mp3
Common_Pochard,XC650996-210522_0845,2,data/processed/Common_Pochard/XC650996-210522_0845_chunk002.wav,3.0,XC650996-210522_0845.mp3
Common_Pochard,XC650996-210522_0845,3,data/processed/Common_Pochard/XC650996-210522_0845_chunk003.wav,3.0,XC650996-210522_0845.mp3
Common_Pochard,XC650996-210522_0845,4,data/processed/Common_Pochard/XC650996-210522_0845_chunk004.wav,3.0,XC650996-210522_0845.mp3
Common_Pochard,XC650996-210522_0845,5,data/processed/Common_Pochard/XC650996-210522_0845_chunk005.wav,3.0,XC650996-210522_0845.mp3
Common_Pochard,XC650996-210522_0845,6,data/processed/Common_Pochard/XC650996-210522_0845_chunk006.wav,3.0,XC650996-210522_0845.mp3
Common_Pochard,XC650996-210522_0845,7,data/processed/Common_Pochard/XC650996-210522_0845_chunk007.wav,3.0,XC650996-210522_0845.mp3
Common_Pochard,XC650996-210522_0845,8,data/processed/Common_Pochard/XC650996-210522_0845_chunk008.wav,3.0,XC650996-210522_0845.mp3
Common_Pochard,XC650996-210522_0845,9,data/processed/Common_Pochard/XC650996-210522_0845_chunk009.wav,3.0,XC650996-210522_0845.mp3
Common_Pochard,XC650996-210522_0845,10,data/processed/Common_Pochard/XC650996-210522_0845_chunk010.wav,3.0,XC650996-210522_0845.mp3
Common_Pochard,XC650996-210522_0845,11,data/processed/Common_Pochard/XC650996-210522_0845_chunk011.wav,3.0,XC650996-210522_0845.mp3
Common_Pochard,XC650996-210522_0845,12,data/processed/Common_Pochard/XC650996-210522_0845_chunk012.wav,3.0,XC650996-210522_0845.mp3
Common_Pochard,XC650996-210522_0845,13,data/processed/Common_Pochard/XC650996-210522_0845_chunk013.wav,3.0,XC650996-210522_0845.mp3
Common_Pochard,XC650996-210522_0845,14,data/processed/Common_Pochard/XC650996-210522_0845_chunk014.wav,3.0,XC650996-210522_0845.mp3
Common_Pochard,XC650996-210522_0845,15,data/processed/Common_Pochard/XC650996-210522_0845_chunk015.wav,3.0,XC650996-210522_0845.mp3
Common_Pochard,XC650996-210522_0845,16,data/processed/Common_Pochard/XC650996-210522_0845_chunk016.wav,3.0,XC650996-210522_0845.mp3
Common_Pochard,XC650996-210522_0845,17,data/processed/Common_Pochard/XC650996-210522_0845_chunk017.wav,3.0,XC650996-210522_0845.mp3
Common_Pochard,XC650996-210522_0845,18,data/processed/Common_Pochard/XC650996-210522_0845_chunk018.wav,3.0,XC650996-210522_0845.mp3
Common_Pochard,XC650996-210522_0845,19,data/processed/Common_Pochard/XC650996-210522_0845_chunk019.wav,3.0,XC650996-210522_0845.mp3
Common_Pochard,XC650996-210522_0845,20,data/processed/Common_Pochard/XC650996-210522_0845_chunk020.wav,3.0,XC650996-210522_0845.mp3
Common_Pochard,XC650996-210522_0845,21,data/processed/Common_Pochard/XC650996-210522_0845_chunk021.wav,3.0,XC650996-210522_0845.mp3
Common_Pochard,XC650996-210522_0845,22,data/processed/Common_Pochard/XC650996-210522_0845_chunk022.wav,3.0,XC650996-210522_0845.mp3
Common_Pochard,XC650996-210522_0845,23,data/processed/Common_Pochard/XC650996-210522_0845_chunk023.wav,3.0,XC650996-210522_0845.mp3
Common_Pochard,XC650996-210522_0845,24,data/processed/Common_Pochard/XC650996-210522_0845_chunk024.wav,3.0,XC650996-210522_0845.mp3
Common_Pochard,XC650996-210522_0845,25,data/processed/Common_Pochard/XC650996-210522_0845_chunk025.wav,3.0,XC650996-210522_0845.mp3
Common_Pochard,XC650996-210522_0845,26,data/processed/Common_Pochard/XC650996-210522_0845_chunk026.wav,3.0,XC650996-210522_0845.mp3
Common_Pochard,XC650996-210522_0845,27,data/processed/Common_Pochard/XC650996-210522_0845_chunk027.wav,3.0,XC650996-210522_0845.mp3
Common_Pochard,XC650996-210522_0845,28,data/processed/Common_Pochard/XC650996-210522_0845_chunk028.wav,3.0,XC650996-210522_0845.mp3
Common_Pochard,XC650996-210522_0845,29,data/processed/Common_Pochard/XC650996-210522_0845_chunk029.wav,3.0,XC650996-210522_0845.mp3
Common_Pochard,XC650996-210522_0845,30,data/processed/Common_Pochard/XC650996-210522_0845_chunk030.wav,3.0,XC650996-210522_0845.mp3
Common_Pochard,XC650996-210522_0845,31,data/processed/Common_Pochard/XC650996-210522_0845_chunk031.wav,3.0,XC650996-210522_0845.mp3
Common_Pochard,XC650996-210522_0845,32,data/processed/Common_Pochard/XC650996-210522_0845_chunk032.wav,3.0,XC650996-210522_0845.mp3
Common_Pochard,XC650996-210522_0845,33,data/processed/Common_Pochard/XC650996-210522_0845_chunk033.wav,3.0,XC650996-210522_0845.mp3
Common_Pochard,XC650996-210522_0845,34,data/processed/Common_Pochard/XC650996-210522_0845_chunk034.wav,3.0,XC650996-210522_0845.mp3
Common_Pochard,XC650996-210522_0845,35,data/processed/Common_Pochard/XC650996-210522_0845_chunk035.wav,3.0,XC650996-210522_0845.mp3
Common_Pochard,XC650996-210522_0845,36,data/processed/Common_Pochard/XC650996-210522_0845_chunk036.wav,3.0,XC650996-210522_0845.mp3
Common_Pochard,XC650996-210522_0845,37,data/processed/Common_Pochard/XC650996-210522_0845_chunk037.wav,3.0,XC650996-210522_0845.mp3
Common_Pochard,XC650996-210522_0845,38,data/processed/Common_Pochard/XC650996-210522_0845_chunk038.wav,3.0,XC650996-210522_0845.mp3
Common_Pochard,XC650996-210522_0845,39,data/processed/Common_Pochard/XC650996-210522_0845_chunk039.wav,3.0,XC650996-210522_0845.mp3
Common_Pochard,XC650996-210522_0845,40,data/processed/Common_Pochard/XC650996-210522_0845_chunk040.wav,3.0,XC650996-210522_0845.mp3
Common_Pochard,XC650996-210522_0845,41,data/processed/Common_Pochard/XC650996-210522_0845_chunk041.wav,3.0,XC650996-210522_0845.mp3
Common_Pochard,XC650996-210522_0845,42,data/processed/Common_Pochard/XC650996-210522_0845_chunk042.wav,3.0,XC650996-210522_0845.mp3
Common_Pochard,XC650996-210522_0845,43,data/processed/Common_Pochard/XC650996-210522_0845_chunk043.wav,3.0,XC650996-210522_0845.mp3
Common_Pochard,XC650996-210522_0845,44,data/processed/Common_Pochard/XC650996-210522_0845_chunk044.wav,3.0,XC650996-210522_0845.mp3
Common_Pochard,XC650996-210522_0845,45,data/processed/Common_Pochard/XC650996-210522_0845_chunk045.wav,3.0,XC650996-210522_0845.mp3
Common_Pochard,XC650996-210522_0845,46,data/processed/Common_Pochard/XC650996-210522_0845_chunk046.wav,3.0,XC650996-210522_0845.mp3
Common_Pochard,XC682774-169135-10123755-4853,0,data/processed/Common_Pochard/XC682774-169135-10123755-4853_chunk000.wav,3.0,XC682774-169135-10123755-4853.mp3
Common_Pochard,XC682774-169135-10123755-4853,1,data/processed/Common_Pochard/XC682774-169135-10123755-4853_chunk001.wav,3.0,XC682774-169135-10123755-4853.mp3
Common_Pochard,XC682774-169135-10123755-4853,2,data/processed/Common_Pochard/XC682774-169135-10123755-4853_chunk002.wav,3.0,XC682774-169135-10123755-4853.mp3
Common_Pochard,XC682774-169135-10123755-4853,3,data/processed/Common_Pochard/XC682774-169135-10123755-4853_chunk003.wav,3.0,XC682774-169135-10123755-4853.mp3
Common_Pochard,XC682774-169135-10123755-4853,4,data/processed/Common_Pochard/XC682774-169135-10123755-4853_chunk004.wav,3.0,XC682774-169135-10123755-4853.mp3
Common_Pochard,XC706937-Fuligule,0,data/processed/Common_Pochard/XC706937-Fuligule_chunk000.wav,3.0,XC706937-Fuligule milouin_220304_1900_1DCA_Marais d'Harchies_Dihue AB_MixPre-2803.mp3
Common_Pochard,XC706937-Fuligule,1,data/processed/Common_Pochard/XC706937-Fuligule_chunk001.wav,3.0,XC706937-Fuligule milouin_220304_1900_1DCA_Marais d'Harchies_Dihue AB_MixPre-2803.mp3
Common_Pochard,XC706937-Fuligule,2,data/processed/Common_Pochard/XC706937-Fuligule_chunk002.wav,3.0,XC706937-Fuligule milouin_220304_1900_1DCA_Marais d'Harchies_Dihue AB_MixPre-2803.mp3
Common_Pochard,XC706937-Fuligule,3,data/processed/Common_Pochard/XC706937-Fuligule_chunk003.wav,3.0,XC706937-Fuligule milouin_220304_1900_1DCA_Marais d'Harchies_Dihue AB_MixPre-2803.mp3
Common_Pochard,XC706937-Fuligule,4,data/processed/Common_Pochard/XC706937-Fuligule_chunk004.wav,3.0,XC706937-Fuligule milouin_220304_1900_1DCA_Marais d'Harchies_Dihue AB_MixPre-2803.mp3
Common_Pochard,XC706937-Fuligule,5,data/processed/Common_Pochard/XC706937-Fuligule_chunk005.wav,3.0,XC706937-Fuligule milouin_220304_1900_1DCA_Marais d'Harchies_Dihue AB_MixPre-2803.mp3
Common_Pochard,XC706937-Fuligule,6,data/processed/Common_Pochard/XC706937-Fuligule_chunk006.wav,3.0,XC706937-Fuligule milouin_220304_1900_1DCA_Marais d'Harchies_Dihue AB_MixPre-2803.mp3
Common_Pochard,XC706937-Fuligule,7,data/processed/Common_Pochard/XC706937-Fuligule_chunk007.wav,3.0,XC706937-Fuligule milouin_220304_1900_1DCA_Marais d'Harchies_Dihue AB_MixPre-2803.mp3
Common_Pochard,XC706937-Fuligule,8,data/processed/Common_Pochard/XC706937-Fuligule_chunk008.wav,3.0,XC706937-Fuligule milouin_220304_1900_1DCA_Marais d'Harchies_Dihue AB_MixPre-2803.mp3
Common_Pochard,XC706937-Fuligule,9,data/processed/Common_Pochard/XC706937-Fuligule_chunk009.wav,3.0,XC706937-Fuligule milouin_220304_1900_1DCA_Marais d'Harchies_Dihue AB_MixPre-2803.mp3
Common_Pochard,XC706937-Fuligule,10,data/processed/Common_Pochard/XC706937-Fuligule_chunk010.wav,3.0,XC706937-Fuligule milouin_220304_1900_1DCA_Marais d'Harchies_Dihue AB_MixPre-2803.mp3
Common_Pochard,XC706937-Fuligule,11,data/processed/Common_Pochard/XC706937-Fuligule_chunk011.wav,3.0,XC706937-Fuligule milouin_220304_1900_1DCA_Marais d'Harchies_Dihue AB_MixPre-2803.mp3
Common_Pochard,XC706937-Fuligule,12,data/processed/Common_Pochard/XC706937-Fuligule_chunk012.wav,3.0,XC706937-Fuligule milouin_220304_1900_1DCA_Marais d'Harchies_Dihue AB_MixPre-2803.mp3
Common_Pochard,XC706937-Fuligule,13,data/processed/Common_Pochard/XC706937-Fuligule_chunk013.wav,3.0,XC706937-Fuligule milouin_220304_1900_1DCA_Marais d'Harchies_Dihue AB_MixPre-2803.mp3
Common_Pochard,XC706937-Fuligule,14,data/processed/Common_Pochard/XC706937-Fuligule_chunk014.wav,3.0,XC706937-Fuligule milouin_220304_1900_1DCA_Marais d'Harchies_Dihue AB_MixPre-2803.mp3
Common_Pochard,XC706937-Fuligule,15,data/processed/Common_Pochard/XC706937-Fuligule_chunk015.wav,3.0,XC706937-Fuligule milouin_220304_1900_1DCA_Marais d'Harchies_Dihue AB_MixPre-2803.mp3
Common_Pochard,XC706937-Fuligule,16,data/processed/Common_Pochard/XC706937-Fuligule_chunk016.wav,3.0,XC706937-Fuligule milouin_220304_1900_1DCA_Marais d'Harchies_Dihue AB_MixPre-2803.mp3
Common_Pochard,XC708260-Tafeleend,0,data/processed/Common_Pochard/XC708260-Tafeleend_chunk000.wav,3.0,XC708260-Tafeleend 20220313-01a.mp3
Common_Pochard,XC769844-d)4h19-milouin,0,data/processed/Common_Pochard/XC769844-d)4h19-milouin_chunk000.wav,3.0,XC769844-d)4h19-milouin.mp3
Common_Pochard,XC769844-d)4h19-milouin,1,data/processed/Common_Pochard/XC769844-d)4h19-milouin_chunk001.wav,3.0,XC769844-d)4h19-milouin.mp3
Common_Pochard,XC769844-d)4h19-milouin,2,data/processed/Common_Pochard/XC769844-d)4h19-milouin_chunk002.wav,3.0,XC769844-d)4h19-milouin.mp3
Common_Pochard,XC769844-d)4h19-milouin,3,data/processed/Common_Pochard/XC769844-d)4h19-milouin_chunk003.wav,3.0,XC769844-d)4h19-milouin.mp3
Common_Pochard,XC769844-d)4h19-milouin,4,data/processed/Common_Pochard/XC769844-d)4h19-milouin_chunk004.wav,3.0,XC769844-d)4h19-milouin.mp3
Common_Pochard,XC769844-d)4h19-milouin,5,data/processed/Common_Pochard/XC769844-d)4h19-milouin_chunk005.wav,3.0,XC769844-d)4h19-milouin.mp3
Common_Pochard,XC769844-d)4h19-milouin,6,data/processed/Common_Pochard/XC769844-d)4h19-milouin_chunk006.wav,3.0,XC769844-d)4h19-milouin.mp3
Common_Pochard,XC769844-d)4h19-milouin,7,data/processed/Common_Pochard/XC769844-d)4h19-milouin_chunk007.wav,3.0,XC769844-d)4h19-milouin.mp3
Common_Pochard,XC769846-d)4h45-milouin,0,data/processed/Common_Pochard/XC769846-d)4h45-milouin_chunk000.wav,3.0,XC769846-d)4h45-milouin.mp3
Common_Pochard,XC769846-d)4h45-milouin,1,data/processed/Common_Pochard/XC769846-d)4h45-milouin_chunk001.wav,3.0,XC769846-d)4h45-milouin.mp3
Common_Pochard,XC769846-d)4h45-milouin,2,data/processed/Common_Pochard/XC769846-d)4h45-milouin_chunk002.wav,3.0,XC769846-d)4h45-milouin.mp3
Common_Pochard,XC769846-d)4h45-milouin,3,data/processed/Common_Pochard/XC769846-d)4h45-milouin_chunk003.wav,3.0,XC769846-d)4h45-milouin.mp3
Common_Pochard,XC769847-d)Milouin-en-vol,0,data/processed/Common_Pochard/XC769847-d)Milouin-en-vol_chunk000.wav,3.0,XC769847-d)Milouin-en-vol.mp3
Common_Pochard,XC769847-d)Milouin-en-vol,1,data/processed/Common_Pochard/XC769847-d)Milouin-en-vol_chunk001.wav,3.0,XC769847-d)Milouin-en-vol.mp3
Common_Pochard,XC769847-d)Milouin-en-vol,2,data/processed/Common_Pochard/XC769847-d)Milouin-en-vol_chunk002.wav,3.0,XC769847-d)Milouin-en-vol.mp3
Common_Pochard,XC769847-d)Milouin-en-vol,3,data/processed/Common_Pochard/XC769847-d)Milouin-en-vol_chunk003.wav,3.0,XC769847-d)Milouin-en-vol.mp3
Common_Pochard,XC769847-d)Milouin-en-vol,4,data/processed/Common_Pochard/XC769847-d)Milouin-en-vol_chunk004.wav,3.0,XC769847-d)Milouin-en-vol.mp3
Common_Pochard,XC769847-d)Milouin-en-vol,5,data/processed/Common_Pochard/XC769847-d)Milouin-en-vol_chunk005.wav,3.0,XC769847-d)Milouin-en-vol.mp3
Common_Pochard,"XC770645-Fulligule-milouin-(chant,-parade,-Hollogne,-23-05-22)",0,"data/processed/Common_Pochard/XC770645-Fulligule-milouin-(chant,-parade,-Hollogne,-23-05-22)_chunk000.wav",3.0,"XC770645-Fulligule-milouin-(chant,-parade,-Hollogne,-23-05-22).mp3"
Common_Pochard,"XC770645-Fulligule-milouin-(chant,-parade,-Hollogne,-23-05-22)",1,"data/processed/Common_Pochard/XC770645-Fulligule-milouin-(chant,-parade,-Hollogne,-23-05-22)_chunk001.wav",3.0,"XC770645-Fulligule-milouin-(chant,-parade,-Hollogne,-23-05-22).mp3"
Common_Pochard,"XC770645-Fulligule-milouin-(chant,-parade,-Hollogne,-23-05-22)",2,"data/processed/Common_Pochard/XC770645-Fulligule-milouin-(chant,-parade,-Hollogne,-23-05-22)_chunk002.wav",3.0,"XC770645-Fulligule-milouin-(chant,-parade,-Hollogne,-23-05-22).mp3"
Common_Pochard,"XC770645-Fulligule-milouin-(chant,-parade,-Hollogne,-23-05-22)",3,"data/processed/Common_Pochard/XC770645-Fulligule-milouin-(chant,-parade,-Hollogne,-23-05-22)_chunk003.wav",3.0,"XC770645-Fulligule-milouin-(chant,-parade,-Hollogne,-23-05-22).mp3"
Common_Pochard,"XC770645-Fulligule-milouin-(chant,-parade,-Hollogne,-23-05-22)",4,"data/processed/Common_Pochard/XC770645-Fulligule-milouin-(chant,-parade,-Hollogne,-23-05-22)_chunk004.wav",3.0,"XC770645-Fulligule-milouin-(chant,-parade,-Hollogne,-23-05-22).mp3"
Common_Pochard,"XC770645-Fulligule-milouin-(chant,-parade,-Hollogne,-23-05-22)",5,"data/processed/Common_Pochard/XC770645-Fulligule-milouin-(chant,-parade,-Hollogne,-23-05-22)_chunk005.wav",3.0,"XC770645-Fulligule-milouin-(chant,-parade,-Hollogne,-23-05-22).mp3"
Common_Pochard,"XC770645-Fulligule-milouin-(chant,-parade,-Hollogne,-23-05-22)",6,"data/processed/Common_Pochard/XC770645-Fulligule-milouin-(chant,-parade,-Hollogne,-23-05-22)_chunk006.wav",3.0,"XC770645-Fulligule-milouin-(chant,-parade,-Hollogne,-23-05-22).mp3"
Common_Pochard,"XC770645-Fulligule-milouin-(chant,-parade,-Hollogne,-23-05-22)",7,"data/processed/Common_Pochard/XC770645-Fulligule-milouin-(chant,-parade,-Hollogne,-23-05-22)_chunk007.wav",3.0,"XC770645-Fulligule-milouin-(chant,-parade,-Hollogne,-23-05-22).mp3"
Common_Pochard,"XC770645-Fulligule-milouin-(chant,-parade,-Hollogne,-23-05-22)",8,"data/processed/Common_Pochard/XC770645-Fulligule-milouin-(chant,-parade,-Hollogne,-23-05-22)_chunk008.wav",3.0,"XC770645-Fulligule-milouin-(chant,-parade,-Hollogne,-23-05-22).mp3"
Common_Pochard,"XC770645-Fulligule-milouin-(chant,-parade,-Hollogne,-23-05-22)",9,"data/processed/Common_Pochard/XC770645-Fulligule-milouin-(chant,-parade,-Hollogne,-23-05-22)_chunk009.wav",3.0,"XC770645-Fulligule-milouin-(chant,-parade,-Hollogne,-23-05-22).mp3"
Common_Pochard,"XC770645-Fulligule-milouin-(chant,-parade,-Hollogne,-23-05-22)",10,"data/processed/Common_Pochard/XC770645-Fulligule-milouin-(chant,-parade,-Hollogne,-23-05-22)_chunk010.wav",3.0,"XC770645-Fulligule-milouin-(chant,-parade,-Hollogne,-23-05-22).mp3"
Common_Pochard,"XC770645-Fulligule-milouin-(chant,-parade,-Hollogne,-23-05-22)",11,"data/processed/Common_Pochard/XC770645-Fulligule-milouin-(chant,-parade,-Hollogne,-23-05-22)_chunk011.wav",3.0,"XC770645-Fulligule-milouin-(chant,-parade,-Hollogne,-23-05-22).mp3"
Common_Pochard,"XC770645-Fulligule-milouin-(chant,-parade,-Hollogne,-23-05-22)",12,"data/processed/Common_Pochard/XC770645-Fulligule-milouin-(chant,-parade,-Hollogne,-23-05-22)_chunk012.wav",3.0,"XC770645-Fulligule-milouin-(chant,-parade,-Hollogne,-23-05-22).mp3"
Common_Pochard,"XC770645-Fulligule-milouin-(chant,-parade,-Hollogne,-23-05-22)",13,"data/processed/Common_Pochard/XC770645-Fulligule-milouin-(chant,-parade,-Hollogne,-23-05-22)_chunk013.wav",3.0,"XC770645-Fulligule-milouin-(chant,-parade,-Hollogne,-23-05-22).mp3"
Common_Pochard,"XC770645-Fulligule-milouin-(chant,-parade,-Hollogne,-23-05-22)",14,"data/processed/Common_Pochard/XC770645-Fulligule-milouin-(chant,-parade,-Hollogne,-23-05-22)_chunk014.wav",3.0,"XC770645-Fulligule-milouin-(chant,-parade,-Hollogne,-23-05-22).mp3"
Common_Pochard,"XC770645-Fulligule-milouin-(chant,-parade,-Hollogne,-23-05-22)",15,"data/processed/Common_Pochard/XC770645-Fulligule-milouin-(chant,-parade,-Hollogne,-23-05-22)_chunk015.wav",3.0,"XC770645-Fulligule-milouin-(chant,-parade,-Hollogne,-23-05-22).mp3"
Common_Pochard,"XC770645-Fulligule-milouin-(chant,-parade,-Hollogne,-23-05-22)",16,"data/processed/Common_Pochard/XC770645-Fulligule-milouin-(chant,-parade,-Hollogne,-23-05-22)_chunk016.wav",3.0,"XC770645-Fulligule-milouin-(chant,-parade,-Hollogne,-23-05-22).mp3"
Common_Pochard,"XC770645-Fulligule-milouin-(chant,-parade,-Hollogne,-23-05-22)",17,"data/processed/Common_Pochard/XC770645-Fulligule-milouin-(chant,-parade,-Hollogne,-23-05-22)_chunk017.wav",3.0,"XC770645-Fulligule-milouin-(chant,-parade,-Hollogne,-23-05-22).mp3"
Common_Pochard,"XC770645-Fulligule-milouin-(chant,-parade,-Hollogne,-23-05-22)",18,"data/processed/Common_Pochard/XC770645-Fulligule-milouin-(chant,-parade,-Hollogne,-23-05-22)_chunk018.wav",3.0,"XC770645-Fulligule-milouin-(chant,-parade,-Hollogne,-23-05-22).mp3"
Common_Pochard,"XC770645-Fulligule-milouin-(chant,-parade,-Hollogne,-23-05-22)",19,"data/processed/Common_Pochard/XC770645-Fulligule-milouin-(chant,-parade,-Hollogne,-23-05-22)_chunk019.wav",3.0,"XC770645-Fulligule-milouin-(chant,-parade,-Hollogne,-23-05-22).mp3"
Common_Pochard,"XC770645-Fulligule-milouin-(chant,-parade,-Hollogne,-23-05-22)",20,"data/processed/Common_Pochard/XC770645-Fulligule-milouin-(chant,-parade,-Hollogne,-23-05-22)_chunk020.wav",3.0,"XC770645-Fulligule-milouin-(chant,-parade,-Hollogne,-23-05-22).mp3"
Common_Pochard,"XC770645-Fulligule-milouin-(chant,-parade,-Hollogne,-23-05-22)",21,"data/processed/Common_Pochard/XC770645-Fulligule-milouin-(chant,-parade,-Hollogne,-23-05-22)_chunk021.wav",3.0,"XC770645-Fulligule-milouin-(chant,-parade,-Hollogne,-23-05-22).mp3"
Common_Pochard,"XC770645-Fulligule-milouin-(chant,-parade,-Hollogne,-23-05-22)",22,"data/processed/Common_Pochard/XC770645-Fulligule-milouin-(chant,-parade,-Hollogne,-23-05-22)_chunk022.wav",3.0,"XC770645-Fulligule-milouin-(chant,-parade,-Hollogne,-23-05-22).mp3"
Common_Pochard,"XC770645-Fulligule-milouin-(chant,-parade,-Hollogne,-23-05-22)",23,"data/processed/Common_Pochard/XC770645-Fulligule-milouin-(chant,-parade,-Hollogne,-23-05-22)_chunk023.wav",3.0,"XC770645-Fulligule-milouin-(chant,-parade,-Hollogne,-23-05-22).mp3"
Common_Pochard,"XC770645-Fulligule-milouin-(chant,-parade,-Hollogne,-23-05-22)",24,"data/processed/Common_Pochard/XC770645-Fulligule-milouin-(chant,-parade,-Hollogne,-23-05-22)_chunk024.wav",3.0,"XC770645-Fulligule-milouin-(chant,-parade,-Hollogne,-23-05-22).mp3"
Common_Pochard,"XC770645-Fulligule-milouin-(chant,-parade,-Hollogne,-23-05-22)",25,"data/processed/Common_Pochard/XC770645-Fulligule-milouin-(chant,-parade,-Hollogne,-23-05-22)_chunk025.wav",3.0,"XC770645-Fulligule-milouin-(chant,-parade,-Hollogne,-23-05-22).mp3"
Common_Pochard,"XC770645-Fulligule-milouin-(chant,-parade,-Hollogne,-23-05-22)",26,"data/processed/Common_Pochard/XC770645-Fulligule-milouin-(chant,-parade,-Hollogne,-23-05-22)_chunk026.wav",3.0,"XC770645-Fulligule-milouin-(chant,-parade,-Hollogne,-23-05-22).mp3"
Common_Pochard,"XC770645-Fulligule-milouin-(chant,-parade,-Hollogne,-23-05-22)",27,"data/processed/Common_Pochard/XC770645-Fulligule-milouin-(chant,-parade,-Hollogne,-23-05-22)_chunk027.wav",3.0,"XC770645-Fulligule-milouin-(chant,-parade,-Hollogne,-23-05-22).mp3"
Common_Pochard,"XC770645-Fulligule-milouin-(chant,-parade,-Hollogne,-23-05-22)",28,"data/processed/Common_Pochard/XC770645-Fulligule-milouin-(chant,-parade,-Hollogne,-23-05-22)_chunk028.wav",3.0,"XC770645-Fulligule-milouin-(chant,-parade,-Hollogne,-23-05-22).mp3"
Common_Pochard,XC783893-STE-000-M,0,data/processed/Common_Pochard/XC783893-STE-000-M_chunk000.wav,3.0,XC783893-STE-000-M.mp3
Common_Pochard,XC783893-STE-000-M,1,data/processed/Common_Pochard/XC783893-STE-000-M_chunk001.wav,3.0,XC783893-STE-000-M.mp3
Common_Pochard,XC783893-STE-000-M,2,data/processed/Common_Pochard/XC783893-STE-000-M_chunk002.wav,3.0,XC783893-STE-000-M.mp3
Common_Pochard,XC783893-STE-000-M,3,data/processed/Common_Pochard/XC783893-STE-000-M_chunk003.wav,3.0,XC783893-STE-000-M.mp3
Common_Pochard,XC783893-STE-000-M,4,data/processed/Common_Pochard/XC783893-STE-000-M_chunk004.wav,3.0,XC783893-STE-000-M.mp3
Common_Pochard,XC783893-STE-000-M,5,data/processed/Common_Pochard/XC783893-STE-000-M_chunk005.wav,3.0,XC783893-STE-000-M.mp3
Common_Pochard,XC783893-STE-000-M,6,data/processed/Common_Pochard/XC783893-STE-000-M_chunk006.wav,3.0,XC783893-STE-000-M.mp3
Common_Pochard,XC783893-STE-000-M,7,data/processed/Common_Pochard/XC783893-STE-000-M_chunk007.wav,3.0,XC783893-STE-000-M.mp3
Common_Pochard,XC783893-STE-000-M,8,data/processed/Common_Pochard/XC783893-STE-000-M_chunk008.wav,3.0,XC783893-STE-000-M.mp3
Common_Pochard,XC783893-STE-000-M,9,data/processed/Common_Pochard/XC783893-STE-000-M_chunk009.wav,3.0,XC783893-STE-000-M.mp3
Common_Pochard,XC783893-STE-000-M,10,data/processed/Common_Pochard/XC783893-STE-000-M_chunk010.wav,3.0,XC783893-STE-000-M.mp3
Common_Pochard,XC783893-STE-000-M,11,data/processed/Common_Pochard/XC783893-STE-000-M_chunk011.wav,3.0,XC783893-STE-000-M.mp3
Common_Pochard,XC790341-Taffeland2,0,data/processed/Common_Pochard/XC790341-Taffeland2_chunk000.wav,3.0,XC790341-Taffeland2.mp3
Common_Pochard,XC790341-Taffeland2,1,data/processed/Common_Pochard/XC790341-Taffeland2_chunk001.wav,3.0,XC790341-Taffeland2.mp3
Common_Pochard,XC790341-Taffeland2,2,data/processed/Common_Pochard/XC790341-Taffeland2_chunk002.wav,3.0,XC790341-Taffeland2.mp3
Common_Pochard,XC797790-Pochard-30-apr-0630,0,data/processed/Common_Pochard/XC797790-Pochard-30-apr-0630_chunk000.wav,3.0,XC797790-Pochard-30-apr-0630.wav
Common_Pochard,XC797790-Pochard-30-apr-0630,1,data/processed/Common_Pochard/XC797790-Pochard-30-apr-0630_chunk001.wav,3.0,XC797790-Pochard-30-apr-0630.wav
Common_Pochard,XC797790-Pochard-30-apr-0630,2,data/processed/Common_Pochard/XC797790-Pochard-30-apr-0630_chunk002.wav,3.0,XC797790-Pochard-30-apr-0630.wav
Common_Pochard,XC797790-Pochard-30-apr-0630,3,data/processed/Common_Pochard/XC797790-Pochard-30-apr-0630_chunk003.wav,3.0,XC797790-Pochard-30-apr-0630.wav
Common_Pochard,XC797790-Pochard-30-apr-0630,4,data/processed/Common_Pochard/XC797790-Pochard-30-apr-0630_chunk004.wav,3.0,XC797790-Pochard-30-apr-0630.wav
Common_Pochard,XC797790-Pochard-30-apr-0630,5,data/processed/Common_Pochard/XC797790-Pochard-30-apr-0630_chunk005.wav,3.0,XC797790-Pochard-30-apr-0630.wav
Common_Pochard,XC797790-Pochard-30-apr-0630,6,data/processed/Common_Pochard/XC797790-Pochard-30-apr-0630_chunk006.wav,3.0,XC797790-Pochard-30-apr-0630.wav
Common_Pochard,XC797790-Pochard-30-apr-0630,7,data/processed/Common_Pochard/XC797790-Pochard-30-apr-0630_chunk007.wav,3.0,XC797790-Pochard-30-apr-0630.wav
Common_Pochard,XC797790-Pochard-30-apr-0630,8,data/processed/Common_Pochard/XC797790-Pochard-30-apr-0630_chunk008.wav,3.0,XC797790-Pochard-30-apr-0630.wav
Common_Pochard,XC797790-Pochard-30-apr-0630,9,data/processed/Common_Pochard/XC797790-Pochard-30-apr-0630_chunk009.wav,3.0,XC797790-Pochard-30-apr-0630.wav
Common_Pochard,XC797790-Pochard-30-apr-0630,10,data/processed/Common_Pochard/XC797790-Pochard-30-apr-0630_chunk010.wav,3.0,XC797790-Pochard-30-apr-0630.wav
Common_Pochard,XC797790-Pochard-30-apr-0630,11,data/processed/Common_Pochard/XC797790-Pochard-30-apr-0630_chunk011.wav,3.0,XC797790-Pochard-30-apr-0630.wav
Common_Pochard,XC797790-Pochard-30-apr-0630,12,data/processed/Common_Pochard/XC797790-Pochard-30-apr-0630_chunk012.wav,3.0,XC797790-Pochard-30-apr-0630.wav
Common_Pochard,XC797790-Pochard-30-apr-0630,13,data/processed/Common_Pochard/XC797790-Pochard-30-apr-0630_chunk013.wav,3.0,XC797790-Pochard-30-apr-0630.wav
Common_Pochard,XC797790-Pochard-30-apr-0630,14,data/processed/Common_Pochard/XC797790-Pochard-30-apr-0630_chunk014.wav,3.0,XC797790-Pochard-30-apr-0630.wav
Common_Pochard,XC797790-Pochard-30-apr-0630,15,data/processed/Common_Pochard/XC797790-Pochard-30-apr-0630_chunk015.wav,3.0,XC797790-Pochard-30-apr-0630.wav
Common_Pochard,XC797790-Pochard-30-apr-0630,16,data/processed/Common_Pochard/XC797790-Pochard-30-apr-0630_chunk016.wav,3.0,XC797790-Pochard-30-apr-0630.wav
Common_Pochard,XC797790-Pochard-30-apr-0630,17,data/processed/Common_Pochard/XC797790-Pochard-30-apr-0630_chunk017.wav,3.0,XC797790-Pochard-30-apr-0630.wav
Common_Pochard,XC797790-Pochard-30-apr-0630,18,data/processed/Common_Pochard/XC797790-Pochard-30-apr-0630_chunk018.wav,3.0,XC797790-Pochard-30-apr-0630.wav
Common_Pochard,XC797790-Pochard-30-apr-0630,19,data/processed/Common_Pochard/XC797790-Pochard-30-apr-0630_chunk019.wav,3.0,XC797790-Pochard-30-apr-0630.wav
Common_Pochard,XC797790-Pochard-30-apr-0630,20,data/processed/Common_Pochard/XC797790-Pochard-30-apr-0630_chunk020.wav,3.0,XC797790-Pochard-30-apr-0630.wav
Common_Pochard,XC797790-Pochard-30-apr-0630,21,data/processed/Common_Pochard/XC797790-Pochard-30-apr-0630_chunk021.wav,3.0,XC797790-Pochard-30-apr-0630.wav
Common_Pochard,XC797790-Pochard-30-apr-0630,22,data/processed/Common_Pochard/XC797790-Pochard-30-apr-0630_chunk022.wav,3.0,XC797790-Pochard-30-apr-0630.wav
Common_Pochard,XC797790-Pochard-30-apr-0630,23,data/processed/Common_Pochard/XC797790-Pochard-30-apr-0630_chunk023.wav,3.0,XC797790-Pochard-30-apr-0630.wav
Common_Pochard,XC797790-Pochard-30-apr-0630,24,data/processed/Common_Pochard/XC797790-Pochard-30-apr-0630_chunk024.wav,3.0,XC797790-Pochard-30-apr-0630.wav
Common_Pochard,XC797790-Pochard-30-apr-0630,25,data/processed/Common_Pochard/XC797790-Pochard-30-apr-0630_chunk025.wav,3.0,XC797790-Pochard-30-apr-0630.wav
Common_Pochard,XC797790-Pochard-30-apr-0630,26,data/processed/Common_Pochard/XC797790-Pochard-30-apr-0630_chunk026.wav,3.0,XC797790-Pochard-30-apr-0630.wav
Common_Pochard,XC797790-Pochard-30-apr-0630,27,data/processed/Common_Pochard/XC797790-Pochard-30-apr-0630_chunk027.wav,3.0,XC797790-Pochard-30-apr-0630.wav
Common_Pochard,XC797790-Pochard-30-apr-0630,28,data/processed/Common_Pochard/XC797790-Pochard-30-apr-0630_chunk028.wav,3.0,XC797790-Pochard-30-apr-0630.wav
Common_Pochard,XC797790-Pochard-30-apr-0630,29,data/processed/Common_Pochard/XC797790-Pochard-30-apr-0630_chunk029.wav,3.0,XC797790-Pochard-30-apr-0630.wav
Common_Pochard,XC797795-Pochard-LKä-30-apr-0936,0,data/processed/Common_Pochard/XC797795-Pochard-LKä-30-apr-0936_chunk000.wav,3.0,XC797795-Pochard-LKä-30-apr-0936.wav
Common_Pochard,XC797795-Pochard-LKä-30-apr-0936,1,data/processed/Common_Pochard/XC797795-Pochard-LKä-30-apr-0936_chunk001.wav,3.0,XC797795-Pochard-LKä-30-apr-0936.wav
Common_Pochard,XC797795-Pochard-LKä-30-apr-0936,2,data/processed/Common_Pochard/XC797795-Pochard-LKä-30-apr-0936_chunk002.wav,3.0,XC797795-Pochard-LKä-30-apr-0936.wav
Common_Pochard,XC797795-Pochard-LKä-30-apr-0936,3,data/processed/Common_Pochard/XC797795-Pochard-LKä-30-apr-0936_chunk003.wav,3.0,XC797795-Pochard-LKä-30-apr-0936.wav
Common_Pochard,XC797795-Pochard-LKä-30-apr-0936,4,data/processed/Common_Pochard/XC797795-Pochard-LKä-30-apr-0936_chunk004.wav,3.0,XC797795-Pochard-LKä-30-apr-0936.wav
Common_Pochard,XC797795-Pochard-LKä-30-apr-0936,5,data/processed/Common_Pochard/XC797795-Pochard-LKä-30-apr-0936_chunk005.wav,3.0,XC797795-Pochard-LKä-30-apr-0936.wav
Common_Pochard,XC797795-Pochard-LKä-30-apr-0936,6,data/processed/Common_Pochard/XC797795-Pochard-LKä-30-apr-0936_chunk006.wav,3.0,XC797795-Pochard-LKä-30-apr-0936.wav
Common_Pochard,XC797795-Pochard-LKä-30-apr-0936,7,data/processed/Common_Pochard/XC797795-Pochard-LKä-30-apr-0936_chunk007.wav,3.0,XC797795-Pochard-LKä-30-apr-0936.wav
Common_Pochard,XC797795-Pochard-LKä-30-apr-0936,8,data/processed/Common_Pochard/XC797795-Pochard-LKä-30-apr-0936_chunk008.wav,3.0,XC797795-Pochard-LKä-30-apr-0936.wav
Common_Pochard,XC797795-Pochard-LKä-30-apr-0936,9,data/processed/Common_Pochard/XC797795-Pochard-LKä-30-apr-0936_chunk009.wav,3.0,XC797795-Pochard-LKä-30-apr-0936.wav
Common_Pochard,XC797795-Pochard-LKä-30-apr-0936,10,data/processed/Common_Pochard/XC797795-Pochard-LKä-30-apr-0936_chunk010.wav,3.0,XC797795-Pochard-LKä-30-apr-0936.wav
Common_Pochard,XC797795-Pochard-LKä-30-apr-0936,11,data/processed/Common_Pochard/XC797795-Pochard-LKä-30-apr-0936_chunk011.wav,3.0,XC797795-Pochard-LKä-30-apr-0936.wav
Common_Pochard,XC797795-Pochard-LKä-30-apr-0936,12,data/processed/Common_Pochard/XC797795-Pochard-LKä-30-apr-0936_chunk012.wav,3.0,XC797795-Pochard-LKä-30-apr-0936.wav
Common_Pochard,XC797795-Pochard-LKä-30-apr-0936,13,data/processed/Common_Pochard/XC797795-Pochard-LKä-30-apr-0936_chunk013.wav,3.0,XC797795-Pochard-LKä-30-apr-0936.wav
Common_Pochard,XC797795-Pochard-LKä-30-apr-0936,14,data/processed/Common_Pochard/XC797795-Pochard-LKä-30-apr-0936_chunk014.wav,3.0,XC797795-Pochard-LKä-30-apr-0936.wav
Common_Pochard,XC797795-Pochard-LKä-30-apr-0936,15,data/processed/Common_Pochard/XC797795-Pochard-LKä-30-apr-0936_chunk015.wav,3.0,XC797795-Pochard-LKä-30-apr-0936.wav
Common_Pochard,XC797795-Pochard-LKä-30-apr-0936,16,data/processed/Common_Pochard/XC797795-Pochard-LKä-30-apr-0936_chunk016.wav,3.0,XC797795-Pochard-LKä-30-apr-0936.wav
Common_Pochard,XC797798-Pochard-LKä-30-apr-1000,0,data/processed/Common_Pochard/XC797798-Pochard-LKä-30-apr-1000_chunk000.wav,3.0,XC797798-Pochard-LKä-30-apr-1000.wav
Common_Pochard,XC797798-Pochard-LKä-30-apr-1000,1,data/processed/Common_Pochard/XC797798-Pochard-LKä-30-apr-1000_chunk001.wav,3.0,XC797798-Pochard-LKä-30-apr-1000.wav
Common_Pochard,XC797798-Pochard-LKä-30-apr-1000,2,data/processed/Common_Pochard/XC797798-Pochard-LKä-30-apr-1000_chunk002.wav,3.0,XC797798-Pochard-LKä-30-apr-1000.wav
Common_Pochard,XC797798-Pochard-LKä-30-apr-1000,3,data/processed/Common_Pochard/XC797798-Pochard-LKä-30-apr-1000_chunk003.wav,3.0,XC797798-Pochard-LKä-30-apr-1000.wav
Common_Pochard,XC797798-Pochard-LKä-30-apr-1000,4,data/processed/Common_Pochard/XC797798-Pochard-LKä-30-apr-1000_chunk004.wav,3.0,XC797798-Pochard-LKä-30-apr-1000.wav
Common_Pochard,XC797798-Pochard-LKä-30-apr-1000,5,data/processed/Common_Pochard/XC797798-Pochard-LKä-30-apr-1000_chunk005.wav,3.0,XC797798-Pochard-LKä-30-apr-1000.wav
Common_Pochard,XC797798-Pochard-LKä-30-apr-1000,6,data/processed/Common_Pochard/XC797798-Pochard-LKä-30-apr-1000_chunk006.wav,3.0,XC797798-Pochard-LKä-30-apr-1000.wav
Common_Pochard,XC797798-Pochard-LKä-30-apr-1000,7,data/processed/Common_Pochard/XC797798-Pochard-LKä-30-apr-1000_chunk007.wav,3.0,XC797798-Pochard-LKä-30-apr-1000.wav
Common_Pochard,XC797798-Pochard-LKä-30-apr-1000,8,data/processed/Common_Pochard/XC797798-Pochard-LKä-30-apr-1000_chunk008.wav,3.0,XC797798-Pochard-LKä-30-apr-1000.wav
Common_Pochard,XC918474-Fuligulemilouin_310324_Folie_8h,0,data/processed/Common_Pochard/XC918474-Fuligulemilouin_310324_Folie_8h_chunk000.wav,3.0,XC918474-Fuligulemilouin_310324_Folie_8h.mp3
Common_Pochard,XC918474-Fuligulemilouin_310324_Folie_8h,1,data/processed/Common_Pochard/XC918474-Fuligulemilouin_310324_Folie_8h_chunk001.wav,3.0,XC918474-Fuligulemilouin_310324_Folie_8h.mp3
Common_Pochard,XC918474-Fuligulemilouin_310324_Folie_8h,2,data/processed/Common_Pochard/XC918474-Fuligulemilouin_310324_Folie_8h_chunk002.wav,3.0,XC918474-Fuligulemilouin_310324_Folie_8h.mp3
Common_Pochard,XC918474-Fuligulemilouin_310324_Folie_8h,3,data/processed/Common_Pochard/XC918474-Fuligulemilouin_310324_Folie_8h_chunk003.wav,3.0,XC918474-Fuligulemilouin_310324_Folie_8h.mp3
Common_Pochard,XC918474-Fuligulemilouin_310324_Folie_8h,4,data/processed/Common_Pochard/XC918474-Fuligulemilouin_310324_Folie_8h_chunk004.wav,3.0,XC918474-Fuligulemilouin_310324_Folie_8h.mp3
Common_Pochard,XC918474-Fuligulemilouin_310324_Folie_8h,5,data/processed/Common_Pochard/XC918474-Fuligulemilouin_310324_Folie_8h_chunk005.wav,3.0,XC918474-Fuligulemilouin_310324_Folie_8h.mp3
Common_Pochard,XC918474-Fuligulemilouin_310324_Folie_8h,6,data/processed/Common_Pochard/XC918474-Fuligulemilouin_310324_Folie_8h_chunk006.wav,3.0,XC918474-Fuligulemilouin_310324_Folie_8h.mp3
Common_Pochard,XC918474-Fuligulemilouin_310324_Folie_8h,7,data/processed/Common_Pochard/XC918474-Fuligulemilouin_310324_Folie_8h_chunk007.wav,3.0,XC918474-Fuligulemilouin_310324_Folie_8h.mp3
Common_Pochard,XC918474-Fuligulemilouin_310324_Folie_8h,8,data/processed/Common_Pochard/XC918474-Fuligulemilouin_310324_Folie_8h_chunk008.wav,3.0,XC918474-Fuligulemilouin_310324_Folie_8h.mp3
Common_Pochard,XC918474-Fuligulemilouin_310324_Folie_8h,9,data/processed/Common_Pochard/XC918474-Fuligulemilouin_310324_Folie_8h_chunk009.wav,3.0,XC918474-Fuligulemilouin_310324_Folie_8h.mp3
Common_Pochard,XC918474-Fuligulemilouin_310324_Folie_8h,10,data/processed/Common_Pochard/XC918474-Fuligulemilouin_310324_Folie_8h_chunk010.wav,3.0,XC918474-Fuligulemilouin_310324_Folie_8h.mp3
Common_Pochard,XC928266-JAREK-MATUSIAK-A-2172-głowienka-(2),0,data/processed/Common_Pochard/XC928266-JAREK-MATUSIAK-A-2172-głowienka-(2)_chunk000.wav,3.0,XC928266-JAREK-MATUSIAK-A-2172-głowienka-(2).mp3
Common_Pochard,XC928266-JAREK-MATUSIAK-A-2172-głowienka-(2),1,data/processed/Common_Pochard/XC928266-JAREK-MATUSIAK-A-2172-głowienka-(2)_chunk001.wav,3.0,XC928266-JAREK-MATUSIAK-A-2172-głowienka-(2).mp3
Common_Pochard,XC928266-JAREK-MATUSIAK-A-2172-głowienka-(2),2,data/processed/Common_Pochard/XC928266-JAREK-MATUSIAK-A-2172-głowienka-(2)_chunk002.wav,3.0,XC928266-JAREK-MATUSIAK-A-2172-głowienka-(2).mp3
Common_Pochard,XC928266-JAREK-MATUSIAK-A-2172-głowienka-(2),3,data/processed/Common_Pochard/XC928266-JAREK-MATUSIAK-A-2172-głowienka-(2)_chunk003.wav,3.0,XC928266-JAREK-MATUSIAK-A-2172-głowienka-(2).mp3
Common_Pochard,XC928266-JAREK-MATUSIAK-A-2172-głowienka-(2),4,data/processed/Common_Pochard/XC928266-JAREK-MATUSIAK-A-2172-głowienka-(2)_chunk004.wav,3.0,XC928266-JAREK-MATUSIAK-A-2172-głowienka-(2).mp3
Common_Pochard,"XC985362-Common-Pochard-displaying-very-good-2024-04-03-East-Tilbury,-Essex,-England_005_edited",0,"data/processed/Common_Pochard/XC985362-Common-Pochard-displaying-very-good-2024-04-03-East-Tilbury,-Essex,-England_005_edited_chunk000.wav",3.0,"XC985362-Common-Pochard-displaying-very-good-2024-04-03-East-Tilbury,-Essex,-England_005_edited.wav"
Common_Pochard,"XC985362-Common-Pochard-displaying-very-good-2024-04-03-East-Tilbury,-Essex,-England_005_edited",1,"data/processed/Common_Pochard/XC985362-Common-Pochard-displaying-very-good-2024-04-03-East-Tilbury,-Essex,-England_005_edited_chunk001.wav",3.0,"XC985362-Common-Pochard-displaying-very-good-2024-04-03-East-Tilbury,-Essex,-England_005_edited.wav"
Common_Pochard,"XC985362-Common-Pochard-displaying-very-good-2024-04-03-East-Tilbury,-Essex,-England_005_edited",2,"data/processed/Common_Pochard/XC985362-Common-Pochard-displaying-very-good-2024-04-03-East-Tilbury,-Essex,-England_005_edited_chunk002.wav",3.0,"XC985362-Common-Pochard-displaying-very-good-2024-04-03-East-Tilbury,-Essex,-England_005_edited.wav"
Common_Pochard,"XC985362-Common-Pochard-displaying-very-good-2024-04-03-East-Tilbury,-Essex,-England_005_edited",3,"data/processed/Common_Pochard/XC985362-Common-Pochard-displaying-very-good-2024-04-03-East-Tilbury,-Essex,-England_005_edited_chunk003.wav",3.0,"XC985362-Common-Pochard-displaying-very-good-2024-04-03-East-Tilbury,-Essex,-England_005_edited.wav"
Common_Pochard,"XC985362-Common-Pochard-displaying-very-good-2024-04-03-East-Tilbury,-Essex,-England_005_edited",4,"data/processed/Common_Pochard/XC985362-Common-Pochard-displaying-very-good-2024-04-03-East-Tilbury,-Essex,-England_005_edited_chunk004.wav",3.0,"XC985362-Common-Pochard-displaying-very-good-2024-04-03-East-Tilbury,-Essex,-England_005_edited.wav"
Common_Pochard,"XC985362-Common-Pochard-displaying-very-good-2024-04-03-East-Tilbury,-Essex,-England_005_edited",5,"data/processed/Common_Pochard/XC985362-Common-Pochard-displaying-very-good-2024-04-03-East-Tilbury,-Essex,-England_005_edited_chunk005.wav",3.0,"XC985362-Common-Pochard-displaying-very-good-2024-04-03-East-Tilbury,-Essex,-England_005_edited.wav"
Common_Pochard,"XC985362-Common-Pochard-displaying-very-good-2024-04-03-East-Tilbury,-Essex,-England_005_edited",6,"data/processed/Common_Pochard/XC985362-Common-Pochard-displaying-very-good-2024-04-03-East-Tilbury,-Essex,-England_005_edited_chunk006.wav",3.0,"XC985362-Common-Pochard-displaying-very-good-2024-04-03-East-Tilbury,-Essex,-England_005_edited.wav"
Common_Pochard,"XC985362-Common-Pochard-displaying-very-good-2024-04-03-East-Tilbury,-Essex,-England_005_edited",7,"data/processed/Common_Pochard/XC985362-Common-Pochard-displaying-very-good-2024-04-03-East-Tilbury,-Essex,-England_005_edited_chunk007.wav",3.0,"XC985362-Common-Pochard-displaying-very-good-2024-04-03-East-Tilbury,-Essex,-England_005_edited.wav"
Common_Pochard,"XC985362-Common-Pochard-displaying-very-good-2024-04-03-East-Tilbury,-Essex,-England_005_edited",8,"data/processed/Common_Pochard/XC985362-Common-Pochard-displaying-very-good-2024-04-03-East-Tilbury,-Essex,-England_005_edited_chunk008.wav",3.0,"XC985362-Common-Pochard-displaying-very-good-2024-04-03-East-Tilbury,-Essex,-England_005_edited.wav"
Common_Pochard,"XC985362-Common-Pochard-displaying-very-good-2024-04-03-East-Tilbury,-Essex,-England_005_edited",9,"data/processed/Common_Pochard/XC985362-Common-Pochard-displaying-very-good-2024-04-03-East-Tilbury,-Essex,-England_005_edited_chunk009.wav",3.0,"XC985362-Common-Pochard-displaying-very-good-2024-04-03-East-Tilbury,-Essex,-England_005_edited.wav"
Common_Pochard,"XC985362-Common-Pochard-displaying-very-good-2024-04-03-East-Tilbury,-Essex,-England_005_edited",10,"data/processed/Common_Pochard/XC985362-Common-Pochard-displaying-very-good-2024-04-03-East-Tilbury,-Essex,-England_005_edited_chunk010.wav",3.0,"XC985362-Common-Pochard-displaying-very-good-2024-04-03-East-Tilbury,-Essex,-England_005_edited.wav"
Common_Pochard,"XC985362-Common-Pochard-displaying-very-good-2024-04-03-East-Tilbury,-Essex,-England_005_edited",11,"data/processed/Common_Pochard/XC985362-Common-Pochard-displaying-very-good-2024-04-03-East-Tilbury,-Essex,-England_005_edited_chunk011.wav",3.0,"XC985362-Common-Pochard-displaying-very-good-2024-04-03-East-Tilbury,-Essex,-England_005_edited.wav"
Common_Pochard,"XC985362-Common-Pochard-displaying-very-good-2024-04-03-East-Tilbury,-Essex,-England_005_edited",12,"data/processed/Common_Pochard/XC985362-Common-Pochard-displaying-very-good-2024-04-03-East-Tilbury,-Essex,-England_005_edited_chunk012.wav",3.0,"XC985362-Common-Pochard-displaying-very-good-2024-04-03-East-Tilbury,-Essex,-England_005_edited.wav"
Common_Pochard,"XC985362-Common-Pochard-displaying-very-good-2024-04-03-East-Tilbury,-Essex,-England_005_edited",13,"data/processed/Common_Pochard/XC985362-Common-Pochard-displaying-very-good-2024-04-03-East-Tilbury,-Essex,-England_005_edited_chunk013.wav",3.0,"XC985362-Common-Pochard-displaying-very-good-2024-04-03-East-Tilbury,-Essex,-England_005_edited.wav"
Common_Pochard,"XC985362-Common-Pochard-displaying-very-good-2024-04-03-East-Tilbury,-Essex,-England_005_edited",14,"data/processed/Common_Pochard/XC985362-Common-Pochard-displaying-very-good-2024-04-03-East-Tilbury,-Essex,-England_005_edited_chunk014.wav",3.0,"XC985362-Common-Pochard-displaying-very-good-2024-04-03-East-Tilbury,-Essex,-England_005_edited.wav"
Common_Pochard,"XC985362-Common-Pochard-displaying-very-good-2024-04-03-East-Tilbury,-Essex,-England_005_edited",15,"data/processed/Common_Pochard/XC985362-Common-Pochard-displaying-very-good-2024-04-03-East-Tilbury,-Essex,-England_005_edited_chunk015.wav",3.0,"XC985362-Common-Pochard-displaying-very-good-2024-04-03-East-Tilbury,-Essex,-England_005_edited.wav"
Common_Pochard,"XC985363-Common-Pochard-displaying-very-good-2024-04-03-East-Tilbury,-Essex,-England_007_edited",0,"data/processed/Common_Pochard/XC985363-Common-Pochard-displaying-very-good-2024-04-03-East-Tilbury,-Essex,-England_007_edited_chunk000.wav",3.0,"XC985363-Common-Pochard-displaying-very-good-2024-04-03-East-Tilbury,-Essex,-England_007_edited.wav"
Common_Pochard,"XC985363-Common-Pochard-displaying-very-good-2024-04-03-East-Tilbury,-Essex,-England_007_edited",1,"data/processed/Common_Pochard/XC985363-Common-Pochard-displaying-very-good-2024-04-03-East-Tilbury,-Essex,-England_007_edited_chunk001.wav",3.0,"XC985363-Common-Pochard-displaying-very-good-2024-04-03-East-Tilbury,-Essex,-England_007_edited.wav"
Common_Pochard,"XC985363-Common-Pochard-displaying-very-good-2024-04-03-East-Tilbury,-Essex,-England_007_edited",2,"data/processed/Common_Pochard/XC985363-Common-Pochard-displaying-very-good-2024-04-03-East-Tilbury,-Essex,-England_007_edited_chunk002.wav",3.0,"XC985363-Common-Pochard-displaying-very-good-2024-04-03-East-Tilbury,-Essex,-England_007_edited.wav"
Common_Pochard,"XC985363-Common-Pochard-displaying-very-good-2024-04-03-East-Tilbury,-Essex,-England_007_edited",3,"data/processed/Common_Pochard/XC985363-Common-Pochard-displaying-very-good-2024-04-03-East-Tilbury,-Essex,-England_007_edited_chunk003.wav",3.0,"XC985363-Common-Pochard-displaying-very-good-2024-04-03-East-Tilbury,-Essex,-England_007_edited.wav"
Common_Pochard,XC989572-Fuligule-milouin-femelle-vol-+,0,data/processed/Common_Pochard/XC989572-Fuligule-milouin-femelle-vol-+_chunk000.wav,3.0,XC989572-Fuligule-milouin-femelle-vol-+.wav
Common_Pochard,XC989572-Fuligule-milouin-femelle-vol-+,1,data/processed/Common_Pochard/XC989572-Fuligule-milouin-femelle-vol-+_chunk001.wav,3.0,XC989572-Fuligule-milouin-femelle-vol-+.wav
Common_Pochard,XC989572-Fuligule-milouin-femelle-vol-+,2,data/processed/Common_Pochard/XC989572-Fuligule-milouin-femelle-vol-+_chunk002.wav,3.0,XC989572-Fuligule-milouin-femelle-vol-+.wav
Common_Pochard,XC989572-Fuligule-milouin-femelle-vol-+,3,data/processed/Common_Pochard/XC989572-Fuligule-milouin-femelle-vol-+_chunk003.wav,3.0,XC989572-Fuligule-milouin-femelle-vol-+.wav
Common_Pochard,XC989599-Fuligule-milouin-femelle-cris-++,0,data/processed/Common_Pochard/XC989599-Fuligule-milouin-femelle-cris-++_chunk000.wav,3.0,XC989599-Fuligule-milouin-femelle-cris-++.wav
Common_Pochard,XC989599-Fuligule-milouin-femelle-cris-++,1,data/processed/Common_Pochard/XC989599-Fuligule-milouin-femelle-cris-++_chunk001.wav,3.0,XC989599-Fuligule-milouin-femelle-cris-++.wav
Common_Pochard,XC989599-Fuligule-milouin-femelle-cris-++,2,data/processed/Common_Pochard/XC989599-Fuligule-milouin-femelle-cris-++_chunk002.wav,3.0,XC989599-Fuligule-milouin-femelle-cris-++.wav
Common_Pochard,XC989599-Fuligule-milouin-femelle-cris-++,3,data/processed/Common_Pochard/XC989599-Fuligule-milouin-femelle-cris-++_chunk003.wav,3.0,XC989599-Fuligule-milouin-femelle-cris-++.wav
Common_Pochard,XC989599-Fuligule-milouin-femelle-cris-++,4,data/processed/Common_Pochard/XC989599-Fuligule-milouin-femelle-cris-++_chunk004.wav,3.0,XC989599-Fuligule-milouin-femelle-cris-++.wav
Common_Pochard,XC989599-Fuligule-milouin-femelle-cris-++,5,data/processed/Common_Pochard/XC989599-Fuligule-milouin-femelle-cris-++_chunk005.wav,3.0,XC989599-Fuligule-milouin-femelle-cris-++.wav
Common_Pochard,XC989599-Fuligule-milouin-femelle-cris-++,6,data/processed/Common_Pochard/XC989599-Fuligule-milouin-femelle-cris-++_chunk006.wav,3.0,XC989599-Fuligule-milouin-femelle-cris-++.wav
Common_Pochard,XC989599-Fuligule-milouin-femelle-cris-++,7,data/processed/Common_Pochard/XC989599-Fuligule-milouin-femelle-cris-++_chunk007.wav,3.0,XC989599-Fuligule-milouin-femelle-cris-++.wav
Common_Pochard,XC989599-Fuligule-milouin-femelle-cris-++,8,data/processed/Common_Pochard/XC989599-Fuligule-milouin-femelle-cris-++_chunk008.wav,3.0,XC989599-Fuligule-milouin-femelle-cris-++.wav
Common_Pochard,XC989599-Fuligule-milouin-femelle-cris-++,9,data/processed/Common_Pochard/XC989599-Fuligule-milouin-femelle-cris-++_chunk009.wav,3.0,XC989599-Fuligule-milouin-femelle-cris-++.wav
Common_Pochard,XC990310-Cambron-19.04.25-,0,data/processed/Common_Pochard/XC990310-Cambron-19.04.25-_chunk000.wav,3.0,XC990310-Cambron-19.04.25-.wav
Common_Pochard,XC990310-Cambron-19.04.25-,1,data/processed/Common_Pochard/XC990310-Cambron-19.04.25-_chunk001.wav,3.0,XC990310-Cambron-19.04.25-.wav
Common_Pochard,XC990310-Cambron-19.04.25-,2,data/processed/Common_Pochard/XC990310-Cambron-19.04.25-_chunk002.wav,3.0,XC990310-Cambron-19.04.25-.wav
Common_Pochard,XC990310-Cambron-19.04.25-,3,data/processed/Common_Pochard/XC990310-Cambron-19.04.25-_chunk003.wav,3.0,XC990310-Cambron-19.04.25-.wav
Common_Pochard,XC990310-Cambron-19.04.25-,4,data/processed/Common_Pochard/XC990310-Cambron-19.04.25-_chunk004.wav,3.0,XC990310-Cambron-19.04.25-.wav
Common_Pochard,XC991857-Bouvaque-25.04.25-,0,data/processed/Common_Pochard/XC991857-Bouvaque-25.04.25-_chunk000.wav,3.0,XC991857-Bouvaque-25.04.25-.wav
Common_Pochard,XC991857-Bouvaque-25.04.25-,1,data/processed/Common_Pochard/XC991857-Bouvaque-25.04.25-_chunk001.wav,3.0,XC991857-Bouvaque-25.04.25-.wav
Common_Pochard,XC991857-Bouvaque-25.04.25-,2,data/processed/Common_Pochard/XC991857-Bouvaque-25.04.25-_chunk002.wav,3.0,XC991857-Bouvaque-25.04.25-.wav
Common_Pochard,XC993069-moriglione_albarella,0,data/processed/Common_Pochard/XC993069-moriglione_albarella_chunk000.wav,3.0,XC993069-moriglione_albarella.mp3
Common_Pochard,XC993069-moriglione_albarella,1,data/processed/Common_Pochard/XC993069-moriglione_albarella_chunk001.wav,3.0,XC993069-moriglione_albarella.mp3
Common_Pochard,XC993069-moriglione_albarella,2,data/processed/Common_Pochard/XC993069-moriglione_albarella_chunk002.wav,3.0,XC993069-moriglione_albarella.mp3
Common_Pochard,XC993069-moriglione_albarella,3,data/processed/Common_Pochard/XC993069-moriglione_albarella_chunk003.wav,3.0,XC993069-moriglione_albarella.mp3
Common_Pochard,XC993069-moriglione_albarella,4,data/processed/Common_Pochard/XC993069-moriglione_albarella_chunk004.wav,3.0,XC993069-moriglione_albarella.mp3
Common_Pochard,XC993069-moriglione_albarella,5,data/processed/Common_Pochard/XC993069-moriglione_albarella_chunk005.wav,3.0,XC993069-moriglione_albarella.mp3
Common_Pochard,XC993069-moriglione_albarella,6,data/processed/Common_Pochard/XC993069-moriglione_albarella_chunk006.wav,3.0,XC993069-moriglione_albarella.mp3
Common_Pochard,XC994654-Pochard-call-very-good-2018-04-12-Buckingham-Palace_374_short,0,data/processed/Common_Pochard/XC994654-Pochard-call-very-good-2018-04-12-Buckingham-Palace_374_short_chunk000.wav,3.0,XC994654-Pochard-call-very-good-2018-04-12-Buckingham-Palace_374_short.wav
Common_Pochard,XC994656-Pochard-displaying-very-good-2018-04-12-Buckingham-Palace_372_edited,0,data/processed/Common_Pochard/XC994656-Pochard-displaying-very-good-2018-04-12-Buckingham-Palace_372_edited_chunk000.wav,3.0,XC994656-Pochard-displaying-very-good-2018-04-12-Buckingham-Palace_372_edited.wav
Common_Pochard,XC994656-Pochard-displaying-very-good-2018-04-12-Buckingham-Palace_372_edited,1,data/processed/Common_Pochard/XC994656-Pochard-displaying-very-good-2018-04-12-Buckingham-Palace_372_edited_chunk001.wav,3.0,XC994656-Pochard-displaying-very-good-2018-04-12-Buckingham-Palace_372_edited.wav
Common_Pochard,XC994656-Pochard-displaying-very-good-2018-04-12-Buckingham-Palace_372_edited,2,data/processed/Common_Pochard/XC994656-Pochard-displaying-very-good-2018-04-12-Buckingham-Palace_372_edited_chunk002.wav,3.0,XC994656-Pochard-displaying-very-good-2018-04-12-Buckingham-Palace_372_edited.wav
Common_Pochard,XC994656-Pochard-displaying-very-good-2018-04-12-Buckingham-Palace_372_edited,3,data/processed/Common_Pochard/XC994656-Pochard-displaying-very-good-2018-04-12-Buckingham-Palace_372_edited_chunk003.wav,3.0,XC994656-Pochard-displaying-very-good-2018-04-12-Buckingham-Palace_372_edited.wav
Common_Pochard,XC994656-Pochard-displaying-very-good-2018-04-12-Buckingham-Palace_372_edited,4,data/processed/Common_Pochard/XC994656-Pochard-displaying-very-good-2018-04-12-Buckingham-Palace_372_edited_chunk004.wav,3.0,XC994656-Pochard-displaying-very-good-2018-04-12-Buckingham-Palace_372_edited.wav
Common_Pochard,XC994656-Pochard-displaying-very-good-2018-04-12-Buckingham-Palace_372_edited,5,data/processed/Common_Pochard/XC994656-Pochard-displaying-very-good-2018-04-12-Buckingham-Palace_372_edited_chunk005.wav,3.0,XC994656-Pochard-displaying-very-good-2018-04-12-Buckingham-Palace_372_edited.wav
Common_Pochard,XC994656-Pochard-displaying-very-good-2018-04-12-Buckingham-Palace_372_edited,6,data/processed/Common_Pochard/XC994656-Pochard-displaying-very-good-2018-04-12-Buckingham-Palace_372_edited_chunk006.wav,3.0,XC994656-Pochard-displaying-very-good-2018-04-12-Buckingham-Palace_372_edited.wav
Common_Pochard,XC994656-Pochard-displaying-very-good-2018-04-12-Buckingham-Palace_372_edited,7,data/processed/Common_Pochard/XC994656-Pochard-displaying-very-good-2018-04-12-Buckingham-Palace_372_edited_chunk007.wav,3.0,XC994656-Pochard-displaying-very-good-2018-04-12-Buckingham-Palace_372_edited.wav
Common_Pochard,XC994656-Pochard-displaying-very-good-2018-04-12-Buckingham-Palace_372_edited,8,data/processed/Common_Pochard/XC994656-Pochard-displaying-very-good-2018-04-12-Buckingham-Palace_372_edited_chunk008.wav,3.0,XC994656-Pochard-displaying-very-good-2018-04-12-Buckingham-Palace_372_edited.wav
Common_Pochard,XC994656-Pochard-displaying-very-good-2018-04-12-Buckingham-Palace_372_edited,9,data/processed/Common_Pochard/XC994656-Pochard-displaying-very-good-2018-04-12-Buckingham-Palace_372_edited_chunk009.wav,3.0,XC994656-Pochard-displaying-very-good-2018-04-12-Buckingham-Palace_372_edited.wav
Common_Pochard,XC994656-Pochard-displaying-very-good-2018-04-12-Buckingham-Palace_372_edited,10,data/processed/Common_Pochard/XC994656-Pochard-displaying-very-good-2018-04-12-Buckingham-Palace_372_edited_chunk010.wav,3.0,XC994656-Pochard-displaying-very-good-2018-04-12-Buckingham-Palace_372_edited.wav
Common_Pochard,XC994656-Pochard-displaying-very-good-2018-04-12-Buckingham-Palace_372_edited,11,data/processed/Common_Pochard/XC994656-Pochard-displaying-very-good-2018-04-12-Buckingham-Palace_372_edited_chunk011.wav,3.0,XC994656-Pochard-displaying-very-good-2018-04-12-Buckingham-Palace_372_edited.wav
Common_Pochard,XC994656-Pochard-displaying-very-good-2018-04-12-Buckingham-Palace_372_edited,12,data/processed/Common_Pochard/XC994656-Pochard-displaying-very-good-2018-04-12-Buckingham-Palace_372_edited_chunk012.wav,3.0,XC994656-Pochard-displaying-very-good-2018-04-12-Buckingham-Palace_372_edited.wav
Common_Pochard,XC994656-Pochard-displaying-very-good-2018-04-12-Buckingham-Palace_372_edited,13,data/processed/Common_Pochard/XC994656-Pochard-displaying-very-good-2018-04-12-Buckingham-Palace_372_edited_chunk013.wav,3.0,XC994656-Pochard-displaying-very-good-2018-04-12-Buckingham-Palace_372_edited.wav
Common_Pochard,XC994656-Pochard-displaying-very-good-2018-04-12-Buckingham-Palace_372_edited,14,data/processed/Common_Pochard/XC994656-Pochard-displaying-very-good-2018-04-12-Buckingham-Palace_372_edited_chunk014.wav,3.0,XC994656-Pochard-displaying-very-good-2018-04-12-Buckingham-Palace_372_edited.wav
Common_Pochard,XC994656-Pochard-displaying-very-good-2018-04-12-Buckingham-Palace_372_edited,15,data/processed/Common_Pochard/XC994656-Pochard-displaying-very-good-2018-04-12-Buckingham-Palace_372_edited_chunk015.wav,3.0,XC994656-Pochard-displaying-very-good-2018-04-12-Buckingham-Palace_372_edited.wav
Common_Pochard,XC994656-Pochard-displaying-very-good-2018-04-12-Buckingham-Palace_372_edited,16,data/processed/Common_Pochard/XC994656-Pochard-displaying-very-good-2018-04-12-Buckingham-Palace_372_edited_chunk016.wav,3.0,XC994656-Pochard-displaying-very-good-2018-04-12-Buckingham-Palace_372_edited.wav
Common_Pochard,XC994656-Pochard-displaying-very-good-2018-04-12-Buckingham-Palace_372_edited,17,data/processed/Common_Pochard/XC994656-Pochard-displaying-very-good-2018-04-12-Buckingham-Palace_372_edited_chunk017.wav,3.0,XC994656-Pochard-displaying-very-good-2018-04-12-Buckingham-Palace_372_edited.wav
Common_Pochard,XC994656-Pochard-displaying-very-good-2018-04-12-Buckingham-Palace_372_edited,18,data/processed/Common_Pochard/XC994656-Pochard-displaying-very-good-2018-04-12-Buckingham-Palace_372_edited_chunk018.wav,3.0,XC994656-Pochard-displaying-very-good-2018-04-12-Buckingham-Palace_372_edited.wav
Common_Pochard,XC994656-Pochard-displaying-very-good-2018-04-12-Buckingham-Palace_372_edited,19,data/processed/Common_Pochard/XC994656-Pochard-displaying-very-good-2018-04-12-Buckingham-Palace_372_edited_chunk019.wav,3.0,XC994656-Pochard-displaying-very-good-2018-04-12-Buckingham-Palace_372_edited.wav
Common_Pochard,XC994656-Pochard-displaying-very-good-2018-04-12-Buckingham-Palace_372_edited,20,data/processed/Common_Pochard/XC994656-Pochard-displaying-very-good-2018-04-12-Buckingham-Palace_372_edited_chunk020.wav,3.0,XC994656-Pochard-displaying-very-good-2018-04-12-Buckingham-Palace_372_edited.wav
Common_Pochard,XC994656-Pochard-displaying-very-good-2018-04-12-Buckingham-Palace_372_edited,21,data/processed/Common_Pochard/XC994656-Pochard-displaying-very-good-2018-04-12-Buckingham-Palace_372_edited_chunk021.wav,3.0,XC994656-Pochard-displaying-very-good-2018-04-12-Buckingham-Palace_372_edited.wav
Common_Pochard,XC994656-Pochard-displaying-very-good-2018-04-12-Buckingham-Palace_372_edited,22,data/processed/Common_Pochard/XC994656-Pochard-displaying-very-good-2018-04-12-Buckingham-Palace_372_edited_chunk022.wav,3.0,XC994656-Pochard-displaying-very-good-2018-04-12-Buckingham-Palace_372_edited.wav
Common_Pochard,XC994656-Pochard-displaying-very-good-2018-04-12-Buckingham-Palace_372_edited,23,data/processed/Common_Pochard/XC994656-Pochard-displaying-very-good-2018-04-12-Buckingham-Palace_372_edited_chunk023.wav,3.0,XC994656-Pochard-displaying-very-good-2018-04-12-Buckingham-Palace_372_edited.wav
Common_Pochard,XC994657-Pochard-displaying-very-good-2018-04-12-Buckingham-Palace_371_edited,0,data/processed/Common_Pochard/XC994657-Pochard-displaying-very-good-2018-04-12-Buckingham-Palace_371_edited_chunk000.wav,3.0,XC994657-Pochard-displaying-very-good-2018-04-12-Buckingham-Palace_371_edited.wav
Common_Pochard,XC994657-Pochard-displaying-very-good-2018-04-12-Buckingham-Palace_371_edited,1,data/processed/Common_Pochard/XC994657-Pochard-displaying-very-good-2018-04-12-Buckingham-Palace_371_edited_chunk001.wav,3.0,XC994657-Pochard-displaying-very-good-2018-04-12-Buckingham-Palace_371_edited.wav
Common_Pochard,XC994657-Pochard-displaying-very-good-2018-04-12-Buckingham-Palace_371_edited,2,data/processed/Common_Pochard/XC994657-Pochard-displaying-very-good-2018-04-12-Buckingham-Palace_371_edited_chunk002.wav,3.0,XC994657-Pochard-displaying-very-good-2018-04-12-Buckingham-Palace_371_edited.wav
Common_Pochard,XC994657-Pochard-displaying-very-good-2018-04-12-Buckingham-Palace_371_edited,3,data/processed/Common_Pochard/XC994657-Pochard-displaying-very-good-2018-04-12-Buckingham-Palace_371_edited_chunk003.wav,3.0,XC994657-Pochard-displaying-very-good-2018-04-12-Buckingham-Palace_371_edited.wav
Common_Pochard,XC994657-Pochard-displaying-very-good-2018-04-12-Buckingham-Palace_371_edited,4,data/processed/Common_Pochard/XC994657-Pochard-displaying-very-good-2018-04-12-Buckingham-Palace_371_edited_chunk004.wav,3.0,XC994657-Pochard-displaying-very-good-2018-04-12-Buckingham-Palace_371_edited.wav
Common_Pochard,XC994657-Pochard-displaying-very-good-2018-04-12-Buckingham-Palace_371_edited,5,data/processed/Common_Pochard/XC994657-Pochard-displaying-very-good-2018-04-12-Buckingham-Palace_371_edited_chunk005.wav,3.0,XC994657-Pochard-displaying-very-good-2018-04-12-Buckingham-Palace_371_edited.wav
Common_Pochard,XC994657-Pochard-displaying-very-good-2018-04-12-Buckingham-Palace_371_edited,6,data/processed/Common_Pochard/XC994657-Pochard-displaying-very-good-2018-04-12-Buckingham-Palace_371_edited_chunk006.wav,3.0,XC994657-Pochard-displaying-very-good-2018-04-12-Buckingham-Palace_371_edited.wav
Common_Pochard,XC994657-Pochard-displaying-very-good-2018-04-12-Buckingham-Palace_371_edited,7,data/processed/Common_Pochard/XC994657-Pochard-displaying-very-good-2018-04-12-Buckingham-Palace_371_edited_chunk007.wav,3.0,XC994657-Pochard-displaying-very-good-2018-04-12-Buckingham-Palace_371_edited.wav
Common_Pochard,XC994657-Pochard-displaying-very-good-2018-04-12-Buckingham-Palace_371_edited,8,data/processed/Common_Pochard/XC994657-Pochard-displaying-very-good-2018-04-12-Buckingham-Palace_371_edited_chunk008.wav,3.0,XC994657-Pochard-displaying-very-good-2018-04-12-Buckingham-Palace_371_edited.wav
Common_Pochard,XC994657-Pochard-displaying-very-good-2018-04-12-Buckingham-Palace_371_edited,9,data/processed/Common_Pochard/XC994657-Pochard-displaying-very-good-2018-04-12-Buckingham-Palace_371_edited_chunk009.wav,3.0,XC994657-Pochard-displaying-very-good-2018-04-12-Buckingham-Palace_371_edited.wav
Common_Pochard,XC994657-Pochard-displaying-very-good-2018-04-12-Buckingham-Palace_371_edited,10,data/processed/Common_Pochard/XC994657-Pochard-displaying-very-good-2018-04-12-Buckingham-Palace_371_edited_chunk010.wav,3.0,XC994657-Pochard-displaying-very-good-2018-04-12-Buckingham-Palace_371_edited.wav
Common_Pochard,XC994657-Pochard-displaying-very-good-2018-04-12-Buckingham-Palace_371_edited,11,data/processed/Common_Pochard/XC994657-Pochard-displaying-very-good-2018-04-12-Buckingham-Palace_371_edited_chunk011.wav,3.0,XC994657-Pochard-displaying-very-good-2018-04-12-Buckingham-Palace_371_edited.wav
Common_Pochard,XC994657-Pochard-displaying-very-good-2018-04-12-Buckingham-Palace_371_edited,12,data/processed/Common_Pochard/XC994657-Pochard-displaying-very-good-2018-04-12-Buckingham-Palace_371_edited_chunk012.wav,3.0,XC994657-Pochard-displaying-very-good-2018-04-12-Buckingham-Palace_371_edited.wav
Common_Pochard,XC994658-Pochard-displaying-very-good-2018-04-12-Buckingham-Palace_370_edited,0,data/processed/Common_Pochard/XC994658-Pochard-displaying-very-good-2018-04-12-Buckingham-Palace_370_edited_chunk000.wav,3.0,XC994658-Pochard-displaying-very-good-2018-04-12-Buckingham-Palace_370_edited.wav
Common_Pochard,XC994658-Pochard-displaying-very-good-2018-04-12-Buckingham-Palace_370_edited,1,data/processed/Common_Pochard/XC994658-Pochard-displaying-very-good-2018-04-12-Buckingham-Palace_370_edited_chunk001.wav,3.0,XC994658-Pochard-displaying-very-good-2018-04-12-Buckingham-Palace_370_edited.wav
Common_Pochard,XC994658-Pochard-displaying-very-good-2018-04-12-Buckingham-Palace_370_edited,2,data/processed/Common_Pochard/XC994658-Pochard-displaying-very-good-2018-04-12-Buckingham-Palace_370_edited_chunk002.wav,3.0,XC994658-Pochard-displaying-very-good-2018-04-12-Buckingham-Palace_370_edited.wav
Common_Pochard,XC994658-Pochard-displaying-very-good-2018-04-12-Buckingham-Palace_370_edited,3,data/processed/Common_Pochard/XC994658-Pochard-displaying-very-good-2018-04-12-Buckingham-Palace_370_edited_chunk003.wav,3.0,XC994658-Pochard-displaying-very-good-2018-04-12-Buckingham-Palace_370_edited.wav
Common_Pochard,XC994658-Pochard-displaying-very-good-2018-04-12-Buckingham-Palace_370_edited,4,data/processed/Common_Pochard/XC994658-Pochard-displaying-very-good-2018-04-12-Buckingham-Palace_370_edited_chunk004.wav,3.0,XC994658-Pochard-displaying-very-good-2018-04-12-Buckingham-Palace_370_edited.wav
Common_Pochard,XC994658-Pochard-displaying-very-good-2018-04-12-Buckingham-Palace_370_edited,5,data/processed/Common_Pochard/XC994658-Pochard-displaying-very-good-2018-04-12-Buckingham-Palace_370_edited_chunk005.wav,3.0,XC994658-Pochard-displaying-very-good-2018-04-12-Buckingham-Palace_370_edited.wav
Common_Pochard,XC994658-Pochard-displaying-very-good-2018-04-12-Buckingham-Palace_370_edited,6,data/processed/Common_Pochard/XC994658-Pochard-displaying-very-good-2018-04-12-Buckingham-Palace_370_edited_chunk006.wav,3.0,XC994658-Pochard-displaying-very-good-2018-04-12-Buckingham-Palace_370_edited.wav
Common_Pochard,XC994658-Pochard-displaying-very-good-2018-04-12-Buckingham-Palace_370_edited,7,data/processed/Common_Pochard/XC994658-Pochard-displaying-very-good-2018-04-12-Buckingham-Palace_370_edited_chunk007.wav,3.0,XC994658-Pochard-displaying-very-good-2018-04-12-Buckingham-Palace_370_edited.wav
Common_Pochard,XC994658-Pochard-displaying-very-good-2018-04-12-Buckingham-Palace_370_edited,8,data/processed/Common_Pochard/XC994658-Pochard-displaying-very-good-2018-04-12-Buckingham-Palace_370_edited_chunk008.wav,3.0,XC994658-Pochard-displaying-very-good-2018-04-12-Buckingham-Palace_370_edited.wav
Common_Pochard,XC994658-Pochard-displaying-very-good-2018-04-12-Buckingham-Palace_370_edited,9,data/processed/Common_Pochard/XC994658-Pochard-displaying-very-good-2018-04-12-Buckingham-Palace_370_edited_chunk009.wav,3.0,XC994658-Pochard-displaying-very-good-2018-04-12-Buckingham-Palace_370_edited.wav
Common_Pochard,XC994658-Pochard-displaying-very-good-2018-04-12-Buckingham-Palace_370_edited,10,data/processed/Common_Pochard/XC994658-Pochard-displaying-very-good-2018-04-12-Buckingham-Palace_370_edited_chunk010.wav,3.0,XC994658-Pochard-displaying-very-good-2018-04-12-Buckingham-Palace_370_edited.wav
Common_Pochard,XC994658-Pochard-displaying-very-good-2018-04-12-Buckingham-Palace_370_edited,11,data/processed/Common_Pochard/XC994658-Pochard-displaying-very-good-2018-04-12-Buckingham-Palace_370_edited_chunk011.wav,3.0,XC994658-Pochard-displaying-very-good-2018-04-12-Buckingham-Palace_370_edited.wav
Common_Pochard,XC994658-Pochard-displaying-very-good-2018-04-12-Buckingham-Palace_370_edited,12,data/processed/Common_Pochard/XC994658-Pochard-displaying-very-good-2018-04-12-Buckingham-Palace_370_edited_chunk012.wav,3.0,XC994658-Pochard-displaying-very-good-2018-04-12-Buckingham-Palace_370_edited.wav
Common_Pochard,XC994660-Pochard-displaying-very-good-2018-04-12-Buckingham-Palace_368_edited,0,data/processed/Common_Pochard/XC994660-Pochard-displaying-very-good-2018-04-12-Buckingham-Palace_368_edited_chunk000.wav,3.0,XC994660-Pochard-displaying-very-good-2018-04-12-Buckingham-Palace_368_edited.wav
Common_Pochard,XC994660-Pochard-displaying-very-good-2018-04-12-Buckingham-Palace_368_edited,1,data/processed/Common_Pochard/XC994660-Pochard-displaying-very-good-2018-04-12-Buckingham-Palace_368_edited_chunk001.wav,3.0,XC994660-Pochard-displaying-very-good-2018-04-12-Buckingham-Palace_368_edited.wav
Common_Pochard,XC994660-Pochard-displaying-very-good-2018-04-12-Buckingham-Palace_368_edited,2,data/processed/Common_Pochard/XC994660-Pochard-displaying-very-good-2018-04-12-Buckingham-Palace_368_edited_chunk002.wav,3.0,XC994660-Pochard-displaying-very-good-2018-04-12-Buckingham-Palace_368_edited.wav
Common_Pochard,XC994660-Pochard-displaying-very-good-2018-04-12-Buckingham-Palace_368_edited,3,data/processed/Common_Pochard/XC994660-Pochard-displaying-very-good-2018-04-12-Buckingham-Palace_368_edited_chunk003.wav,3.0,XC994660-Pochard-displaying-very-good-2018-04-12-Buckingham-Palace_368_edited.wav
Common_Pochard,XC994660-Pochard-displaying-very-good-2018-04-12-Buckingham-Palace_368_edited,4,data/processed/Common_Pochard/XC994660-Pochard-displaying-very-good-2018-04-12-Buckingham-Palace_368_edited_chunk004.wav,3.0,XC994660-Pochard-displaying-very-good-2018-04-12-Buckingham-Palace_368_edited.wav
Common_Pochard,XC994660-Pochard-displaying-very-good-2018-04-12-Buckingham-Palace_368_edited,5,data/processed/Common_Pochard/XC994660-Pochard-displaying-very-good-2018-04-12-Buckingham-Palace_368_edited_chunk005.wav,3.0,XC994660-Pochard-displaying-very-good-2018-04-12-Buckingham-Palace_368_edited.wav
Common_Pochard,XC994660-Pochard-displaying-very-good-2018-04-12-Buckingham-Palace_368_edited,6,data/processed/Common_Pochard/XC994660-Pochard-displaying-very-good-2018-04-12-Buckingham-Palace_368_edited_chunk006.wav,3.0,XC994660-Pochard-displaying-very-good-2018-04-12-Buckingham-Palace_368_edited.wav
Common_Pochard,XC994661-Pochard-displaying-very-good-2018-04-12-Buckingham-Palace_367_edited,0,data/processed/Common_Pochard/XC994661-Pochard-displaying-very-good-2018-04-12-Buckingham-Palace_367_edited_chunk000.wav,3.0,XC994661-Pochard-displaying-very-good-2018-04-12-Buckingham-Palace_367_edited.wav
