species,xc_id,chunk_index,file_path,duration_sec,source_file
Large-billed_Crow,Corvus_japonensis_(colonorum)-FL,0,data/processed/Large-billed_Crow/Corvus_japonensis_(colonorum)-FL_chunk000.wav,3.0,Corvus_japonensis_(colonorum)-FL perched _ flight Foping 22May12 1500m LS110803.mp3
Large-billed_Crow,Corvus_japonensis_(colonorum)-FL,1,data/processed/Large-billed_Crow/Corvus_japonensis_(colonorum)-FL_chunk001.wav,3.0,Corvus_japonensis_(colonorum)-FL perched _ flight Foping 22May12 1500m LS110803.mp3
Large-billed_Crow,Corvus_japonensis_(colonorum)-FL,2,data/processed/Large-billed_Crow/Corvus_japonensis_(colonorum)-FL_chunk002.wav,3.0,Corvus_japonensis_(colonorum)-FL perched _ flight Foping 22May12 1500m LS110803.mp3
Large-billed_Crow,Corvus_japonensis_(colonorum)-FL,3,data/processed/Large-billed_Crow/Corvus_japonensis_(colonorum)-FL_chunk003.wav,3.0,Corvus_japonensis_(colonorum)-FL perched _ flight Foping 22May12 1500m LS110803.mp3
Large-billed_Crow,Corvus_japonensis_(colonorum)-FL,4,data/processed/Large-billed_Crow/Corvus_japonensis_(colonorum)-FL_chunk004.wav,3.0,Corvus_japonensis_(colonorum)-FL perched _ flight Foping 22May12 1500m LS110803.mp3
Large-billed_Crow,Corvus_japonensis_(colonorum)-FL,5,data/processed/Large-billed_Crow/Corvus_japonensis_(colonorum)-FL_chunk005.wav,3.0,Corvus_japonensis_(colonorum)-FL perched _ flight Foping 22May12 1500m LS110803.mp3
Large-billed_Crow,Corvus_japonensis_(colonorum)-FL,6,data/processed/Large-billed_Crow/Corvus_japonensis_(colonorum)-FL_chunk006.wav,3.0,Corvus_japonensis_(colonorum)-FL perched _ flight Foping 22May12 1500m LS110803.mp3
Large-billed_Crow,Corvus_japonensis_(colonorum)-FL,7,data/processed/Large-billed_Crow/Corvus_japonensis_(colonorum)-FL_chunk007.wav,3.0,Corvus_japonensis_(colonorum)-FL perched _ flight Foping 22May12 1500m LS110803.mp3
Large-billed_Crow,Corvus_macrorhynchos_LambertChina05.2b_CN_26_1524-1615_1_C,0,data/processed/Large-billed_Crow/Corvus_macrorhynchos_LambertChina05.2b_CN_26_1524-1615_1_C_chunk000.wav,3.0,Corvus_macrorhynchos_LambertChina05.2b_CN_26_1524-1615_1_C.mp3
Large-billed_Crow,Corvus_macrorhynchos_LambertChina05.2b_CN_26_1524-1615_1_C,1,data/processed/Large-billed_Crow/Corvus_macrorhynchos_LambertChina05.2b_CN_26_1524-1615_1_C_chunk001.wav,3.0,Corvus_macrorhynchos_LambertChina05.2b_CN_26_1524-1615_1_C.mp3
Large-billed_Crow,Corvus_macrorhynchos_LambertChina05.2b_CN_26_1524-1615_1_C,2,data/processed/Large-billed_Crow/Corvus_macrorhynchos_LambertChina05.2b_CN_26_1524-1615_1_C_chunk002.wav,3.0,Corvus_macrorhynchos_LambertChina05.2b_CN_26_1524-1615_1_C.mp3
Large-billed_Crow,Corvus_macrorhynchos_LambertChina05.2b_CN_26_1524-1615_1_C,3,data/processed/Large-billed_Crow/Corvus_macrorhynchos_LambertChina05.2b_CN_26_1524-1615_1_C_chunk003.wav,3.0,Corvus_macrorhynchos_LambertChina05.2b_CN_26_1524-1615_1_C.mp3
Large-billed_Crow,Corvus_macrorhynchos_LambertChina05.2b_CN_26_1524-1615_1_C,4,data/processed/Large-billed_Crow/Corvus_macrorhynchos_LambertChina05.2b_CN_26_1524-1615_1_C_chunk004.wav,3.0,Corvus_macrorhynchos_LambertChina05.2b_CN_26_1524-1615_1_C.mp3
Large-billed_Crow,Corvus_macrorhynchos_LambertChina05.2b_CN_26_1524-1615_1_C,5,data/processed/Large-billed_Crow/Corvus_macrorhynchos_LambertChina05.2b_CN_26_1524-1615_1_C_chunk005.wav,3.0,Corvus_macrorhynchos_LambertChina05.2b_CN_26_1524-1615_1_C.mp3
Large-billed_Crow,Corvus_macrorhynchos_LambertChina05.2b_CN_26_1524-1615_1_C,6,data/processed/Large-billed_Crow/Corvus_macrorhynchos_LambertChina05.2b_CN_26_1524-1615_1_C_chunk006.wav,3.0,Corvus_macrorhynchos_LambertChina05.2b_CN_26_1524-1615_1_C.mp3
Large-billed_Crow,Corvus_macrorhynchos_LambertChina05.2b_CN_26_1524-1615_1_C,7,data/processed/Large-billed_Crow/Corvus_macrorhynchos_LambertChina05.2b_CN_26_1524-1615_1_C_chunk007.wav,3.0,Corvus_macrorhynchos_LambertChina05.2b_CN_26_1524-1615_1_C.mp3
Large-billed_Crow,Corvus_macrorhynchos_LambertChina05.2b_CN_26_1524-1615_1_C,8,data/processed/Large-billed_Crow/Corvus_macrorhynchos_LambertChina05.2b_CN_26_1524-1615_1_C_chunk008.wav,3.0,Corvus_macrorhynchos_LambertChina05.2b_CN_26_1524-1615_1_C.mp3
Large-billed_Crow,Corvus_macrorhynchos_LambertChina05.2b_CN_26_1524-1615_1_C,9,data/processed/Large-billed_Crow/Corvus_macrorhynchos_LambertChina05.2b_CN_26_1524-1615_1_C_chunk009.wav,3.0,Corvus_macrorhynchos_LambertChina05.2b_CN_26_1524-1615_1_C.mp3
Large-billed_Crow,Corvus_macrorhynchos_LambertChina05.2b_CN_26_1524-1615_1_C,10,data/processed/Large-billed_Crow/Corvus_macrorhynchos_LambertChina05.2b_CN_26_1524-1615_1_C_chunk010.wav,3.0,Corvus_macrorhynchos_LambertChina05.2b_CN_26_1524-1615_1_C.mp3
Large-billed_Crow,Corvus_macrorhynchos_LambertChina05.2b_CN_26_1524-1615_1_C,11,data/processed/Large-billed_Crow/Corvus_macrorhynchos_LambertChina05.2b_CN_26_1524-1615_1_C_chunk011.wav,3.0,Corvus_macrorhynchos_LambertChina05.2b_CN_26_1524-1615_1_C.mp3
Large-billed_Crow,Corvus_macrorhynchos_LambertChina05.2b_CN_26_1524-1615_1_C,12,data/processed/Large-billed_Crow/Corvus_macrorhynchos_LambertChina05.2b_CN_26_1524-1615_1_C_chunk012.wav,3.0,Corvus_macrorhynchos_LambertChina05.2b_CN_26_1524-1615_1_C.mp3
Large-billed_Crow,Corvus_macrorhynchos_LambertChina05.2b_CN_26_1524-1615_1_C,13,data/processed/Large-billed_Crow/Corvus_macrorhynchos_LambertChina05.2b_CN_26_1524-1615_1_C_chunk013.wav,3.0,Corvus_macrorhynchos_LambertChina05.2b_CN_26_1524-1615_1_C.mp3
Large-billed_Crow,Corvus_macrorhynchos_LambertChina05.2b_CN_26_1524-1615_1_C,14,data/processed/Large-billed_Crow/Corvus_macrorhynchos_LambertChina05.2b_CN_26_1524-1615_1_C_chunk014.wav,3.0,Corvus_macrorhynchos_LambertChina05.2b_CN_26_1524-1615_1_C.mp3
Large-billed_Crow,Corvus_macrorhynchos_LambertChina05.2b_CN_26_1524-1615_1_C,15,data/processed/Large-billed_Crow/Corvus_macrorhynchos_LambertChina05.2b_CN_26_1524-1615_1_C_chunk015.wav,3.0,Corvus_macrorhynchos_LambertChina05.2b_CN_26_1524-1615_1_C.mp3
Large-billed_Crow,Corvus_macrorhynchos_LambertChina05.2b_CN_26_1524-1615_1_C,16,data/processed/Large-billed_Crow/Corvus_macrorhynchos_LambertChina05.2b_CN_26_1524-1615_1_C_chunk016.wav,3.0,Corvus_macrorhynchos_LambertChina05.2b_CN_26_1524-1615_1_C.mp3
Large-billed_Crow,Corvus_macrorhynchos_LambertChina05.2b_CN_26_1524-1615_1_C,17,data/processed/Large-billed_Crow/Corvus_macrorhynchos_LambertChina05.2b_CN_26_1524-1615_1_C_chunk017.wav,3.0,Corvus_macrorhynchos_LambertChina05.2b_CN_26_1524-1615_1_C.mp3
Large-billed_Crow,Corvus_macrorhynchos_LambertChina05.2b_CN_26_1524-1615_1_C,18,data/processed/Large-billed_Crow/Corvus_macrorhynchos_LambertChina05.2b_CN_26_1524-1615_1_C_chunk018.wav,3.0,Corvus_macrorhynchos_LambertChina05.2b_CN_26_1524-1615_1_C.mp3
Large-billed_Crow,Corvus_macrorhynchos_LambertChina05.2b_CN_26_1524-1615_1_C,19,data/processed/Large-billed_Crow/Corvus_macrorhynchos_LambertChina05.2b_CN_26_1524-1615_1_C_chunk019.wav,3.0,Corvus_macrorhynchos_LambertChina05.2b_CN_26_1524-1615_1_C.mp3
Large-billed_Crow,Corvus_macrorhynchos_LambertChina05.2b_CN_26_1524-1615_1_C,20,data/processed/Large-billed_Crow/Corvus_macrorhynchos_LambertChina05.2b_CN_26_1524-1615_1_C_chunk020.wav,3.0,Corvus_macrorhynchos_LambertChina05.2b_CN_26_1524-1615_1_C.mp3
Large-billed_Crow,Corvus_macrorhynchos_LambertChina05.2b_CN_26_1524-1615_1_C,21,data/processed/Large-billed_Crow/Corvus_macrorhynchos_LambertChina05.2b_CN_26_1524-1615_1_C_chunk021.wav,3.0,Corvus_macrorhynchos_LambertChina05.2b_CN_26_1524-1615_1_C.mp3
Large-billed_Crow,Corvus_macrorhynchos_LambertChina05.2b_CN_26_1524-1615_1_C,22,data/processed/Large-billed_Crow/Corvus_macrorhynchos_LambertChina05.2b_CN_26_1524-1615_1_C_chunk022.wav,3.0,Corvus_macrorhynchos_LambertChina05.2b_CN_26_1524-1615_1_C.mp3
Large-billed_Crow,Corvus_macrorhynchos_LambertChina05.2b_CN_26_1524-1615_1_C,23,data/processed/Large-billed_Crow/Corvus_macrorhynchos_LambertChina05.2b_CN_26_1524-1615_1_C_chunk023.wav,3.0,Corvus_macrorhynchos_LambertChina05.2b_CN_26_1524-1615_1_C.mp3
Large-billed_Crow,Corvus_macrorhynchos_LambertChina05.2b_CN_26_1524-1615_1_C,24,data/processed/Large-billed_Crow/Corvus_macrorhynchos_LambertChina05.2b_CN_26_1524-1615_1_C_chunk024.wav,3.0,Corvus_macrorhynchos_LambertChina05.2b_CN_26_1524-1615_1_C.mp3
Large-billed_Crow,Corvus_macrorhynchos_colonorum-FL,0,data/processed/Large-billed_Crow/Corvus_macrorhynchos_colonorum-FL_chunk000.wav,3.0,Corvus_macrorhynchos_colonorum-FL calls perch+flight Labahe NR_ Sichuan 4Jun12 2050m LS111213a.mp3
Large-billed_Crow,Corvus_macrorhynchos_colonorum-FL,1,data/processed/Large-billed_Crow/Corvus_macrorhynchos_colonorum-FL_chunk001.wav,3.0,Corvus_macrorhynchos_colonorum-FL calls perch+flight Labahe NR_ Sichuan 4Jun12 2050m LS111213a.mp3
Large-billed_Crow,Corvus_macrorhynchos_colonorum-FL,2,data/processed/Large-billed_Crow/Corvus_macrorhynchos_colonorum-FL_chunk002.wav,3.0,Corvus_macrorhynchos_colonorum-FL calls perch+flight Labahe NR_ Sichuan 4Jun12 2050m LS111213a.mp3
Large-billed_Crow,Corvus_macrorhynchos_colonorum-FL,3,data/processed/Large-billed_Crow/Corvus_macrorhynchos_colonorum-FL_chunk003.wav,3.0,Corvus_macrorhynchos_colonorum-FL calls perch+flight Labahe NR_ Sichuan 4Jun12 2050m LS111213a.mp3
Large-billed_Crow,Corvus_macrorhynchos_colonorum-FL,4,data/processed/Large-billed_Crow/Corvus_macrorhynchos_colonorum-FL_chunk004.wav,3.0,Corvus_macrorhynchos_colonorum-FL calls perch+flight Labahe NR_ Sichuan 4Jun12 2050m LS111213a.mp3
Large-billed_Crow,Corvus_macrorhynchos_colonorum-FL,5,data/processed/Large-billed_Crow/Corvus_macrorhynchos_colonorum-FL_chunk005.wav,3.0,Corvus_macrorhynchos_colonorum-FL calls perch+flight Labahe NR_ Sichuan 4Jun12 2050m LS111213a.mp3
Large-billed_Crow,Corvus_macrorhynchos_colonorum-FL,6,data/processed/Large-billed_Crow/Corvus_macrorhynchos_colonorum-FL_chunk006.wav,3.0,Corvus_macrorhynchos_colonorum-FL calls perch+flight Labahe NR_ Sichuan 4Jun12 2050m LS111213a.mp3
Large-billed_Crow,Corvus_macrorhynchos_colonorum-FL,7,data/processed/Large-billed_Crow/Corvus_macrorhynchos_colonorum-FL_chunk007.wav,3.0,Corvus_macrorhynchos_colonorum-FL calls perch+flight Labahe NR_ Sichuan 4Jun12 2050m LS111213a.mp3
Large-billed_Crow,Corvus_macrorhynchos_colonorum-FL,8,data/processed/Large-billed_Crow/Corvus_macrorhynchos_colonorum-FL_chunk008.wav,3.0,Corvus_macrorhynchos_colonorum-FL calls perch+flight Labahe NR_ Sichuan 4Jun12 2050m LS111213a.mp3
Large-billed_Crow,Corvus_macrorhynchos_colonorum-FL,9,data/processed/Large-billed_Crow/Corvus_macrorhynchos_colonorum-FL_chunk009.wav,3.0,Corvus_macrorhynchos_colonorum-FL calls perch+flight Labahe NR_ Sichuan 4Jun12 2050m LS111213a.mp3
Large-billed_Crow,Slender-billedCrowEagleCentre89Lambert,0,data/processed/Large-billed_Crow/Slender-billedCrowEagleCentre89Lambert_chunk000.wav,3.0,Slender-billedCrowEagleCentre89Lambert.mp3
Large-billed_Crow,Slender-billedCrowEagleCentre89Lambert,1,data/processed/Large-billed_Crow/Slender-billedCrowEagleCentre89Lambert_chunk001.wav,3.0,Slender-billedCrowEagleCentre89Lambert.mp3
Large-billed_Crow,Slender-billedCrowEagleCentre89Lambert,2,data/processed/Large-billed_Crow/Slender-billedCrowEagleCentre89Lambert_chunk002.wav,3.0,Slender-billedCrowEagleCentre89Lambert.mp3
Large-billed_Crow,Slender-billedCrowEagleCentre89Lambert,3,data/processed/Large-billed_Crow/Slender-billedCrowEagleCentre89Lambert_chunk003.wav,3.0,Slender-billedCrowEagleCentre89Lambert.mp3
Large-billed_Crow,Slender-billedCrowEagleCentre89Lambert,4,data/processed/Large-billed_Crow/Slender-billedCrowEagleCentre89Lambert_chunk004.wav,3.0,Slender-billedCrowEagleCentre89Lambert.mp3
Large-billed_Crow,Slender-billedCrowEagleCentre89Lambert,5,data/processed/Large-billed_Crow/Slender-billedCrowEagleCentre89Lambert_chunk005.wav,3.0,Slender-billedCrowEagleCentre89Lambert.mp3
Large-billed_Crow,Slender-billedCrowEagleCentre89Lambert,6,data/processed/Large-billed_Crow/Slender-billedCrowEagleCentre89Lambert_chunk006.wav,3.0,Slender-billedCrowEagleCentre89Lambert.mp3
Large-billed_Crow,Slender-billedCrowEagleCentre89Lambert,7,data/processed/Large-billed_Crow/Slender-billedCrowEagleCentre89Lambert_chunk007.wav,3.0,Slender-billedCrowEagleCentre89Lambert.mp3
Large-billed_Crow,Slender-billedCrowEagleCentre89Lambert,8,data/processed/Large-billed_Crow/Slender-billedCrowEagleCentre89Lambert_chunk008.wav,3.0,Slender-billedCrowEagleCentre89Lambert.mp3
Large-billed_Crow,Slender-billedCrowEagleCentre89Lambert,9,data/processed/Large-billed_Crow/Slender-billedCrowEagleCentre89Lambert_chunk009.wav,3.0,Slender-billedCrowEagleCentre89Lambert.mp3
Large-billed_Crow,XC1016619-large-billed-crow-sendai-kalmistu-250624_1234,0,data/processed/Large-billed_Crow/XC1016619-large-billed-crow-sendai-kalmistu-250624_1234_chunk000.wav,3.0,XC1016619-large-billed-crow-sendai-kalmistu-250624_1234.mp3
Large-billed_Crow,XC1016619-large-billed-crow-sendai-kalmistu-250624_1234,1,data/processed/Large-billed_Crow/XC1016619-large-billed-crow-sendai-kalmistu-250624_1234_chunk001.wav,3.0,XC1016619-large-billed-crow-sendai-kalmistu-250624_1234.mp3
Large-billed_Crow,XC1016619-large-billed-crow-sendai-kalmistu-250624_1234,2,data/processed/Large-billed_Crow/XC1016619-large-billed-crow-sendai-kalmistu-250624_1234_chunk002.wav,3.0,XC1016619-large-billed-crow-sendai-kalmistu-250624_1234.mp3
Large-billed_Crow,XC1016619-large-billed-crow-sendai-kalmistu-250624_1234,3,data/processed/Large-billed_Crow/XC1016619-large-billed-crow-sendai-kalmistu-250624_1234_chunk003.wav,3.0,XC1016619-large-billed-crow-sendai-kalmistu-250624_1234.mp3
Large-billed_Crow,XC1016619-large-billed-crow-sendai-kalmistu-250624_1234,4,data/processed/Large-billed_Crow/XC1016619-large-billed-crow-sendai-kalmistu-250624_1234_chunk004.wav,3.0,XC1016619-large-billed-crow-sendai-kalmistu-250624_1234.mp3
Large-billed_Crow,XC1016619-large-billed-crow-sendai-kalmistu-250624_1234,5,data/processed/Large-billed_Crow/XC1016619-large-billed-crow-sendai-kalmistu-250624_1234_chunk005.wav,3.0,XC1016619-large-billed-crow-sendai-kalmistu-250624_1234.mp3
Large-billed_Crow,XC1016619-large-billed-crow-sendai-kalmistu-250624_1234,6,data/processed/Large-billed_Crow/XC1016619-large-billed-crow-sendai-kalmistu-250624_1234_chunk006.wav,3.0,XC1016619-large-billed-crow-sendai-kalmistu-250624_1234.mp3
Large-billed_Crow,XC1016619-large-billed-crow-sendai-kalmistu-250624_1234,7,data/processed/Large-billed_Crow/XC1016619-large-billed-crow-sendai-kalmistu-250624_1234_chunk007.wav,3.0,XC1016619-large-billed-crow-sendai-kalmistu-250624_1234.mp3
Large-billed_Crow,XC1016619-large-billed-crow-sendai-kalmistu-250624_1234,8,data/processed/Large-billed_Crow/XC1016619-large-billed-crow-sendai-kalmistu-250624_1234_chunk008.wav,3.0,XC1016619-large-billed-crow-sendai-kalmistu-250624_1234.mp3
Large-billed_Crow,XC1016619-large-billed-crow-sendai-kalmistu-250624_1234,9,data/processed/Large-billed_Crow/XC1016619-large-billed-crow-sendai-kalmistu-250624_1234_chunk009.wav,3.0,XC1016619-large-billed-crow-sendai-kalmistu-250624_1234.mp3
Large-billed_Crow,XC1016619-large-billed-crow-sendai-kalmistu-250624_1234,10,data/processed/Large-billed_Crow/XC1016619-large-billed-crow-sendai-kalmistu-250624_1234_chunk010.wav,3.0,XC1016619-large-billed-crow-sendai-kalmistu-250624_1234.mp3
Large-billed_Crow,XC1016619-large-billed-crow-sendai-kalmistu-250624_1234,11,data/processed/Large-billed_Crow/XC1016619-large-billed-crow-sendai-kalmistu-250624_1234_chunk011.wav,3.0,XC1016619-large-billed-crow-sendai-kalmistu-250624_1234.mp3
Large-billed_Crow,XC1142121-Large-billed-Crow_Shunkunitai1,0,data/processed/Large-billed_Crow/XC1142121-Large-billed-Crow_Shunkunitai1_chunk000.wav,3.0,XC1142121-Large-billed-Crow_Shunkunitai1.mp3
Large-billed_Crow,XC1142121-Large-billed-Crow_Shunkunitai1,1,data/processed/Large-billed_Crow/XC1142121-Large-billed-Crow_Shunkunitai1_chunk001.wav,3.0,XC1142121-Large-billed-Crow_Shunkunitai1.mp3
Large-billed_Crow,XC1142121-Large-billed-Crow_Shunkunitai1,2,data/processed/Large-billed_Crow/XC1142121-Large-billed-Crow_Shunkunitai1_chunk002.wav,3.0,XC1142121-Large-billed-Crow_Shunkunitai1.mp3
Large-billed_Crow,XC1142121-Large-billed-Crow_Shunkunitai1,3,data/processed/Large-billed_Crow/XC1142121-Large-billed-Crow_Shunkunitai1_chunk003.wav,3.0,XC1142121-Large-billed-Crow_Shunkunitai1.mp3
Large-billed_Crow,XC1142121-Large-billed-Crow_Shunkunitai1,4,data/processed/Large-billed_Crow/XC1142121-Large-billed-Crow_Shunkunitai1_chunk004.wav,3.0,XC1142121-Large-billed-Crow_Shunkunitai1.mp3
Large-billed_Crow,XC1142121-Large-billed-Crow_Shunkunitai1,5,data/processed/Large-billed_Crow/XC1142121-Large-billed-Crow_Shunkunitai1_chunk005.wav,3.0,XC1142121-Large-billed-Crow_Shunkunitai1.mp3
Large-billed_Crow,XC1142121-Large-billed-Crow_Shunkunitai1,6,data/processed/Large-billed_Crow/XC1142121-Large-billed-Crow_Shunkunitai1_chunk006.wav,3.0,XC1142121-Large-billed-Crow_Shunkunitai1.mp3
Large-billed_Crow,XC1142121-Large-billed-Crow_Shunkunitai1,7,data/processed/Large-billed_Crow/XC1142121-Large-billed-Crow_Shunkunitai1_chunk007.wav,3.0,XC1142121-Large-billed-Crow_Shunkunitai1.mp3
Large-billed_Crow,XC1142121-Large-billed-Crow_Shunkunitai1,8,data/processed/Large-billed_Crow/XC1142121-Large-billed-Crow_Shunkunitai1_chunk008.wav,3.0,XC1142121-Large-billed-Crow_Shunkunitai1.mp3
Large-billed_Crow,XC1142121-Large-billed-Crow_Shunkunitai1,9,data/processed/Large-billed_Crow/XC1142121-Large-billed-Crow_Shunkunitai1_chunk009.wav,3.0,XC1142121-Large-billed-Crow_Shunkunitai1.mp3
Large-billed_Crow,XC1142121-Large-billed-Crow_Shunkunitai1,10,data/processed/Large-billed_Crow/XC1142121-Large-billed-Crow_Shunkunitai1_chunk010.wav,3.0,XC1142121-Large-billed-Crow_Shunkunitai1.mp3
Large-billed_Crow,XC1142121-Large-billed-Crow_Shunkunitai1,11,data/processed/Large-billed_Crow/XC1142121-Large-billed-Crow_Shunkunitai1_chunk011.wav,3.0,XC1142121-Large-billed-Crow_Shunkunitai1.mp3
Large-billed_Crow,XC1142121-Large-billed-Crow_Shunkunitai1,12,data/processed/Large-billed_Crow/XC1142121-Large-billed-Crow_Shunkunitai1_chunk012.wav,3.0,XC1142121-Large-billed-Crow_Shunkunitai1.mp3
Large-billed_Crow,XC1142121-Large-billed-Crow_Shunkunitai1,13,data/processed/Large-billed_Crow/XC1142121-Large-billed-Crow_Shunkunitai1_chunk013.wav,3.0,XC1142121-Large-billed-Crow_Shunkunitai1.mp3
Large-billed_Crow,XC1142121-Large-billed-Crow_Shunkunitai1,14,data/processed/Large-billed_Crow/XC1142121-Large-billed-Crow_Shunkunitai1_chunk014.wav,3.0,XC1142121-Large-billed-Crow_Shunkunitai1.mp3
Large-billed_Crow,XC1142121-Large-billed-Crow_Shunkunitai1,15,data/processed/Large-billed_Crow/XC1142121-Large-billed-Crow_Shunkunitai1_chunk015.wav,3.0,XC1142121-Large-billed-Crow_Shunkunitai1.mp3
Large-billed_Crow,XC1142121-Large-billed-Crow_Shunkunitai1,16,data/processed/Large-billed_Crow/XC1142121-Large-billed-Crow_Shunkunitai1_chunk016.wav,3.0,XC1142121-Large-billed-Crow_Shunkunitai1.mp3
Large-billed_Crow,"XC116711-Crow,",0,"data/processed/Large-billed_Crow/XC116711-Crow,_chunk000.wav",3.0,"XC116711-Crow, Large-billed_3.mp3"
Large-billed_Crow,"XC116711-Crow,",1,"data/processed/Large-billed_Crow/XC116711-Crow,_chunk001.wav",3.0,"XC116711-Crow, Large-billed_3.mp3"
Large-billed_Crow,"XC116711-Crow,",2,"data/processed/Large-billed_Crow/XC116711-Crow,_chunk002.wav",3.0,"XC116711-Crow, Large-billed_3.mp3"
Large-billed_Crow,"XC116711-Crow,",3,"data/processed/Large-billed_Crow/XC116711-Crow,_chunk003.wav",3.0,"XC116711-Crow, Large-billed_3.mp3"
Large-billed_Crow,"XC116711-Crow,",4,"data/processed/Large-billed_Crow/XC116711-Crow,_chunk004.wav",3.0,"XC116711-Crow, Large-billed_3.mp3"
Large-billed_Crow,"XC116711-Crow,",5,"data/processed/Large-billed_Crow/XC116711-Crow,_chunk005.wav",3.0,"XC116711-Crow, Large-billed_3.mp3"
Large-billed_Crow,"XC116711-Crow,",6,"data/processed/Large-billed_Crow/XC116711-Crow,_chunk006.wav",3.0,"XC116711-Crow, Large-billed_3.mp3"
Large-billed_Crow,"XC116711-Crow,",7,"data/processed/Large-billed_Crow/XC116711-Crow,_chunk007.wav",3.0,"XC116711-Crow, Large-billed_3.mp3"
Large-billed_Crow,"XC116711-Crow,",8,"data/processed/Large-billed_Crow/XC116711-Crow,_chunk008.wav",3.0,"XC116711-Crow, Large-billed_3.mp3"
Large-billed_Crow,"XC116711-Crow,",9,"data/processed/Large-billed_Crow/XC116711-Crow,_chunk009.wav",3.0,"XC116711-Crow, Large-billed_3.mp3"
Large-billed_Crow,"XC116711-Crow,",10,"data/processed/Large-billed_Crow/XC116711-Crow,_chunk010.wav",3.0,"XC116711-Crow, Large-billed_3.mp3"
Large-billed_Crow,"XC116711-Crow,",11,"data/processed/Large-billed_Crow/XC116711-Crow,_chunk011.wav",3.0,"XC116711-Crow, Large-billed_3.mp3"
Large-billed_Crow,"XC116711-Crow,",12,"data/processed/Large-billed_Crow/XC116711-Crow,_chunk012.wav",3.0,"XC116711-Crow, Large-billed_3.mp3"
Large-billed_Crow,"XC116711-Crow,",13,"data/processed/Large-billed_Crow/XC116711-Crow,_chunk013.wav",3.0,"XC116711-Crow, Large-billed_3.mp3"
Large-billed_Crow,"XC116711-Crow,",14,"data/processed/Large-billed_Crow/XC116711-Crow,_chunk014.wav",3.0,"XC116711-Crow, Large-billed_3.mp3"
Large-billed_Crow,"XC116711-Crow,",15,"data/processed/Large-billed_Crow/XC116711-Crow,_chunk015.wav",3.0,"XC116711-Crow, Large-billed_3.mp3"
Large-billed_Crow,"XC116711-Crow,",16,"data/processed/Large-billed_Crow/XC116711-Crow,_chunk016.wav",3.0,"XC116711-Crow, Large-billed_3.mp3"
Large-billed_Crow,"XC116711-Crow,",17,"data/processed/Large-billed_Crow/XC116711-Crow,_chunk017.wav",3.0,"XC116711-Crow, Large-billed_3.mp3"
Large-billed_Crow,"XC116711-Crow,",18,"data/processed/Large-billed_Crow/XC116711-Crow,_chunk018.wav",3.0,"XC116711-Crow, Large-billed_3.mp3"
Large-billed_Crow,"XC116711-Crow,",19,"data/processed/Large-billed_Crow/XC116711-Crow,_chunk019.wav",3.0,"XC116711-Crow, Large-billed_3.mp3"
Large-billed_Crow,"XC116711-Crow,",20,"data/processed/Large-billed_Crow/XC116711-Crow,_chunk020.wav",3.0,"XC116711-Crow, Large-billed_3.mp3"
Large-billed_Crow,"XC116711-Crow,",21,"data/processed/Large-billed_Crow/XC116711-Crow,_chunk021.wav",3.0,"XC116711-Crow, Large-billed_3.mp3"
Large-billed_Crow,"XC116711-Crow,",22,"data/processed/Large-billed_Crow/XC116711-Crow,_chunk022.wav",3.0,"XC116711-Crow, Large-billed_3.mp3"
Large-billed_Crow,"XC116711-Crow,",23,"data/processed/Large-billed_Crow/XC116711-Crow,_chunk023.wav",3.0,"XC116711-Crow, Large-billed_3.mp3"
Large-billed_Crow,"XC116711-Crow,",24,"data/processed/Large-billed_Crow/XC116711-Crow,_chunk024.wav",3.0,"XC116711-Crow, Large-billed_3.mp3"
Large-billed_Crow,"XC116711-Crow,",25,"data/processed/Large-billed_Crow/XC116711-Crow,_chunk025.wav",3.0,"XC116711-Crow, Large-billed_3.mp3"
Large-billed_Crow,"XC116711-Crow,",26,"data/processed/Large-billed_Crow/XC116711-Crow,_chunk026.wav",3.0,"XC116711-Crow, Large-billed_3.mp3"
Large-billed_Crow,"XC116711-Crow,",27,"data/processed/Large-billed_Crow/XC116711-Crow,_chunk027.wav",3.0,"XC116711-Crow, Large-billed_3.mp3"
Large-billed_Crow,"XC116711-Crow,",28,"data/processed/Large-billed_Crow/XC116711-Crow,_chunk028.wav",3.0,"XC116711-Crow, Large-billed_3.mp3"
Large-billed_Crow,"XC116711-Crow,",29,"data/processed/Large-billed_Crow/XC116711-Crow,_chunk029.wav",3.0,"XC116711-Crow, Large-billed_3.mp3"
Large-billed_Crow,"XC116711-Crow,",30,"data/processed/Large-billed_Crow/XC116711-Crow,_chunk030.wav",3.0,"XC116711-Crow, Large-billed_3.mp3"
Large-billed_Crow,"XC116711-Crow,",31,"data/processed/Large-billed_Crow/XC116711-Crow,_chunk031.wav",3.0,"XC116711-Crow, Large-billed_3.mp3"
Large-billed_Crow,"XC116711-Crow,",32,"data/processed/Large-billed_Crow/XC116711-Crow,_chunk032.wav",3.0,"XC116711-Crow, Large-billed_3.mp3"
Large-billed_Crow,"XC116711-Crow,",33,"data/processed/Large-billed_Crow/XC116711-Crow,_chunk033.wav",3.0,"XC116711-Crow, Large-billed_3.mp3"
Large-billed_Crow,"XC116711-Crow,",34,"data/processed/Large-billed_Crow/XC116711-Crow,_chunk034.wav",3.0,"XC116711-Crow, Large-billed_3.mp3"
Large-billed_Crow,"XC116711-Crow,",35,"data/processed/Large-billed_Crow/XC116711-Crow,_chunk035.wav",3.0,"XC116711-Crow, Large-billed_3.mp3"
Large-billed_Crow,"XC116711-Crow,",36,"data/processed/Large-billed_Crow/XC116711-Crow,_chunk036.wav",3.0,"XC116711-Crow, Large-billed_3.mp3"
Large-billed_Crow,"XC116711-Crow,",37,"data/processed/Large-billed_Crow/XC116711-Crow,_chunk037.wav",3.0,"XC116711-Crow, Large-billed_3.mp3"
Large-billed_Crow,"XC116711-Crow,",38,"data/processed/Large-billed_Crow/XC116711-Crow,_chunk038.wav",3.0,"XC116711-Crow, Large-billed_3.mp3"
Large-billed_Crow,"XC116711-Crow,",39,"data/processed/Large-billed_Crow/XC116711-Crow,_chunk039.wav",3.0,"XC116711-Crow, Large-billed_3.mp3"
Large-billed_Crow,"XC116711-Crow,",40,"data/processed/Large-billed_Crow/XC116711-Crow,_chunk040.wav",3.0,"XC116711-Crow, Large-billed_3.mp3"
Large-billed_Crow,"XC116711-Crow,",41,"data/processed/Large-billed_Crow/XC116711-Crow,_chunk041.wav",3.0,"XC116711-Crow, Large-billed_3.mp3"
Large-billed_Crow,"XC116711-Crow,",42,"data/processed/Large-billed_Crow/XC116711-Crow,_chunk042.wav",3.0,"XC116711-Crow, Large-billed_3.mp3"
Large-billed_Crow,"XC116711-Crow,",43,"data/processed/Large-billed_Crow/XC116711-Crow,_chunk043.wav",3.0,"XC116711-Crow, Large-billed_3.mp3"
Large-billed_Crow,"XC116711-Crow,",44,"data/processed/Large-billed_Crow/XC116711-Crow,_chunk044.wav",3.0,"XC116711-Crow, Large-billed_3.mp3"
Large-billed_Crow,"XC116711-Crow,",45,"data/processed/Large-billed_Crow/XC116711-Crow,_chunk045.wav",3.0,"XC116711-Crow, Large-billed_3.mp3"
Large-billed_Crow,XC118464-Cormac_c_Ghorepani_16h10m50s27mar2011,0,data/processed/Large-billed_Crow/XC118464-Cormac_c_Ghorepani_16h10m50s27mar2011_chunk000.wav,3.0,XC118464-Cormac_c_Ghorepani_16h10m50s27mar2011.mp3
Large-billed_Crow,XC118464-Cormac_c_Ghorepani_16h10m50s27mar2011,1,data/processed/Large-billed_Crow/XC118464-Cormac_c_Ghorepani_16h10m50s27mar2011_chunk001.wav,3.0,XC118464-Cormac_c_Ghorepani_16h10m50s27mar2011.mp3
Large-billed_Crow,XC118464-Cormac_c_Ghorepani_16h10m50s27mar2011,2,data/processed/Large-billed_Crow/XC118464-Cormac_c_Ghorepani_16h10m50s27mar2011_chunk002.wav,3.0,XC118464-Cormac_c_Ghorepani_16h10m50s27mar2011.mp3
Large-billed_Crow,XC118464-Cormac_c_Ghorepani_16h10m50s27mar2011,3,data/processed/Large-billed_Crow/XC118464-Cormac_c_Ghorepani_16h10m50s27mar2011_chunk003.wav,3.0,XC118464-Cormac_c_Ghorepani_16h10m50s27mar2011.mp3
Large-billed_Crow,XC118464-Cormac_c_Ghorepani_16h10m50s27mar2011,4,data/processed/Large-billed_Crow/XC118464-Cormac_c_Ghorepani_16h10m50s27mar2011_chunk004.wav,3.0,XC118464-Cormac_c_Ghorepani_16h10m50s27mar2011.mp3
Large-billed_Crow,XC118464-Cormac_c_Ghorepani_16h10m50s27mar2011,5,data/processed/Large-billed_Crow/XC118464-Cormac_c_Ghorepani_16h10m50s27mar2011_chunk005.wav,3.0,XC118464-Cormac_c_Ghorepani_16h10m50s27mar2011.mp3
Large-billed_Crow,XC118464-Cormac_c_Ghorepani_16h10m50s27mar2011,6,data/processed/Large-billed_Crow/XC118464-Cormac_c_Ghorepani_16h10m50s27mar2011_chunk006.wav,3.0,XC118464-Cormac_c_Ghorepani_16h10m50s27mar2011.mp3
Large-billed_Crow,XC118464-Cormac_c_Ghorepani_16h10m50s27mar2011,7,data/processed/Large-billed_Crow/XC118464-Cormac_c_Ghorepani_16h10m50s27mar2011_chunk007.wav,3.0,XC118464-Cormac_c_Ghorepani_16h10m50s27mar2011.mp3
Large-billed_Crow,XC118464-Cormac_c_Ghorepani_16h10m50s27mar2011,8,data/processed/Large-billed_Crow/XC118464-Cormac_c_Ghorepani_16h10m50s27mar2011_chunk008.wav,3.0,XC118464-Cormac_c_Ghorepani_16h10m50s27mar2011.mp3
Large-billed_Crow,XC118464-Cormac_c_Ghorepani_16h10m50s27mar2011,9,data/processed/Large-billed_Crow/XC118464-Cormac_c_Ghorepani_16h10m50s27mar2011_chunk009.wav,3.0,XC118464-Cormac_c_Ghorepani_16h10m50s27mar2011.mp3
Large-billed_Crow,XC118464-Cormac_c_Ghorepani_16h10m50s27mar2011,10,data/processed/Large-billed_Crow/XC118464-Cormac_c_Ghorepani_16h10m50s27mar2011_chunk010.wav,3.0,XC118464-Cormac_c_Ghorepani_16h10m50s27mar2011.mp3
Large-billed_Crow,XC118464-Cormac_c_Ghorepani_16h10m50s27mar2011,11,data/processed/Large-billed_Crow/XC118464-Cormac_c_Ghorepani_16h10m50s27mar2011_chunk011.wav,3.0,XC118464-Cormac_c_Ghorepani_16h10m50s27mar2011.mp3
Large-billed_Crow,XC118464-Cormac_c_Ghorepani_16h10m50s27mar2011,12,data/processed/Large-billed_Crow/XC118464-Cormac_c_Ghorepani_16h10m50s27mar2011_chunk012.wav,3.0,XC118464-Cormac_c_Ghorepani_16h10m50s27mar2011.mp3
Large-billed_Crow,XC118464-Cormac_c_Ghorepani_16h10m50s27mar2011,13,data/processed/Large-billed_Crow/XC118464-Cormac_c_Ghorepani_16h10m50s27mar2011_chunk013.wav,3.0,XC118464-Cormac_c_Ghorepani_16h10m50s27mar2011.mp3
Large-billed_Crow,XC152657-ZOOM0014,0,data/processed/Large-billed_Crow/XC152657-ZOOM0014_chunk000.wav,3.0,XC152657-ZOOM0014 CORBEAUX A GROS BEC 24.10.2013 SERANGAN.mp3
Large-billed_Crow,XC152657-ZOOM0014,1,data/processed/Large-billed_Crow/XC152657-ZOOM0014_chunk001.wav,3.0,XC152657-ZOOM0014 CORBEAUX A GROS BEC 24.10.2013 SERANGAN.mp3
Large-billed_Crow,XC152657-ZOOM0014,2,data/processed/Large-billed_Crow/XC152657-ZOOM0014_chunk002.wav,3.0,XC152657-ZOOM0014 CORBEAUX A GROS BEC 24.10.2013 SERANGAN.mp3
Large-billed_Crow,XC152657-ZOOM0014,3,data/processed/Large-billed_Crow/XC152657-ZOOM0014_chunk003.wav,3.0,XC152657-ZOOM0014 CORBEAUX A GROS BEC 24.10.2013 SERANGAN.mp3
Large-billed_Crow,XC152657-ZOOM0014,4,data/processed/Large-billed_Crow/XC152657-ZOOM0014_chunk004.wav,3.0,XC152657-ZOOM0014 CORBEAUX A GROS BEC 24.10.2013 SERANGAN.mp3
Large-billed_Crow,XC152657-ZOOM0014,5,data/processed/Large-billed_Crow/XC152657-ZOOM0014_chunk005.wav,3.0,XC152657-ZOOM0014 CORBEAUX A GROS BEC 24.10.2013 SERANGAN.mp3
Large-billed_Crow,XC152657-ZOOM0014,6,data/processed/Large-billed_Crow/XC152657-ZOOM0014_chunk006.wav,3.0,XC152657-ZOOM0014 CORBEAUX A GROS BEC 24.10.2013 SERANGAN.mp3
Large-billed_Crow,XC152657-ZOOM0014,7,data/processed/Large-billed_Crow/XC152657-ZOOM0014_chunk007.wav,3.0,XC152657-ZOOM0014 CORBEAUX A GROS BEC 24.10.2013 SERANGAN.mp3
Large-billed_Crow,XC152657-ZOOM0014,8,data/processed/Large-billed_Crow/XC152657-ZOOM0014_chunk008.wav,3.0,XC152657-ZOOM0014 CORBEAUX A GROS BEC 24.10.2013 SERANGAN.mp3
Large-billed_Crow,XC152657-ZOOM0014,9,data/processed/Large-billed_Crow/XC152657-ZOOM0014_chunk009.wav,3.0,XC152657-ZOOM0014 CORBEAUX A GROS BEC 24.10.2013 SERANGAN.mp3
Large-billed_Crow,XC152657-ZOOM0014,10,data/processed/Large-billed_Crow/XC152657-ZOOM0014_chunk010.wav,3.0,XC152657-ZOOM0014 CORBEAUX A GROS BEC 24.10.2013 SERANGAN.mp3
Large-billed_Crow,XC152657-ZOOM0014,11,data/processed/Large-billed_Crow/XC152657-ZOOM0014_chunk011.wav,3.0,XC152657-ZOOM0014 CORBEAUX A GROS BEC 24.10.2013 SERANGAN.mp3
Large-billed_Crow,XC152657-ZOOM0014,12,data/processed/Large-billed_Crow/XC152657-ZOOM0014_chunk012.wav,3.0,XC152657-ZOOM0014 CORBEAUX A GROS BEC 24.10.2013 SERANGAN.mp3
Large-billed_Crow,XC152657-ZOOM0014,13,data/processed/Large-billed_Crow/XC152657-ZOOM0014_chunk013.wav,3.0,XC152657-ZOOM0014 CORBEAUX A GROS BEC 24.10.2013 SERANGAN.mp3
Large-billed_Crow,XC152657-ZOOM0014,14,data/processed/Large-billed_Crow/XC152657-ZOOM0014_chunk014.wav,3.0,XC152657-ZOOM0014 CORBEAUX A GROS BEC 24.10.2013 SERANGAN.mp3
Large-billed_Crow,XC152657-ZOOM0014,15,data/processed/Large-billed_Crow/XC152657-ZOOM0014_chunk015.wav,3.0,XC152657-ZOOM0014 CORBEAUX A GROS BEC 24.10.2013 SERANGAN.mp3
Large-billed_Crow,XC152657-ZOOM0014,16,data/processed/Large-billed_Crow/XC152657-ZOOM0014_chunk016.wav,3.0,XC152657-ZOOM0014 CORBEAUX A GROS BEC 24.10.2013 SERANGAN.mp3
Large-billed_Crow,XC152657-ZOOM0014,17,data/processed/Large-billed_Crow/XC152657-ZOOM0014_chunk017.wav,3.0,XC152657-ZOOM0014 CORBEAUX A GROS BEC 24.10.2013 SERANGAN.mp3
Large-billed_Crow,XC152657-ZOOM0014,18,data/processed/Large-billed_Crow/XC152657-ZOOM0014_chunk018.wav,3.0,XC152657-ZOOM0014 CORBEAUX A GROS BEC 24.10.2013 SERANGAN.mp3
Large-billed_Crow,XC152657-ZOOM0014,19,data/processed/Large-billed_Crow/XC152657-ZOOM0014_chunk019.wav,3.0,XC152657-ZOOM0014 CORBEAUX A GROS BEC 24.10.2013 SERANGAN.mp3
Large-billed_Crow,XC152657-ZOOM0014,20,data/processed/Large-billed_Crow/XC152657-ZOOM0014_chunk020.wav,3.0,XC152657-ZOOM0014 CORBEAUX A GROS BEC 24.10.2013 SERANGAN.mp3
Large-billed_Crow,XC152657-ZOOM0014,21,data/processed/Large-billed_Crow/XC152657-ZOOM0014_chunk021.wav,3.0,XC152657-ZOOM0014 CORBEAUX A GROS BEC 24.10.2013 SERANGAN.mp3
Large-billed_Crow,XC152657-ZOOM0014,22,data/processed/Large-billed_Crow/XC152657-ZOOM0014_chunk022.wav,3.0,XC152657-ZOOM0014 CORBEAUX A GROS BEC 24.10.2013 SERANGAN.mp3
Large-billed_Crow,XC152657-ZOOM0014,23,data/processed/Large-billed_Crow/XC152657-ZOOM0014_chunk023.wav,3.0,XC152657-ZOOM0014 CORBEAUX A GROS BEC 24.10.2013 SERANGAN.mp3
Large-billed_Crow,XC152657-ZOOM0014,24,data/processed/Large-billed_Crow/XC152657-ZOOM0014_chunk024.wav,3.0,XC152657-ZOOM0014 CORBEAUX A GROS BEC 24.10.2013 SERANGAN.mp3
Large-billed_Crow,XC152657-ZOOM0014,25,data/processed/Large-billed_Crow/XC152657-ZOOM0014_chunk025.wav,3.0,XC152657-ZOOM0014 CORBEAUX A GROS BEC 24.10.2013 SERANGAN.mp3
Large-billed_Crow,XC152657-ZOOM0014,26,data/processed/Large-billed_Crow/XC152657-ZOOM0014_chunk026.wav,3.0,XC152657-ZOOM0014 CORBEAUX A GROS BEC 24.10.2013 SERANGAN.mp3
Large-billed_Crow,XC152657-ZOOM0014,27,data/processed/Large-billed_Crow/XC152657-ZOOM0014_chunk027.wav,3.0,XC152657-ZOOM0014 CORBEAUX A GROS BEC 24.10.2013 SERANGAN.mp3
Large-billed_Crow,XC152657-ZOOM0014,28,data/processed/Large-billed_Crow/XC152657-ZOOM0014_chunk028.wav,3.0,XC152657-ZOOM0014 CORBEAUX A GROS BEC 24.10.2013 SERANGAN.mp3
Large-billed_Crow,XC155741-Corvus_macrorhynchos_japonensis-FL,0,data/processed/Large-billed_Crow/XC155741-Corvus_macrorhynchos_japonensis-FL_chunk000.wav,3.0,"XC155741-Corvus_macrorhynchos_japonensis-FL calls-FL Lake Furen (3), Hokkaido 23Jun13 6.34pm 10m LS115682.mp3"
Large-billed_Crow,XC155741-Corvus_macrorhynchos_japonensis-FL,1,data/processed/Large-billed_Crow/XC155741-Corvus_macrorhynchos_japonensis-FL_chunk001.wav,3.0,"XC155741-Corvus_macrorhynchos_japonensis-FL calls-FL Lake Furen (3), Hokkaido 23Jun13 6.34pm 10m LS115682.mp3"
Large-billed_Crow,XC155741-Corvus_macrorhynchos_japonensis-FL,2,data/processed/Large-billed_Crow/XC155741-Corvus_macrorhynchos_japonensis-FL_chunk002.wav,3.0,"XC155741-Corvus_macrorhynchos_japonensis-FL calls-FL Lake Furen (3), Hokkaido 23Jun13 6.34pm 10m LS115682.mp3"
Large-billed_Crow,XC155741-Corvus_macrorhynchos_japonensis-FL,3,data/processed/Large-billed_Crow/XC155741-Corvus_macrorhynchos_japonensis-FL_chunk003.wav,3.0,"XC155741-Corvus_macrorhynchos_japonensis-FL calls-FL Lake Furen (3), Hokkaido 23Jun13 6.34pm 10m LS115682.mp3"
Large-billed_Crow,XC155741-Corvus_macrorhynchos_japonensis-FL,4,data/processed/Large-billed_Crow/XC155741-Corvus_macrorhynchos_japonensis-FL_chunk004.wav,3.0,"XC155741-Corvus_macrorhynchos_japonensis-FL calls-FL Lake Furen (3), Hokkaido 23Jun13 6.34pm 10m LS115682.mp3"
Large-billed_Crow,XC155741-Corvus_macrorhynchos_japonensis-FL,5,data/processed/Large-billed_Crow/XC155741-Corvus_macrorhynchos_japonensis-FL_chunk005.wav,3.0,"XC155741-Corvus_macrorhynchos_japonensis-FL calls-FL Lake Furen (3), Hokkaido 23Jun13 6.34pm 10m LS115682.mp3"
Large-billed_Crow,XC155741-Corvus_macrorhynchos_japonensis-FL,6,data/processed/Large-billed_Crow/XC155741-Corvus_macrorhynchos_japonensis-FL_chunk006.wav,3.0,"XC155741-Corvus_macrorhynchos_japonensis-FL calls-FL Lake Furen (3), Hokkaido 23Jun13 6.34pm 10m LS115682.mp3"
Large-billed_Crow,XC155741-Corvus_macrorhynchos_japonensis-FL,7,data/processed/Large-billed_Crow/XC155741-Corvus_macrorhynchos_japonensis-FL_chunk007.wav,3.0,"XC155741-Corvus_macrorhynchos_japonensis-FL calls-FL Lake Furen (3), Hokkaido 23Jun13 6.34pm 10m LS115682.mp3"
Large-billed_Crow,XC155741-Corvus_macrorhynchos_japonensis-FL,8,data/processed/Large-billed_Crow/XC155741-Corvus_macrorhynchos_japonensis-FL_chunk008.wav,3.0,"XC155741-Corvus_macrorhynchos_japonensis-FL calls-FL Lake Furen (3), Hokkaido 23Jun13 6.34pm 10m LS115682.mp3"
Large-billed_Crow,XC155741-Corvus_macrorhynchos_japonensis-FL,9,data/processed/Large-billed_Crow/XC155741-Corvus_macrorhynchos_japonensis-FL_chunk009.wav,3.0,"XC155741-Corvus_macrorhynchos_japonensis-FL calls-FL Lake Furen (3), Hokkaido 23Jun13 6.34pm 10m LS115682.mp3"
Large-billed_Crow,XC155741-Corvus_macrorhynchos_japonensis-FL,10,data/processed/Large-billed_Crow/XC155741-Corvus_macrorhynchos_japonensis-FL_chunk010.wav,3.0,"XC155741-Corvus_macrorhynchos_japonensis-FL calls-FL Lake Furen (3), Hokkaido 23Jun13 6.34pm 10m LS115682.mp3"
Large-billed_Crow,XC155741-Corvus_macrorhynchos_japonensis-FL,11,data/processed/Large-billed_Crow/XC155741-Corvus_macrorhynchos_japonensis-FL_chunk011.wav,3.0,"XC155741-Corvus_macrorhynchos_japonensis-FL calls-FL Lake Furen (3), Hokkaido 23Jun13 6.34pm 10m LS115682.mp3"
Large-billed_Crow,XC155741-Corvus_macrorhynchos_japonensis-FL,12,data/processed/Large-billed_Crow/XC155741-Corvus_macrorhynchos_japonensis-FL_chunk012.wav,3.0,"XC155741-Corvus_macrorhynchos_japonensis-FL calls-FL Lake Furen (3), Hokkaido 23Jun13 6.34pm 10m LS115682.mp3"
Large-billed_Crow,XC155741-Corvus_macrorhynchos_japonensis-FL,13,data/processed/Large-billed_Crow/XC155741-Corvus_macrorhynchos_japonensis-FL_chunk013.wav,3.0,"XC155741-Corvus_macrorhynchos_japonensis-FL calls-FL Lake Furen (3), Hokkaido 23Jun13 6.34pm 10m LS115682.mp3"
Large-billed_Crow,XC155741-Corvus_macrorhynchos_japonensis-FL,14,data/processed/Large-billed_Crow/XC155741-Corvus_macrorhynchos_japonensis-FL_chunk014.wav,3.0,"XC155741-Corvus_macrorhynchos_japonensis-FL calls-FL Lake Furen (3), Hokkaido 23Jun13 6.34pm 10m LS115682.mp3"
Large-billed_Crow,XC155741-Corvus_macrorhynchos_japonensis-FL,15,data/processed/Large-billed_Crow/XC155741-Corvus_macrorhynchos_japonensis-FL_chunk015.wav,3.0,"XC155741-Corvus_macrorhynchos_japonensis-FL calls-FL Lake Furen (3), Hokkaido 23Jun13 6.34pm 10m LS115682.mp3"
Large-billed_Crow,XC155741-Corvus_macrorhynchos_japonensis-FL,16,data/processed/Large-billed_Crow/XC155741-Corvus_macrorhynchos_japonensis-FL_chunk016.wav,3.0,"XC155741-Corvus_macrorhynchos_japonensis-FL calls-FL Lake Furen (3), Hokkaido 23Jun13 6.34pm 10m LS115682.mp3"
Large-billed_Crow,XC155741-Corvus_macrorhynchos_japonensis-FL,17,data/processed/Large-billed_Crow/XC155741-Corvus_macrorhynchos_japonensis-FL_chunk017.wav,3.0,"XC155741-Corvus_macrorhynchos_japonensis-FL calls-FL Lake Furen (3), Hokkaido 23Jun13 6.34pm 10m LS115682.mp3"
Large-billed_Crow,XC155741-Corvus_macrorhynchos_japonensis-FL,18,data/processed/Large-billed_Crow/XC155741-Corvus_macrorhynchos_japonensis-FL_chunk018.wav,3.0,"XC155741-Corvus_macrorhynchos_japonensis-FL calls-FL Lake Furen (3), Hokkaido 23Jun13 6.34pm 10m LS115682.mp3"
Large-billed_Crow,XC155741-Corvus_macrorhynchos_japonensis-FL,19,data/processed/Large-billed_Crow/XC155741-Corvus_macrorhynchos_japonensis-FL_chunk019.wav,3.0,"XC155741-Corvus_macrorhynchos_japonensis-FL calls-FL Lake Furen (3), Hokkaido 23Jun13 6.34pm 10m LS115682.mp3"
Large-billed_Crow,XC155741-Corvus_macrorhynchos_japonensis-FL,20,data/processed/Large-billed_Crow/XC155741-Corvus_macrorhynchos_japonensis-FL_chunk020.wav,3.0,"XC155741-Corvus_macrorhynchos_japonensis-FL calls-FL Lake Furen (3), Hokkaido 23Jun13 6.34pm 10m LS115682.mp3"
Large-billed_Crow,XC155741-Corvus_macrorhynchos_japonensis-FL,21,data/processed/Large-billed_Crow/XC155741-Corvus_macrorhynchos_japonensis-FL_chunk021.wav,3.0,"XC155741-Corvus_macrorhynchos_japonensis-FL calls-FL Lake Furen (3), Hokkaido 23Jun13 6.34pm 10m LS115682.mp3"
Large-billed_Crow,XC155741-Corvus_macrorhynchos_japonensis-FL,22,data/processed/Large-billed_Crow/XC155741-Corvus_macrorhynchos_japonensis-FL_chunk022.wav,3.0,"XC155741-Corvus_macrorhynchos_japonensis-FL calls-FL Lake Furen (3), Hokkaido 23Jun13 6.34pm 10m LS115682.mp3"
Large-billed_Crow,XC155742-Corvus_-FL,0,data/processed/Large-billed_Crow/XC155742-Corvus_-FL_chunk000.wav,3.0,"XC155742-Corvus_-FL [Raven-LBCrow] calIs-FL Lake Furen (3), Hokkaido 23Jun13 6.38pm 10m LS115683.mp3"
Large-billed_Crow,XC155742-Corvus_-FL,1,data/processed/Large-billed_Crow/XC155742-Corvus_-FL_chunk001.wav,3.0,"XC155742-Corvus_-FL [Raven-LBCrow] calIs-FL Lake Furen (3), Hokkaido 23Jun13 6.38pm 10m LS115683.mp3"
Large-billed_Crow,XC155742-Corvus_-FL,2,data/processed/Large-billed_Crow/XC155742-Corvus_-FL_chunk002.wav,3.0,"XC155742-Corvus_-FL [Raven-LBCrow] calIs-FL Lake Furen (3), Hokkaido 23Jun13 6.38pm 10m LS115683.mp3"
Large-billed_Crow,XC155742-Corvus_-FL,3,data/processed/Large-billed_Crow/XC155742-Corvus_-FL_chunk003.wav,3.0,"XC155742-Corvus_-FL [Raven-LBCrow] calIs-FL Lake Furen (3), Hokkaido 23Jun13 6.38pm 10m LS115683.mp3"
Large-billed_Crow,XC155742-Corvus_-FL,4,data/processed/Large-billed_Crow/XC155742-Corvus_-FL_chunk004.wav,3.0,"XC155742-Corvus_-FL [Raven-LBCrow] calIs-FL Lake Furen (3), Hokkaido 23Jun13 6.38pm 10m LS115683.mp3"
Large-billed_Crow,XC155742-Corvus_-FL,5,data/processed/Large-billed_Crow/XC155742-Corvus_-FL_chunk005.wav,3.0,"XC155742-Corvus_-FL [Raven-LBCrow] calIs-FL Lake Furen (3), Hokkaido 23Jun13 6.38pm 10m LS115683.mp3"
Large-billed_Crow,XC155742-Corvus_-FL,6,data/processed/Large-billed_Crow/XC155742-Corvus_-FL_chunk006.wav,3.0,"XC155742-Corvus_-FL [Raven-LBCrow] calIs-FL Lake Furen (3), Hokkaido 23Jun13 6.38pm 10m LS115683.mp3"
Large-billed_Crow,XC155742-Corvus_-FL,7,data/processed/Large-billed_Crow/XC155742-Corvus_-FL_chunk007.wav,3.0,"XC155742-Corvus_-FL [Raven-LBCrow] calIs-FL Lake Furen (3), Hokkaido 23Jun13 6.38pm 10m LS115683.mp3"
Large-billed_Crow,XC155742-Corvus_-FL,8,data/processed/Large-billed_Crow/XC155742-Corvus_-FL_chunk008.wav,3.0,"XC155742-Corvus_-FL [Raven-LBCrow] calIs-FL Lake Furen (3), Hokkaido 23Jun13 6.38pm 10m LS115683.mp3"
Large-billed_Crow,XC155742-Corvus_-FL,9,data/processed/Large-billed_Crow/XC155742-Corvus_-FL_chunk009.wav,3.0,"XC155742-Corvus_-FL [Raven-LBCrow] calIs-FL Lake Furen (3), Hokkaido 23Jun13 6.38pm 10m LS115683.mp3"
Large-billed_Crow,XC155742-Corvus_-FL,10,data/processed/Large-billed_Crow/XC155742-Corvus_-FL_chunk010.wav,3.0,"XC155742-Corvus_-FL [Raven-LBCrow] calIs-FL Lake Furen (3), Hokkaido 23Jun13 6.38pm 10m LS115683.mp3"
Large-billed_Crow,XC155742-Corvus_-FL,11,data/processed/Large-billed_Crow/XC155742-Corvus_-FL_chunk011.wav,3.0,"XC155742-Corvus_-FL [Raven-LBCrow] calIs-FL Lake Furen (3), Hokkaido 23Jun13 6.38pm 10m LS115683.mp3"
Large-billed_Crow,XC155742-Corvus_-FL,12,data/processed/Large-billed_Crow/XC155742-Corvus_-FL_chunk012.wav,3.0,"XC155742-Corvus_-FL [Raven-LBCrow] calIs-FL Lake Furen (3), Hokkaido 23Jun13 6.38pm 10m LS115683.mp3"
Large-billed_Crow,XC155742-Corvus_-FL,13,data/processed/Large-billed_Crow/XC155742-Corvus_-FL_chunk013.wav,3.0,"XC155742-Corvus_-FL [Raven-LBCrow] calIs-FL Lake Furen (3), Hokkaido 23Jun13 6.38pm 10m LS115683.mp3"
Large-billed_Crow,XC155742-Corvus_-FL,14,data/processed/Large-billed_Crow/XC155742-Corvus_-FL_chunk014.wav,3.0,"XC155742-Corvus_-FL [Raven-LBCrow] calIs-FL Lake Furen (3), Hokkaido 23Jun13 6.38pm 10m LS115683.mp3"
Large-billed_Crow,XC155742-Corvus_-FL,15,data/processed/Large-billed_Crow/XC155742-Corvus_-FL_chunk015.wav,3.0,"XC155742-Corvus_-FL [Raven-LBCrow] calIs-FL Lake Furen (3), Hokkaido 23Jun13 6.38pm 10m LS115683.mp3"
Large-billed_Crow,XC155742-Corvus_-FL,16,data/processed/Large-billed_Crow/XC155742-Corvus_-FL_chunk016.wav,3.0,"XC155742-Corvus_-FL [Raven-LBCrow] calIs-FL Lake Furen (3), Hokkaido 23Jun13 6.38pm 10m LS115683.mp3"
Large-billed_Crow,XC155742-Corvus_-FL,17,data/processed/Large-billed_Crow/XC155742-Corvus_-FL_chunk017.wav,3.0,"XC155742-Corvus_-FL [Raven-LBCrow] calIs-FL Lake Furen (3), Hokkaido 23Jun13 6.38pm 10m LS115683.mp3"
Large-billed_Crow,XC155742-Corvus_-FL,18,data/processed/Large-billed_Crow/XC155742-Corvus_-FL_chunk018.wav,3.0,"XC155742-Corvus_-FL [Raven-LBCrow] calIs-FL Lake Furen (3), Hokkaido 23Jun13 6.38pm 10m LS115683.mp3"
Large-billed_Crow,XC155742-Corvus_-FL,19,data/processed/Large-billed_Crow/XC155742-Corvus_-FL_chunk019.wav,3.0,"XC155742-Corvus_-FL [Raven-LBCrow] calIs-FL Lake Furen (3), Hokkaido 23Jun13 6.38pm 10m LS115683.mp3"
Large-billed_Crow,XC155742-Corvus_-FL,20,data/processed/Large-billed_Crow/XC155742-Corvus_-FL_chunk020.wav,3.0,"XC155742-Corvus_-FL [Raven-LBCrow] calIs-FL Lake Furen (3), Hokkaido 23Jun13 6.38pm 10m LS115683.mp3"
Large-billed_Crow,XC155742-Corvus_-FL,21,data/processed/Large-billed_Crow/XC155742-Corvus_-FL_chunk021.wav,3.0,"XC155742-Corvus_-FL [Raven-LBCrow] calIs-FL Lake Furen (3), Hokkaido 23Jun13 6.38pm 10m LS115683.mp3"
Large-billed_Crow,XC155742-Corvus_-FL,22,data/processed/Large-billed_Crow/XC155742-Corvus_-FL_chunk022.wav,3.0,"XC155742-Corvus_-FL [Raven-LBCrow] calIs-FL Lake Furen (3), Hokkaido 23Jun13 6.38pm 10m LS115683.mp3"
Large-billed_Crow,XC155742-Corvus_-FL,23,data/processed/Large-billed_Crow/XC155742-Corvus_-FL_chunk023.wav,3.0,"XC155742-Corvus_-FL [Raven-LBCrow] calIs-FL Lake Furen (3), Hokkaido 23Jun13 6.38pm 10m LS115683.mp3"
Large-billed_Crow,XC155860-Corvus_macrorhynchos-FL,0,data/processed/Large-billed_Crow/XC155860-Corvus_macrorhynchos-FL_chunk000.wav,3.0,"XC155860-Corvus_macrorhynchos-FL X song lake,Miyakejima 18Jun13 10.50am LS115490.mp3"
Large-billed_Crow,XC155860-Corvus_macrorhynchos-FL,1,data/processed/Large-billed_Crow/XC155860-Corvus_macrorhynchos-FL_chunk001.wav,3.0,"XC155860-Corvus_macrorhynchos-FL X song lake,Miyakejima 18Jun13 10.50am LS115490.mp3"
Large-billed_Crow,XC155860-Corvus_macrorhynchos-FL,2,data/processed/Large-billed_Crow/XC155860-Corvus_macrorhynchos-FL_chunk002.wav,3.0,"XC155860-Corvus_macrorhynchos-FL X song lake,Miyakejima 18Jun13 10.50am LS115490.mp3"
Large-billed_Crow,XC155860-Corvus_macrorhynchos-FL,3,data/processed/Large-billed_Crow/XC155860-Corvus_macrorhynchos-FL_chunk003.wav,3.0,"XC155860-Corvus_macrorhynchos-FL X song lake,Miyakejima 18Jun13 10.50am LS115490.mp3"
Large-billed_Crow,XC155860-Corvus_macrorhynchos-FL,4,data/processed/Large-billed_Crow/XC155860-Corvus_macrorhynchos-FL_chunk004.wav,3.0,"XC155860-Corvus_macrorhynchos-FL X song lake,Miyakejima 18Jun13 10.50am LS115490.mp3"
Large-billed_Crow,XC155860-Corvus_macrorhynchos-FL,5,data/processed/Large-billed_Crow/XC155860-Corvus_macrorhynchos-FL_chunk005.wav,3.0,"XC155860-Corvus_macrorhynchos-FL X song lake,Miyakejima 18Jun13 10.50am LS115490.mp3"
Large-billed_Crow,XC155860-Corvus_macrorhynchos-FL,6,data/processed/Large-billed_Crow/XC155860-Corvus_macrorhynchos-FL_chunk006.wav,3.0,"XC155860-Corvus_macrorhynchos-FL X song lake,Miyakejima 18Jun13 10.50am LS115490.mp3"
Large-billed_Crow,XC155860-Corvus_macrorhynchos-FL,7,data/processed/Large-billed_Crow/XC155860-Corvus_macrorhynchos-FL_chunk007.wav,3.0,"XC155860-Corvus_macrorhynchos-FL X song lake,Miyakejima 18Jun13 10.50am LS115490.mp3"
Large-billed_Crow,XC155860-Corvus_macrorhynchos-FL,8,data/processed/Large-billed_Crow/XC155860-Corvus_macrorhynchos-FL_chunk008.wav,3.0,"XC155860-Corvus_macrorhynchos-FL X song lake,Miyakejima 18Jun13 10.50am LS115490.mp3"
Large-billed_Crow,XC155860-Corvus_macrorhynchos-FL,9,data/processed/Large-billed_Crow/XC155860-Corvus_macrorhynchos-FL_chunk009.wav,3.0,"XC155860-Corvus_macrorhynchos-FL X song lake,Miyakejima 18Jun13 10.50am LS115490.mp3"
Large-billed_Crow,XC155860-Corvus_macrorhynchos-FL,10,data/processed/Large-billed_Crow/XC155860-Corvus_macrorhynchos-FL_chunk010.wav,3.0,"XC155860-Corvus_macrorhynchos-FL X song lake,Miyakejima 18Jun13 10.50am LS115490.mp3"
Large-billed_Crow,XC155860-Corvus_macrorhynchos-FL,11,data/processed/Large-billed_Crow/XC155860-Corvus_macrorhynchos-FL_chunk011.wav,3.0,"XC155860-Corvus_macrorhynchos-FL X song lake,Miyakejima 18Jun13 10.50am LS115490.mp3"
Large-billed_Crow,XC155860-Corvus_macrorhynchos-FL,12,data/processed/Large-billed_Crow/XC155860-Corvus_macrorhynchos-FL_chunk012.wav,3.0,"XC155860-Corvus_macrorhynchos-FL X song lake,Miyakejima 18Jun13 10.50am LS115490.mp3"
Large-billed_Crow,XC155860-Corvus_macrorhynchos-FL,13,data/processed/Large-billed_Crow/XC155860-Corvus_macrorhynchos-FL_chunk013.wav,3.0,"XC155860-Corvus_macrorhynchos-FL X song lake,Miyakejima 18Jun13 10.50am LS115490.mp3"
Large-billed_Crow,XC155860-Corvus_macrorhynchos-FL,14,data/processed/Large-billed_Crow/XC155860-Corvus_macrorhynchos-FL_chunk014.wav,3.0,"XC155860-Corvus_macrorhynchos-FL X song lake,Miyakejima 18Jun13 10.50am LS115490.mp3"
Large-billed_Crow,XC155860-Corvus_macrorhynchos-FL,15,data/processed/Large-billed_Crow/XC155860-Corvus_macrorhynchos-FL_chunk015.wav,3.0,"XC155860-Corvus_macrorhynchos-FL X song lake,Miyakejima 18Jun13 10.50am LS115490.mp3"
Large-billed_Crow,XC155860-Corvus_macrorhynchos-FL,16,data/processed/Large-billed_Crow/XC155860-Corvus_macrorhynchos-FL_chunk016.wav,3.0,"XC155860-Corvus_macrorhynchos-FL X song lake,Miyakejima 18Jun13 10.50am LS115490.mp3"
Large-billed_Crow,XC155860-Corvus_macrorhynchos-FL,17,data/processed/Large-billed_Crow/XC155860-Corvus_macrorhynchos-FL_chunk017.wav,3.0,"XC155860-Corvus_macrorhynchos-FL X song lake,Miyakejima 18Jun13 10.50am LS115490.mp3"
Large-billed_Crow,XC155860-Corvus_macrorhynchos-FL,18,data/processed/Large-billed_Crow/XC155860-Corvus_macrorhynchos-FL_chunk018.wav,3.0,"XC155860-Corvus_macrorhynchos-FL X song lake,Miyakejima 18Jun13 10.50am LS115490.mp3"
Large-billed_Crow,XC155860-Corvus_macrorhynchos-FL,19,data/processed/Large-billed_Crow/XC155860-Corvus_macrorhynchos-FL_chunk019.wav,3.0,"XC155860-Corvus_macrorhynchos-FL X song lake,Miyakejima 18Jun13 10.50am LS115490.mp3"
Large-billed_Crow,XC155860-Corvus_macrorhynchos-FL,20,data/processed/Large-billed_Crow/XC155860-Corvus_macrorhynchos-FL_chunk020.wav,3.0,"XC155860-Corvus_macrorhynchos-FL X song lake,Miyakejima 18Jun13 10.50am LS115490.mp3"
Large-billed_Crow,XC155860-Corvus_macrorhynchos-FL,21,data/processed/Large-billed_Crow/XC155860-Corvus_macrorhynchos-FL_chunk021.wav,3.0,"XC155860-Corvus_macrorhynchos-FL X song lake,Miyakejima 18Jun13 10.50am LS115490.mp3"
Large-billed_Crow,XC155860-Corvus_macrorhynchos-FL,22,data/processed/Large-billed_Crow/XC155860-Corvus_macrorhynchos-FL_chunk022.wav,3.0,"XC155860-Corvus_macrorhynchos-FL X song lake,Miyakejima 18Jun13 10.50am LS115490.mp3"
Large-billed_Crow,XC155860-Corvus_macrorhynchos-FL,23,data/processed/Large-billed_Crow/XC155860-Corvus_macrorhynchos-FL_chunk023.wav,3.0,"XC155860-Corvus_macrorhynchos-FL X song lake,Miyakejima 18Jun13 10.50am LS115490.mp3"
Large-billed_Crow,XC155860-Corvus_macrorhynchos-FL,24,data/processed/Large-billed_Crow/XC155860-Corvus_macrorhynchos-FL_chunk024.wav,3.0,"XC155860-Corvus_macrorhynchos-FL X song lake,Miyakejima 18Jun13 10.50am LS115490.mp3"
Large-billed_Crow,XC155860-Corvus_macrorhynchos-FL,25,data/processed/Large-billed_Crow/XC155860-Corvus_macrorhynchos-FL_chunk025.wav,3.0,"XC155860-Corvus_macrorhynchos-FL X song lake,Miyakejima 18Jun13 10.50am LS115490.mp3"
Large-billed_Crow,XC155860-Corvus_macrorhynchos-FL,26,data/processed/Large-billed_Crow/XC155860-Corvus_macrorhynchos-FL_chunk026.wav,3.0,"XC155860-Corvus_macrorhynchos-FL X song lake,Miyakejima 18Jun13 10.50am LS115490.mp3"
Large-billed_Crow,XC155860-Corvus_macrorhynchos-FL,27,data/processed/Large-billed_Crow/XC155860-Corvus_macrorhynchos-FL_chunk027.wav,3.0,"XC155860-Corvus_macrorhynchos-FL X song lake,Miyakejima 18Jun13 10.50am LS115490.mp3"
Large-billed_Crow,XC155860-Corvus_macrorhynchos-FL,28,data/processed/Large-billed_Crow/XC155860-Corvus_macrorhynchos-FL_chunk028.wav,3.0,"XC155860-Corvus_macrorhynchos-FL X song lake,Miyakejima 18Jun13 10.50am LS115490.mp3"
Large-billed_Crow,XC155860-Corvus_macrorhynchos-FL,29,data/processed/Large-billed_Crow/XC155860-Corvus_macrorhynchos-FL_chunk029.wav,3.0,"XC155860-Corvus_macrorhynchos-FL X song lake,Miyakejima 18Jun13 10.50am LS115490.mp3"
Large-billed_Crow,XC155860-Corvus_macrorhynchos-FL,30,data/processed/Large-billed_Crow/XC155860-Corvus_macrorhynchos-FL_chunk030.wav,3.0,"XC155860-Corvus_macrorhynchos-FL X song lake,Miyakejima 18Jun13 10.50am LS115490.mp3"
Large-billed_Crow,XC155860-Corvus_macrorhynchos-FL,31,data/processed/Large-billed_Crow/XC155860-Corvus_macrorhynchos-FL_chunk031.wav,3.0,"XC155860-Corvus_macrorhynchos-FL X song lake,Miyakejima 18Jun13 10.50am LS115490.mp3"
Large-billed_Crow,XC155860-Corvus_macrorhynchos-FL,32,data/processed/Large-billed_Crow/XC155860-Corvus_macrorhynchos-FL_chunk032.wav,3.0,"XC155860-Corvus_macrorhynchos-FL X song lake,Miyakejima 18Jun13 10.50am LS115490.mp3"
Large-billed_Crow,XC155860-Corvus_macrorhynchos-FL,33,data/processed/Large-billed_Crow/XC155860-Corvus_macrorhynchos-FL_chunk033.wav,3.0,"XC155860-Corvus_macrorhynchos-FL X song lake,Miyakejima 18Jun13 10.50am LS115490.mp3"
Large-billed_Crow,XC155860-Corvus_macrorhynchos-FL,34,data/processed/Large-billed_Crow/XC155860-Corvus_macrorhynchos-FL_chunk034.wav,3.0,"XC155860-Corvus_macrorhynchos-FL X song lake,Miyakejima 18Jun13 10.50am LS115490.mp3"
Large-billed_Crow,XC155860-Corvus_macrorhynchos-FL,35,data/processed/Large-billed_Crow/XC155860-Corvus_macrorhynchos-FL_chunk035.wav,3.0,"XC155860-Corvus_macrorhynchos-FL X song lake,Miyakejima 18Jun13 10.50am LS115490.mp3"
Large-billed_Crow,XC155860-Corvus_macrorhynchos-FL,36,data/processed/Large-billed_Crow/XC155860-Corvus_macrorhynchos-FL_chunk036.wav,3.0,"XC155860-Corvus_macrorhynchos-FL X song lake,Miyakejima 18Jun13 10.50am LS115490.mp3"
Large-billed_Crow,XC155860-Corvus_macrorhynchos-FL,37,data/processed/Large-billed_Crow/XC155860-Corvus_macrorhynchos-FL_chunk037.wav,3.0,"XC155860-Corvus_macrorhynchos-FL X song lake,Miyakejima 18Jun13 10.50am LS115490.mp3"
Large-billed_Crow,XC155860-Corvus_macrorhynchos-FL,38,data/processed/Large-billed_Crow/XC155860-Corvus_macrorhynchos-FL_chunk038.wav,3.0,"XC155860-Corvus_macrorhynchos-FL X song lake,Miyakejima 18Jun13 10.50am LS115490.mp3"
Large-billed_Crow,XC156094-Corvus_macrorhynchos_connectens-FL,0,data/processed/Large-billed_Crow/XC156094-Corvus_macrorhynchos_connectens-FL_chunk000.wav,3.0,XC156094-Corvus_macrorhynchos_connectens-FL calls northern Okinawa 13Jun13 7.29am LS115199.mp3
Large-billed_Crow,XC156094-Corvus_macrorhynchos_connectens-FL,1,data/processed/Large-billed_Crow/XC156094-Corvus_macrorhynchos_connectens-FL_chunk001.wav,3.0,XC156094-Corvus_macrorhynchos_connectens-FL calls northern Okinawa 13Jun13 7.29am LS115199.mp3
Large-billed_Crow,XC156094-Corvus_macrorhynchos_connectens-FL,2,data/processed/Large-billed_Crow/XC156094-Corvus_macrorhynchos_connectens-FL_chunk002.wav,3.0,XC156094-Corvus_macrorhynchos_connectens-FL calls northern Okinawa 13Jun13 7.29am LS115199.mp3
Large-billed_Crow,XC156094-Corvus_macrorhynchos_connectens-FL,3,data/processed/Large-billed_Crow/XC156094-Corvus_macrorhynchos_connectens-FL_chunk003.wav,3.0,XC156094-Corvus_macrorhynchos_connectens-FL calls northern Okinawa 13Jun13 7.29am LS115199.mp3
Large-billed_Crow,XC156094-Corvus_macrorhynchos_connectens-FL,4,data/processed/Large-billed_Crow/XC156094-Corvus_macrorhynchos_connectens-FL_chunk004.wav,3.0,XC156094-Corvus_macrorhynchos_connectens-FL calls northern Okinawa 13Jun13 7.29am LS115199.mp3
Large-billed_Crow,XC156094-Corvus_macrorhynchos_connectens-FL,5,data/processed/Large-billed_Crow/XC156094-Corvus_macrorhynchos_connectens-FL_chunk005.wav,3.0,XC156094-Corvus_macrorhynchos_connectens-FL calls northern Okinawa 13Jun13 7.29am LS115199.mp3
Large-billed_Crow,XC156094-Corvus_macrorhynchos_connectens-FL,6,data/processed/Large-billed_Crow/XC156094-Corvus_macrorhynchos_connectens-FL_chunk006.wav,3.0,XC156094-Corvus_macrorhynchos_connectens-FL calls northern Okinawa 13Jun13 7.29am LS115199.mp3
Large-billed_Crow,XC156094-Corvus_macrorhynchos_connectens-FL,7,data/processed/Large-billed_Crow/XC156094-Corvus_macrorhynchos_connectens-FL_chunk007.wav,3.0,XC156094-Corvus_macrorhynchos_connectens-FL calls northern Okinawa 13Jun13 7.29am LS115199.mp3
Large-billed_Crow,XC156094-Corvus_macrorhynchos_connectens-FL,8,data/processed/Large-billed_Crow/XC156094-Corvus_macrorhynchos_connectens-FL_chunk008.wav,3.0,XC156094-Corvus_macrorhynchos_connectens-FL calls northern Okinawa 13Jun13 7.29am LS115199.mp3
Large-billed_Crow,XC156094-Corvus_macrorhynchos_connectens-FL,9,data/processed/Large-billed_Crow/XC156094-Corvus_macrorhynchos_connectens-FL_chunk009.wav,3.0,XC156094-Corvus_macrorhynchos_connectens-FL calls northern Okinawa 13Jun13 7.29am LS115199.mp3
Large-billed_Crow,XC156094-Corvus_macrorhynchos_connectens-FL,10,data/processed/Large-billed_Crow/XC156094-Corvus_macrorhynchos_connectens-FL_chunk010.wav,3.0,XC156094-Corvus_macrorhynchos_connectens-FL calls northern Okinawa 13Jun13 7.29am LS115199.mp3
Large-billed_Crow,XC156094-Corvus_macrorhynchos_connectens-FL,11,data/processed/Large-billed_Crow/XC156094-Corvus_macrorhynchos_connectens-FL_chunk011.wav,3.0,XC156094-Corvus_macrorhynchos_connectens-FL calls northern Okinawa 13Jun13 7.29am LS115199.mp3
Large-billed_Crow,XC156094-Corvus_macrorhynchos_connectens-FL,12,data/processed/Large-billed_Crow/XC156094-Corvus_macrorhynchos_connectens-FL_chunk012.wav,3.0,XC156094-Corvus_macrorhynchos_connectens-FL calls northern Okinawa 13Jun13 7.29am LS115199.mp3
Large-billed_Crow,XC156094-Corvus_macrorhynchos_connectens-FL,13,data/processed/Large-billed_Crow/XC156094-Corvus_macrorhynchos_connectens-FL_chunk013.wav,3.0,XC156094-Corvus_macrorhynchos_connectens-FL calls northern Okinawa 13Jun13 7.29am LS115199.mp3
Large-billed_Crow,XC156094-Corvus_macrorhynchos_connectens-FL,14,data/processed/Large-billed_Crow/XC156094-Corvus_macrorhynchos_connectens-FL_chunk014.wav,3.0,XC156094-Corvus_macrorhynchos_connectens-FL calls northern Okinawa 13Jun13 7.29am LS115199.mp3
Large-billed_Crow,XC156094-Corvus_macrorhynchos_connectens-FL,15,data/processed/Large-billed_Crow/XC156094-Corvus_macrorhynchos_connectens-FL_chunk015.wav,3.0,XC156094-Corvus_macrorhynchos_connectens-FL calls northern Okinawa 13Jun13 7.29am LS115199.mp3
Large-billed_Crow,XC156094-Corvus_macrorhynchos_connectens-FL,16,data/processed/Large-billed_Crow/XC156094-Corvus_macrorhynchos_connectens-FL_chunk016.wav,3.0,XC156094-Corvus_macrorhynchos_connectens-FL calls northern Okinawa 13Jun13 7.29am LS115199.mp3
Large-billed_Crow,XC156094-Corvus_macrorhynchos_connectens-FL,17,data/processed/Large-billed_Crow/XC156094-Corvus_macrorhynchos_connectens-FL_chunk017.wav,3.0,XC156094-Corvus_macrorhynchos_connectens-FL calls northern Okinawa 13Jun13 7.29am LS115199.mp3
Large-billed_Crow,XC156094-Corvus_macrorhynchos_connectens-FL,18,data/processed/Large-billed_Crow/XC156094-Corvus_macrorhynchos_connectens-FL_chunk018.wav,3.0,XC156094-Corvus_macrorhynchos_connectens-FL calls northern Okinawa 13Jun13 7.29am LS115199.mp3
Large-billed_Crow,XC156095-Corvus_macrorhynchos_connectens-FL,0,data/processed/Large-billed_Crow/XC156095-Corvus_macrorhynchos_connectens-FL_chunk000.wav,3.0,XC156095-Corvus_macrorhynchos_connectens-FL calls northern Okinawa 13Jun13 7.33am LS115201.mp3
Large-billed_Crow,XC156095-Corvus_macrorhynchos_connectens-FL,1,data/processed/Large-billed_Crow/XC156095-Corvus_macrorhynchos_connectens-FL_chunk001.wav,3.0,XC156095-Corvus_macrorhynchos_connectens-FL calls northern Okinawa 13Jun13 7.33am LS115201.mp3
Large-billed_Crow,XC156095-Corvus_macrorhynchos_connectens-FL,2,data/processed/Large-billed_Crow/XC156095-Corvus_macrorhynchos_connectens-FL_chunk002.wav,3.0,XC156095-Corvus_macrorhynchos_connectens-FL calls northern Okinawa 13Jun13 7.33am LS115201.mp3
Large-billed_Crow,XC156095-Corvus_macrorhynchos_connectens-FL,3,data/processed/Large-billed_Crow/XC156095-Corvus_macrorhynchos_connectens-FL_chunk003.wav,3.0,XC156095-Corvus_macrorhynchos_connectens-FL calls northern Okinawa 13Jun13 7.33am LS115201.mp3
Large-billed_Crow,XC156095-Corvus_macrorhynchos_connectens-FL,4,data/processed/Large-billed_Crow/XC156095-Corvus_macrorhynchos_connectens-FL_chunk004.wav,3.0,XC156095-Corvus_macrorhynchos_connectens-FL calls northern Okinawa 13Jun13 7.33am LS115201.mp3
Large-billed_Crow,XC156095-Corvus_macrorhynchos_connectens-FL,5,data/processed/Large-billed_Crow/XC156095-Corvus_macrorhynchos_connectens-FL_chunk005.wav,3.0,XC156095-Corvus_macrorhynchos_connectens-FL calls northern Okinawa 13Jun13 7.33am LS115201.mp3
Large-billed_Crow,XC156095-Corvus_macrorhynchos_connectens-FL,6,data/processed/Large-billed_Crow/XC156095-Corvus_macrorhynchos_connectens-FL_chunk006.wav,3.0,XC156095-Corvus_macrorhynchos_connectens-FL calls northern Okinawa 13Jun13 7.33am LS115201.mp3
Large-billed_Crow,XC156095-Corvus_macrorhynchos_connectens-FL,7,data/processed/Large-billed_Crow/XC156095-Corvus_macrorhynchos_connectens-FL_chunk007.wav,3.0,XC156095-Corvus_macrorhynchos_connectens-FL calls northern Okinawa 13Jun13 7.33am LS115201.mp3
Large-billed_Crow,XC156095-Corvus_macrorhynchos_connectens-FL,8,data/processed/Large-billed_Crow/XC156095-Corvus_macrorhynchos_connectens-FL_chunk008.wav,3.0,XC156095-Corvus_macrorhynchos_connectens-FL calls northern Okinawa 13Jun13 7.33am LS115201.mp3
Large-billed_Crow,XC156095-Corvus_macrorhynchos_connectens-FL,9,data/processed/Large-billed_Crow/XC156095-Corvus_macrorhynchos_connectens-FL_chunk009.wav,3.0,XC156095-Corvus_macrorhynchos_connectens-FL calls northern Okinawa 13Jun13 7.33am LS115201.mp3
Large-billed_Crow,XC156095-Corvus_macrorhynchos_connectens-FL,10,data/processed/Large-billed_Crow/XC156095-Corvus_macrorhynchos_connectens-FL_chunk010.wav,3.0,XC156095-Corvus_macrorhynchos_connectens-FL calls northern Okinawa 13Jun13 7.33am LS115201.mp3
Large-billed_Crow,XC156095-Corvus_macrorhynchos_connectens-FL,11,data/processed/Large-billed_Crow/XC156095-Corvus_macrorhynchos_connectens-FL_chunk011.wav,3.0,XC156095-Corvus_macrorhynchos_connectens-FL calls northern Okinawa 13Jun13 7.33am LS115201.mp3
Large-billed_Crow,XC156095-Corvus_macrorhynchos_connectens-FL,12,data/processed/Large-billed_Crow/XC156095-Corvus_macrorhynchos_connectens-FL_chunk012.wav,3.0,XC156095-Corvus_macrorhynchos_connectens-FL calls northern Okinawa 13Jun13 7.33am LS115201.mp3
Large-billed_Crow,XC156095-Corvus_macrorhynchos_connectens-FL,13,data/processed/Large-billed_Crow/XC156095-Corvus_macrorhynchos_connectens-FL_chunk013.wav,3.0,XC156095-Corvus_macrorhynchos_connectens-FL calls northern Okinawa 13Jun13 7.33am LS115201.mp3
Large-billed_Crow,XC156095-Corvus_macrorhynchos_connectens-FL,14,data/processed/Large-billed_Crow/XC156095-Corvus_macrorhynchos_connectens-FL_chunk014.wav,3.0,XC156095-Corvus_macrorhynchos_connectens-FL calls northern Okinawa 13Jun13 7.33am LS115201.mp3
Large-billed_Crow,XC156095-Corvus_macrorhynchos_connectens-FL,15,data/processed/Large-billed_Crow/XC156095-Corvus_macrorhynchos_connectens-FL_chunk015.wav,3.0,XC156095-Corvus_macrorhynchos_connectens-FL calls northern Okinawa 13Jun13 7.33am LS115201.mp3
Large-billed_Crow,XC156095-Corvus_macrorhynchos_connectens-FL,16,data/processed/Large-billed_Crow/XC156095-Corvus_macrorhynchos_connectens-FL_chunk016.wav,3.0,XC156095-Corvus_macrorhynchos_connectens-FL calls northern Okinawa 13Jun13 7.33am LS115201.mp3
Large-billed_Crow,XC156095-Corvus_macrorhynchos_connectens-FL,17,data/processed/Large-billed_Crow/XC156095-Corvus_macrorhynchos_connectens-FL_chunk017.wav,3.0,XC156095-Corvus_macrorhynchos_connectens-FL calls northern Okinawa 13Jun13 7.33am LS115201.mp3
Large-billed_Crow,XC156095-Corvus_macrorhynchos_connectens-FL,18,data/processed/Large-billed_Crow/XC156095-Corvus_macrorhynchos_connectens-FL_chunk018.wav,3.0,XC156095-Corvus_macrorhynchos_connectens-FL calls northern Okinawa 13Jun13 7.33am LS115201.mp3
Large-billed_Crow,XC156328-Corvus_macrorhynchos_(connectens)-FL,0,data/processed/Large-billed_Crow/XC156328-Corvus_macrorhynchos_(connectens)-FL_chunk000.wav,3.0,"XC156328-Corvus_macrorhynchos_(connectens)-FL calls Ishigaki, Japan, 11Jun13 LS115077.mp3"
Large-billed_Crow,XC156328-Corvus_macrorhynchos_(connectens)-FL,1,data/processed/Large-billed_Crow/XC156328-Corvus_macrorhynchos_(connectens)-FL_chunk001.wav,3.0,"XC156328-Corvus_macrorhynchos_(connectens)-FL calls Ishigaki, Japan, 11Jun13 LS115077.mp3"
Large-billed_Crow,XC156328-Corvus_macrorhynchos_(connectens)-FL,2,data/processed/Large-billed_Crow/XC156328-Corvus_macrorhynchos_(connectens)-FL_chunk002.wav,3.0,"XC156328-Corvus_macrorhynchos_(connectens)-FL calls Ishigaki, Japan, 11Jun13 LS115077.mp3"
Large-billed_Crow,XC156328-Corvus_macrorhynchos_(connectens)-FL,3,data/processed/Large-billed_Crow/XC156328-Corvus_macrorhynchos_(connectens)-FL_chunk003.wav,3.0,"XC156328-Corvus_macrorhynchos_(connectens)-FL calls Ishigaki, Japan, 11Jun13 LS115077.mp3"
Large-billed_Crow,XC156328-Corvus_macrorhynchos_(connectens)-FL,4,data/processed/Large-billed_Crow/XC156328-Corvus_macrorhynchos_(connectens)-FL_chunk004.wav,3.0,"XC156328-Corvus_macrorhynchos_(connectens)-FL calls Ishigaki, Japan, 11Jun13 LS115077.mp3"
Large-billed_Crow,XC156328-Corvus_macrorhynchos_(connectens)-FL,5,data/processed/Large-billed_Crow/XC156328-Corvus_macrorhynchos_(connectens)-FL_chunk005.wav,3.0,"XC156328-Corvus_macrorhynchos_(connectens)-FL calls Ishigaki, Japan, 11Jun13 LS115077.mp3"
Large-billed_Crow,XC156328-Corvus_macrorhynchos_(connectens)-FL,6,data/processed/Large-billed_Crow/XC156328-Corvus_macrorhynchos_(connectens)-FL_chunk006.wav,3.0,"XC156328-Corvus_macrorhynchos_(connectens)-FL calls Ishigaki, Japan, 11Jun13 LS115077.mp3"
Large-billed_Crow,XC156328-Corvus_macrorhynchos_(connectens)-FL,7,data/processed/Large-billed_Crow/XC156328-Corvus_macrorhynchos_(connectens)-FL_chunk007.wav,3.0,"XC156328-Corvus_macrorhynchos_(connectens)-FL calls Ishigaki, Japan, 11Jun13 LS115077.mp3"
Large-billed_Crow,XC156328-Corvus_macrorhynchos_(connectens)-FL,8,data/processed/Large-billed_Crow/XC156328-Corvus_macrorhynchos_(connectens)-FL_chunk008.wav,3.0,"XC156328-Corvus_macrorhynchos_(connectens)-FL calls Ishigaki, Japan, 11Jun13 LS115077.mp3"
Large-billed_Crow,XC156328-Corvus_macrorhynchos_(connectens)-FL,9,data/processed/Large-billed_Crow/XC156328-Corvus_macrorhynchos_(connectens)-FL_chunk009.wav,3.0,"XC156328-Corvus_macrorhynchos_(connectens)-FL calls Ishigaki, Japan, 11Jun13 LS115077.mp3"
Large-billed_Crow,XC156328-Corvus_macrorhynchos_(connectens)-FL,10,data/processed/Large-billed_Crow/XC156328-Corvus_macrorhynchos_(connectens)-FL_chunk010.wav,3.0,"XC156328-Corvus_macrorhynchos_(connectens)-FL calls Ishigaki, Japan, 11Jun13 LS115077.mp3"
Large-billed_Crow,XC156328-Corvus_macrorhynchos_(connectens)-FL,11,data/processed/Large-billed_Crow/XC156328-Corvus_macrorhynchos_(connectens)-FL_chunk011.wav,3.0,"XC156328-Corvus_macrorhynchos_(connectens)-FL calls Ishigaki, Japan, 11Jun13 LS115077.mp3"
Large-billed_Crow,XC156328-Corvus_macrorhynchos_(connectens)-FL,12,data/processed/Large-billed_Crow/XC156328-Corvus_macrorhynchos_(connectens)-FL_chunk012.wav,3.0,"XC156328-Corvus_macrorhynchos_(connectens)-FL calls Ishigaki, Japan, 11Jun13 LS115077.mp3"
Large-billed_Crow,XC156330-Corvus_macrorhynchos_(connectens)-FL,0,data/processed/Large-billed_Crow/XC156330-Corvus_macrorhynchos_(connectens)-FL_chunk000.wav,3.0,"XC156330-Corvus_macrorhynchos_(connectens)-FL calls Ishigaki, Japan, 12Jun13 5.45am LS115135.mp3"
Large-billed_Crow,XC156330-Corvus_macrorhynchos_(connectens)-FL,1,data/processed/Large-billed_Crow/XC156330-Corvus_macrorhynchos_(connectens)-FL_chunk001.wav,3.0,"XC156330-Corvus_macrorhynchos_(connectens)-FL calls Ishigaki, Japan, 12Jun13 5.45am LS115135.mp3"
Large-billed_Crow,XC156330-Corvus_macrorhynchos_(connectens)-FL,2,data/processed/Large-billed_Crow/XC156330-Corvus_macrorhynchos_(connectens)-FL_chunk002.wav,3.0,"XC156330-Corvus_macrorhynchos_(connectens)-FL calls Ishigaki, Japan, 12Jun13 5.45am LS115135.mp3"
Large-billed_Crow,XC156330-Corvus_macrorhynchos_(connectens)-FL,3,data/processed/Large-billed_Crow/XC156330-Corvus_macrorhynchos_(connectens)-FL_chunk003.wav,3.0,"XC156330-Corvus_macrorhynchos_(connectens)-FL calls Ishigaki, Japan, 12Jun13 5.45am LS115135.mp3"
Large-billed_Crow,XC156330-Corvus_macrorhynchos_(connectens)-FL,4,data/processed/Large-billed_Crow/XC156330-Corvus_macrorhynchos_(connectens)-FL_chunk004.wav,3.0,"XC156330-Corvus_macrorhynchos_(connectens)-FL calls Ishigaki, Japan, 12Jun13 5.45am LS115135.mp3"
Large-billed_Crow,XC156330-Corvus_macrorhynchos_(connectens)-FL,5,data/processed/Large-billed_Crow/XC156330-Corvus_macrorhynchos_(connectens)-FL_chunk005.wav,3.0,"XC156330-Corvus_macrorhynchos_(connectens)-FL calls Ishigaki, Japan, 12Jun13 5.45am LS115135.mp3"
Large-billed_Crow,XC156330-Corvus_macrorhynchos_(connectens)-FL,6,data/processed/Large-billed_Crow/XC156330-Corvus_macrorhynchos_(connectens)-FL_chunk006.wav,3.0,"XC156330-Corvus_macrorhynchos_(connectens)-FL calls Ishigaki, Japan, 12Jun13 5.45am LS115135.mp3"
Large-billed_Crow,XC156330-Corvus_macrorhynchos_(connectens)-FL,7,data/processed/Large-billed_Crow/XC156330-Corvus_macrorhynchos_(connectens)-FL_chunk007.wav,3.0,"XC156330-Corvus_macrorhynchos_(connectens)-FL calls Ishigaki, Japan, 12Jun13 5.45am LS115135.mp3"
Large-billed_Crow,XC156330-Corvus_macrorhynchos_(connectens)-FL,8,data/processed/Large-billed_Crow/XC156330-Corvus_macrorhynchos_(connectens)-FL_chunk008.wav,3.0,"XC156330-Corvus_macrorhynchos_(connectens)-FL calls Ishigaki, Japan, 12Jun13 5.45am LS115135.mp3"
Large-billed_Crow,XC156330-Corvus_macrorhynchos_(connectens)-FL,9,data/processed/Large-billed_Crow/XC156330-Corvus_macrorhynchos_(connectens)-FL_chunk009.wav,3.0,"XC156330-Corvus_macrorhynchos_(connectens)-FL calls Ishigaki, Japan, 12Jun13 5.45am LS115135.mp3"
Large-billed_Crow,XC156330-Corvus_macrorhynchos_(connectens)-FL,10,data/processed/Large-billed_Crow/XC156330-Corvus_macrorhynchos_(connectens)-FL_chunk010.wav,3.0,"XC156330-Corvus_macrorhynchos_(connectens)-FL calls Ishigaki, Japan, 12Jun13 5.45am LS115135.mp3"
Large-billed_Crow,XC156330-Corvus_macrorhynchos_(connectens)-FL,11,data/processed/Large-billed_Crow/XC156330-Corvus_macrorhynchos_(connectens)-FL_chunk011.wav,3.0,"XC156330-Corvus_macrorhynchos_(connectens)-FL calls Ishigaki, Japan, 12Jun13 5.45am LS115135.mp3"
Large-billed_Crow,XC156330-Corvus_macrorhynchos_(connectens)-FL,12,data/processed/Large-billed_Crow/XC156330-Corvus_macrorhynchos_(connectens)-FL_chunk012.wav,3.0,"XC156330-Corvus_macrorhynchos_(connectens)-FL calls Ishigaki, Japan, 12Jun13 5.45am LS115135.mp3"
Large-billed_Crow,XC156330-Corvus_macrorhynchos_(connectens)-FL,13,data/processed/Large-billed_Crow/XC156330-Corvus_macrorhynchos_(connectens)-FL_chunk013.wav,3.0,"XC156330-Corvus_macrorhynchos_(connectens)-FL calls Ishigaki, Japan, 12Jun13 5.45am LS115135.mp3"
Large-billed_Crow,XC156330-Corvus_macrorhynchos_(connectens)-FL,14,data/processed/Large-billed_Crow/XC156330-Corvus_macrorhynchos_(connectens)-FL_chunk014.wav,3.0,"XC156330-Corvus_macrorhynchos_(connectens)-FL calls Ishigaki, Japan, 12Jun13 5.45am LS115135.mp3"
Large-billed_Crow,XC156330-Corvus_macrorhynchos_(connectens)-FL,15,data/processed/Large-billed_Crow/XC156330-Corvus_macrorhynchos_(connectens)-FL_chunk015.wav,3.0,"XC156330-Corvus_macrorhynchos_(connectens)-FL calls Ishigaki, Japan, 12Jun13 5.45am LS115135.mp3"
Large-billed_Crow,XC156330-Corvus_macrorhynchos_(connectens)-FL,16,data/processed/Large-billed_Crow/XC156330-Corvus_macrorhynchos_(connectens)-FL_chunk016.wav,3.0,"XC156330-Corvus_macrorhynchos_(connectens)-FL calls Ishigaki, Japan, 12Jun13 5.45am LS115135.mp3"
Large-billed_Crow,XC156330-Corvus_macrorhynchos_(connectens)-FL,17,data/processed/Large-billed_Crow/XC156330-Corvus_macrorhynchos_(connectens)-FL_chunk017.wav,3.0,"XC156330-Corvus_macrorhynchos_(connectens)-FL calls Ishigaki, Japan, 12Jun13 5.45am LS115135.mp3"
Large-billed_Crow,XC156330-Corvus_macrorhynchos_(connectens)-FL,18,data/processed/Large-billed_Crow/XC156330-Corvus_macrorhynchos_(connectens)-FL_chunk018.wav,3.0,"XC156330-Corvus_macrorhynchos_(connectens)-FL calls Ishigaki, Japan, 12Jun13 5.45am LS115135.mp3"
Large-billed_Crow,XC156330-Corvus_macrorhynchos_(connectens)-FL,19,data/processed/Large-billed_Crow/XC156330-Corvus_macrorhynchos_(connectens)-FL_chunk019.wav,3.0,"XC156330-Corvus_macrorhynchos_(connectens)-FL calls Ishigaki, Japan, 12Jun13 5.45am LS115135.mp3"
Large-billed_Crow,XC156330-Corvus_macrorhynchos_(connectens)-FL,20,data/processed/Large-billed_Crow/XC156330-Corvus_macrorhynchos_(connectens)-FL_chunk020.wav,3.0,"XC156330-Corvus_macrorhynchos_(connectens)-FL calls Ishigaki, Japan, 12Jun13 5.45am LS115135.mp3"
Large-billed_Crow,XC156330-Corvus_macrorhynchos_(connectens)-FL,21,data/processed/Large-billed_Crow/XC156330-Corvus_macrorhynchos_(connectens)-FL_chunk021.wav,3.0,"XC156330-Corvus_macrorhynchos_(connectens)-FL calls Ishigaki, Japan, 12Jun13 5.45am LS115135.mp3"
Large-billed_Crow,XC156330-Corvus_macrorhynchos_(connectens)-FL,22,data/processed/Large-billed_Crow/XC156330-Corvus_macrorhynchos_(connectens)-FL_chunk022.wav,3.0,"XC156330-Corvus_macrorhynchos_(connectens)-FL calls Ishigaki, Japan, 12Jun13 5.45am LS115135.mp3"
Large-billed_Crow,XC156330-Corvus_macrorhynchos_(connectens)-FL,23,data/processed/Large-billed_Crow/XC156330-Corvus_macrorhynchos_(connectens)-FL_chunk023.wav,3.0,"XC156330-Corvus_macrorhynchos_(connectens)-FL calls Ishigaki, Japan, 12Jun13 5.45am LS115135.mp3"
Large-billed_Crow,XC156330-Corvus_macrorhynchos_(connectens)-FL,24,data/processed/Large-billed_Crow/XC156330-Corvus_macrorhynchos_(connectens)-FL_chunk024.wav,3.0,"XC156330-Corvus_macrorhynchos_(connectens)-FL calls Ishigaki, Japan, 12Jun13 5.45am LS115135.mp3"
Large-billed_Crow,XC156330-Corvus_macrorhynchos_(connectens)-FL,25,data/processed/Large-billed_Crow/XC156330-Corvus_macrorhynchos_(connectens)-FL_chunk025.wav,3.0,"XC156330-Corvus_macrorhynchos_(connectens)-FL calls Ishigaki, Japan, 12Jun13 5.45am LS115135.mp3"
Large-billed_Crow,XC156330-Corvus_macrorhynchos_(connectens)-FL,26,data/processed/Large-billed_Crow/XC156330-Corvus_macrorhynchos_(connectens)-FL_chunk026.wav,3.0,"XC156330-Corvus_macrorhynchos_(connectens)-FL calls Ishigaki, Japan, 12Jun13 5.45am LS115135.mp3"
Large-billed_Crow,XC156330-Corvus_macrorhynchos_(connectens)-FL,27,data/processed/Large-billed_Crow/XC156330-Corvus_macrorhynchos_(connectens)-FL_chunk027.wav,3.0,"XC156330-Corvus_macrorhynchos_(connectens)-FL calls Ishigaki, Japan, 12Jun13 5.45am LS115135.mp3"
Large-billed_Crow,XC156330-Corvus_macrorhynchos_(connectens)-FL,28,data/processed/Large-billed_Crow/XC156330-Corvus_macrorhynchos_(connectens)-FL_chunk028.wav,3.0,"XC156330-Corvus_macrorhynchos_(connectens)-FL calls Ishigaki, Japan, 12Jun13 5.45am LS115135.mp3"
Large-billed_Crow,XC156330-Corvus_macrorhynchos_(connectens)-FL,29,data/processed/Large-billed_Crow/XC156330-Corvus_macrorhynchos_(connectens)-FL_chunk029.wav,3.0,"XC156330-Corvus_macrorhynchos_(connectens)-FL calls Ishigaki, Japan, 12Jun13 5.45am LS115135.mp3"
Large-billed_Crow,XC156330-Corvus_macrorhynchos_(connectens)-FL,30,data/processed/Large-billed_Crow/XC156330-Corvus_macrorhynchos_(connectens)-FL_chunk030.wav,3.0,"XC156330-Corvus_macrorhynchos_(connectens)-FL calls Ishigaki, Japan, 12Jun13 5.45am LS115135.mp3"
Large-billed_Crow,XC156330-Corvus_macrorhynchos_(connectens)-FL,31,data/processed/Large-billed_Crow/XC156330-Corvus_macrorhynchos_(connectens)-FL_chunk031.wav,3.0,"XC156330-Corvus_macrorhynchos_(connectens)-FL calls Ishigaki, Japan, 12Jun13 5.45am LS115135.mp3"
Large-billed_Crow,XC156330-Corvus_macrorhynchos_(connectens)-FL,32,data/processed/Large-billed_Crow/XC156330-Corvus_macrorhynchos_(connectens)-FL_chunk032.wav,3.0,"XC156330-Corvus_macrorhynchos_(connectens)-FL calls Ishigaki, Japan, 12Jun13 5.45am LS115135.mp3"
Large-billed_Crow,XC156330-Corvus_macrorhynchos_(connectens)-FL,33,data/processed/Large-billed_Crow/XC156330-Corvus_macrorhynchos_(connectens)-FL_chunk033.wav,3.0,"XC156330-Corvus_macrorhynchos_(connectens)-FL calls Ishigaki, Japan, 12Jun13 5.45am LS115135.mp3"
Large-billed_Crow,XC156330-Corvus_macrorhynchos_(connectens)-FL,34,data/processed/Large-billed_Crow/XC156330-Corvus_macrorhynchos_(connectens)-FL_chunk034.wav,3.0,"XC156330-Corvus_macrorhynchos_(connectens)-FL calls Ishigaki, Japan, 12Jun13 5.45am LS115135.mp3"
Large-billed_Crow,XC156330-Corvus_macrorhynchos_(connectens)-FL,35,data/processed/Large-billed_Crow/XC156330-Corvus_macrorhynchos_(connectens)-FL_chunk035.wav,3.0,"XC156330-Corvus_macrorhynchos_(connectens)-FL calls Ishigaki, Japan, 12Jun13 5.45am LS115135.mp3"
Large-billed_Crow,XC156330-Corvus_macrorhynchos_(connectens)-FL,36,data/processed/Large-billed_Crow/XC156330-Corvus_macrorhynchos_(connectens)-FL_chunk036.wav,3.0,"XC156330-Corvus_macrorhynchos_(connectens)-FL calls Ishigaki, Japan, 12Jun13 5.45am LS115135.mp3"
Large-billed_Crow,XC156330-Corvus_macrorhynchos_(connectens)-FL,37,data/processed/Large-billed_Crow/XC156330-Corvus_macrorhynchos_(connectens)-FL_chunk037.wav,3.0,"XC156330-Corvus_macrorhynchos_(connectens)-FL calls Ishigaki, Japan, 12Jun13 5.45am LS115135.mp3"
Large-billed_Crow,XC156330-Corvus_macrorhynchos_(connectens)-FL,38,data/processed/Large-billed_Crow/XC156330-Corvus_macrorhynchos_(connectens)-FL_chunk038.wav,3.0,"XC156330-Corvus_macrorhynchos_(connectens)-FL calls Ishigaki, Japan, 12Jun13 5.45am LS115135.mp3"
Large-billed_Crow,XC156330-Corvus_macrorhynchos_(connectens)-FL,39,data/processed/Large-billed_Crow/XC156330-Corvus_macrorhynchos_(connectens)-FL_chunk039.wav,3.0,"XC156330-Corvus_macrorhynchos_(connectens)-FL calls Ishigaki, Japan, 12Jun13 5.45am LS115135.mp3"
Large-billed_Crow,XC156330-Corvus_macrorhynchos_(connectens)-FL,40,data/processed/Large-billed_Crow/XC156330-Corvus_macrorhynchos_(connectens)-FL_chunk040.wav,3.0,"XC156330-Corvus_macrorhynchos_(connectens)-FL calls Ishigaki, Japan, 12Jun13 5.45am LS115135.mp3"
Large-billed_Crow,XC156330-Corvus_macrorhynchos_(connectens)-FL,41,data/processed/Large-billed_Crow/XC156330-Corvus_macrorhynchos_(connectens)-FL_chunk041.wav,3.0,"XC156330-Corvus_macrorhynchos_(connectens)-FL calls Ishigaki, Japan, 12Jun13 5.45am LS115135.mp3"
Large-billed_Crow,XC156330-Corvus_macrorhynchos_(connectens)-FL,42,data/processed/Large-billed_Crow/XC156330-Corvus_macrorhynchos_(connectens)-FL_chunk042.wav,3.0,"XC156330-Corvus_macrorhynchos_(connectens)-FL calls Ishigaki, Japan, 12Jun13 5.45am LS115135.mp3"
Large-billed_Crow,XC156330-Corvus_macrorhynchos_(connectens)-FL,43,data/processed/Large-billed_Crow/XC156330-Corvus_macrorhynchos_(connectens)-FL_chunk043.wav,3.0,"XC156330-Corvus_macrorhynchos_(connectens)-FL calls Ishigaki, Japan, 12Jun13 5.45am LS115135.mp3"
Large-billed_Crow,XC156330-Corvus_macrorhynchos_(connectens)-FL,44,data/processed/Large-billed_Crow/XC156330-Corvus_macrorhynchos_(connectens)-FL_chunk044.wav,3.0,"XC156330-Corvus_macrorhynchos_(connectens)-FL calls Ishigaki, Japan, 12Jun13 5.45am LS115135.mp3"
Large-billed_Crow,XC156331-Corvus_macrorhynchos_(connectens)-FL,0,data/processed/Large-billed_Crow/XC156331-Corvus_macrorhynchos_(connectens)-FL_chunk000.wav,3.0,"XC156331-Corvus_macrorhynchos_(connectens)-FL calls Ishigaki, Japan, 12Jun13 9.09am LS115176.mp3"
Large-billed_Crow,XC156331-Corvus_macrorhynchos_(connectens)-FL,1,data/processed/Large-billed_Crow/XC156331-Corvus_macrorhynchos_(connectens)-FL_chunk001.wav,3.0,"XC156331-Corvus_macrorhynchos_(connectens)-FL calls Ishigaki, Japan, 12Jun13 9.09am LS115176.mp3"
Large-billed_Crow,XC156331-Corvus_macrorhynchos_(connectens)-FL,2,data/processed/Large-billed_Crow/XC156331-Corvus_macrorhynchos_(connectens)-FL_chunk002.wav,3.0,"XC156331-Corvus_macrorhynchos_(connectens)-FL calls Ishigaki, Japan, 12Jun13 9.09am LS115176.mp3"
Large-billed_Crow,XC156331-Corvus_macrorhynchos_(connectens)-FL,3,data/processed/Large-billed_Crow/XC156331-Corvus_macrorhynchos_(connectens)-FL_chunk003.wav,3.0,"XC156331-Corvus_macrorhynchos_(connectens)-FL calls Ishigaki, Japan, 12Jun13 9.09am LS115176.mp3"
Large-billed_Crow,XC156331-Corvus_macrorhynchos_(connectens)-FL,4,data/processed/Large-billed_Crow/XC156331-Corvus_macrorhynchos_(connectens)-FL_chunk004.wav,3.0,"XC156331-Corvus_macrorhynchos_(connectens)-FL calls Ishigaki, Japan, 12Jun13 9.09am LS115176.mp3"
Large-billed_Crow,XC156331-Corvus_macrorhynchos_(connectens)-FL,5,data/processed/Large-billed_Crow/XC156331-Corvus_macrorhynchos_(connectens)-FL_chunk005.wav,3.0,"XC156331-Corvus_macrorhynchos_(connectens)-FL calls Ishigaki, Japan, 12Jun13 9.09am LS115176.mp3"
Large-billed_Crow,XC156331-Corvus_macrorhynchos_(connectens)-FL,6,data/processed/Large-billed_Crow/XC156331-Corvus_macrorhynchos_(connectens)-FL_chunk006.wav,3.0,"XC156331-Corvus_macrorhynchos_(connectens)-FL calls Ishigaki, Japan, 12Jun13 9.09am LS115176.mp3"
Large-billed_Crow,XC156331-Corvus_macrorhynchos_(connectens)-FL,7,data/processed/Large-billed_Crow/XC156331-Corvus_macrorhynchos_(connectens)-FL_chunk007.wav,3.0,"XC156331-Corvus_macrorhynchos_(connectens)-FL calls Ishigaki, Japan, 12Jun13 9.09am LS115176.mp3"
Large-billed_Crow,XC156331-Corvus_macrorhynchos_(connectens)-FL,8,data/processed/Large-billed_Crow/XC156331-Corvus_macrorhynchos_(connectens)-FL_chunk008.wav,3.0,"XC156331-Corvus_macrorhynchos_(connectens)-FL calls Ishigaki, Japan, 12Jun13 9.09am LS115176.mp3"
Large-billed_Crow,XC156331-Corvus_macrorhynchos_(connectens)-FL,9,data/processed/Large-billed_Crow/XC156331-Corvus_macrorhynchos_(connectens)-FL_chunk009.wav,3.0,"XC156331-Corvus_macrorhynchos_(connectens)-FL calls Ishigaki, Japan, 12Jun13 9.09am LS115176.mp3"
Large-billed_Crow,XC156331-Corvus_macrorhynchos_(connectens)-FL,10,data/processed/Large-billed_Crow/XC156331-Corvus_macrorhynchos_(connectens)-FL_chunk010.wav,3.0,"XC156331-Corvus_macrorhynchos_(connectens)-FL calls Ishigaki, Japan, 12Jun13 9.09am LS115176.mp3"
Large-billed_Crow,XC156331-Corvus_macrorhynchos_(connectens)-FL,11,data/processed/Large-billed_Crow/XC156331-Corvus_macrorhynchos_(connectens)-FL_chunk011.wav,3.0,"XC156331-Corvus_macrorhynchos_(connectens)-FL calls Ishigaki, Japan, 12Jun13 9.09am LS115176.mp3"
Large-billed_Crow,XC156331-Corvus_macrorhynchos_(connectens)-FL,12,data/processed/Large-billed_Crow/XC156331-Corvus_macrorhynchos_(connectens)-FL_chunk012.wav,3.0,"XC156331-Corvus_macrorhynchos_(connectens)-FL calls Ishigaki, Japan, 12Jun13 9.09am LS115176.mp3"
Large-billed_Crow,XC156331-Corvus_macrorhynchos_(connectens)-FL,13,data/processed/Large-billed_Crow/XC156331-Corvus_macrorhynchos_(connectens)-FL_chunk013.wav,3.0,"XC156331-Corvus_macrorhynchos_(connectens)-FL calls Ishigaki, Japan, 12Jun13 9.09am LS115176.mp3"
Large-billed_Crow,XC156331-Corvus_macrorhynchos_(connectens)-FL,14,data/processed/Large-billed_Crow/XC156331-Corvus_macrorhynchos_(connectens)-FL_chunk014.wav,3.0,"XC156331-Corvus_macrorhynchos_(connectens)-FL calls Ishigaki, Japan, 12Jun13 9.09am LS115176.mp3"
Large-billed_Crow,XC156331-Corvus_macrorhynchos_(connectens)-FL,15,data/processed/Large-billed_Crow/XC156331-Corvus_macrorhynchos_(connectens)-FL_chunk015.wav,3.0,"XC156331-Corvus_macrorhynchos_(connectens)-FL calls Ishigaki, Japan, 12Jun13 9.09am LS115176.mp3"
Large-billed_Crow,XC156331-Corvus_macrorhynchos_(connectens)-FL,16,data/processed/Large-billed_Crow/XC156331-Corvus_macrorhynchos_(connectens)-FL_chunk016.wav,3.0,"XC156331-Corvus_macrorhynchos_(connectens)-FL calls Ishigaki, Japan, 12Jun13 9.09am LS115176.mp3"
Large-billed_Crow,XC156331-Corvus_macrorhynchos_(connectens)-FL,17,data/processed/Large-billed_Crow/XC156331-Corvus_macrorhynchos_(connectens)-FL_chunk017.wav,3.0,"XC156331-Corvus_macrorhynchos_(connectens)-FL calls Ishigaki, Japan, 12Jun13 9.09am LS115176.mp3"
Large-billed_Crow,XC156331-Corvus_macrorhynchos_(connectens)-FL,18,data/processed/Large-billed_Crow/XC156331-Corvus_macrorhynchos_(connectens)-FL_chunk018.wav,3.0,"XC156331-Corvus_macrorhynchos_(connectens)-FL calls Ishigaki, Japan, 12Jun13 9.09am LS115176.mp3"
Large-billed_Crow,XC156331-Corvus_macrorhynchos_(connectens)-FL,19,data/processed/Large-billed_Crow/XC156331-Corvus_macrorhynchos_(connectens)-FL_chunk019.wav,3.0,"XC156331-Corvus_macrorhynchos_(connectens)-FL calls Ishigaki, Japan, 12Jun13 9.09am LS115176.mp3"
Large-billed_Crow,XC156331-Corvus_macrorhynchos_(connectens)-FL,20,data/processed/Large-billed_Crow/XC156331-Corvus_macrorhynchos_(connectens)-FL_chunk020.wav,3.0,"XC156331-Corvus_macrorhynchos_(connectens)-FL calls Ishigaki, Japan, 12Jun13 9.09am LS115176.mp3"
Large-billed_Crow,XC156331-Corvus_macrorhynchos_(connectens)-FL,21,data/processed/Large-billed_Crow/XC156331-Corvus_macrorhynchos_(connectens)-FL_chunk021.wav,3.0,"XC156331-Corvus_macrorhynchos_(connectens)-FL calls Ishigaki, Japan, 12Jun13 9.09am LS115176.mp3"
Large-billed_Crow,XC156331-Corvus_macrorhynchos_(connectens)-FL,22,data/processed/Large-billed_Crow/XC156331-Corvus_macrorhynchos_(connectens)-FL_chunk022.wav,3.0,"XC156331-Corvus_macrorhynchos_(connectens)-FL calls Ishigaki, Japan, 12Jun13 9.09am LS115176.mp3"
Large-billed_Crow,XC156331-Corvus_macrorhynchos_(connectens)-FL,23,data/processed/Large-billed_Crow/XC156331-Corvus_macrorhynchos_(connectens)-FL_chunk023.wav,3.0,"XC156331-Corvus_macrorhynchos_(connectens)-FL calls Ishigaki, Japan, 12Jun13 9.09am LS115176.mp3"
Large-billed_Crow,XC156332-Corvus_macrorhynchos_(connectens)-FL,0,data/processed/Large-billed_Crow/XC156332-Corvus_macrorhynchos_(connectens)-FL_chunk000.wav,3.0,"XC156332-Corvus_macrorhynchos_(connectens)-FL flight Ishigaki, Japan, 12Jun13 9.10am LS115177.mp3"
Large-billed_Crow,XC156332-Corvus_macrorhynchos_(connectens)-FL,1,data/processed/Large-billed_Crow/XC156332-Corvus_macrorhynchos_(connectens)-FL_chunk001.wav,3.0,"XC156332-Corvus_macrorhynchos_(connectens)-FL flight Ishigaki, Japan, 12Jun13 9.10am LS115177.mp3"
Large-billed_Crow,XC156332-Corvus_macrorhynchos_(connectens)-FL,2,data/processed/Large-billed_Crow/XC156332-Corvus_macrorhynchos_(connectens)-FL_chunk002.wav,3.0,"XC156332-Corvus_macrorhynchos_(connectens)-FL flight Ishigaki, Japan, 12Jun13 9.10am LS115177.mp3"
Large-billed_Crow,XC156332-Corvus_macrorhynchos_(connectens)-FL,3,data/processed/Large-billed_Crow/XC156332-Corvus_macrorhynchos_(connectens)-FL_chunk003.wav,3.0,"XC156332-Corvus_macrorhynchos_(connectens)-FL flight Ishigaki, Japan, 12Jun13 9.10am LS115177.mp3"
Large-billed_Crow,XC156515-Corvus_macrorhynchos_(nom)-FL,0,data/processed/Large-billed_Crow/XC156515-Corvus_macrorhynchos_(nom)-FL_chunk000.wav,3.0,XC156515-Corvus_macrorhynchos_(nom)-FL calls Leti 23Oct13 5.01pm LS116561.mp3
Large-billed_Crow,XC156515-Corvus_macrorhynchos_(nom)-FL,1,data/processed/Large-billed_Crow/XC156515-Corvus_macrorhynchos_(nom)-FL_chunk001.wav,3.0,XC156515-Corvus_macrorhynchos_(nom)-FL calls Leti 23Oct13 5.01pm LS116561.mp3
Large-billed_Crow,XC156515-Corvus_macrorhynchos_(nom)-FL,2,data/processed/Large-billed_Crow/XC156515-Corvus_macrorhynchos_(nom)-FL_chunk002.wav,3.0,XC156515-Corvus_macrorhynchos_(nom)-FL calls Leti 23Oct13 5.01pm LS116561.mp3
Large-billed_Crow,XC156515-Corvus_macrorhynchos_(nom)-FL,3,data/processed/Large-billed_Crow/XC156515-Corvus_macrorhynchos_(nom)-FL_chunk003.wav,3.0,XC156515-Corvus_macrorhynchos_(nom)-FL calls Leti 23Oct13 5.01pm LS116561.mp3
Large-billed_Crow,XC156515-Corvus_macrorhynchos_(nom)-FL,4,data/processed/Large-billed_Crow/XC156515-Corvus_macrorhynchos_(nom)-FL_chunk004.wav,3.0,XC156515-Corvus_macrorhynchos_(nom)-FL calls Leti 23Oct13 5.01pm LS116561.mp3
Large-billed_Crow,XC156515-Corvus_macrorhynchos_(nom)-FL,5,data/processed/Large-billed_Crow/XC156515-Corvus_macrorhynchos_(nom)-FL_chunk005.wav,3.0,XC156515-Corvus_macrorhynchos_(nom)-FL calls Leti 23Oct13 5.01pm LS116561.mp3
Large-billed_Crow,XC156515-Corvus_macrorhynchos_(nom)-FL,6,data/processed/Large-billed_Crow/XC156515-Corvus_macrorhynchos_(nom)-FL_chunk006.wav,3.0,XC156515-Corvus_macrorhynchos_(nom)-FL calls Leti 23Oct13 5.01pm LS116561.mp3
Large-billed_Crow,XC156515-Corvus_macrorhynchos_(nom)-FL,7,data/processed/Large-billed_Crow/XC156515-Corvus_macrorhynchos_(nom)-FL_chunk007.wav,3.0,XC156515-Corvus_macrorhynchos_(nom)-FL calls Leti 23Oct13 5.01pm LS116561.mp3
Large-billed_Crow,XC156515-Corvus_macrorhynchos_(nom)-FL,8,data/processed/Large-billed_Crow/XC156515-Corvus_macrorhynchos_(nom)-FL_chunk008.wav,3.0,XC156515-Corvus_macrorhynchos_(nom)-FL calls Leti 23Oct13 5.01pm LS116561.mp3
Large-billed_Crow,XC156515-Corvus_macrorhynchos_(nom)-FL,9,data/processed/Large-billed_Crow/XC156515-Corvus_macrorhynchos_(nom)-FL_chunk009.wav,3.0,XC156515-Corvus_macrorhynchos_(nom)-FL calls Leti 23Oct13 5.01pm LS116561.mp3
Large-billed_Crow,XC156515-Corvus_macrorhynchos_(nom)-FL,10,data/processed/Large-billed_Crow/XC156515-Corvus_macrorhynchos_(nom)-FL_chunk010.wav,3.0,XC156515-Corvus_macrorhynchos_(nom)-FL calls Leti 23Oct13 5.01pm LS116561.mp3
Large-billed_Crow,XC156515-Corvus_macrorhynchos_(nom)-FL,11,data/processed/Large-billed_Crow/XC156515-Corvus_macrorhynchos_(nom)-FL_chunk011.wav,3.0,XC156515-Corvus_macrorhynchos_(nom)-FL calls Leti 23Oct13 5.01pm LS116561.mp3
Large-billed_Crow,XC156515-Corvus_macrorhynchos_(nom)-FL,12,data/processed/Large-billed_Crow/XC156515-Corvus_macrorhynchos_(nom)-FL_chunk012.wav,3.0,XC156515-Corvus_macrorhynchos_(nom)-FL calls Leti 23Oct13 5.01pm LS116561.mp3
Large-billed_Crow,XC156515-Corvus_macrorhynchos_(nom)-FL,13,data/processed/Large-billed_Crow/XC156515-Corvus_macrorhynchos_(nom)-FL_chunk013.wav,3.0,XC156515-Corvus_macrorhynchos_(nom)-FL calls Leti 23Oct13 5.01pm LS116561.mp3
Large-billed_Crow,XC156515-Corvus_macrorhynchos_(nom)-FL,14,data/processed/Large-billed_Crow/XC156515-Corvus_macrorhynchos_(nom)-FL_chunk014.wav,3.0,XC156515-Corvus_macrorhynchos_(nom)-FL calls Leti 23Oct13 5.01pm LS116561.mp3
Large-billed_Crow,XC156515-Corvus_macrorhynchos_(nom)-FL,15,data/processed/Large-billed_Crow/XC156515-Corvus_macrorhynchos_(nom)-FL_chunk015.wav,3.0,XC156515-Corvus_macrorhynchos_(nom)-FL calls Leti 23Oct13 5.01pm LS116561.mp3
Large-billed_Crow,XC156515-Corvus_macrorhynchos_(nom)-FL,16,data/processed/Large-billed_Crow/XC156515-Corvus_macrorhynchos_(nom)-FL_chunk016.wav,3.0,XC156515-Corvus_macrorhynchos_(nom)-FL calls Leti 23Oct13 5.01pm LS116561.mp3
Large-billed_Crow,XC156515-Corvus_macrorhynchos_(nom)-FL,17,data/processed/Large-billed_Crow/XC156515-Corvus_macrorhynchos_(nom)-FL_chunk017.wav,3.0,XC156515-Corvus_macrorhynchos_(nom)-FL calls Leti 23Oct13 5.01pm LS116561.mp3
Large-billed_Crow,XC156515-Corvus_macrorhynchos_(nom)-FL,18,data/processed/Large-billed_Crow/XC156515-Corvus_macrorhynchos_(nom)-FL_chunk018.wav,3.0,XC156515-Corvus_macrorhynchos_(nom)-FL calls Leti 23Oct13 5.01pm LS116561.mp3
Large-billed_Crow,XC156515-Corvus_macrorhynchos_(nom)-FL,19,data/processed/Large-billed_Crow/XC156515-Corvus_macrorhynchos_(nom)-FL_chunk019.wav,3.0,XC156515-Corvus_macrorhynchos_(nom)-FL calls Leti 23Oct13 5.01pm LS116561.mp3
Large-billed_Crow,XC156515-Corvus_macrorhynchos_(nom)-FL,20,data/processed/Large-billed_Crow/XC156515-Corvus_macrorhynchos_(nom)-FL_chunk020.wav,3.0,XC156515-Corvus_macrorhynchos_(nom)-FL calls Leti 23Oct13 5.01pm LS116561.mp3
Large-billed_Crow,XC156515-Corvus_macrorhynchos_(nom)-FL,21,data/processed/Large-billed_Crow/XC156515-Corvus_macrorhynchos_(nom)-FL_chunk021.wav,3.0,XC156515-Corvus_macrorhynchos_(nom)-FL calls Leti 23Oct13 5.01pm LS116561.mp3
Large-billed_Crow,XC156515-Corvus_macrorhynchos_(nom)-FL,22,data/processed/Large-billed_Crow/XC156515-Corvus_macrorhynchos_(nom)-FL_chunk022.wav,3.0,XC156515-Corvus_macrorhynchos_(nom)-FL calls Leti 23Oct13 5.01pm LS116561.mp3
Large-billed_Crow,XC156515-Corvus_macrorhynchos_(nom)-FL,23,data/processed/Large-billed_Crow/XC156515-Corvus_macrorhynchos_(nom)-FL_chunk023.wav,3.0,XC156515-Corvus_macrorhynchos_(nom)-FL calls Leti 23Oct13 5.01pm LS116561.mp3
Large-billed_Crow,XC161117-Corvus_macrorhynchos_tibetosinensis-FL,0,data/processed/Large-billed_Crow/XC161117-Corvus_macrorhynchos_tibetosinensis-FL_chunk000.wav,3.0,XC161117-Corvus_macrorhynchos_tibetosinensis-FL calls Balangshan Rd 28May13 2.52pm 3500m LS114877.mp3
Large-billed_Crow,XC161117-Corvus_macrorhynchos_tibetosinensis-FL,1,data/processed/Large-billed_Crow/XC161117-Corvus_macrorhynchos_tibetosinensis-FL_chunk001.wav,3.0,XC161117-Corvus_macrorhynchos_tibetosinensis-FL calls Balangshan Rd 28May13 2.52pm 3500m LS114877.mp3
Large-billed_Crow,XC161117-Corvus_macrorhynchos_tibetosinensis-FL,2,data/processed/Large-billed_Crow/XC161117-Corvus_macrorhynchos_tibetosinensis-FL_chunk002.wav,3.0,XC161117-Corvus_macrorhynchos_tibetosinensis-FL calls Balangshan Rd 28May13 2.52pm 3500m LS114877.mp3
Large-billed_Crow,XC161117-Corvus_macrorhynchos_tibetosinensis-FL,3,data/processed/Large-billed_Crow/XC161117-Corvus_macrorhynchos_tibetosinensis-FL_chunk003.wav,3.0,XC161117-Corvus_macrorhynchos_tibetosinensis-FL calls Balangshan Rd 28May13 2.52pm 3500m LS114877.mp3
Large-billed_Crow,XC161117-Corvus_macrorhynchos_tibetosinensis-FL,4,data/processed/Large-billed_Crow/XC161117-Corvus_macrorhynchos_tibetosinensis-FL_chunk004.wav,3.0,XC161117-Corvus_macrorhynchos_tibetosinensis-FL calls Balangshan Rd 28May13 2.52pm 3500m LS114877.mp3
Large-billed_Crow,XC161117-Corvus_macrorhynchos_tibetosinensis-FL,5,data/processed/Large-billed_Crow/XC161117-Corvus_macrorhynchos_tibetosinensis-FL_chunk005.wav,3.0,XC161117-Corvus_macrorhynchos_tibetosinensis-FL calls Balangshan Rd 28May13 2.52pm 3500m LS114877.mp3
Large-billed_Crow,XC161117-Corvus_macrorhynchos_tibetosinensis-FL,6,data/processed/Large-billed_Crow/XC161117-Corvus_macrorhynchos_tibetosinensis-FL_chunk006.wav,3.0,XC161117-Corvus_macrorhynchos_tibetosinensis-FL calls Balangshan Rd 28May13 2.52pm 3500m LS114877.mp3
Large-billed_Crow,XC161117-Corvus_macrorhynchos_tibetosinensis-FL,7,data/processed/Large-billed_Crow/XC161117-Corvus_macrorhynchos_tibetosinensis-FL_chunk007.wav,3.0,XC161117-Corvus_macrorhynchos_tibetosinensis-FL calls Balangshan Rd 28May13 2.52pm 3500m LS114877.mp3
Large-billed_Crow,XC161117-Corvus_macrorhynchos_tibetosinensis-FL,8,data/processed/Large-billed_Crow/XC161117-Corvus_macrorhynchos_tibetosinensis-FL_chunk008.wav,3.0,XC161117-Corvus_macrorhynchos_tibetosinensis-FL calls Balangshan Rd 28May13 2.52pm 3500m LS114877.mp3
Large-billed_Crow,XC161117-Corvus_macrorhynchos_tibetosinensis-FL,9,data/processed/Large-billed_Crow/XC161117-Corvus_macrorhynchos_tibetosinensis-FL_chunk009.wav,3.0,XC161117-Corvus_macrorhynchos_tibetosinensis-FL calls Balangshan Rd 28May13 2.52pm 3500m LS114877.mp3
Large-billed_Crow,XC161117-Corvus_macrorhynchos_tibetosinensis-FL,10,data/processed/Large-billed_Crow/XC161117-Corvus_macrorhynchos_tibetosinensis-FL_chunk010.wav,3.0,XC161117-Corvus_macrorhynchos_tibetosinensis-FL calls Balangshan Rd 28May13 2.52pm 3500m LS114877.mp3
Large-billed_Crow,XC161117-Corvus_macrorhynchos_tibetosinensis-FL,11,data/processed/Large-billed_Crow/XC161117-Corvus_macrorhynchos_tibetosinensis-FL_chunk011.wav,3.0,XC161117-Corvus_macrorhynchos_tibetosinensis-FL calls Balangshan Rd 28May13 2.52pm 3500m LS114877.mp3
Large-billed_Crow,XC161117-Corvus_macrorhynchos_tibetosinensis-FL,12,data/processed/Large-billed_Crow/XC161117-Corvus_macrorhynchos_tibetosinensis-FL_chunk012.wav,3.0,XC161117-Corvus_macrorhynchos_tibetosinensis-FL calls Balangshan Rd 28May13 2.52pm 3500m LS114877.mp3
Large-billed_Crow,XC161117-Corvus_macrorhynchos_tibetosinensis-FL,13,data/processed/Large-billed_Crow/XC161117-Corvus_macrorhynchos_tibetosinensis-FL_chunk013.wav,3.0,XC161117-Corvus_macrorhynchos_tibetosinensis-FL calls Balangshan Rd 28May13 2.52pm 3500m LS114877.mp3
Large-billed_Crow,XC161117-Corvus_macrorhynchos_tibetosinensis-FL,14,data/processed/Large-billed_Crow/XC161117-Corvus_macrorhynchos_tibetosinensis-FL_chunk014.wav,3.0,XC161117-Corvus_macrorhynchos_tibetosinensis-FL calls Balangshan Rd 28May13 2.52pm 3500m LS114877.mp3
Large-billed_Crow,XC161117-Corvus_macrorhynchos_tibetosinensis-FL,15,data/processed/Large-billed_Crow/XC161117-Corvus_macrorhynchos_tibetosinensis-FL_chunk015.wav,3.0,XC161117-Corvus_macrorhynchos_tibetosinensis-FL calls Balangshan Rd 28May13 2.52pm 3500m LS114877.mp3
Large-billed_Crow,XC161117-Corvus_macrorhynchos_tibetosinensis-FL,16,data/processed/Large-billed_Crow/XC161117-Corvus_macrorhynchos_tibetosinensis-FL_chunk016.wav,3.0,XC161117-Corvus_macrorhynchos_tibetosinensis-FL calls Balangshan Rd 28May13 2.52pm 3500m LS114877.mp3
Large-billed_Crow,XC161117-Corvus_macrorhynchos_tibetosinensis-FL,17,data/processed/Large-billed_Crow/XC161117-Corvus_macrorhynchos_tibetosinensis-FL_chunk017.wav,3.0,XC161117-Corvus_macrorhynchos_tibetosinensis-FL calls Balangshan Rd 28May13 2.52pm 3500m LS114877.mp3
Large-billed_Crow,XC161117-Corvus_macrorhynchos_tibetosinensis-FL,18,data/processed/Large-billed_Crow/XC161117-Corvus_macrorhynchos_tibetosinensis-FL_chunk018.wav,3.0,XC161117-Corvus_macrorhynchos_tibetosinensis-FL calls Balangshan Rd 28May13 2.52pm 3500m LS114877.mp3
Large-billed_Crow,XC162389-Corvus,0,data/processed/Large-billed_Crow/XC162389-Corvus_chunk000.wav,3.0,XC162389-Corvus macrorhynchos intermedius Large-billed Crow calls Ghorepani western region Nepal 2560 m 9.00 hr 6 January 1987 (Arend Wassink).mp3
Large-billed_Crow,XC162389-Corvus,1,data/processed/Large-billed_Crow/XC162389-Corvus_chunk001.wav,3.0,XC162389-Corvus macrorhynchos intermedius Large-billed Crow calls Ghorepani western region Nepal 2560 m 9.00 hr 6 January 1987 (Arend Wassink).mp3
Large-billed_Crow,XC162389-Corvus,2,data/processed/Large-billed_Crow/XC162389-Corvus_chunk002.wav,3.0,XC162389-Corvus macrorhynchos intermedius Large-billed Crow calls Ghorepani western region Nepal 2560 m 9.00 hr 6 January 1987 (Arend Wassink).mp3
Large-billed_Crow,XC162389-Corvus,3,data/processed/Large-billed_Crow/XC162389-Corvus_chunk003.wav,3.0,XC162389-Corvus macrorhynchos intermedius Large-billed Crow calls Ghorepani western region Nepal 2560 m 9.00 hr 6 January 1987 (Arend Wassink).mp3
Large-billed_Crow,XC162389-Corvus,4,data/processed/Large-billed_Crow/XC162389-Corvus_chunk004.wav,3.0,XC162389-Corvus macrorhynchos intermedius Large-billed Crow calls Ghorepani western region Nepal 2560 m 9.00 hr 6 January 1987 (Arend Wassink).mp3
Large-billed_Crow,XC162389-Corvus,5,data/processed/Large-billed_Crow/XC162389-Corvus_chunk005.wav,3.0,XC162389-Corvus macrorhynchos intermedius Large-billed Crow calls Ghorepani western region Nepal 2560 m 9.00 hr 6 January 1987 (Arend Wassink).mp3
Large-billed_Crow,XC162389-Corvus,6,data/processed/Large-billed_Crow/XC162389-Corvus_chunk006.wav,3.0,XC162389-Corvus macrorhynchos intermedius Large-billed Crow calls Ghorepani western region Nepal 2560 m 9.00 hr 6 January 1987 (Arend Wassink).mp3
Large-billed_Crow,XC162389-Corvus,7,data/processed/Large-billed_Crow/XC162389-Corvus_chunk007.wav,3.0,XC162389-Corvus macrorhynchos intermedius Large-billed Crow calls Ghorepani western region Nepal 2560 m 9.00 hr 6 January 1987 (Arend Wassink).mp3
Large-billed_Crow,XC162389-Corvus,8,data/processed/Large-billed_Crow/XC162389-Corvus_chunk008.wav,3.0,XC162389-Corvus macrorhynchos intermedius Large-billed Crow calls Ghorepani western region Nepal 2560 m 9.00 hr 6 January 1987 (Arend Wassink).mp3
Large-billed_Crow,XC191043-LargeBilledCrow_Okinawa_081014_adult_call,0,data/processed/Large-billed_Crow/XC191043-LargeBilledCrow_Okinawa_081014_adult_call_chunk000.wav,3.0,XC191043-LargeBilledCrow_Okinawa_081014_adult_call.mp3
Large-billed_Crow,XC191043-LargeBilledCrow_Okinawa_081014_adult_call,1,data/processed/Large-billed_Crow/XC191043-LargeBilledCrow_Okinawa_081014_adult_call_chunk001.wav,3.0,XC191043-LargeBilledCrow_Okinawa_081014_adult_call.mp3
Large-billed_Crow,XC191043-LargeBilledCrow_Okinawa_081014_adult_call,2,data/processed/Large-billed_Crow/XC191043-LargeBilledCrow_Okinawa_081014_adult_call_chunk002.wav,3.0,XC191043-LargeBilledCrow_Okinawa_081014_adult_call.mp3
Large-billed_Crow,XC191043-LargeBilledCrow_Okinawa_081014_adult_call,3,data/processed/Large-billed_Crow/XC191043-LargeBilledCrow_Okinawa_081014_adult_call_chunk003.wav,3.0,XC191043-LargeBilledCrow_Okinawa_081014_adult_call.mp3
Large-billed_Crow,XC191043-LargeBilledCrow_Okinawa_081014_adult_call,4,data/processed/Large-billed_Crow/XC191043-LargeBilledCrow_Okinawa_081014_adult_call_chunk004.wav,3.0,XC191043-LargeBilledCrow_Okinawa_081014_adult_call.mp3
Large-billed_Crow,XC191043-LargeBilledCrow_Okinawa_081014_adult_call,5,data/processed/Large-billed_Crow/XC191043-LargeBilledCrow_Okinawa_081014_adult_call_chunk005.wav,3.0,XC191043-LargeBilledCrow_Okinawa_081014_adult_call.mp3
Large-billed_Crow,XC191043-LargeBilledCrow_Okinawa_081014_adult_call,6,data/processed/Large-billed_Crow/XC191043-LargeBilledCrow_Okinawa_081014_adult_call_chunk006.wav,3.0,XC191043-LargeBilledCrow_Okinawa_081014_adult_call.mp3
Large-billed_Crow,XC193710-LargeBilledCrow_Okinawa_090114_juvenile_call,0,data/processed/Large-billed_Crow/XC193710-LargeBilledCrow_Okinawa_090114_juvenile_call_chunk000.wav,3.0,XC193710-LargeBilledCrow_Okinawa_090114_juvenile_call.mp3
Large-billed_Crow,XC193710-LargeBilledCrow_Okinawa_090114_juvenile_call,1,data/processed/Large-billed_Crow/XC193710-LargeBilledCrow_Okinawa_090114_juvenile_call_chunk001.wav,3.0,XC193710-LargeBilledCrow_Okinawa_090114_juvenile_call.mp3
Large-billed_Crow,XC193710-LargeBilledCrow_Okinawa_090114_juvenile_call,2,data/processed/Large-billed_Crow/XC193710-LargeBilledCrow_Okinawa_090114_juvenile_call_chunk002.wav,3.0,XC193710-LargeBilledCrow_Okinawa_090114_juvenile_call.mp3
Large-billed_Crow,XC193710-LargeBilledCrow_Okinawa_090114_juvenile_call,3,data/processed/Large-billed_Crow/XC193710-LargeBilledCrow_Okinawa_090114_juvenile_call_chunk003.wav,3.0,XC193710-LargeBilledCrow_Okinawa_090114_juvenile_call.mp3
Large-billed_Crow,XC193710-LargeBilledCrow_Okinawa_090114_juvenile_call,4,data/processed/Large-billed_Crow/XC193710-LargeBilledCrow_Okinawa_090114_juvenile_call_chunk004.wav,3.0,XC193710-LargeBilledCrow_Okinawa_090114_juvenile_call.mp3
Large-billed_Crow,XC193710-LargeBilledCrow_Okinawa_090114_juvenile_call,5,data/processed/Large-billed_Crow/XC193710-LargeBilledCrow_Okinawa_090114_juvenile_call_chunk005.wav,3.0,XC193710-LargeBilledCrow_Okinawa_090114_juvenile_call.mp3
Large-billed_Crow,XC193710-LargeBilledCrow_Okinawa_090114_juvenile_call,6,data/processed/Large-billed_Crow/XC193710-LargeBilledCrow_Okinawa_090114_juvenile_call_chunk006.wav,3.0,XC193710-LargeBilledCrow_Okinawa_090114_juvenile_call.mp3
Large-billed_Crow,XC193710-LargeBilledCrow_Okinawa_090114_juvenile_call,7,data/processed/Large-billed_Crow/XC193710-LargeBilledCrow_Okinawa_090114_juvenile_call_chunk007.wav,3.0,XC193710-LargeBilledCrow_Okinawa_090114_juvenile_call.mp3
Large-billed_Crow,XC193710-LargeBilledCrow_Okinawa_090114_juvenile_call,8,data/processed/Large-billed_Crow/XC193710-LargeBilledCrow_Okinawa_090114_juvenile_call_chunk008.wav,3.0,XC193710-LargeBilledCrow_Okinawa_090114_juvenile_call.mp3
Large-billed_Crow,XC193710-LargeBilledCrow_Okinawa_090114_juvenile_call,9,data/processed/Large-billed_Crow/XC193710-LargeBilledCrow_Okinawa_090114_juvenile_call_chunk009.wav,3.0,XC193710-LargeBilledCrow_Okinawa_090114_juvenile_call.mp3
Large-billed_Crow,XC195058-LargeBilledCrow_SouthKorea_091114_calls_flock,0,data/processed/Large-billed_Crow/XC195058-LargeBilledCrow_SouthKorea_091114_calls_flock_chunk000.wav,3.0,XC195058-LargeBilledCrow_SouthKorea_091114_calls_flock.mp3
Large-billed_Crow,XC195058-LargeBilledCrow_SouthKorea_091114_calls_flock,1,data/processed/Large-billed_Crow/XC195058-LargeBilledCrow_SouthKorea_091114_calls_flock_chunk001.wav,3.0,XC195058-LargeBilledCrow_SouthKorea_091114_calls_flock.mp3
Large-billed_Crow,XC195058-LargeBilledCrow_SouthKorea_091114_calls_flock,2,data/processed/Large-billed_Crow/XC195058-LargeBilledCrow_SouthKorea_091114_calls_flock_chunk002.wav,3.0,XC195058-LargeBilledCrow_SouthKorea_091114_calls_flock.mp3
Large-billed_Crow,XC195058-LargeBilledCrow_SouthKorea_091114_calls_flock,3,data/processed/Large-billed_Crow/XC195058-LargeBilledCrow_SouthKorea_091114_calls_flock_chunk003.wav,3.0,XC195058-LargeBilledCrow_SouthKorea_091114_calls_flock.mp3
Large-billed_Crow,XC195058-LargeBilledCrow_SouthKorea_091114_calls_flock,4,data/processed/Large-billed_Crow/XC195058-LargeBilledCrow_SouthKorea_091114_calls_flock_chunk004.wav,3.0,XC195058-LargeBilledCrow_SouthKorea_091114_calls_flock.mp3
Large-billed_Crow,XC195058-LargeBilledCrow_SouthKorea_091114_calls_flock,5,data/processed/Large-billed_Crow/XC195058-LargeBilledCrow_SouthKorea_091114_calls_flock_chunk005.wav,3.0,XC195058-LargeBilledCrow_SouthKorea_091114_calls_flock.mp3
Large-billed_Crow,XC195058-LargeBilledCrow_SouthKorea_091114_calls_flock,6,data/processed/Large-billed_Crow/XC195058-LargeBilledCrow_SouthKorea_091114_calls_flock_chunk006.wav,3.0,XC195058-LargeBilledCrow_SouthKorea_091114_calls_flock.mp3
Large-billed_Crow,XC195058-LargeBilledCrow_SouthKorea_091114_calls_flock,7,data/processed/Large-billed_Crow/XC195058-LargeBilledCrow_SouthKorea_091114_calls_flock_chunk007.wav,3.0,XC195058-LargeBilledCrow_SouthKorea_091114_calls_flock.mp3
Large-billed_Crow,XC195058-LargeBilledCrow_SouthKorea_091114_calls_flock,8,data/processed/Large-billed_Crow/XC195058-LargeBilledCrow_SouthKorea_091114_calls_flock_chunk008.wav,3.0,XC195058-LargeBilledCrow_SouthKorea_091114_calls_flock.mp3
Large-billed_Crow,XC195058-LargeBilledCrow_SouthKorea_091114_calls_flock,9,data/processed/Large-billed_Crow/XC195058-LargeBilledCrow_SouthKorea_091114_calls_flock_chunk009.wav,3.0,XC195058-LargeBilledCrow_SouthKorea_091114_calls_flock.mp3
Large-billed_Crow,XC195058-LargeBilledCrow_SouthKorea_091114_calls_flock,10,data/processed/Large-billed_Crow/XC195058-LargeBilledCrow_SouthKorea_091114_calls_flock_chunk010.wav,3.0,XC195058-LargeBilledCrow_SouthKorea_091114_calls_flock.mp3
Large-billed_Crow,XC195058-LargeBilledCrow_SouthKorea_091114_calls_flock,11,data/processed/Large-billed_Crow/XC195058-LargeBilledCrow_SouthKorea_091114_calls_flock_chunk011.wav,3.0,XC195058-LargeBilledCrow_SouthKorea_091114_calls_flock.mp3
Large-billed_Crow,XC195058-LargeBilledCrow_SouthKorea_091114_calls_flock,12,data/processed/Large-billed_Crow/XC195058-LargeBilledCrow_SouthKorea_091114_calls_flock_chunk012.wav,3.0,XC195058-LargeBilledCrow_SouthKorea_091114_calls_flock.mp3
Large-billed_Crow,XC195058-LargeBilledCrow_SouthKorea_091114_calls_flock,13,data/processed/Large-billed_Crow/XC195058-LargeBilledCrow_SouthKorea_091114_calls_flock_chunk013.wav,3.0,XC195058-LargeBilledCrow_SouthKorea_091114_calls_flock.mp3
Large-billed_Crow,XC195058-LargeBilledCrow_SouthKorea_091114_calls_flock,14,data/processed/Large-billed_Crow/XC195058-LargeBilledCrow_SouthKorea_091114_calls_flock_chunk014.wav,3.0,XC195058-LargeBilledCrow_SouthKorea_091114_calls_flock.mp3
Large-billed_Crow,XC195058-LargeBilledCrow_SouthKorea_091114_calls_flock,15,data/processed/Large-billed_Crow/XC195058-LargeBilledCrow_SouthKorea_091114_calls_flock_chunk015.wav,3.0,XC195058-LargeBilledCrow_SouthKorea_091114_calls_flock.mp3
Large-billed_Crow,XC195576-Crow,0,data/processed/Large-billed_Crow/XC195576-Crow_chunk000.wav,3.0,XC195576-Crow Long-billed (Corvus macrorhynchos) Atkarwadi RNP.mp3
Large-billed_Crow,XC197814-Large-billed_Crow,0,data/processed/Large-billed_Crow/XC197814-Large-billed_Crow_chunk000.wav,3.0,XC197814-Large-billed_Crow.mp3
Large-billed_Crow,XC197814-Large-billed_Crow,1,data/processed/Large-billed_Crow/XC197814-Large-billed_Crow_chunk001.wav,3.0,XC197814-Large-billed_Crow.mp3
Large-billed_Crow,XC197814-Large-billed_Crow,2,data/processed/Large-billed_Crow/XC197814-Large-billed_Crow_chunk002.wav,3.0,XC197814-Large-billed_Crow.mp3
Large-billed_Crow,XC201737-Corvus_macrorhynchos-FL,0,data/processed/Large-billed_Crow/XC201737-Corvus_macrorhynchos-FL_chunk000.wav,3.0,"XC201737-Corvus_macrorhynchos-FL calls nr Juara, Tioman 28Sept13 08.40 LS116401a.mp3"
Large-billed_Crow,XC201737-Corvus_macrorhynchos-FL,1,data/processed/Large-billed_Crow/XC201737-Corvus_macrorhynchos-FL_chunk001.wav,3.0,"XC201737-Corvus_macrorhynchos-FL calls nr Juara, Tioman 28Sept13 08.40 LS116401a.mp3"
Large-billed_Crow,XC201737-Corvus_macrorhynchos-FL,2,data/processed/Large-billed_Crow/XC201737-Corvus_macrorhynchos-FL_chunk002.wav,3.0,"XC201737-Corvus_macrorhynchos-FL calls nr Juara, Tioman 28Sept13 08.40 LS116401a.mp3"
Large-billed_Crow,XC201737-Corvus_macrorhynchos-FL,3,data/processed/Large-billed_Crow/XC201737-Corvus_macrorhynchos-FL_chunk003.wav,3.0,"XC201737-Corvus_macrorhynchos-FL calls nr Juara, Tioman 28Sept13 08.40 LS116401a.mp3"
Large-billed_Crow,XC201737-Corvus_macrorhynchos-FL,4,data/processed/Large-billed_Crow/XC201737-Corvus_macrorhynchos-FL_chunk004.wav,3.0,"XC201737-Corvus_macrorhynchos-FL calls nr Juara, Tioman 28Sept13 08.40 LS116401a.mp3"
Large-billed_Crow,XC201737-Corvus_macrorhynchos-FL,5,data/processed/Large-billed_Crow/XC201737-Corvus_macrorhynchos-FL_chunk005.wav,3.0,"XC201737-Corvus_macrorhynchos-FL calls nr Juara, Tioman 28Sept13 08.40 LS116401a.mp3"
Large-billed_Crow,XC201737-Corvus_macrorhynchos-FL,6,data/processed/Large-billed_Crow/XC201737-Corvus_macrorhynchos-FL_chunk006.wav,3.0,"XC201737-Corvus_macrorhynchos-FL calls nr Juara, Tioman 28Sept13 08.40 LS116401a.mp3"
Large-billed_Crow,XC201737-Corvus_macrorhynchos-FL,7,data/processed/Large-billed_Crow/XC201737-Corvus_macrorhynchos-FL_chunk007.wav,3.0,"XC201737-Corvus_macrorhynchos-FL calls nr Juara, Tioman 28Sept13 08.40 LS116401a.mp3"
Large-billed_Crow,XC201737-Corvus_macrorhynchos-FL,8,data/processed/Large-billed_Crow/XC201737-Corvus_macrorhynchos-FL_chunk008.wav,3.0,"XC201737-Corvus_macrorhynchos-FL calls nr Juara, Tioman 28Sept13 08.40 LS116401a.mp3"
Large-billed_Crow,XC201737-Corvus_macrorhynchos-FL,9,data/processed/Large-billed_Crow/XC201737-Corvus_macrorhynchos-FL_chunk009.wav,3.0,"XC201737-Corvus_macrorhynchos-FL calls nr Juara, Tioman 28Sept13 08.40 LS116401a.mp3"
Large-billed_Crow,XC201737-Corvus_macrorhynchos-FL,10,data/processed/Large-billed_Crow/XC201737-Corvus_macrorhynchos-FL_chunk010.wav,3.0,"XC201737-Corvus_macrorhynchos-FL calls nr Juara, Tioman 28Sept13 08.40 LS116401a.mp3"
Large-billed_Crow,XC201737-Corvus_macrorhynchos-FL,11,data/processed/Large-billed_Crow/XC201737-Corvus_macrorhynchos-FL_chunk011.wav,3.0,"XC201737-Corvus_macrorhynchos-FL calls nr Juara, Tioman 28Sept13 08.40 LS116401a.mp3"
Large-billed_Crow,XC201737-Corvus_macrorhynchos-FL,12,data/processed/Large-billed_Crow/XC201737-Corvus_macrorhynchos-FL_chunk012.wav,3.0,"XC201737-Corvus_macrorhynchos-FL calls nr Juara, Tioman 28Sept13 08.40 LS116401a.mp3"
Large-billed_Crow,XC201737-Corvus_macrorhynchos-FL,13,data/processed/Large-billed_Crow/XC201737-Corvus_macrorhynchos-FL_chunk013.wav,3.0,"XC201737-Corvus_macrorhynchos-FL calls nr Juara, Tioman 28Sept13 08.40 LS116401a.mp3"
Large-billed_Crow,XC201737-Corvus_macrorhynchos-FL,14,data/processed/Large-billed_Crow/XC201737-Corvus_macrorhynchos-FL_chunk014.wav,3.0,"XC201737-Corvus_macrorhynchos-FL calls nr Juara, Tioman 28Sept13 08.40 LS116401a.mp3"
Large-billed_Crow,XC201737-Corvus_macrorhynchos-FL,15,data/processed/Large-billed_Crow/XC201737-Corvus_macrorhynchos-FL_chunk015.wav,3.0,"XC201737-Corvus_macrorhynchos-FL calls nr Juara, Tioman 28Sept13 08.40 LS116401a.mp3"
Large-billed_Crow,XC201737-Corvus_macrorhynchos-FL,16,data/processed/Large-billed_Crow/XC201737-Corvus_macrorhynchos-FL_chunk016.wav,3.0,"XC201737-Corvus_macrorhynchos-FL calls nr Juara, Tioman 28Sept13 08.40 LS116401a.mp3"
Large-billed_Crow,XC201737-Corvus_macrorhynchos-FL,17,data/processed/Large-billed_Crow/XC201737-Corvus_macrorhynchos-FL_chunk017.wav,3.0,"XC201737-Corvus_macrorhynchos-FL calls nr Juara, Tioman 28Sept13 08.40 LS116401a.mp3"
Large-billed_Crow,XC201737-Corvus_macrorhynchos-FL,18,data/processed/Large-billed_Crow/XC201737-Corvus_macrorhynchos-FL_chunk018.wav,3.0,"XC201737-Corvus_macrorhynchos-FL calls nr Juara, Tioman 28Sept13 08.40 LS116401a.mp3"
Large-billed_Crow,XC201737-Corvus_macrorhynchos-FL,19,data/processed/Large-billed_Crow/XC201737-Corvus_macrorhynchos-FL_chunk019.wav,3.0,"XC201737-Corvus_macrorhynchos-FL calls nr Juara, Tioman 28Sept13 08.40 LS116401a.mp3"
Large-billed_Crow,XC201737-Corvus_macrorhynchos-FL,20,data/processed/Large-billed_Crow/XC201737-Corvus_macrorhynchos-FL_chunk020.wav,3.0,"XC201737-Corvus_macrorhynchos-FL calls nr Juara, Tioman 28Sept13 08.40 LS116401a.mp3"
Large-billed_Crow,XC201737-Corvus_macrorhynchos-FL,21,data/processed/Large-billed_Crow/XC201737-Corvus_macrorhynchos-FL_chunk021.wav,3.0,"XC201737-Corvus_macrorhynchos-FL calls nr Juara, Tioman 28Sept13 08.40 LS116401a.mp3"
Large-billed_Crow,XC201737-Corvus_macrorhynchos-FL,22,data/processed/Large-billed_Crow/XC201737-Corvus_macrorhynchos-FL_chunk022.wav,3.0,"XC201737-Corvus_macrorhynchos-FL calls nr Juara, Tioman 28Sept13 08.40 LS116401a.mp3"
Large-billed_Crow,XC201737-Corvus_macrorhynchos-FL,23,data/processed/Large-billed_Crow/XC201737-Corvus_macrorhynchos-FL_chunk023.wav,3.0,"XC201737-Corvus_macrorhynchos-FL calls nr Juara, Tioman 28Sept13 08.40 LS116401a.mp3"
Large-billed_Crow,XC201737-Corvus_macrorhynchos-FL,24,data/processed/Large-billed_Crow/XC201737-Corvus_macrorhynchos-FL_chunk024.wav,3.0,"XC201737-Corvus_macrorhynchos-FL calls nr Juara, Tioman 28Sept13 08.40 LS116401a.mp3"
Large-billed_Crow,XC201737-Corvus_macrorhynchos-FL,25,data/processed/Large-billed_Crow/XC201737-Corvus_macrorhynchos-FL_chunk025.wav,3.0,"XC201737-Corvus_macrorhynchos-FL calls nr Juara, Tioman 28Sept13 08.40 LS116401a.mp3"
Large-billed_Crow,XC201737-Corvus_macrorhynchos-FL,26,data/processed/Large-billed_Crow/XC201737-Corvus_macrorhynchos-FL_chunk026.wav,3.0,"XC201737-Corvus_macrorhynchos-FL calls nr Juara, Tioman 28Sept13 08.40 LS116401a.mp3"
Large-billed_Crow,XC201737-Corvus_macrorhynchos-FL,27,data/processed/Large-billed_Crow/XC201737-Corvus_macrorhynchos-FL_chunk027.wav,3.0,"XC201737-Corvus_macrorhynchos-FL calls nr Juara, Tioman 28Sept13 08.40 LS116401a.mp3"
Large-billed_Crow,XC201737-Corvus_macrorhynchos-FL,28,data/processed/Large-billed_Crow/XC201737-Corvus_macrorhynchos-FL_chunk028.wav,3.0,"XC201737-Corvus_macrorhynchos-FL calls nr Juara, Tioman 28Sept13 08.40 LS116401a.mp3"
Large-billed_Crow,XC201737-Corvus_macrorhynchos-FL,29,data/processed/Large-billed_Crow/XC201737-Corvus_macrorhynchos-FL_chunk029.wav,3.0,"XC201737-Corvus_macrorhynchos-FL calls nr Juara, Tioman 28Sept13 08.40 LS116401a.mp3"
Large-billed_Crow,XC201737-Corvus_macrorhynchos-FL,30,data/processed/Large-billed_Crow/XC201737-Corvus_macrorhynchos-FL_chunk030.wav,3.0,"XC201737-Corvus_macrorhynchos-FL calls nr Juara, Tioman 28Sept13 08.40 LS116401a.mp3"
Large-billed_Crow,XC201737-Corvus_macrorhynchos-FL,31,data/processed/Large-billed_Crow/XC201737-Corvus_macrorhynchos-FL_chunk031.wav,3.0,"XC201737-Corvus_macrorhynchos-FL calls nr Juara, Tioman 28Sept13 08.40 LS116401a.mp3"
Large-billed_Crow,XC201737-Corvus_macrorhynchos-FL,32,data/processed/Large-billed_Crow/XC201737-Corvus_macrorhynchos-FL_chunk032.wav,3.0,"XC201737-Corvus_macrorhynchos-FL calls nr Juara, Tioman 28Sept13 08.40 LS116401a.mp3"
Large-billed_Crow,XC201737-Corvus_macrorhynchos-FL,33,data/processed/Large-billed_Crow/XC201737-Corvus_macrorhynchos-FL_chunk033.wav,3.0,"XC201737-Corvus_macrorhynchos-FL calls nr Juara, Tioman 28Sept13 08.40 LS116401a.mp3"
Large-billed_Crow,XC201737-Corvus_macrorhynchos-FL,34,data/processed/Large-billed_Crow/XC201737-Corvus_macrorhynchos-FL_chunk034.wav,3.0,"XC201737-Corvus_macrorhynchos-FL calls nr Juara, Tioman 28Sept13 08.40 LS116401a.mp3"
Large-billed_Crow,XC201737-Corvus_macrorhynchos-FL,35,data/processed/Large-billed_Crow/XC201737-Corvus_macrorhynchos-FL_chunk035.wav,3.0,"XC201737-Corvus_macrorhynchos-FL calls nr Juara, Tioman 28Sept13 08.40 LS116401a.mp3"
Large-billed_Crow,XC201737-Corvus_macrorhynchos-FL,36,data/processed/Large-billed_Crow/XC201737-Corvus_macrorhynchos-FL_chunk036.wav,3.0,"XC201737-Corvus_macrorhynchos-FL calls nr Juara, Tioman 28Sept13 08.40 LS116401a.mp3"
Large-billed_Crow,XC201737-Corvus_macrorhynchos-FL,37,data/processed/Large-billed_Crow/XC201737-Corvus_macrorhynchos-FL_chunk037.wav,3.0,"XC201737-Corvus_macrorhynchos-FL calls nr Juara, Tioman 28Sept13 08.40 LS116401a.mp3"
Large-billed_Crow,XC201737-Corvus_macrorhynchos-FL,38,data/processed/Large-billed_Crow/XC201737-Corvus_macrorhynchos-FL_chunk038.wav,3.0,"XC201737-Corvus_macrorhynchos-FL calls nr Juara, Tioman 28Sept13 08.40 LS116401a.mp3"
Large-billed_Crow,XC201737-Corvus_macrorhynchos-FL,39,data/processed/Large-billed_Crow/XC201737-Corvus_macrorhynchos-FL_chunk039.wav,3.0,"XC201737-Corvus_macrorhynchos-FL calls nr Juara, Tioman 28Sept13 08.40 LS116401a.mp3"
Large-billed_Crow,XC201737-Corvus_macrorhynchos-FL,40,data/processed/Large-billed_Crow/XC201737-Corvus_macrorhynchos-FL_chunk040.wav,3.0,"XC201737-Corvus_macrorhynchos-FL calls nr Juara, Tioman 28Sept13 08.40 LS116401a.mp3"
Large-billed_Crow,XC201737-Corvus_macrorhynchos-FL,41,data/processed/Large-billed_Crow/XC201737-Corvus_macrorhynchos-FL_chunk041.wav,3.0,"XC201737-Corvus_macrorhynchos-FL calls nr Juara, Tioman 28Sept13 08.40 LS116401a.mp3"
Large-billed_Crow,XC201737-Corvus_macrorhynchos-FL,42,data/processed/Large-billed_Crow/XC201737-Corvus_macrorhynchos-FL_chunk042.wav,3.0,"XC201737-Corvus_macrorhynchos-FL calls nr Juara, Tioman 28Sept13 08.40 LS116401a.mp3"
Large-billed_Crow,XC201737-Corvus_macrorhynchos-FL,43,data/processed/Large-billed_Crow/XC201737-Corvus_macrorhynchos-FL_chunk043.wav,3.0,"XC201737-Corvus_macrorhynchos-FL calls nr Juara, Tioman 28Sept13 08.40 LS116401a.mp3"
Large-billed_Crow,XC201737-Corvus_macrorhynchos-FL,44,data/processed/Large-billed_Crow/XC201737-Corvus_macrorhynchos-FL_chunk044.wav,3.0,"XC201737-Corvus_macrorhynchos-FL calls nr Juara, Tioman 28Sept13 08.40 LS116401a.mp3"
Large-billed_Crow,XC201737-Corvus_macrorhynchos-FL,45,data/processed/Large-billed_Crow/XC201737-Corvus_macrorhynchos-FL_chunk045.wav,3.0,"XC201737-Corvus_macrorhynchos-FL calls nr Juara, Tioman 28Sept13 08.40 LS116401a.mp3"
Large-billed_Crow,XC201737-Corvus_macrorhynchos-FL,46,data/processed/Large-billed_Crow/XC201737-Corvus_macrorhynchos-FL_chunk046.wav,3.0,"XC201737-Corvus_macrorhynchos-FL calls nr Juara, Tioman 28Sept13 08.40 LS116401a.mp3"
Large-billed_Crow,XC201737-Corvus_macrorhynchos-FL,47,data/processed/Large-billed_Crow/XC201737-Corvus_macrorhynchos-FL_chunk047.wav,3.0,"XC201737-Corvus_macrorhynchos-FL calls nr Juara, Tioman 28Sept13 08.40 LS116401a.mp3"
Large-billed_Crow,XC201737-Corvus_macrorhynchos-FL,48,data/processed/Large-billed_Crow/XC201737-Corvus_macrorhynchos-FL_chunk048.wav,3.0,"XC201737-Corvus_macrorhynchos-FL calls nr Juara, Tioman 28Sept13 08.40 LS116401a.mp3"
Large-billed_Crow,XC201737-Corvus_macrorhynchos-FL,49,data/processed/Large-billed_Crow/XC201737-Corvus_macrorhynchos-FL_chunk049.wav,3.0,"XC201737-Corvus_macrorhynchos-FL calls nr Juara, Tioman 28Sept13 08.40 LS116401a.mp3"
Large-billed_Crow,XC201737-Corvus_macrorhynchos-FL,50,data/processed/Large-billed_Crow/XC201737-Corvus_macrorhynchos-FL_chunk050.wav,3.0,"XC201737-Corvus_macrorhynchos-FL calls nr Juara, Tioman 28Sept13 08.40 LS116401a.mp3"
Large-billed_Crow,XC201737-Corvus_macrorhynchos-FL,51,data/processed/Large-billed_Crow/XC201737-Corvus_macrorhynchos-FL_chunk051.wav,3.0,"XC201737-Corvus_macrorhynchos-FL calls nr Juara, Tioman 28Sept13 08.40 LS116401a.mp3"
Large-billed_Crow,XC201737-Corvus_macrorhynchos-FL,52,data/processed/Large-billed_Crow/XC201737-Corvus_macrorhynchos-FL_chunk052.wav,3.0,"XC201737-Corvus_macrorhynchos-FL calls nr Juara, Tioman 28Sept13 08.40 LS116401a.mp3"
Large-billed_Crow,XC212126-northern-raven-flight,0,data/processed/Large-billed_Crow/XC212126-northern-raven-flight_chunk000.wav,3.0,XC212126-northern-raven-flight.mp3
Large-billed_Crow,XC212126-northern-raven-flight,1,data/processed/Large-billed_Crow/XC212126-northern-raven-flight_chunk001.wav,3.0,XC212126-northern-raven-flight.mp3
Large-billed_Crow,XC212126-northern-raven-flight,2,data/processed/Large-billed_Crow/XC212126-northern-raven-flight_chunk002.wav,3.0,XC212126-northern-raven-flight.mp3
Large-billed_Crow,XC212126-northern-raven-flight,3,data/processed/Large-billed_Crow/XC212126-northern-raven-flight_chunk003.wav,3.0,XC212126-northern-raven-flight.mp3
Large-billed_Crow,XC212126-northern-raven-flight,4,data/processed/Large-billed_Crow/XC212126-northern-raven-flight_chunk004.wav,3.0,XC212126-northern-raven-flight.mp3
Large-billed_Crow,XC212126-northern-raven-flight,5,data/processed/Large-billed_Crow/XC212126-northern-raven-flight_chunk005.wav,3.0,XC212126-northern-raven-flight.mp3
Large-billed_Crow,XC267641-Corvus,0,data/processed/Large-billed_Crow/XC267641-Corvus_chunk000.wav,3.0,"XC267641-Corvus macror 150427_004,AA.MP3"
Large-billed_Crow,XC267641-Corvus,1,data/processed/Large-billed_Crow/XC267641-Corvus_chunk001.wav,3.0,"XC267641-Corvus macror 150427_004,AA.MP3"
Large-billed_Crow,XC267641-Corvus,2,data/processed/Large-billed_Crow/XC267641-Corvus_chunk002.wav,3.0,"XC267641-Corvus macror 150427_004,AA.MP3"
Large-billed_Crow,XC267641-Corvus,3,data/processed/Large-billed_Crow/XC267641-Corvus_chunk003.wav,3.0,"XC267641-Corvus macror 150427_004,AA.MP3"
Large-billed_Crow,XC267642-Corvus,0,data/processed/Large-billed_Crow/XC267642-Corvus_chunk000.wav,3.0,"XC267642-Corvus macror 150517_001,AAAA.MP3"
Large-billed_Crow,XC267642-Corvus,1,data/processed/Large-billed_Crow/XC267642-Corvus_chunk001.wav,3.0,"XC267642-Corvus macror 150517_001,AAAA.MP3"
Large-billed_Crow,XC267642-Corvus,2,data/processed/Large-billed_Crow/XC267642-Corvus_chunk002.wav,3.0,"XC267642-Corvus macror 150517_001,AAAA.MP3"
Large-billed_Crow,XC267642-Corvus,3,data/processed/Large-billed_Crow/XC267642-Corvus_chunk003.wav,3.0,"XC267642-Corvus macror 150517_001,AAAA.MP3"
Large-billed_Crow,XC267642-Corvus,4,data/processed/Large-billed_Crow/XC267642-Corvus_chunk004.wav,3.0,"XC267642-Corvus macror 150517_001,AAAA.MP3"
Large-billed_Crow,XC267642-Corvus,5,data/processed/Large-billed_Crow/XC267642-Corvus_chunk005.wav,3.0,"XC267642-Corvus macror 150517_001,AAAA.MP3"
Large-billed_Crow,XC267642-Corvus,6,data/processed/Large-billed_Crow/XC267642-Corvus_chunk006.wav,3.0,"XC267642-Corvus macror 150517_001,AAAA.MP3"
Large-billed_Crow,XC267642-Corvus,7,data/processed/Large-billed_Crow/XC267642-Corvus_chunk007.wav,3.0,"XC267642-Corvus macror 150517_001,AAAA.MP3"
Large-billed_Crow,XC267642-Corvus,8,data/processed/Large-billed_Crow/XC267642-Corvus_chunk008.wav,3.0,"XC267642-Corvus macror 150517_001,AAAA.MP3"
Large-billed_Crow,XC267642-Corvus,9,data/processed/Large-billed_Crow/XC267642-Corvus_chunk009.wav,3.0,"XC267642-Corvus macror 150517_001,AAAA.MP3"
Large-billed_Crow,XC267642-Corvus,10,data/processed/Large-billed_Crow/XC267642-Corvus_chunk010.wav,3.0,"XC267642-Corvus macror 150517_001,AAAA.MP3"
Large-billed_Crow,XC267642-Corvus,11,data/processed/Large-billed_Crow/XC267642-Corvus_chunk011.wav,3.0,"XC267642-Corvus macror 150517_001,AAAA.MP3"
Large-billed_Crow,XC267642-Corvus,12,data/processed/Large-billed_Crow/XC267642-Corvus_chunk012.wav,3.0,"XC267642-Corvus macror 150517_001,AAAA.MP3"
Large-billed_Crow,XC267642-Corvus,13,data/processed/Large-billed_Crow/XC267642-Corvus_chunk013.wav,3.0,"XC267642-Corvus macror 150517_001,AAAA.MP3"
Large-billed_Crow,XC267642-Corvus,14,data/processed/Large-billed_Crow/XC267642-Corvus_chunk014.wav,3.0,"XC267642-Corvus macror 150517_001,AAAA.MP3"
Large-billed_Crow,XC267644-Corvus,0,data/processed/Large-billed_Crow/XC267644-Corvus_chunk000.wav,3.0,"XC267644-Corvus macror 150528_001,AAAA.MP3"
Large-billed_Crow,XC267644-Corvus,1,data/processed/Large-billed_Crow/XC267644-Corvus_chunk001.wav,3.0,"XC267644-Corvus macror 150528_001,AAAA.MP3"
Large-billed_Crow,XC267644-Corvus,2,data/processed/Large-billed_Crow/XC267644-Corvus_chunk002.wav,3.0,"XC267644-Corvus macror 150528_001,AAAA.MP3"
Large-billed_Crow,XC267644-Corvus,3,data/processed/Large-billed_Crow/XC267644-Corvus_chunk003.wav,3.0,"XC267644-Corvus macror 150528_001,AAAA.MP3"
Large-billed_Crow,XC267644-Corvus,4,data/processed/Large-billed_Crow/XC267644-Corvus_chunk004.wav,3.0,"XC267644-Corvus macror 150528_001,AAAA.MP3"
Large-billed_Crow,XC267644-Corvus,5,data/processed/Large-billed_Crow/XC267644-Corvus_chunk005.wav,3.0,"XC267644-Corvus macror 150528_001,AAAA.MP3"
Large-billed_Crow,XC267644-Corvus,6,data/processed/Large-billed_Crow/XC267644-Corvus_chunk006.wav,3.0,"XC267644-Corvus macror 150528_001,AAAA.MP3"
Large-billed_Crow,XC267644-Corvus,7,data/processed/Large-billed_Crow/XC267644-Corvus_chunk007.wav,3.0,"XC267644-Corvus macror 150528_001,AAAA.MP3"
Large-billed_Crow,XC267644-Corvus,8,data/processed/Large-billed_Crow/XC267644-Corvus_chunk008.wav,3.0,"XC267644-Corvus macror 150528_001,AAAA.MP3"
Large-billed_Crow,XC267644-Corvus,9,data/processed/Large-billed_Crow/XC267644-Corvus_chunk009.wav,3.0,"XC267644-Corvus macror 150528_001,AAAA.MP3"
Large-billed_Crow,XC267644-Corvus,10,data/processed/Large-billed_Crow/XC267644-Corvus_chunk010.wav,3.0,"XC267644-Corvus macror 150528_001,AAAA.MP3"
Large-billed_Crow,XC267644-Corvus,11,data/processed/Large-billed_Crow/XC267644-Corvus_chunk011.wav,3.0,"XC267644-Corvus macror 150528_001,AAAA.MP3"
Large-billed_Crow,XC267644-Corvus,12,data/processed/Large-billed_Crow/XC267644-Corvus_chunk012.wav,3.0,"XC267644-Corvus macror 150528_001,AAAA.MP3"
Large-billed_Crow,XC267644-Corvus,13,data/processed/Large-billed_Crow/XC267644-Corvus_chunk013.wav,3.0,"XC267644-Corvus macror 150528_001,AAAA.MP3"
Large-billed_Crow,XC267645-Corvus,0,data/processed/Large-billed_Crow/XC267645-Corvus_chunk000.wav,3.0,"XC267645-Corvus macror 150528_005,AAAA+.MP3"
Large-billed_Crow,XC267645-Corvus,1,data/processed/Large-billed_Crow/XC267645-Corvus_chunk001.wav,3.0,"XC267645-Corvus macror 150528_005,AAAA+.MP3"
Large-billed_Crow,XC267645-Corvus,2,data/processed/Large-billed_Crow/XC267645-Corvus_chunk002.wav,3.0,"XC267645-Corvus macror 150528_005,AAAA+.MP3"
Large-billed_Crow,XC267645-Corvus,3,data/processed/Large-billed_Crow/XC267645-Corvus_chunk003.wav,3.0,"XC267645-Corvus macror 150528_005,AAAA+.MP3"
Large-billed_Crow,XC284761-Corvus_macrorynchos_04072015,0,data/processed/Large-billed_Crow/XC284761-Corvus_macrorynchos_04072015_chunk000.wav,3.0,XC284761-Corvus_macrorynchos_04072015.mp3
Large-billed_Crow,XC284761-Corvus_macrorynchos_04072015,1,data/processed/Large-billed_Crow/XC284761-Corvus_macrorynchos_04072015_chunk001.wav,3.0,XC284761-Corvus_macrorynchos_04072015.mp3
Large-billed_Crow,XC284761-Corvus_macrorynchos_04072015,2,data/processed/Large-billed_Crow/XC284761-Corvus_macrorynchos_04072015_chunk002.wav,3.0,XC284761-Corvus_macrorynchos_04072015.mp3
Large-billed_Crow,XC284761-Corvus_macrorynchos_04072015,3,data/processed/Large-billed_Crow/XC284761-Corvus_macrorynchos_04072015_chunk003.wav,3.0,XC284761-Corvus_macrorynchos_04072015.mp3
Large-billed_Crow,XC284761-Corvus_macrorynchos_04072015,4,data/processed/Large-billed_Crow/XC284761-Corvus_macrorynchos_04072015_chunk004.wav,3.0,XC284761-Corvus_macrorynchos_04072015.mp3
Large-billed_Crow,XC285700-LS_58076,0,data/processed/Large-billed_Crow/XC285700-LS_58076_chunk000.wav,3.0,XC285700-LS_58076 Large-billed Crow call A.mp3
Large-billed_Crow,XC285700-LS_58076,1,data/processed/Large-billed_Crow/XC285700-LS_58076_chunk001.wav,3.0,XC285700-LS_58076 Large-billed Crow call A.mp3
Large-billed_Crow,XC285700-LS_58076,2,data/processed/Large-billed_Crow/XC285700-LS_58076_chunk002.wav,3.0,XC285700-LS_58076 Large-billed Crow call A.mp3
Large-billed_Crow,XC285700-LS_58076,3,data/processed/Large-billed_Crow/XC285700-LS_58076_chunk003.wav,3.0,XC285700-LS_58076 Large-billed Crow call A.mp3
Large-billed_Crow,XC285700-LS_58076,4,data/processed/Large-billed_Crow/XC285700-LS_58076_chunk004.wav,3.0,XC285700-LS_58076 Large-billed Crow call A.mp3
Large-billed_Crow,XC285700-LS_58076,5,data/processed/Large-billed_Crow/XC285700-LS_58076_chunk005.wav,3.0,XC285700-LS_58076 Large-billed Crow call A.mp3
Large-billed_Crow,XC285700-LS_58076,6,data/processed/Large-billed_Crow/XC285700-LS_58076_chunk006.wav,3.0,XC285700-LS_58076 Large-billed Crow call A.mp3
Large-billed_Crow,XC285700-LS_58076,7,data/processed/Large-billed_Crow/XC285700-LS_58076_chunk007.wav,3.0,XC285700-LS_58076 Large-billed Crow call A.mp3
Large-billed_Crow,XC285700-LS_58076,8,data/processed/Large-billed_Crow/XC285700-LS_58076_chunk008.wav,3.0,XC285700-LS_58076 Large-billed Crow call A.mp3
Large-billed_Crow,XC285700-LS_58076,9,data/processed/Large-billed_Crow/XC285700-LS_58076_chunk009.wav,3.0,XC285700-LS_58076 Large-billed Crow call A.mp3
Large-billed_Crow,XC285700-LS_58076,10,data/processed/Large-billed_Crow/XC285700-LS_58076_chunk010.wav,3.0,XC285700-LS_58076 Large-billed Crow call A.mp3
Large-billed_Crow,XC285700-LS_58076,11,data/processed/Large-billed_Crow/XC285700-LS_58076_chunk011.wav,3.0,XC285700-LS_58076 Large-billed Crow call A.mp3
Large-billed_Crow,XC285700-LS_58076,12,data/processed/Large-billed_Crow/XC285700-LS_58076_chunk012.wav,3.0,XC285700-LS_58076 Large-billed Crow call A.mp3
Large-billed_Crow,XC285700-LS_58076,13,data/processed/Large-billed_Crow/XC285700-LS_58076_chunk013.wav,3.0,XC285700-LS_58076 Large-billed Crow call A.mp3
Large-billed_Crow,XC285700-LS_58076,14,data/processed/Large-billed_Crow/XC285700-LS_58076_chunk014.wav,3.0,XC285700-LS_58076 Large-billed Crow call A.mp3
Large-billed_Crow,XC285700-LS_58076,15,data/processed/Large-billed_Crow/XC285700-LS_58076_chunk015.wav,3.0,XC285700-LS_58076 Large-billed Crow call A.mp3
Large-billed_Crow,XC285700-LS_58076,16,data/processed/Large-billed_Crow/XC285700-LS_58076_chunk016.wav,3.0,XC285700-LS_58076 Large-billed Crow call A.mp3
Large-billed_Crow,XC285700-LS_58076,17,data/processed/Large-billed_Crow/XC285700-LS_58076_chunk017.wav,3.0,XC285700-LS_58076 Large-billed Crow call A.mp3
Large-billed_Crow,XC285700-LS_58076,18,data/processed/Large-billed_Crow/XC285700-LS_58076_chunk018.wav,3.0,XC285700-LS_58076 Large-billed Crow call A.mp3
Large-billed_Crow,XC285700-LS_58076,19,data/processed/Large-billed_Crow/XC285700-LS_58076_chunk019.wav,3.0,XC285700-LS_58076 Large-billed Crow call A.mp3
Large-billed_Crow,XC285700-LS_58076,20,data/processed/Large-billed_Crow/XC285700-LS_58076_chunk020.wav,3.0,XC285700-LS_58076 Large-billed Crow call A.mp3
Large-billed_Crow,XC285700-LS_58076,21,data/processed/Large-billed_Crow/XC285700-LS_58076_chunk021.wav,3.0,XC285700-LS_58076 Large-billed Crow call A.mp3
Large-billed_Crow,XC285912-LS_58445,0,data/processed/Large-billed_Crow/XC285912-LS_58445_chunk000.wav,3.0,XC285912-LS_58445 Large-billed Crow soft call.mp3
Large-billed_Crow,XC285912-LS_58445,1,data/processed/Large-billed_Crow/XC285912-LS_58445_chunk001.wav,3.0,XC285912-LS_58445 Large-billed Crow soft call.mp3
Large-billed_Crow,XC285912-LS_58445,2,data/processed/Large-billed_Crow/XC285912-LS_58445_chunk002.wav,3.0,XC285912-LS_58445 Large-billed Crow soft call.mp3
Large-billed_Crow,XC285912-LS_58445,3,data/processed/Large-billed_Crow/XC285912-LS_58445_chunk003.wav,3.0,XC285912-LS_58445 Large-billed Crow soft call.mp3
Large-billed_Crow,XC285912-LS_58445,4,data/processed/Large-billed_Crow/XC285912-LS_58445_chunk004.wav,3.0,XC285912-LS_58445 Large-billed Crow soft call.mp3
Large-billed_Crow,XC285912-LS_58445,5,data/processed/Large-billed_Crow/XC285912-LS_58445_chunk005.wav,3.0,XC285912-LS_58445 Large-billed Crow soft call.mp3
Large-billed_Crow,XC285912-LS_58445,6,data/processed/Large-billed_Crow/XC285912-LS_58445_chunk006.wav,3.0,XC285912-LS_58445 Large-billed Crow soft call.mp3
Large-billed_Crow,XC285912-LS_58445,7,data/processed/Large-billed_Crow/XC285912-LS_58445_chunk007.wav,3.0,XC285912-LS_58445 Large-billed Crow soft call.mp3
Large-billed_Crow,XC285912-LS_58445,8,data/processed/Large-billed_Crow/XC285912-LS_58445_chunk008.wav,3.0,XC285912-LS_58445 Large-billed Crow soft call.mp3
Large-billed_Crow,XC285912-LS_58445,9,data/processed/Large-billed_Crow/XC285912-LS_58445_chunk009.wav,3.0,XC285912-LS_58445 Large-billed Crow soft call.mp3
Large-billed_Crow,XC285912-LS_58445,10,data/processed/Large-billed_Crow/XC285912-LS_58445_chunk010.wav,3.0,XC285912-LS_58445 Large-billed Crow soft call.mp3
Large-billed_Crow,XC285986-LS_58589,0,data/processed/Large-billed_Crow/XC285986-LS_58589_chunk000.wav,3.0,XC285986-LS_58589 Crow call A.mp3
Large-billed_Crow,XC285986-LS_58589,1,data/processed/Large-billed_Crow/XC285986-LS_58589_chunk001.wav,3.0,XC285986-LS_58589 Crow call A.mp3
Large-billed_Crow,XC285986-LS_58589,2,data/processed/Large-billed_Crow/XC285986-LS_58589_chunk002.wav,3.0,XC285986-LS_58589 Crow call A.mp3
Large-billed_Crow,XC285986-LS_58589,3,data/processed/Large-billed_Crow/XC285986-LS_58589_chunk003.wav,3.0,XC285986-LS_58589 Crow call A.mp3
Large-billed_Crow,XC285986-LS_58589,4,data/processed/Large-billed_Crow/XC285986-LS_58589_chunk004.wav,3.0,XC285986-LS_58589 Crow call A.mp3
Large-billed_Crow,XC285986-LS_58589,5,data/processed/Large-billed_Crow/XC285986-LS_58589_chunk005.wav,3.0,XC285986-LS_58589 Crow call A.mp3
Large-billed_Crow,XC285986-LS_58589,6,data/processed/Large-billed_Crow/XC285986-LS_58589_chunk006.wav,3.0,XC285986-LS_58589 Crow call A.mp3
Large-billed_Crow,XC285993-LS_58609,0,data/processed/Large-billed_Crow/XC285993-LS_58609_chunk000.wav,3.0,XC285993-LS_58609 Large-billed Crow call A.mp3
Large-billed_Crow,XC285993-LS_58609,1,data/processed/Large-billed_Crow/XC285993-LS_58609_chunk001.wav,3.0,XC285993-LS_58609 Large-billed Crow call A.mp3
Large-billed_Crow,XC285993-LS_58609,2,data/processed/Large-billed_Crow/XC285993-LS_58609_chunk002.wav,3.0,XC285993-LS_58609 Large-billed Crow call A.mp3
Large-billed_Crow,XC285993-LS_58609,3,data/processed/Large-billed_Crow/XC285993-LS_58609_chunk003.wav,3.0,XC285993-LS_58609 Large-billed Crow call A.mp3
Large-billed_Crow,XC285993-LS_58609,4,data/processed/Large-billed_Crow/XC285993-LS_58609_chunk004.wav,3.0,XC285993-LS_58609 Large-billed Crow call A.mp3
Large-billed_Crow,XC285993-LS_58609,5,data/processed/Large-billed_Crow/XC285993-LS_58609_chunk005.wav,3.0,XC285993-LS_58609 Large-billed Crow call A.mp3
Large-billed_Crow,XC285993-LS_58609,6,data/processed/Large-billed_Crow/XC285993-LS_58609_chunk006.wav,3.0,XC285993-LS_58609 Large-billed Crow call A.mp3
Large-billed_Crow,XC285993-LS_58609,7,data/processed/Large-billed_Crow/XC285993-LS_58609_chunk007.wav,3.0,XC285993-LS_58609 Large-billed Crow call A.mp3
Large-billed_Crow,XC286116-LS_58818,0,data/processed/Large-billed_Crow/XC286116-LS_58818_chunk000.wav,3.0,XC286116-LS_58818 Crow call A.mp3
Large-billed_Crow,XC286116-LS_58818,1,data/processed/Large-billed_Crow/XC286116-LS_58818_chunk001.wav,3.0,XC286116-LS_58818 Crow call A.mp3
Large-billed_Crow,XC286116-LS_58818,2,data/processed/Large-billed_Crow/XC286116-LS_58818_chunk002.wav,3.0,XC286116-LS_58818 Crow call A.mp3
Large-billed_Crow,XC286116-LS_58818,3,data/processed/Large-billed_Crow/XC286116-LS_58818_chunk003.wav,3.0,XC286116-LS_58818 Crow call A.mp3
Large-billed_Crow,XC286116-LS_58818,4,data/processed/Large-billed_Crow/XC286116-LS_58818_chunk004.wav,3.0,XC286116-LS_58818 Crow call A.mp3
Large-billed_Crow,XC286116-LS_58818,5,data/processed/Large-billed_Crow/XC286116-LS_58818_chunk005.wav,3.0,XC286116-LS_58818 Crow call A.mp3
Large-billed_Crow,XC286116-LS_58818,6,data/processed/Large-billed_Crow/XC286116-LS_58818_chunk006.wav,3.0,XC286116-LS_58818 Crow call A.mp3
Large-billed_Crow,XC286155-LS_58910,0,data/processed/Large-billed_Crow/XC286155-LS_58910_chunk000.wav,3.0,XC286155-LS_58910 Crow call A.mp3
Large-billed_Crow,XC286155-LS_58910,1,data/processed/Large-billed_Crow/XC286155-LS_58910_chunk001.wav,3.0,XC286155-LS_58910 Crow call A.mp3
Large-billed_Crow,XC286155-LS_58910,2,data/processed/Large-billed_Crow/XC286155-LS_58910_chunk002.wav,3.0,XC286155-LS_58910 Crow call A.mp3
Large-billed_Crow,XC290992-623,0,data/processed/Large-billed_Crow/XC290992-623_chunk000.wav,3.0,XC290992-623 Large-billed Crow 2 call.mp3
Large-billed_Crow,XC290992-623,1,data/processed/Large-billed_Crow/XC290992-623_chunk001.wav,3.0,XC290992-623 Large-billed Crow 2 call.mp3
Large-billed_Crow,XC302723-148,0,data/processed/Large-billed_Crow/XC302723-148_chunk000.wav,3.0,XC302723-148 Crow - Large-billed (Corvus machrorhynchos) Caw FEB 0815 110m KhlongSaengTHA_GI_0496.mp3
Large-billed_Crow,XC302723-148,1,data/processed/Large-billed_Crow/XC302723-148_chunk001.wav,3.0,XC302723-148 Crow - Large-billed (Corvus machrorhynchos) Caw FEB 0815 110m KhlongSaengTHA_GI_0496.mp3
Large-billed_Crow,XC302723-148,2,data/processed/Large-billed_Crow/XC302723-148_chunk002.wav,3.0,XC302723-148 Crow - Large-billed (Corvus machrorhynchos) Caw FEB 0815 110m KhlongSaengTHA_GI_0496.mp3
Large-billed_Crow,XC302723-148,3,data/processed/Large-billed_Crow/XC302723-148_chunk003.wav,3.0,XC302723-148 Crow - Large-billed (Corvus machrorhynchos) Caw FEB 0815 110m KhlongSaengTHA_GI_0496.mp3
Large-billed_Crow,XC302723-148,4,data/processed/Large-billed_Crow/XC302723-148_chunk004.wav,3.0,XC302723-148 Crow - Large-billed (Corvus machrorhynchos) Caw FEB 0815 110m KhlongSaengTHA_GI_0496.mp3
Large-billed_Crow,XC302723-148,5,data/processed/Large-billed_Crow/XC302723-148_chunk005.wav,3.0,XC302723-148 Crow - Large-billed (Corvus machrorhynchos) Caw FEB 0815 110m KhlongSaengTHA_GI_0496.mp3
Large-billed_Crow,XC302723-148,6,data/processed/Large-billed_Crow/XC302723-148_chunk006.wav,3.0,XC302723-148 Crow - Large-billed (Corvus machrorhynchos) Caw FEB 0815 110m KhlongSaengTHA_GI_0496.mp3
Large-billed_Crow,XC302723-148,7,data/processed/Large-billed_Crow/XC302723-148_chunk007.wav,3.0,XC302723-148 Crow - Large-billed (Corvus machrorhynchos) Caw FEB 0815 110m KhlongSaengTHA_GI_0496.mp3
Large-billed_Crow,XC302723-148,8,data/processed/Large-billed_Crow/XC302723-148_chunk008.wav,3.0,XC302723-148 Crow - Large-billed (Corvus machrorhynchos) Caw FEB 0815 110m KhlongSaengTHA_GI_0496.mp3
Large-billed_Crow,XC302723-148,9,data/processed/Large-billed_Crow/XC302723-148_chunk009.wav,3.0,XC302723-148 Crow - Large-billed (Corvus machrorhynchos) Caw FEB 0815 110m KhlongSaengTHA_GI_0496.mp3
Large-billed_Crow,XC302723-148,10,data/processed/Large-billed_Crow/XC302723-148_chunk010.wav,3.0,XC302723-148 Crow - Large-billed (Corvus machrorhynchos) Caw FEB 0815 110m KhlongSaengTHA_GI_0496.mp3
Large-billed_Crow,XC302723-148,11,data/processed/Large-billed_Crow/XC302723-148_chunk011.wav,3.0,XC302723-148 Crow - Large-billed (Corvus machrorhynchos) Caw FEB 0815 110m KhlongSaengTHA_GI_0496.mp3
Large-billed_Crow,XC302723-148,12,data/processed/Large-billed_Crow/XC302723-148_chunk012.wav,3.0,XC302723-148 Crow - Large-billed (Corvus machrorhynchos) Caw FEB 0815 110m KhlongSaengTHA_GI_0496.mp3
Large-billed_Crow,XC302723-148,13,data/processed/Large-billed_Crow/XC302723-148_chunk013.wav,3.0,XC302723-148 Crow - Large-billed (Corvus machrorhynchos) Caw FEB 0815 110m KhlongSaengTHA_GI_0496.mp3
Large-billed_Crow,XC302723-148,14,data/processed/Large-billed_Crow/XC302723-148_chunk014.wav,3.0,XC302723-148 Crow - Large-billed (Corvus machrorhynchos) Caw FEB 0815 110m KhlongSaengTHA_GI_0496.mp3
Large-billed_Crow,XC302723-148,15,data/processed/Large-billed_Crow/XC302723-148_chunk015.wav,3.0,XC302723-148 Crow - Large-billed (Corvus machrorhynchos) Caw FEB 0815 110m KhlongSaengTHA_GI_0496.mp3
Large-billed_Crow,XC302723-148,16,data/processed/Large-billed_Crow/XC302723-148_chunk016.wav,3.0,XC302723-148 Crow - Large-billed (Corvus machrorhynchos) Caw FEB 0815 110m KhlongSaengTHA_GI_0496.mp3
Large-billed_Crow,XC302723-148,17,data/processed/Large-billed_Crow/XC302723-148_chunk017.wav,3.0,XC302723-148 Crow - Large-billed (Corvus machrorhynchos) Caw FEB 0815 110m KhlongSaengTHA_GI_0496.mp3
Large-billed_Crow,XC302723-148,18,data/processed/Large-billed_Crow/XC302723-148_chunk018.wav,3.0,XC302723-148 Crow - Large-billed (Corvus machrorhynchos) Caw FEB 0815 110m KhlongSaengTHA_GI_0496.mp3
Large-billed_Crow,XC408567-180303_10_Large-billed,0,data/processed/Large-billed_Crow/XC408567-180303_10_Large-billed_chunk000.wav,3.0,"XC408567-180303_10_Large-billed Crow_Amami, Japan_2 March 2018.mp3"
Large-billed_Crow,XC408567-180303_10_Large-billed,1,data/processed/Large-billed_Crow/XC408567-180303_10_Large-billed_chunk001.wav,3.0,"XC408567-180303_10_Large-billed Crow_Amami, Japan_2 March 2018.mp3"
Large-billed_Crow,XC408567-180303_10_Large-billed,2,data/processed/Large-billed_Crow/XC408567-180303_10_Large-billed_chunk002.wav,3.0,"XC408567-180303_10_Large-billed Crow_Amami, Japan_2 March 2018.mp3"
Large-billed_Crow,XC470232-Japan2003_25_LargebillCrow_connectens_calls,0,data/processed/Large-billed_Crow/XC470232-Japan2003_25_LargebillCrow_connectens_calls_chunk000.wav,3.0,XC470232-Japan2003_25_LargebillCrow_connectens_calls.mp3
Large-billed_Crow,XC470232-Japan2003_25_LargebillCrow_connectens_calls,1,data/processed/Large-billed_Crow/XC470232-Japan2003_25_LargebillCrow_connectens_calls_chunk001.wav,3.0,XC470232-Japan2003_25_LargebillCrow_connectens_calls.mp3
Large-billed_Crow,XC470232-Japan2003_25_LargebillCrow_connectens_calls,2,data/processed/Large-billed_Crow/XC470232-Japan2003_25_LargebillCrow_connectens_calls_chunk002.wav,3.0,XC470232-Japan2003_25_LargebillCrow_connectens_calls.mp3
Large-billed_Crow,XC470232-Japan2003_25_LargebillCrow_connectens_calls,3,data/processed/Large-billed_Crow/XC470232-Japan2003_25_LargebillCrow_connectens_calls_chunk003.wav,3.0,XC470232-Japan2003_25_LargebillCrow_connectens_calls.mp3
Large-billed_Crow,XC470232-Japan2003_25_LargebillCrow_connectens_calls,4,data/processed/Large-billed_Crow/XC470232-Japan2003_25_LargebillCrow_connectens_calls_chunk004.wav,3.0,XC470232-Japan2003_25_LargebillCrow_connectens_calls.mp3
Large-billed_Crow,XC470232-Japan2003_25_LargebillCrow_connectens_calls,5,data/processed/Large-billed_Crow/XC470232-Japan2003_25_LargebillCrow_connectens_calls_chunk005.wav,3.0,XC470232-Japan2003_25_LargebillCrow_connectens_calls.mp3
Large-billed_Crow,XC470232-Japan2003_25_LargebillCrow_connectens_calls,6,data/processed/Large-billed_Crow/XC470232-Japan2003_25_LargebillCrow_connectens_calls_chunk006.wav,3.0,XC470232-Japan2003_25_LargebillCrow_connectens_calls.mp3
Large-billed_Crow,XC470232-Japan2003_25_LargebillCrow_connectens_calls,7,data/processed/Large-billed_Crow/XC470232-Japan2003_25_LargebillCrow_connectens_calls_chunk007.wav,3.0,XC470232-Japan2003_25_LargebillCrow_connectens_calls.mp3
Large-billed_Crow,XC470232-Japan2003_25_LargebillCrow_connectens_calls,8,data/processed/Large-billed_Crow/XC470232-Japan2003_25_LargebillCrow_connectens_calls_chunk008.wav,3.0,XC470232-Japan2003_25_LargebillCrow_connectens_calls.mp3
Large-billed_Crow,XC470232-Japan2003_25_LargebillCrow_connectens_calls,9,data/processed/Large-billed_Crow/XC470232-Japan2003_25_LargebillCrow_connectens_calls_chunk009.wav,3.0,XC470232-Japan2003_25_LargebillCrow_connectens_calls.mp3
Large-billed_Crow,XC470232-Japan2003_25_LargebillCrow_connectens_calls,10,data/processed/Large-billed_Crow/XC470232-Japan2003_25_LargebillCrow_connectens_calls_chunk010.wav,3.0,XC470232-Japan2003_25_LargebillCrow_connectens_calls.mp3
Large-billed_Crow,XC470232-Japan2003_25_LargebillCrow_connectens_calls,11,data/processed/Large-billed_Crow/XC470232-Japan2003_25_LargebillCrow_connectens_calls_chunk011.wav,3.0,XC470232-Japan2003_25_LargebillCrow_connectens_calls.mp3
Large-billed_Crow,XC470232-Japan2003_25_LargebillCrow_connectens_calls,12,data/processed/Large-billed_Crow/XC470232-Japan2003_25_LargebillCrow_connectens_calls_chunk012.wav,3.0,XC470232-Japan2003_25_LargebillCrow_connectens_calls.mp3
Large-billed_Crow,XC470232-Japan2003_25_LargebillCrow_connectens_calls,13,data/processed/Large-billed_Crow/XC470232-Japan2003_25_LargebillCrow_connectens_calls_chunk013.wav,3.0,XC470232-Japan2003_25_LargebillCrow_connectens_calls.mp3
Large-billed_Crow,XC470232-Japan2003_25_LargebillCrow_connectens_calls,14,data/processed/Large-billed_Crow/XC470232-Japan2003_25_LargebillCrow_connectens_calls_chunk014.wav,3.0,XC470232-Japan2003_25_LargebillCrow_connectens_calls.mp3
Large-billed_Crow,XC470232-Japan2003_25_LargebillCrow_connectens_calls,15,data/processed/Large-billed_Crow/XC470232-Japan2003_25_LargebillCrow_connectens_calls_chunk015.wav,3.0,XC470232-Japan2003_25_LargebillCrow_connectens_calls.mp3
Large-billed_Crow,XC470233-Japan2003_26_LargebillCrow_connectens,0,data/processed/Large-billed_Crow/XC470233-Japan2003_26_LargebillCrow_connectens_chunk000.wav,3.0,XC470233-Japan2003_26_LargebillCrow_connectens.mp3
Large-billed_Crow,XC470233-Japan2003_26_LargebillCrow_connectens,1,data/processed/Large-billed_Crow/XC470233-Japan2003_26_LargebillCrow_connectens_chunk001.wav,3.0,XC470233-Japan2003_26_LargebillCrow_connectens.mp3
Large-billed_Crow,XC470233-Japan2003_26_LargebillCrow_connectens,2,data/processed/Large-billed_Crow/XC470233-Japan2003_26_LargebillCrow_connectens_chunk002.wav,3.0,XC470233-Japan2003_26_LargebillCrow_connectens.mp3
Large-billed_Crow,XC470233-Japan2003_26_LargebillCrow_connectens,3,data/processed/Large-billed_Crow/XC470233-Japan2003_26_LargebillCrow_connectens_chunk003.wav,3.0,XC470233-Japan2003_26_LargebillCrow_connectens.mp3
Large-billed_Crow,XC470233-Japan2003_26_LargebillCrow_connectens,4,data/processed/Large-billed_Crow/XC470233-Japan2003_26_LargebillCrow_connectens_chunk004.wav,3.0,XC470233-Japan2003_26_LargebillCrow_connectens.mp3
Large-billed_Crow,XC470233-Japan2003_26_LargebillCrow_connectens,5,data/processed/Large-billed_Crow/XC470233-Japan2003_26_LargebillCrow_connectens_chunk005.wav,3.0,XC470233-Japan2003_26_LargebillCrow_connectens.mp3
Large-billed_Crow,XC470233-Japan2003_26_LargebillCrow_connectens,6,data/processed/Large-billed_Crow/XC470233-Japan2003_26_LargebillCrow_connectens_chunk006.wav,3.0,XC470233-Japan2003_26_LargebillCrow_connectens.mp3
Large-billed_Crow,XC470233-Japan2003_26_LargebillCrow_connectens,7,data/processed/Large-billed_Crow/XC470233-Japan2003_26_LargebillCrow_connectens_chunk007.wav,3.0,XC470233-Japan2003_26_LargebillCrow_connectens.mp3
Large-billed_Crow,XC470233-Japan2003_26_LargebillCrow_connectens,8,data/processed/Large-billed_Crow/XC470233-Japan2003_26_LargebillCrow_connectens_chunk008.wav,3.0,XC470233-Japan2003_26_LargebillCrow_connectens.mp3
Large-billed_Crow,XC470233-Japan2003_26_LargebillCrow_connectens,9,data/processed/Large-billed_Crow/XC470233-Japan2003_26_LargebillCrow_connectens_chunk009.wav,3.0,XC470233-Japan2003_26_LargebillCrow_connectens.mp3
Large-billed_Crow,XC470233-Japan2003_26_LargebillCrow_connectens,10,data/processed/Large-billed_Crow/XC470233-Japan2003_26_LargebillCrow_connectens_chunk010.wav,3.0,XC470233-Japan2003_26_LargebillCrow_connectens.mp3
Large-billed_Crow,XC470233-Japan2003_26_LargebillCrow_connectens,11,data/processed/Large-billed_Crow/XC470233-Japan2003_26_LargebillCrow_connectens_chunk011.wav,3.0,XC470233-Japan2003_26_LargebillCrow_connectens.mp3
Large-billed_Crow,XC470233-Japan2003_26_LargebillCrow_connectens,12,data/processed/Large-billed_Crow/XC470233-Japan2003_26_LargebillCrow_connectens_chunk012.wav,3.0,XC470233-Japan2003_26_LargebillCrow_connectens.mp3
Large-billed_Crow,XC470233-Japan2003_26_LargebillCrow_connectens,13,data/processed/Large-billed_Crow/XC470233-Japan2003_26_LargebillCrow_connectens_chunk013.wav,3.0,XC470233-Japan2003_26_LargebillCrow_connectens.mp3
Large-billed_Crow,XC470233-Japan2003_26_LargebillCrow_connectens,14,data/processed/Large-billed_Crow/XC470233-Japan2003_26_LargebillCrow_connectens_chunk014.wav,3.0,XC470233-Japan2003_26_LargebillCrow_connectens.mp3
Large-billed_Crow,XC470233-Japan2003_26_LargebillCrow_connectens,15,data/processed/Large-billed_Crow/XC470233-Japan2003_26_LargebillCrow_connectens_chunk015.wav,3.0,XC470233-Japan2003_26_LargebillCrow_connectens.mp3
Large-billed_Crow,XC470233-Japan2003_26_LargebillCrow_connectens,16,data/processed/Large-billed_Crow/XC470233-Japan2003_26_LargebillCrow_connectens_chunk016.wav,3.0,XC470233-Japan2003_26_LargebillCrow_connectens.mp3
Large-billed_Crow,XC470233-Japan2003_26_LargebillCrow_connectens,17,data/processed/Large-billed_Crow/XC470233-Japan2003_26_LargebillCrow_connectens_chunk017.wav,3.0,XC470233-Japan2003_26_LargebillCrow_connectens.mp3
Large-billed_Crow,XC530533-200216_2325,0,data/processed/Large-billed_Crow/XC530533-200216_2325_chunk000.wav,3.0,XC530533-200216_2325.mp3
Large-billed_Crow,XC530533-200216_2325,1,data/processed/Large-billed_Crow/XC530533-200216_2325_chunk001.wav,3.0,XC530533-200216_2325.mp3
Large-billed_Crow,XC530533-200216_2325,2,data/processed/Large-billed_Crow/XC530533-200216_2325_chunk002.wav,3.0,XC530533-200216_2325.mp3
Large-billed_Crow,XC530533-200216_2325,3,data/processed/Large-billed_Crow/XC530533-200216_2325_chunk003.wav,3.0,XC530533-200216_2325.mp3
Large-billed_Crow,XC530533-200216_2325,4,data/processed/Large-billed_Crow/XC530533-200216_2325_chunk004.wav,3.0,XC530533-200216_2325.mp3
Large-billed_Crow,XC530533-200216_2325,5,data/processed/Large-billed_Crow/XC530533-200216_2325_chunk005.wav,3.0,XC530533-200216_2325.mp3
Large-billed_Crow,XC530533-200216_2325,6,data/processed/Large-billed_Crow/XC530533-200216_2325_chunk006.wav,3.0,XC530533-200216_2325.mp3
Large-billed_Crow,XC530533-200216_2325,7,data/processed/Large-billed_Crow/XC530533-200216_2325_chunk007.wav,3.0,XC530533-200216_2325.mp3
Large-billed_Crow,XC530533-200216_2325,8,data/processed/Large-billed_Crow/XC530533-200216_2325_chunk008.wav,3.0,XC530533-200216_2325.mp3
Large-billed_Crow,XC530533-200216_2325,9,data/processed/Large-billed_Crow/XC530533-200216_2325_chunk009.wav,3.0,XC530533-200216_2325.mp3
Large-billed_Crow,XC530533-200216_2325,10,data/processed/Large-billed_Crow/XC530533-200216_2325_chunk010.wav,3.0,XC530533-200216_2325.mp3
Large-billed_Crow,XC530533-200216_2325,11,data/processed/Large-billed_Crow/XC530533-200216_2325_chunk011.wav,3.0,XC530533-200216_2325.mp3
Large-billed_Crow,XC530533-200216_2325,12,data/processed/Large-billed_Crow/XC530533-200216_2325_chunk012.wav,3.0,XC530533-200216_2325.mp3
Large-billed_Crow,XC530533-200216_2325,13,data/processed/Large-billed_Crow/XC530533-200216_2325_chunk013.wav,3.0,XC530533-200216_2325.mp3
Large-billed_Crow,XC530533-200216_2325,14,data/processed/Large-billed_Crow/XC530533-200216_2325_chunk014.wav,3.0,XC530533-200216_2325.mp3
Large-billed_Crow,XC530533-200216_2325,15,data/processed/Large-billed_Crow/XC530533-200216_2325_chunk015.wav,3.0,XC530533-200216_2325.mp3
Large-billed_Crow,XC530533-200216_2325,16,data/processed/Large-billed_Crow/XC530533-200216_2325_chunk016.wav,3.0,XC530533-200216_2325.mp3
Large-billed_Crow,XC530533-200216_2325,17,data/processed/Large-billed_Crow/XC530533-200216_2325_chunk017.wav,3.0,XC530533-200216_2325.mp3
Large-billed_Crow,XC530533-200216_2325,18,data/processed/Large-billed_Crow/XC530533-200216_2325_chunk018.wav,3.0,XC530533-200216_2325.mp3
Large-billed_Crow,XC530533-200216_2325,19,data/processed/Large-billed_Crow/XC530533-200216_2325_chunk019.wav,3.0,XC530533-200216_2325.mp3
Large-billed_Crow,XC530533-200216_2325,20,data/processed/Large-billed_Crow/XC530533-200216_2325_chunk020.wav,3.0,XC530533-200216_2325.mp3
Large-billed_Crow,XC915191-large-billed-crow-ueno-tokyo-240608_0654,0,data/processed/Large-billed_Crow/XC915191-large-billed-crow-ueno-tokyo-240608_0654_chunk000.wav,3.0,XC915191-large-billed-crow-ueno-tokyo-240608_0654.mp3
Large-billed_Crow,XC915191-large-billed-crow-ueno-tokyo-240608_0654,1,data/processed/Large-billed_Crow/XC915191-large-billed-crow-ueno-tokyo-240608_0654_chunk001.wav,3.0,XC915191-large-billed-crow-ueno-tokyo-240608_0654.mp3
Large-billed_Crow,XC915191-large-billed-crow-ueno-tokyo-240608_0654,2,data/processed/Large-billed_Crow/XC915191-large-billed-crow-ueno-tokyo-240608_0654_chunk002.wav,3.0,XC915191-large-billed-crow-ueno-tokyo-240608_0654.mp3
Large-billed_Crow,XC915191-large-billed-crow-ueno-tokyo-240608_0654,3,data/processed/Large-billed_Crow/XC915191-large-billed-crow-ueno-tokyo-240608_0654_chunk003.wav,3.0,XC915191-large-billed-crow-ueno-tokyo-240608_0654.mp3
Large-billed_Crow,XC915191-large-billed-crow-ueno-tokyo-240608_0654,4,data/processed/Large-billed_Crow/XC915191-large-billed-crow-ueno-tokyo-240608_0654_chunk004.wav,3.0,XC915191-large-billed-crow-ueno-tokyo-240608_0654.mp3
Large-billed_Crow,XC915191-large-billed-crow-ueno-tokyo-240608_0654,5,data/processed/Large-billed_Crow/XC915191-large-billed-crow-ueno-tokyo-240608_0654_chunk005.wav,3.0,XC915191-large-billed-crow-ueno-tokyo-240608_0654.mp3
Large-billed_Crow,XC915191-large-billed-crow-ueno-tokyo-240608_0654,6,data/processed/Large-billed_Crow/XC915191-large-billed-crow-ueno-tokyo-240608_0654_chunk006.wav,3.0,XC915191-large-billed-crow-ueno-tokyo-240608_0654.mp3
Large-billed_Crow,XC915191-large-billed-crow-ueno-tokyo-240608_0654,7,data/processed/Large-billed_Crow/XC915191-large-billed-crow-ueno-tokyo-240608_0654_chunk007.wav,3.0,XC915191-large-billed-crow-ueno-tokyo-240608_0654.mp3
Large-billed_Crow,XC915205-large-billed-crow-shibujia-park--240606_0632,0,data/processed/Large-billed_Crow/XC915205-large-billed-crow-shibujia-park--240606_0632_chunk000.wav,3.0,XC915205-large-billed-crow-shibujia-park--240606_0632.mp3
Large-billed_Crow,XC915205-large-billed-crow-shibujia-park--240606_0632,1,data/processed/Large-billed_Crow/XC915205-large-billed-crow-shibujia-park--240606_0632_chunk001.wav,3.0,XC915205-large-billed-crow-shibujia-park--240606_0632.mp3
Large-billed_Crow,XC915205-large-billed-crow-shibujia-park--240606_0632,2,data/processed/Large-billed_Crow/XC915205-large-billed-crow-shibujia-park--240606_0632_chunk002.wav,3.0,XC915205-large-billed-crow-shibujia-park--240606_0632.mp3
Large-billed_Crow,XC915205-large-billed-crow-shibujia-park--240606_0632,3,data/processed/Large-billed_Crow/XC915205-large-billed-crow-shibujia-park--240606_0632_chunk003.wav,3.0,XC915205-large-billed-crow-shibujia-park--240606_0632.mp3
Large-billed_Crow,XC915205-large-billed-crow-shibujia-park--240606_0632,4,data/processed/Large-billed_Crow/XC915205-large-billed-crow-shibujia-park--240606_0632_chunk004.wav,3.0,XC915205-large-billed-crow-shibujia-park--240606_0632.mp3
Large-billed_Crow,XC915205-large-billed-crow-shibujia-park--240606_0632,5,data/processed/Large-billed_Crow/XC915205-large-billed-crow-shibujia-park--240606_0632_chunk005.wav,3.0,XC915205-large-billed-crow-shibujia-park--240606_0632.mp3
Large-billed_Crow,XC915205-large-billed-crow-shibujia-park--240606_0632,6,data/processed/Large-billed_Crow/XC915205-large-billed-crow-shibujia-park--240606_0632_chunk006.wav,3.0,XC915205-large-billed-crow-shibujia-park--240606_0632.mp3
Large-billed_Crow,XC915205-large-billed-crow-shibujia-park--240606_0632,7,data/processed/Large-billed_Crow/XC915205-large-billed-crow-shibujia-park--240606_0632_chunk007.wav,3.0,XC915205-large-billed-crow-shibujia-park--240606_0632.mp3
Large-billed_Crow,XC915205-large-billed-crow-shibujia-park--240606_0632,8,data/processed/Large-billed_Crow/XC915205-large-billed-crow-shibujia-park--240606_0632_chunk008.wav,3.0,XC915205-large-billed-crow-shibujia-park--240606_0632.mp3
Large-billed_Crow,XC915205-large-billed-crow-shibujia-park--240606_0632,9,data/processed/Large-billed_Crow/XC915205-large-billed-crow-shibujia-park--240606_0632_chunk009.wav,3.0,XC915205-large-billed-crow-shibujia-park--240606_0632.mp3
Large-billed_Crow,XC915205-large-billed-crow-shibujia-park--240606_0632,10,data/processed/Large-billed_Crow/XC915205-large-billed-crow-shibujia-park--240606_0632_chunk010.wav,3.0,XC915205-large-billed-crow-shibujia-park--240606_0632.mp3
Large-billed_Crow,large,0,data/processed/Large-billed_Crow/large_chunk000.wav,3.0,large bill crowe.mp3
Large-billed_Crow,largebilledcrow-taiwan140308farrow,0,data/processed/Large-billed_Crow/largebilledcrow-taiwan140308farrow_chunk000.wav,3.0,largebilledcrow-taiwan140308farrow.mp3
Large-billed_Crow,largebilledcrow-taiwan140308farrow,1,data/processed/Large-billed_Crow/largebilledcrow-taiwan140308farrow_chunk001.wav,3.0,largebilledcrow-taiwan140308farrow.mp3
Large-billed_Crow,largebilledcrow-taiwan140308farrow,2,data/processed/Large-billed_Crow/largebilledcrow-taiwan140308farrow_chunk002.wav,3.0,largebilledcrow-taiwan140308farrow.mp3
Large-billed_Crow,largebilledcrow-taiwan140308farrow,3,data/processed/Large-billed_Crow/largebilledcrow-taiwan140308farrow_chunk003.wav,3.0,largebilledcrow-taiwan140308farrow.mp3
Large-billed_Crow,largebilledcrow-taiwan140308farrow,4,data/processed/Large-billed_Crow/largebilledcrow-taiwan140308farrow_chunk004.wav,3.0,largebilledcrow-taiwan140308farrow.mp3
Large-billed_Crow,largebilledcrow-taiwan140308farrow,5,data/processed/Large-billed_Crow/largebilledcrow-taiwan140308farrow_chunk005.wav,3.0,largebilledcrow-taiwan140308farrow.mp3
Large-billed_Crow,largebilledcrow-taiwan140308farrow,6,data/processed/Large-billed_Crow/largebilledcrow-taiwan140308farrow_chunk006.wav,3.0,largebilledcrow-taiwan140308farrow.mp3
Large-billed_Crow,largebilledcrow-taiwan140308farrow,7,data/processed/Large-billed_Crow/largebilledcrow-taiwan140308farrow_chunk007.wav,3.0,largebilledcrow-taiwan140308farrow.mp3
Large-billed_Crow,largebilledcrow-taiwan140308farrow,8,data/processed/Large-billed_Crow/largebilledcrow-taiwan140308farrow_chunk008.wav,3.0,largebilledcrow-taiwan140308farrow.mp3
Large-billed_Crow,largebilledcrow-taiwan140308farrow,9,data/processed/Large-billed_Crow/largebilledcrow-taiwan140308farrow_chunk009.wav,3.0,largebilledcrow-taiwan140308farrow.mp3
Large-billed_Crow,largebilledcrow-taiwan140308farrow,10,data/processed/Large-billed_Crow/largebilledcrow-taiwan140308farrow_chunk010.wav,3.0,largebilledcrow-taiwan140308farrow.mp3
Large-billed_Crow,largebilledcrow-taiwan140308farrow,11,data/processed/Large-billed_Crow/largebilledcrow-taiwan140308farrow_chunk011.wav,3.0,largebilledcrow-taiwan140308farrow.mp3
Large-billed_Crow,largebilledcrow-taiwan140308farrow,12,data/processed/Large-billed_Crow/largebilledcrow-taiwan140308farrow_chunk012.wav,3.0,largebilledcrow-taiwan140308farrow.mp3
Large-billed_Crow,largebilledcrow-taiwan140308farrow,13,data/processed/Large-billed_Crow/largebilledcrow-taiwan140308farrow_chunk013.wav,3.0,largebilledcrow-taiwan140308farrow.mp3
Large-billed_Crow,largebilledcrow-taiwan140308farrow,14,data/processed/Large-billed_Crow/largebilledcrow-taiwan140308farrow_chunk014.wav,3.0,largebilledcrow-taiwan140308farrow.mp3
Large-billed_Crow,largebilledcrow-taiwan140308farrow,15,data/processed/Large-billed_Crow/largebilledcrow-taiwan140308farrow_chunk015.wav,3.0,largebilledcrow-taiwan140308farrow.mp3
Large-billed_Crow,largebilledcrow-taiwan140308farrow,16,data/processed/Large-billed_Crow/largebilledcrow-taiwan140308farrow_chunk016.wav,3.0,largebilledcrow-taiwan140308farrow.mp3
Large-billed_Crow,largebilledcrow-taiwan140308farrow,17,data/processed/Large-billed_Crow/largebilledcrow-taiwan140308farrow_chunk017.wav,3.0,largebilledcrow-taiwan140308farrow.mp3
Rook,76,0,data/processed/Rook/76_chunk000.wav,3.0,76.mp3
Rook,76,1,data/processed/Rook/76_chunk001.wav,3.0,76.mp3
Rook,76,2,data/processed/Rook/76_chunk002.wav,3.0,76.mp3
Rook,76,3,data/processed/Rook/76_chunk003.wav,3.0,76.mp3
Rook,76,4,data/processed/Rook/76_chunk004.wav,3.0,76.mp3
Rook,76,5,data/processed/Rook/76_chunk005.wav,3.0,76.mp3
Rook,76,6,data/processed/Rook/76_chunk006.wav,3.0,76.mp3
Rook,76,7,data/processed/Rook/76_chunk007.wav,3.0,76.mp3
Rook,76,8,data/processed/Rook/76_chunk008.wav,3.0,76.mp3
Rook,76,9,data/processed/Rook/76_chunk009.wav,3.0,76.mp3
Rook,76,10,data/processed/Rook/76_chunk010.wav,3.0,76.mp3
Rook,76,11,data/processed/Rook/76_chunk011.wav,3.0,76.mp3
Rook,76,12,data/processed/Rook/76_chunk012.wav,3.0,76.mp3
Rook,76,13,data/processed/Rook/76_chunk013.wav,3.0,76.mp3
Rook,76,14,data/processed/Rook/76_chunk014.wav,3.0,76.mp3
Rook,76,15,data/processed/Rook/76_chunk015.wav,3.0,76.mp3
Rook,76,16,data/processed/Rook/76_chunk016.wav,3.0,76.mp3
Rook,76,17,data/processed/Rook/76_chunk017.wav,3.0,76.mp3
Rook,Corvus_frugilegus_2008_04_27,0,data/processed/Rook/Corvus_frugilegus_2008_04_27_chunk000.wav,3.0,Corvus_frugilegus_2008_04_27.mp3
Rook,Corvus_frugilegus_2008_04_27,1,data/processed/Rook/Corvus_frugilegus_2008_04_27_chunk001.wav,3.0,Corvus_frugilegus_2008_04_27.mp3
Rook,Corvus_frugilegus_2008_04_27,2,data/processed/Rook/Corvus_frugilegus_2008_04_27_chunk002.wav,3.0,Corvus_frugilegus_2008_04_27.mp3
Rook,Corvus_frugilegus_2008_04_27,3,data/processed/Rook/Corvus_frugilegus_2008_04_27_chunk003.wav,3.0,Corvus_frugilegus_2008_04_27.mp3
Rook,Corvus_frugilegus_2008_04_27,4,data/processed/Rook/Corvus_frugilegus_2008_04_27_chunk004.wav,3.0,Corvus_frugilegus_2008_04_27.mp3
Rook,Corvus_frugilegus_2008_04_27,5,data/processed/Rook/Corvus_frugilegus_2008_04_27_chunk005.wav,3.0,Corvus_frugilegus_2008_04_27.mp3
Rook,Corvus_frugilegus_2008_04_27,6,data/processed/Rook/Corvus_frugilegus_2008_04_27_chunk006.wav,3.0,Corvus_frugilegus_2008_04_27.mp3
Rook,Corvus_frugilegus_2008_04_27,7,data/processed/Rook/Corvus_frugilegus_2008_04_27_chunk007.wav,3.0,Corvus_frugilegus_2008_04_27.mp3
Rook,Corvus_frugilegus_2008_04_27,8,data/processed/Rook/Corvus_frugilegus_2008_04_27_chunk008.wav,3.0,Corvus_frugilegus_2008_04_27.mp3
Rook,Corvus_frugilegus_2008_04_27,9,data/processed/Rook/Corvus_frugilegus_2008_04_27_chunk009.wav,3.0,Corvus_frugilegus_2008_04_27.mp3
Rook,Corvus_frugilegus_2008_04_27,10,data/processed/Rook/Corvus_frugilegus_2008_04_27_chunk010.wav,3.0,Corvus_frugilegus_2008_04_27.mp3
Rook,Corvus_frugilegus_2008_04_27,11,data/processed/Rook/Corvus_frugilegus_2008_04_27_chunk011.wav,3.0,Corvus_frugilegus_2008_04_27.mp3
Rook,Corvus_frugilegus_2008_04_27,12,data/processed/Rook/Corvus_frugilegus_2008_04_27_chunk012.wav,3.0,Corvus_frugilegus_2008_04_27.mp3
Rook,Corvus_frugilegus_2008_04_27,13,data/processed/Rook/Corvus_frugilegus_2008_04_27_chunk013.wav,3.0,Corvus_frugilegus_2008_04_27.mp3
Rook,Corvus_frugilegus_2008_04_27,14,data/processed/Rook/Corvus_frugilegus_2008_04_27_chunk014.wav,3.0,Corvus_frugilegus_2008_04_27.mp3
Rook,Corvus_frugilegus_2008_04_27,15,data/processed/Rook/Corvus_frugilegus_2008_04_27_chunk015.wav,3.0,Corvus_frugilegus_2008_04_27.mp3
Rook,Corvus_frugilegus_2008_04_27,16,data/processed/Rook/Corvus_frugilegus_2008_04_27_chunk016.wav,3.0,Corvus_frugilegus_2008_04_27.mp3
Rook,Corvus_frugilegus_2008_04_27,17,data/processed/Rook/Corvus_frugilegus_2008_04_27_chunk017.wav,3.0,Corvus_frugilegus_2008_04_27.mp3
Rook,Corvus_frugilegus_2008_04_27,18,data/processed/Rook/Corvus_frugilegus_2008_04_27_chunk018.wav,3.0,Corvus_frugilegus_2008_04_27.mp3
Rook,Corvus_frugilegus_2008_04_27,19,data/processed/Rook/Corvus_frugilegus_2008_04_27_chunk019.wav,3.0,Corvus_frugilegus_2008_04_27.mp3
Rook,Corvus_frugilegus_2008_04_27,20,data/processed/Rook/Corvus_frugilegus_2008_04_27_chunk020.wav,3.0,Corvus_frugilegus_2008_04_27.mp3
Rook,Corvus_frugilegus_2008_04_27,21,data/processed/Rook/Corvus_frugilegus_2008_04_27_chunk021.wav,3.0,Corvus_frugilegus_2008_04_27.mp3
Rook,Corvus_frugilegus_2008_04_27,22,data/processed/Rook/Corvus_frugilegus_2008_04_27_chunk022.wav,3.0,Corvus_frugilegus_2008_04_27.mp3
Rook,Corvus_frugilegus_2008_04_27,23,data/processed/Rook/Corvus_frugilegus_2008_04_27_chunk023.wav,3.0,Corvus_frugilegus_2008_04_27.mp3
Rook,Corvus_frugilegus_2008_04_27,24,data/processed/Rook/Corvus_frugilegus_2008_04_27_chunk024.wav,3.0,Corvus_frugilegus_2008_04_27.mp3
Rook,Corvus_frugilegus_2008_04_27,25,data/processed/Rook/Corvus_frugilegus_2008_04_27_chunk025.wav,3.0,Corvus_frugilegus_2008_04_27.mp3
Rook,Corvus_frugilegus_2008_04_27,26,data/processed/Rook/Corvus_frugilegus_2008_04_27_chunk026.wav,3.0,Corvus_frugilegus_2008_04_27.mp3
Rook,ROOK,0,data/processed/Rook/ROOK_chunk000.wav,3.0,ROOK Mundford Suffolk 4510.mp3
Rook,ROOK,1,data/processed/Rook/ROOK_chunk001.wav,3.0,ROOK Mundford Suffolk 4510.mp3
Rook,ROOK,2,data/processed/Rook/ROOK_chunk002.wav,3.0,ROOK Mundford Suffolk 4510.mp3
Rook,RakaAlnarpsparken,0,data/processed/Rook/RakaAlnarpsparken_chunk000.wav,3.0,RakaAlnarpsparken.mp3
Rook,RakaAlnarpsparken,1,data/processed/Rook/RakaAlnarpsparken_chunk001.wav,3.0,RakaAlnarpsparken.mp3
Rook,RakaAlnarpsparken,2,data/processed/Rook/RakaAlnarpsparken_chunk002.wav,3.0,RakaAlnarpsparken.mp3
Rook,RakaAlnarpsparken,3,data/processed/Rook/RakaAlnarpsparken_chunk003.wav,3.0,RakaAlnarpsparken.mp3
Rook,RakaAlnarpsparken,4,data/processed/Rook/RakaAlnarpsparken_chunk004.wav,3.0,RakaAlnarpsparken.mp3
Rook,RakaAlnarpsparken,5,data/processed/Rook/RakaAlnarpsparken_chunk005.wav,3.0,RakaAlnarpsparken.mp3
Rook,RakaAlnarpsparken,6,data/processed/Rook/RakaAlnarpsparken_chunk006.wav,3.0,RakaAlnarpsparken.mp3
Rook,RakaAlnarpsparken,7,data/processed/Rook/RakaAlnarpsparken_chunk007.wav,3.0,RakaAlnarpsparken.mp3
Rook,RakaAlnarpsparken,8,data/processed/Rook/RakaAlnarpsparken_chunk008.wav,3.0,RakaAlnarpsparken.mp3
Rook,RakaAlnarpsparken,9,data/processed/Rook/RakaAlnarpsparken_chunk009.wav,3.0,RakaAlnarpsparken.mp3
Rook,RakaAlnarpsparken,10,data/processed/Rook/RakaAlnarpsparken_chunk010.wav,3.0,RakaAlnarpsparken.mp3
Rook,RakaAlnarpsparken,11,data/processed/Rook/RakaAlnarpsparken_chunk011.wav,3.0,RakaAlnarpsparken.mp3
Rook,RakaAlnarpsparken,12,data/processed/Rook/RakaAlnarpsparken_chunk012.wav,3.0,RakaAlnarpsparken.mp3
Rook,RakaAlnarpsparken,13,data/processed/Rook/RakaAlnarpsparken_chunk013.wav,3.0,RakaAlnarpsparken.mp3
Rook,RakaAlnarpsparken,14,data/processed/Rook/RakaAlnarpsparken_chunk014.wav,3.0,RakaAlnarpsparken.mp3
Rook,RakaAlnarpsparken,15,data/processed/Rook/RakaAlnarpsparken_chunk015.wav,3.0,RakaAlnarpsparken.mp3
Rook,RakaAlnarpsparken,16,data/processed/Rook/RakaAlnarpsparken_chunk016.wav,3.0,RakaAlnarpsparken.mp3
Rook,RakaAlnarpsparken,17,data/processed/Rook/RakaAlnarpsparken_chunk017.wav,3.0,RakaAlnarpsparken.mp3
Rook,RakaAlnarpsparken,18,data/processed/Rook/RakaAlnarpsparken_chunk018.wav,3.0,RakaAlnarpsparken.mp3
Rook,RakaSjobo,0,data/processed/Rook/RakaSjobo_chunk000.wav,3.0,RakaSjobo.mp3
Rook,RakaSjobo,1,data/processed/Rook/RakaSjobo_chunk001.wav,3.0,RakaSjobo.mp3
Rook,RakaSjobo,2,data/processed/Rook/RakaSjobo_chunk002.wav,3.0,RakaSjobo.mp3
Rook,RakaSjobo,3,data/processed/Rook/RakaSjobo_chunk003.wav,3.0,RakaSjobo.mp3
Rook,RakaSjobo,4,data/processed/Rook/RakaSjobo_chunk004.wav,3.0,RakaSjobo.mp3
Rook,RakaSjobo,5,data/processed/Rook/RakaSjobo_chunk005.wav,3.0,RakaSjobo.mp3
Rook,RakaSjobo,6,data/processed/Rook/RakaSjobo_chunk006.wav,3.0,RakaSjobo.mp3
Rook,RakaSjobo,7,data/processed/Rook/RakaSjobo_chunk007.wav,3.0,RakaSjobo.mp3
Rook,RakaSjobo,8,data/processed/Rook/RakaSjobo_chunk008.wav,3.0,RakaSjobo.mp3
Rook,RakaSjobo,9,data/processed/Rook/RakaSjobo_chunk009.wav,3.0,RakaSjobo.mp3
Rook,RakaSjobo,10,data/processed/Rook/RakaSjobo_chunk010.wav,3.0,RakaSjobo.mp3
Rook,RakaSjobo,11,data/processed/Rook/RakaSjobo_chunk011.wav,3.0,RakaSjobo.mp3
Rook,RakaSjobo,12,data/processed/Rook/RakaSjobo_chunk012.wav,3.0,RakaSjobo.mp3
Rook,RakaSjobo,13,data/processed/Rook/RakaSjobo_chunk013.wav,3.0,RakaSjobo.mp3
Rook,RakaSjobo,14,data/processed/Rook/RakaSjobo_chunk014.wav,3.0,RakaSjobo.mp3
Rook,Rook,0,data/processed/Rook/Rook_chunk000.wav,3.0,Rook.mp3
Rook,Rook,1,data/processed/Rook/Rook_chunk001.wav,3.0,Rook.mp3
Rook,Rook,2,data/processed/Rook/Rook_chunk002.wav,3.0,Rook.mp3
Rook,Rook,3,data/processed/Rook/Rook_chunk003.wav,3.0,Rook.mp3
Rook,Rook,4,data/processed/Rook/Rook_chunk004.wav,3.0,Rook.mp3
Rook,Rook,5,data/processed/Rook/Rook_chunk005.wav,3.0,Rook.mp3
Rook,Rook,6,data/processed/Rook/Rook_chunk006.wav,3.0,Rook.mp3
Rook,Rook,7,data/processed/Rook/Rook_chunk007.wav,3.0,Rook.mp3
Rook,Rook,8,data/processed/Rook/Rook_chunk008.wav,3.0,Rook.mp3
Rook,Rook,9,data/processed/Rook/Rook_chunk009.wav,3.0,Rook.mp3
Rook,Rook,10,data/processed/Rook/Rook_chunk010.wav,3.0,Rook.mp3
Rook,Rook,11,data/processed/Rook/Rook_chunk011.wav,3.0,Rook.mp3
Rook,Rook,12,data/processed/Rook/Rook_chunk012.wav,3.0,Rook.mp3
Rook,Rook,13,data/processed/Rook/Rook_chunk013.wav,3.0,Rook.mp3
Rook,Rook,14,data/processed/Rook/Rook_chunk014.wav,3.0,Rook.mp3
Rook,Rook,15,data/processed/Rook/Rook_chunk015.wav,3.0,Rook.mp3
Rook,Rook,16,data/processed/Rook/Rook_chunk016.wav,3.0,Rook.mp3
Rook,Rook,17,data/processed/Rook/Rook_chunk017.wav,3.0,Rook.mp3
Rook,Rook,18,data/processed/Rook/Rook_chunk018.wav,3.0,Rook.mp3
Rook,Rook,19,data/processed/Rook/Rook_chunk019.wav,3.0,Rook.mp3
Rook,Rook,20,data/processed/Rook/Rook_chunk020.wav,3.0,Rook.mp3
Rook,Rook,21,data/processed/Rook/Rook_chunk021.wav,3.0,Rook.mp3
Rook,Rook,22,data/processed/Rook/Rook_chunk022.wav,3.0,Rook.mp3
Rook,Rook7March2010OnnenNetherlands,0,data/processed/Rook/Rook7March2010OnnenNetherlands_chunk000.wav,3.0,Rook7March2010OnnenNetherlands.mp3
Rook,Rook7March2010OnnenNetherlands,1,data/processed/Rook/Rook7March2010OnnenNetherlands_chunk001.wav,3.0,Rook7March2010OnnenNetherlands.mp3
Rook,Rook7March2010OnnenNetherlands,2,data/processed/Rook/Rook7March2010OnnenNetherlands_chunk002.wav,3.0,Rook7March2010OnnenNetherlands.mp3
Rook,Rook_20110425_070135,0,data/processed/Rook/Rook_20110425_070135_chunk000.wav,3.0,Rook_20110425_070135.mp3
Rook,Rook_20110425_070135,1,data/processed/Rook/Rook_20110425_070135_chunk001.wav,3.0,Rook_20110425_070135.mp3
Rook,Rook_20110425_070135,2,data/processed/Rook/Rook_20110425_070135_chunk002.wav,3.0,Rook_20110425_070135.mp3
Rook,Rook_20110425_070135,3,data/processed/Rook/Rook_20110425_070135_chunk003.wav,3.0,Rook_20110425_070135.mp3
Rook,Rook_20110425_070135,4,data/processed/Rook/Rook_20110425_070135_chunk004.wav,3.0,Rook_20110425_070135.mp3
Rook,Rook_20110425_070135,5,data/processed/Rook/Rook_20110425_070135_chunk005.wav,3.0,Rook_20110425_070135.mp3
Rook,Rook_20110425_070135,6,data/processed/Rook/Rook_20110425_070135_chunk006.wav,3.0,Rook_20110425_070135.mp3
Rook,Rook_20110425_070135,7,data/processed/Rook/Rook_20110425_070135_chunk007.wav,3.0,Rook_20110425_070135.mp3
Rook,Rook_20110425_070135,8,data/processed/Rook/Rook_20110425_070135_chunk008.wav,3.0,Rook_20110425_070135.mp3
Rook,Rook_20110425_070135,9,data/processed/Rook/Rook_20110425_070135_chunk009.wav,3.0,Rook_20110425_070135.mp3
Rook,Rook_20110425_070135,10,data/processed/Rook/Rook_20110425_070135_chunk010.wav,3.0,Rook_20110425_070135.mp3
Rook,Rook_20110425_070135,11,data/processed/Rook/Rook_20110425_070135_chunk011.wav,3.0,Rook_20110425_070135.mp3
Rook,Rook_20110425_070135,12,data/processed/Rook/Rook_20110425_070135_chunk012.wav,3.0,Rook_20110425_070135.mp3
Rook,Rook_20110425_070135,13,data/processed/Rook/Rook_20110425_070135_chunk013.wav,3.0,Rook_20110425_070135.mp3
Rook,Rook_20110425_070135,14,data/processed/Rook/Rook_20110425_070135_chunk014.wav,3.0,Rook_20110425_070135.mp3
Rook,Rook_20110425_070135,15,data/processed/Rook/Rook_20110425_070135_chunk015.wav,3.0,Rook_20110425_070135.mp3
Rook,Rook_20110425_070135,16,data/processed/Rook/Rook_20110425_070135_chunk016.wav,3.0,Rook_20110425_070135.mp3
Rook,SaatkrRuesdMoor21-5-11_8-25,0,data/processed/Rook/SaatkrRuesdMoor21-5-11_8-25_chunk000.wav,3.0,SaatkrRuesdMoor21-5-11_8-25.mp3
Rook,SaatkrRuesdMoor21-5-11_8-25,1,data/processed/Rook/SaatkrRuesdMoor21-5-11_8-25_chunk001.wav,3.0,SaatkrRuesdMoor21-5-11_8-25.mp3
Rook,SaatkrRuesdMoor21-5-11_8-25,2,data/processed/Rook/SaatkrRuesdMoor21-5-11_8-25_chunk002.wav,3.0,SaatkrRuesdMoor21-5-11_8-25.mp3
Rook,SaatkrRuesdMoor21-5-11_8-25,3,data/processed/Rook/SaatkrRuesdMoor21-5-11_8-25_chunk003.wav,3.0,SaatkrRuesdMoor21-5-11_8-25.mp3
Rook,SaatkrRuesdMoor21-5-11_8-25,4,data/processed/Rook/SaatkrRuesdMoor21-5-11_8-25_chunk004.wav,3.0,SaatkrRuesdMoor21-5-11_8-25.mp3
Rook,SaatkrRuesdMoor21-5-11_8-25,5,data/processed/Rook/SaatkrRuesdMoor21-5-11_8-25_chunk005.wav,3.0,SaatkrRuesdMoor21-5-11_8-25.mp3
Rook,SaatkrRuesdMoor21-5-11_8-25,6,data/processed/Rook/SaatkrRuesdMoor21-5-11_8-25_chunk006.wav,3.0,SaatkrRuesdMoor21-5-11_8-25.mp3
Rook,SaatkrRuesdMoor21-5-11_8-25,7,data/processed/Rook/SaatkrRuesdMoor21-5-11_8-25_chunk007.wav,3.0,SaatkrRuesdMoor21-5-11_8-25.mp3
Rook,SaatkrRuesdMoor21-5-11_8-25,8,data/processed/Rook/SaatkrRuesdMoor21-5-11_8-25_chunk008.wav,3.0,SaatkrRuesdMoor21-5-11_8-25.mp3
Rook,SaatkrRuesdMoor21-5-11_8-25,9,data/processed/Rook/SaatkrRuesdMoor21-5-11_8-25_chunk009.wav,3.0,SaatkrRuesdMoor21-5-11_8-25.mp3
Rook,SaatkrRuesdMoor21-5-11_8-25,10,data/processed/Rook/SaatkrRuesdMoor21-5-11_8-25_chunk010.wav,3.0,SaatkrRuesdMoor21-5-11_8-25.mp3
Rook,SaatkrRuesdMoor21-5-11_8-25,11,data/processed/Rook/SaatkrRuesdMoor21-5-11_8-25_chunk011.wav,3.0,SaatkrRuesdMoor21-5-11_8-25.mp3
Rook,XC-CORFRU,0,data/processed/Rook/XC-CORFRU_chunk000.wav,3.0,XC-CORFRU.mp3
Rook,XC-CORFRU,1,data/processed/Rook/XC-CORFRU_chunk001.wav,3.0,XC-CORFRU.mp3
Rook,XC-CORFRU,2,data/processed/Rook/XC-CORFRU_chunk002.wav,3.0,XC-CORFRU.mp3
Rook,XC-CORFRU,3,data/processed/Rook/XC-CORFRU_chunk003.wav,3.0,XC-CORFRU.mp3
Rook,XC-CORFRU,4,data/processed/Rook/XC-CORFRU_chunk004.wav,3.0,XC-CORFRU.mp3
Rook,XC-CORFRU,5,data/processed/Rook/XC-CORFRU_chunk005.wav,3.0,XC-CORFRU.mp3
Rook,XC-CORFRU,6,data/processed/Rook/XC-CORFRU_chunk006.wav,3.0,XC-CORFRU.mp3
Rook,XC-CORFRU,7,data/processed/Rook/XC-CORFRU_chunk007.wav,3.0,XC-CORFRU.mp3
Rook,XC-CORFRU,8,data/processed/Rook/XC-CORFRU_chunk008.wav,3.0,XC-CORFRU.mp3
Rook,XC-CORFRU,9,data/processed/Rook/XC-CORFRU_chunk009.wav,3.0,XC-CORFRU.mp3
Rook,XC-CORFRU,10,data/processed/Rook/XC-CORFRU_chunk010.wav,3.0,XC-CORFRU.mp3
Rook,XC-CORFRU,11,data/processed/Rook/XC-CORFRU_chunk011.wav,3.0,XC-CORFRU.mp3
Rook,XC-CORFRU,12,data/processed/Rook/XC-CORFRU_chunk012.wav,3.0,XC-CORFRU.mp3
Rook,XC-CORFRU,13,data/processed/Rook/XC-CORFRU_chunk013.wav,3.0,XC-CORFRU.mp3
Rook,XC-CORFRU,14,data/processed/Rook/XC-CORFRU_chunk014.wav,3.0,XC-CORFRU.mp3
Rook,XC-CORFRU,15,data/processed/Rook/XC-CORFRU_chunk015.wav,3.0,XC-CORFRU.mp3
Rook,XC-CORFRU,16,data/processed/Rook/XC-CORFRU_chunk016.wav,3.0,XC-CORFRU.mp3
Rook,XC-CORFRU,17,data/processed/Rook/XC-CORFRU_chunk017.wav,3.0,XC-CORFRU.mp3
Rook,XC-CORFRU,18,data/processed/Rook/XC-CORFRU_chunk018.wav,3.0,XC-CORFRU.mp3
Rook,XC-CORFRU,19,data/processed/Rook/XC-CORFRU_chunk019.wav,3.0,XC-CORFRU.mp3
Rook,XC113543-Corvus_frugilegus_Poland_Jarek_Matusiak_20121126-000,0,data/processed/Rook/XC113543-Corvus_frugilegus_Poland_Jarek_Matusiak_20121126-000_chunk000.wav,3.0,XC113543-Corvus_frugilegus_Poland_Jarek_Matusiak_20121126-000.mp3
Rook,XC113543-Corvus_frugilegus_Poland_Jarek_Matusiak_20121126-000,1,data/processed/Rook/XC113543-Corvus_frugilegus_Poland_Jarek_Matusiak_20121126-000_chunk001.wav,3.0,XC113543-Corvus_frugilegus_Poland_Jarek_Matusiak_20121126-000.mp3
Rook,XC113543-Corvus_frugilegus_Poland_Jarek_Matusiak_20121126-000,2,data/processed/Rook/XC113543-Corvus_frugilegus_Poland_Jarek_Matusiak_20121126-000_chunk002.wav,3.0,XC113543-Corvus_frugilegus_Poland_Jarek_Matusiak_20121126-000.mp3
Rook,XC113543-Corvus_frugilegus_Poland_Jarek_Matusiak_20121126-000,3,data/processed/Rook/XC113543-Corvus_frugilegus_Poland_Jarek_Matusiak_20121126-000_chunk003.wav,3.0,XC113543-Corvus_frugilegus_Poland_Jarek_Matusiak_20121126-000.mp3
Rook,XC113543-Corvus_frugilegus_Poland_Jarek_Matusiak_20121126-000,4,data/processed/Rook/XC113543-Corvus_frugilegus_Poland_Jarek_Matusiak_20121126-000_chunk004.wav,3.0,XC113543-Corvus_frugilegus_Poland_Jarek_Matusiak_20121126-000.mp3
Rook,XC113543-Corvus_frugilegus_Poland_Jarek_Matusiak_20121126-000,5,data/processed/Rook/XC113543-Corvus_frugilegus_Poland_Jarek_Matusiak_20121126-000_chunk005.wav,3.0,XC113543-Corvus_frugilegus_Poland_Jarek_Matusiak_20121126-000.mp3
Rook,XC113543-Corvus_frugilegus_Poland_Jarek_Matusiak_20121126-000,6,data/processed/Rook/XC113543-Corvus_frugilegus_Poland_Jarek_Matusiak_20121126-000_chunk006.wav,3.0,XC113543-Corvus_frugilegus_Poland_Jarek_Matusiak_20121126-000.mp3
Rook,XC113543-Corvus_frugilegus_Poland_Jarek_Matusiak_20121126-000,7,data/processed/Rook/XC113543-Corvus_frugilegus_Poland_Jarek_Matusiak_20121126-000_chunk007.wav,3.0,XC113543-Corvus_frugilegus_Poland_Jarek_Matusiak_20121126-000.mp3
Rook,XC113543-Corvus_frugilegus_Poland_Jarek_Matusiak_20121126-000,8,data/processed/Rook/XC113543-Corvus_frugilegus_Poland_Jarek_Matusiak_20121126-000_chunk008.wav,3.0,XC113543-Corvus_frugilegus_Poland_Jarek_Matusiak_20121126-000.mp3
Rook,XC113543-Corvus_frugilegus_Poland_Jarek_Matusiak_20121126-000,9,data/processed/Rook/XC113543-Corvus_frugilegus_Poland_Jarek_Matusiak_20121126-000_chunk009.wav,3.0,XC113543-Corvus_frugilegus_Poland_Jarek_Matusiak_20121126-000.mp3
Rook,XC113543-Corvus_frugilegus_Poland_Jarek_Matusiak_20121126-000,10,data/processed/Rook/XC113543-Corvus_frugilegus_Poland_Jarek_Matusiak_20121126-000_chunk010.wav,3.0,XC113543-Corvus_frugilegus_Poland_Jarek_Matusiak_20121126-000.mp3
Rook,XC113543-Corvus_frugilegus_Poland_Jarek_Matusiak_20121126-000,11,data/processed/Rook/XC113543-Corvus_frugilegus_Poland_Jarek_Matusiak_20121126-000_chunk011.wav,3.0,XC113543-Corvus_frugilegus_Poland_Jarek_Matusiak_20121126-000.mp3
Rook,XC113543-Corvus_frugilegus_Poland_Jarek_Matusiak_20121126-000,12,data/processed/Rook/XC113543-Corvus_frugilegus_Poland_Jarek_Matusiak_20121126-000_chunk012.wav,3.0,XC113543-Corvus_frugilegus_Poland_Jarek_Matusiak_20121126-000.mp3
Rook,XC113543-Corvus_frugilegus_Poland_Jarek_Matusiak_20121126-000,13,data/processed/Rook/XC113543-Corvus_frugilegus_Poland_Jarek_Matusiak_20121126-000_chunk013.wav,3.0,XC113543-Corvus_frugilegus_Poland_Jarek_Matusiak_20121126-000.mp3
Rook,XC113543-Corvus_frugilegus_Poland_Jarek_Matusiak_20121126-000,14,data/processed/Rook/XC113543-Corvus_frugilegus_Poland_Jarek_Matusiak_20121126-000_chunk014.wav,3.0,XC113543-Corvus_frugilegus_Poland_Jarek_Matusiak_20121126-000.mp3
Rook,XC113543-Corvus_frugilegus_Poland_Jarek_Matusiak_20121126-000,15,data/processed/Rook/XC113543-Corvus_frugilegus_Poland_Jarek_Matusiak_20121126-000_chunk015.wav,3.0,XC113543-Corvus_frugilegus_Poland_Jarek_Matusiak_20121126-000.mp3
Rook,XC113543-Corvus_frugilegus_Poland_Jarek_Matusiak_20121126-000,16,data/processed/Rook/XC113543-Corvus_frugilegus_Poland_Jarek_Matusiak_20121126-000_chunk016.wav,3.0,XC113543-Corvus_frugilegus_Poland_Jarek_Matusiak_20121126-000.mp3
Rook,XC113543-Corvus_frugilegus_Poland_Jarek_Matusiak_20121126-000,17,data/processed/Rook/XC113543-Corvus_frugilegus_Poland_Jarek_Matusiak_20121126-000_chunk017.wav,3.0,XC113543-Corvus_frugilegus_Poland_Jarek_Matusiak_20121126-000.mp3
Rook,XC113543-Corvus_frugilegus_Poland_Jarek_Matusiak_20121126-000,18,data/processed/Rook/XC113543-Corvus_frugilegus_Poland_Jarek_Matusiak_20121126-000_chunk018.wav,3.0,XC113543-Corvus_frugilegus_Poland_Jarek_Matusiak_20121126-000.mp3
Rook,XC113543-Corvus_frugilegus_Poland_Jarek_Matusiak_20121126-000,19,data/processed/Rook/XC113543-Corvus_frugilegus_Poland_Jarek_Matusiak_20121126-000_chunk019.wav,3.0,XC113543-Corvus_frugilegus_Poland_Jarek_Matusiak_20121126-000.mp3
Rook,XC113543-Corvus_frugilegus_Poland_Jarek_Matusiak_20121126-000,20,data/processed/Rook/XC113543-Corvus_frugilegus_Poland_Jarek_Matusiak_20121126-000_chunk020.wav,3.0,XC113543-Corvus_frugilegus_Poland_Jarek_Matusiak_20121126-000.mp3
Rook,XC113543-Corvus_frugilegus_Poland_Jarek_Matusiak_20121126-000,21,data/processed/Rook/XC113543-Corvus_frugilegus_Poland_Jarek_Matusiak_20121126-000_chunk021.wav,3.0,XC113543-Corvus_frugilegus_Poland_Jarek_Matusiak_20121126-000.mp3
Rook,XC113543-Corvus_frugilegus_Poland_Jarek_Matusiak_20121126-000,22,data/processed/Rook/XC113543-Corvus_frugilegus_Poland_Jarek_Matusiak_20121126-000_chunk022.wav,3.0,XC113543-Corvus_frugilegus_Poland_Jarek_Matusiak_20121126-000.mp3
Rook,XC113543-Corvus_frugilegus_Poland_Jarek_Matusiak_20121126-000,23,data/processed/Rook/XC113543-Corvus_frugilegus_Poland_Jarek_Matusiak_20121126-000_chunk023.wav,3.0,XC113543-Corvus_frugilegus_Poland_Jarek_Matusiak_20121126-000.mp3
Rook,XC113543-Corvus_frugilegus_Poland_Jarek_Matusiak_20121126-000,24,data/processed/Rook/XC113543-Corvus_frugilegus_Poland_Jarek_Matusiak_20121126-000_chunk024.wav,3.0,XC113543-Corvus_frugilegus_Poland_Jarek_Matusiak_20121126-000.mp3
Rook,XC113543-Corvus_frugilegus_Poland_Jarek_Matusiak_20121126-000,25,data/processed/Rook/XC113543-Corvus_frugilegus_Poland_Jarek_Matusiak_20121126-000_chunk025.wav,3.0,XC113543-Corvus_frugilegus_Poland_Jarek_Matusiak_20121126-000.mp3
Rook,XC113543-Corvus_frugilegus_Poland_Jarek_Matusiak_20121126-000,26,data/processed/Rook/XC113543-Corvus_frugilegus_Poland_Jarek_Matusiak_20121126-000_chunk026.wav,3.0,XC113543-Corvus_frugilegus_Poland_Jarek_Matusiak_20121126-000.mp3
Rook,XC113543-Corvus_frugilegus_Poland_Jarek_Matusiak_20121126-000,27,data/processed/Rook/XC113543-Corvus_frugilegus_Poland_Jarek_Matusiak_20121126-000_chunk027.wav,3.0,XC113543-Corvus_frugilegus_Poland_Jarek_Matusiak_20121126-000.mp3
Rook,XC114505-Corvus_frugilegus_pastinator-FL,0,data/processed/Rook/XC114505-Corvus_frugilegus_pastinator-FL_chunk000.wav,3.0,"XC114505-Corvus_frugilegus_pastinator-FL calls  nr Tumuji town, Inner Mongolia, 9Jul12 LS112005.mp3"
Rook,XC114505-Corvus_frugilegus_pastinator-FL,1,data/processed/Rook/XC114505-Corvus_frugilegus_pastinator-FL_chunk001.wav,3.0,"XC114505-Corvus_frugilegus_pastinator-FL calls  nr Tumuji town, Inner Mongolia, 9Jul12 LS112005.mp3"
Rook,XC114505-Corvus_frugilegus_pastinator-FL,2,data/processed/Rook/XC114505-Corvus_frugilegus_pastinator-FL_chunk002.wav,3.0,"XC114505-Corvus_frugilegus_pastinator-FL calls  nr Tumuji town, Inner Mongolia, 9Jul12 LS112005.mp3"
Rook,XC114505-Corvus_frugilegus_pastinator-FL,3,data/processed/Rook/XC114505-Corvus_frugilegus_pastinator-FL_chunk003.wav,3.0,"XC114505-Corvus_frugilegus_pastinator-FL calls  nr Tumuji town, Inner Mongolia, 9Jul12 LS112005.mp3"
Rook,XC114505-Corvus_frugilegus_pastinator-FL,4,data/processed/Rook/XC114505-Corvus_frugilegus_pastinator-FL_chunk004.wav,3.0,"XC114505-Corvus_frugilegus_pastinator-FL calls  nr Tumuji town, Inner Mongolia, 9Jul12 LS112005.mp3"
Rook,XC114505-Corvus_frugilegus_pastinator-FL,5,data/processed/Rook/XC114505-Corvus_frugilegus_pastinator-FL_chunk005.wav,3.0,"XC114505-Corvus_frugilegus_pastinator-FL calls  nr Tumuji town, Inner Mongolia, 9Jul12 LS112005.mp3"
Rook,XC114505-Corvus_frugilegus_pastinator-FL,6,data/processed/Rook/XC114505-Corvus_frugilegus_pastinator-FL_chunk006.wav,3.0,"XC114505-Corvus_frugilegus_pastinator-FL calls  nr Tumuji town, Inner Mongolia, 9Jul12 LS112005.mp3"
Rook,XC114505-Corvus_frugilegus_pastinator-FL,7,data/processed/Rook/XC114505-Corvus_frugilegus_pastinator-FL_chunk007.wav,3.0,"XC114505-Corvus_frugilegus_pastinator-FL calls  nr Tumuji town, Inner Mongolia, 9Jul12 LS112005.mp3"
Rook,XC120416-05957_pfranke_110509_skrae_frugilegus_C_3_A,0,data/processed/Rook/XC120416-05957_pfranke_110509_skrae_frugilegus_C_3_A_chunk000.wav,3.0,XC120416-05957_pfranke_110509_skrae_frugilegus_C_3_A.mp3
Rook,XC120416-05957_pfranke_110509_skrae_frugilegus_C_3_A,1,data/processed/Rook/XC120416-05957_pfranke_110509_skrae_frugilegus_C_3_A_chunk001.wav,3.0,XC120416-05957_pfranke_110509_skrae_frugilegus_C_3_A.mp3
Rook,XC120416-05957_pfranke_110509_skrae_frugilegus_C_3_A,2,data/processed/Rook/XC120416-05957_pfranke_110509_skrae_frugilegus_C_3_A_chunk002.wav,3.0,XC120416-05957_pfranke_110509_skrae_frugilegus_C_3_A.mp3
Rook,XC120416-05957_pfranke_110509_skrae_frugilegus_C_3_A,3,data/processed/Rook/XC120416-05957_pfranke_110509_skrae_frugilegus_C_3_A_chunk003.wav,3.0,XC120416-05957_pfranke_110509_skrae_frugilegus_C_3_A.mp3
Rook,XC120416-05957_pfranke_110509_skrae_frugilegus_C_3_A,4,data/processed/Rook/XC120416-05957_pfranke_110509_skrae_frugilegus_C_3_A_chunk004.wav,3.0,XC120416-05957_pfranke_110509_skrae_frugilegus_C_3_A.mp3
Rook,XC121740-SaatkrRuesdS16-2-13_17-08,0,data/processed/Rook/XC121740-SaatkrRuesdS16-2-13_17-08_chunk000.wav,3.0,XC121740-SaatkrRuesdS16-2-13_17-08.mp3
Rook,XC121740-SaatkrRuesdS16-2-13_17-08,1,data/processed/Rook/XC121740-SaatkrRuesdS16-2-13_17-08_chunk001.wav,3.0,XC121740-SaatkrRuesdS16-2-13_17-08.mp3
Rook,XC121740-SaatkrRuesdS16-2-13_17-08,2,data/processed/Rook/XC121740-SaatkrRuesdS16-2-13_17-08_chunk002.wav,3.0,XC121740-SaatkrRuesdS16-2-13_17-08.mp3
Rook,XC121740-SaatkrRuesdS16-2-13_17-08,3,data/processed/Rook/XC121740-SaatkrRuesdS16-2-13_17-08_chunk003.wav,3.0,XC121740-SaatkrRuesdS16-2-13_17-08.mp3
Rook,XC121740-SaatkrRuesdS16-2-13_17-08,4,data/processed/Rook/XC121740-SaatkrRuesdS16-2-13_17-08_chunk004.wav,3.0,XC121740-SaatkrRuesdS16-2-13_17-08.mp3
Rook,XC121740-SaatkrRuesdS16-2-13_17-08,5,data/processed/Rook/XC121740-SaatkrRuesdS16-2-13_17-08_chunk005.wav,3.0,XC121740-SaatkrRuesdS16-2-13_17-08.mp3
Rook,XC121740-SaatkrRuesdS16-2-13_17-08,6,data/processed/Rook/XC121740-SaatkrRuesdS16-2-13_17-08_chunk006.wav,3.0,XC121740-SaatkrRuesdS16-2-13_17-08.mp3
Rook,XC121740-SaatkrRuesdS16-2-13_17-08,7,data/processed/Rook/XC121740-SaatkrRuesdS16-2-13_17-08_chunk007.wav,3.0,XC121740-SaatkrRuesdS16-2-13_17-08.mp3
Rook,XC121740-SaatkrRuesdS16-2-13_17-08,8,data/processed/Rook/XC121740-SaatkrRuesdS16-2-13_17-08_chunk008.wav,3.0,XC121740-SaatkrRuesdS16-2-13_17-08.mp3
Rook,XC128221-SaatkrHeide1-4-11_19-04,0,data/processed/Rook/XC128221-SaatkrHeide1-4-11_19-04_chunk000.wav,3.0,XC128221-SaatkrHeide1-4-11_19-04.mp3
Rook,XC128221-SaatkrHeide1-4-11_19-04,1,data/processed/Rook/XC128221-SaatkrHeide1-4-11_19-04_chunk001.wav,3.0,XC128221-SaatkrHeide1-4-11_19-04.mp3
Rook,XC128221-SaatkrHeide1-4-11_19-04,2,data/processed/Rook/XC128221-SaatkrHeide1-4-11_19-04_chunk002.wav,3.0,XC128221-SaatkrHeide1-4-11_19-04.mp3
Rook,XC128221-SaatkrHeide1-4-11_19-04,3,data/processed/Rook/XC128221-SaatkrHeide1-4-11_19-04_chunk003.wav,3.0,XC128221-SaatkrHeide1-4-11_19-04.mp3
Rook,XC128221-SaatkrHeide1-4-11_19-04,4,data/processed/Rook/XC128221-SaatkrHeide1-4-11_19-04_chunk004.wav,3.0,XC128221-SaatkrHeide1-4-11_19-04.mp3
Rook,XC128221-SaatkrHeide1-4-11_19-04,5,data/processed/Rook/XC128221-SaatkrHeide1-4-11_19-04_chunk005.wav,3.0,XC128221-SaatkrHeide1-4-11_19-04.mp3
Rook,XC128221-SaatkrHeide1-4-11_19-04,6,data/processed/Rook/XC128221-SaatkrHeide1-4-11_19-04_chunk006.wav,3.0,XC128221-SaatkrHeide1-4-11_19-04.mp3
Rook,XC128221-SaatkrHeide1-4-11_19-04,7,data/processed/Rook/XC128221-SaatkrHeide1-4-11_19-04_chunk007.wav,3.0,XC128221-SaatkrHeide1-4-11_19-04.mp3
Rook,XC128221-SaatkrHeide1-4-11_19-04,8,data/processed/Rook/XC128221-SaatkrHeide1-4-11_19-04_chunk008.wav,3.0,XC128221-SaatkrHeide1-4-11_19-04.mp3
Rook,XC128221-SaatkrHeide1-4-11_19-04,9,data/processed/Rook/XC128221-SaatkrHeide1-4-11_19-04_chunk009.wav,3.0,XC128221-SaatkrHeide1-4-11_19-04.mp3
Rook,XC128221-SaatkrHeide1-4-11_19-04,10,data/processed/Rook/XC128221-SaatkrHeide1-4-11_19-04_chunk010.wav,3.0,XC128221-SaatkrHeide1-4-11_19-04.mp3
Rook,XC128221-SaatkrHeide1-4-11_19-04,11,data/processed/Rook/XC128221-SaatkrHeide1-4-11_19-04_chunk011.wav,3.0,XC128221-SaatkrHeide1-4-11_19-04.mp3
Rook,XC128221-SaatkrHeide1-4-11_19-04,12,data/processed/Rook/XC128221-SaatkrHeide1-4-11_19-04_chunk012.wav,3.0,XC128221-SaatkrHeide1-4-11_19-04.mp3
Rook,XC128221-SaatkrHeide1-4-11_19-04,13,data/processed/Rook/XC128221-SaatkrHeide1-4-11_19-04_chunk013.wav,3.0,XC128221-SaatkrHeide1-4-11_19-04.mp3
Rook,XC128221-SaatkrHeide1-4-11_19-04,14,data/processed/Rook/XC128221-SaatkrHeide1-4-11_19-04_chunk014.wav,3.0,XC128221-SaatkrHeide1-4-11_19-04.mp3
Rook,XC128221-SaatkrHeide1-4-11_19-04,15,data/processed/Rook/XC128221-SaatkrHeide1-4-11_19-04_chunk015.wav,3.0,XC128221-SaatkrHeide1-4-11_19-04.mp3
Rook,XC128221-SaatkrHeide1-4-11_19-04,16,data/processed/Rook/XC128221-SaatkrHeide1-4-11_19-04_chunk016.wav,3.0,XC128221-SaatkrHeide1-4-11_19-04.mp3
Rook,XC128221-SaatkrHeide1-4-11_19-04,17,data/processed/Rook/XC128221-SaatkrHeide1-4-11_19-04_chunk017.wav,3.0,XC128221-SaatkrHeide1-4-11_19-04.mp3
Rook,XC128221-SaatkrHeide1-4-11_19-04,18,data/processed/Rook/XC128221-SaatkrHeide1-4-11_19-04_chunk018.wav,3.0,XC128221-SaatkrHeide1-4-11_19-04.mp3
Rook,XC132346-Corfru_Divonne_20130426_edited,0,data/processed/Rook/XC132346-Corfru_Divonne_20130426_edited_chunk000.wav,3.0,XC132346-Corfru_Divonne_20130426_edited.mp3
Rook,XC132346-Corfru_Divonne_20130426_edited,1,data/processed/Rook/XC132346-Corfru_Divonne_20130426_edited_chunk001.wav,3.0,XC132346-Corfru_Divonne_20130426_edited.mp3
Rook,XC132346-Corfru_Divonne_20130426_edited,2,data/processed/Rook/XC132346-Corfru_Divonne_20130426_edited_chunk002.wav,3.0,XC132346-Corfru_Divonne_20130426_edited.mp3
Rook,XC132346-Corfru_Divonne_20130426_edited,3,data/processed/Rook/XC132346-Corfru_Divonne_20130426_edited_chunk003.wav,3.0,XC132346-Corfru_Divonne_20130426_edited.mp3
Rook,XC132346-Corfru_Divonne_20130426_edited,4,data/processed/Rook/XC132346-Corfru_Divonne_20130426_edited_chunk004.wav,3.0,XC132346-Corfru_Divonne_20130426_edited.mp3
Rook,XC132346-Corfru_Divonne_20130426_edited,5,data/processed/Rook/XC132346-Corfru_Divonne_20130426_edited_chunk005.wav,3.0,XC132346-Corfru_Divonne_20130426_edited.mp3
Rook,XC132346-Corfru_Divonne_20130426_edited,6,data/processed/Rook/XC132346-Corfru_Divonne_20130426_edited_chunk006.wav,3.0,XC132346-Corfru_Divonne_20130426_edited.mp3
Rook,XC132346-Corfru_Divonne_20130426_edited,7,data/processed/Rook/XC132346-Corfru_Divonne_20130426_edited_chunk007.wav,3.0,XC132346-Corfru_Divonne_20130426_edited.mp3
Rook,XC132346-Corfru_Divonne_20130426_edited,8,data/processed/Rook/XC132346-Corfru_Divonne_20130426_edited_chunk008.wav,3.0,XC132346-Corfru_Divonne_20130426_edited.mp3
Rook,XC132346-Corfru_Divonne_20130426_edited,9,data/processed/Rook/XC132346-Corfru_Divonne_20130426_edited_chunk009.wav,3.0,XC132346-Corfru_Divonne_20130426_edited.mp3
Rook,XC132346-Corfru_Divonne_20130426_edited,10,data/processed/Rook/XC132346-Corfru_Divonne_20130426_edited_chunk010.wav,3.0,XC132346-Corfru_Divonne_20130426_edited.mp3
Rook,XC132346-Corfru_Divonne_20130426_edited,11,data/processed/Rook/XC132346-Corfru_Divonne_20130426_edited_chunk011.wav,3.0,XC132346-Corfru_Divonne_20130426_edited.mp3
Rook,XC132346-Corfru_Divonne_20130426_edited,12,data/processed/Rook/XC132346-Corfru_Divonne_20130426_edited_chunk012.wav,3.0,XC132346-Corfru_Divonne_20130426_edited.mp3
Rook,XC132346-Corfru_Divonne_20130426_edited,13,data/processed/Rook/XC132346-Corfru_Divonne_20130426_edited_chunk013.wav,3.0,XC132346-Corfru_Divonne_20130426_edited.mp3
Rook,XC132346-Corfru_Divonne_20130426_edited,14,data/processed/Rook/XC132346-Corfru_Divonne_20130426_edited_chunk014.wav,3.0,XC132346-Corfru_Divonne_20130426_edited.mp3
Rook,XC132346-Corfru_Divonne_20130426_edited,15,data/processed/Rook/XC132346-Corfru_Divonne_20130426_edited_chunk015.wav,3.0,XC132346-Corfru_Divonne_20130426_edited.mp3
Rook,XC133928-RookSC1,0,data/processed/Rook/XC133928-RookSC1_chunk000.wav,3.0,XC133928-RookSC1.mp3
Rook,XC133928-RookSC1,1,data/processed/Rook/XC133928-RookSC1_chunk001.wav,3.0,XC133928-RookSC1.mp3
Rook,XC133928-RookSC1,2,data/processed/Rook/XC133928-RookSC1_chunk002.wav,3.0,XC133928-RookSC1.mp3
Rook,XC133928-RookSC1,3,data/processed/Rook/XC133928-RookSC1_chunk003.wav,3.0,XC133928-RookSC1.mp3
Rook,XC133928-RookSC1,4,data/processed/Rook/XC133928-RookSC1_chunk004.wav,3.0,XC133928-RookSC1.mp3
Rook,XC133928-RookSC1,5,data/processed/Rook/XC133928-RookSC1_chunk005.wav,3.0,XC133928-RookSC1.mp3
Rook,XC133928-RookSC1,6,data/processed/Rook/XC133928-RookSC1_chunk006.wav,3.0,XC133928-RookSC1.mp3
Rook,XC133928-RookSC1,7,data/processed/Rook/XC133928-RookSC1_chunk007.wav,3.0,XC133928-RookSC1.mp3
Rook,XC133928-RookSC1,8,data/processed/Rook/XC133928-RookSC1_chunk008.wav,3.0,XC133928-RookSC1.mp3
Rook,XC133928-RookSC1,9,data/processed/Rook/XC133928-RookSC1_chunk009.wav,3.0,XC133928-RookSC1.mp3
Rook,XC133928-RookSC1,10,data/processed/Rook/XC133928-RookSC1_chunk010.wav,3.0,XC133928-RookSC1.mp3
Rook,XC138602-,0,data/processed/Rook/XC138602-_chunk000.wav,3.0,XC138602-.mp3
Rook,XC138602-,1,data/processed/Rook/XC138602-_chunk001.wav,3.0,XC138602-.mp3
Rook,XC138602-,2,data/processed/Rook/XC138602-_chunk002.wav,3.0,XC138602-.mp3
Rook,XC138602-,3,data/processed/Rook/XC138602-_chunk003.wav,3.0,XC138602-.mp3
Rook,XC138602-,4,data/processed/Rook/XC138602-_chunk004.wav,3.0,XC138602-.mp3
Rook,XC138602-,5,data/processed/Rook/XC138602-_chunk005.wav,3.0,XC138602-.mp3
Rook,XC138602-,6,data/processed/Rook/XC138602-_chunk006.wav,3.0,XC138602-.mp3
Rook,XC138602-,7,data/processed/Rook/XC138602-_chunk007.wav,3.0,XC138602-.mp3
Rook,XC138602-,8,data/processed/Rook/XC138602-_chunk008.wav,3.0,XC138602-.mp3
Rook,XC138602-,9,data/processed/Rook/XC138602-_chunk009.wav,3.0,XC138602-.mp3
Rook,XC138602-,10,data/processed/Rook/XC138602-_chunk010.wav,3.0,XC138602-.mp3
Rook,XC138602-,11,data/processed/Rook/XC138602-_chunk011.wav,3.0,XC138602-.mp3
Rook,XC138602-,12,data/processed/Rook/XC138602-_chunk012.wav,3.0,XC138602-.mp3
Rook,XC138602-,13,data/processed/Rook/XC138602-_chunk013.wav,3.0,XC138602-.mp3
Rook,XC138602-,14,data/processed/Rook/XC138602-_chunk014.wav,3.0,XC138602-.mp3
Rook,XC138602-,15,data/processed/Rook/XC138602-_chunk015.wav,3.0,XC138602-.mp3
Rook,XC138602-,16,data/processed/Rook/XC138602-_chunk016.wav,3.0,XC138602-.mp3
Rook,XC138602-,17,data/processed/Rook/XC138602-_chunk017.wav,3.0,XC138602-.mp3
Rook,XC138602-,18,data/processed/Rook/XC138602-_chunk018.wav,3.0,XC138602-.mp3
Rook,XC138602-,19,data/processed/Rook/XC138602-_chunk019.wav,3.0,XC138602-.mp3
Rook,XC138602-,20,data/processed/Rook/XC138602-_chunk020.wav,3.0,XC138602-.mp3
Rook,XC138602-,21,data/processed/Rook/XC138602-_chunk021.wav,3.0,XC138602-.mp3
Rook,XC138602-,22,data/processed/Rook/XC138602-_chunk022.wav,3.0,XC138602-.mp3
Rook,XC138602-,23,data/processed/Rook/XC138602-_chunk023.wav,3.0,XC138602-.mp3
Rook,XC138602-,24,data/processed/Rook/XC138602-_chunk024.wav,3.0,XC138602-.mp3
Rook,XC138602-,25,data/processed/Rook/XC138602-_chunk025.wav,3.0,XC138602-.mp3
Rook,XC138602-,26,data/processed/Rook/XC138602-_chunk026.wav,3.0,XC138602-.mp3
Rook,XC138602-,27,data/processed/Rook/XC138602-_chunk027.wav,3.0,XC138602-.mp3
Rook,XC138602-,28,data/processed/Rook/XC138602-_chunk028.wav,3.0,XC138602-.mp3
Rook,XC138602-,29,data/processed/Rook/XC138602-_chunk029.wav,3.0,XC138602-.mp3
Rook,XC138602-,30,data/processed/Rook/XC138602-_chunk030.wav,3.0,XC138602-.mp3
Rook,XC138602-,31,data/processed/Rook/XC138602-_chunk031.wav,3.0,XC138602-.mp3
Rook,XC138602-,32,data/processed/Rook/XC138602-_chunk032.wav,3.0,XC138602-.mp3
Rook,XC138602-,33,data/processed/Rook/XC138602-_chunk033.wav,3.0,XC138602-.mp3
Rook,XC141655-Corvfrugil_Poland_PSZ_2013_07_05_1432,0,data/processed/Rook/XC141655-Corvfrugil_Poland_PSZ_2013_07_05_1432_chunk000.wav,3.0,XC141655-Corvfrugil_Poland_PSZ_2013_07_05_1432.mp3
Rook,XC141655-Corvfrugil_Poland_PSZ_2013_07_05_1432,1,data/processed/Rook/XC141655-Corvfrugil_Poland_PSZ_2013_07_05_1432_chunk001.wav,3.0,XC141655-Corvfrugil_Poland_PSZ_2013_07_05_1432.mp3
Rook,XC141655-Corvfrugil_Poland_PSZ_2013_07_05_1432,2,data/processed/Rook/XC141655-Corvfrugil_Poland_PSZ_2013_07_05_1432_chunk002.wav,3.0,XC141655-Corvfrugil_Poland_PSZ_2013_07_05_1432.mp3
Rook,XC141655-Corvfrugil_Poland_PSZ_2013_07_05_1432,3,data/processed/Rook/XC141655-Corvfrugil_Poland_PSZ_2013_07_05_1432_chunk003.wav,3.0,XC141655-Corvfrugil_Poland_PSZ_2013_07_05_1432.mp3
Rook,XC141655-Corvfrugil_Poland_PSZ_2013_07_05_1432,4,data/processed/Rook/XC141655-Corvfrugil_Poland_PSZ_2013_07_05_1432_chunk004.wav,3.0,XC141655-Corvfrugil_Poland_PSZ_2013_07_05_1432.mp3
Rook,XC141655-Corvfrugil_Poland_PSZ_2013_07_05_1432,5,data/processed/Rook/XC141655-Corvfrugil_Poland_PSZ_2013_07_05_1432_chunk005.wav,3.0,XC141655-Corvfrugil_Poland_PSZ_2013_07_05_1432.mp3
Rook,XC141655-Corvfrugil_Poland_PSZ_2013_07_05_1432,6,data/processed/Rook/XC141655-Corvfrugil_Poland_PSZ_2013_07_05_1432_chunk006.wav,3.0,XC141655-Corvfrugil_Poland_PSZ_2013_07_05_1432.mp3
Rook,XC141655-Corvfrugil_Poland_PSZ_2013_07_05_1432,7,data/processed/Rook/XC141655-Corvfrugil_Poland_PSZ_2013_07_05_1432_chunk007.wav,3.0,XC141655-Corvfrugil_Poland_PSZ_2013_07_05_1432.mp3
Rook,XC141655-Corvfrugil_Poland_PSZ_2013_07_05_1432,8,data/processed/Rook/XC141655-Corvfrugil_Poland_PSZ_2013_07_05_1432_chunk008.wav,3.0,XC141655-Corvfrugil_Poland_PSZ_2013_07_05_1432.mp3
Rook,XC141655-Corvfrugil_Poland_PSZ_2013_07_05_1432,9,data/processed/Rook/XC141655-Corvfrugil_Poland_PSZ_2013_07_05_1432_chunk009.wav,3.0,XC141655-Corvfrugil_Poland_PSZ_2013_07_05_1432.mp3
Rook,XC141655-Corvfrugil_Poland_PSZ_2013_07_05_1432,10,data/processed/Rook/XC141655-Corvfrugil_Poland_PSZ_2013_07_05_1432_chunk010.wav,3.0,XC141655-Corvfrugil_Poland_PSZ_2013_07_05_1432.mp3
Rook,XC141655-Corvfrugil_Poland_PSZ_2013_07_05_1432,11,data/processed/Rook/XC141655-Corvfrugil_Poland_PSZ_2013_07_05_1432_chunk011.wav,3.0,XC141655-Corvfrugil_Poland_PSZ_2013_07_05_1432.mp3
Rook,XC141655-Corvfrugil_Poland_PSZ_2013_07_05_1432,12,data/processed/Rook/XC141655-Corvfrugil_Poland_PSZ_2013_07_05_1432_chunk012.wav,3.0,XC141655-Corvfrugil_Poland_PSZ_2013_07_05_1432.mp3
Rook,XC141655-Corvfrugil_Poland_PSZ_2013_07_05_1432,13,data/processed/Rook/XC141655-Corvfrugil_Poland_PSZ_2013_07_05_1432_chunk013.wav,3.0,XC141655-Corvfrugil_Poland_PSZ_2013_07_05_1432.mp3
Rook,XC141655-Corvfrugil_Poland_PSZ_2013_07_05_1432,14,data/processed/Rook/XC141655-Corvfrugil_Poland_PSZ_2013_07_05_1432_chunk014.wav,3.0,XC141655-Corvfrugil_Poland_PSZ_2013_07_05_1432.mp3
Rook,XC141655-Corvfrugil_Poland_PSZ_2013_07_05_1432,15,data/processed/Rook/XC141655-Corvfrugil_Poland_PSZ_2013_07_05_1432_chunk015.wav,3.0,XC141655-Corvfrugil_Poland_PSZ_2013_07_05_1432.mp3
Rook,XC141655-Corvfrugil_Poland_PSZ_2013_07_05_1432,16,data/processed/Rook/XC141655-Corvfrugil_Poland_PSZ_2013_07_05_1432_chunk016.wav,3.0,XC141655-Corvfrugil_Poland_PSZ_2013_07_05_1432.mp3
Rook,XC141655-Corvfrugil_Poland_PSZ_2013_07_05_1432,17,data/processed/Rook/XC141655-Corvfrugil_Poland_PSZ_2013_07_05_1432_chunk017.wav,3.0,XC141655-Corvfrugil_Poland_PSZ_2013_07_05_1432.mp3
Rook,XC141655-Corvfrugil_Poland_PSZ_2013_07_05_1432,18,data/processed/Rook/XC141655-Corvfrugil_Poland_PSZ_2013_07_05_1432_chunk018.wav,3.0,XC141655-Corvfrugil_Poland_PSZ_2013_07_05_1432.mp3
Rook,XC141655-Corvfrugil_Poland_PSZ_2013_07_05_1432,19,data/processed/Rook/XC141655-Corvfrugil_Poland_PSZ_2013_07_05_1432_chunk019.wav,3.0,XC141655-Corvfrugil_Poland_PSZ_2013_07_05_1432.mp3
Rook,XC141655-Corvfrugil_Poland_PSZ_2013_07_05_1432,20,data/processed/Rook/XC141655-Corvfrugil_Poland_PSZ_2013_07_05_1432_chunk020.wav,3.0,XC141655-Corvfrugil_Poland_PSZ_2013_07_05_1432.mp3
Rook,XC141655-Corvfrugil_Poland_PSZ_2013_07_05_1432,21,data/processed/Rook/XC141655-Corvfrugil_Poland_PSZ_2013_07_05_1432_chunk021.wav,3.0,XC141655-Corvfrugil_Poland_PSZ_2013_07_05_1432.mp3
Rook,XC143002-Corvus,0,data/processed/Rook/XC143002-Corvus_chunk000.wav,3.0,XC143002-Corvus frugilegus20060409-1.mp3
Rook,XC143002-Corvus,1,data/processed/Rook/XC143002-Corvus_chunk001.wav,3.0,XC143002-Corvus frugilegus20060409-1.mp3
Rook,XC143002-Corvus,2,data/processed/Rook/XC143002-Corvus_chunk002.wav,3.0,XC143002-Corvus frugilegus20060409-1.mp3
Rook,XC143002-Corvus,3,data/processed/Rook/XC143002-Corvus_chunk003.wav,3.0,XC143002-Corvus frugilegus20060409-1.mp3
Rook,XC143002-Corvus,4,data/processed/Rook/XC143002-Corvus_chunk004.wav,3.0,XC143002-Corvus frugilegus20060409-1.mp3
Rook,XC143002-Corvus,5,data/processed/Rook/XC143002-Corvus_chunk005.wav,3.0,XC143002-Corvus frugilegus20060409-1.mp3
Rook,XC143002-Corvus,6,data/processed/Rook/XC143002-Corvus_chunk006.wav,3.0,XC143002-Corvus frugilegus20060409-1.mp3
Rook,XC143002-Corvus,7,data/processed/Rook/XC143002-Corvus_chunk007.wav,3.0,XC143002-Corvus frugilegus20060409-1.mp3
Rook,XC143002-Corvus,8,data/processed/Rook/XC143002-Corvus_chunk008.wav,3.0,XC143002-Corvus frugilegus20060409-1.mp3
Rook,XC143002-Corvus,9,data/processed/Rook/XC143002-Corvus_chunk009.wav,3.0,XC143002-Corvus frugilegus20060409-1.mp3
Rook,XC143002-Corvus,10,data/processed/Rook/XC143002-Corvus_chunk010.wav,3.0,XC143002-Corvus frugilegus20060409-1.mp3
Rook,XC143002-Corvus,11,data/processed/Rook/XC143002-Corvus_chunk011.wav,3.0,XC143002-Corvus frugilegus20060409-1.mp3
Rook,XC143002-Corvus,12,data/processed/Rook/XC143002-Corvus_chunk012.wav,3.0,XC143002-Corvus frugilegus20060409-1.mp3
Rook,XC143002-Corvus,13,data/processed/Rook/XC143002-Corvus_chunk013.wav,3.0,XC143002-Corvus frugilegus20060409-1.mp3
Rook,XC143005-Corvus,0,data/processed/Rook/XC143005-Corvus_chunk000.wav,3.0,XC143005-Corvus frugilegus20060409-2.mp3
Rook,XC143005-Corvus,1,data/processed/Rook/XC143005-Corvus_chunk001.wav,3.0,XC143005-Corvus frugilegus20060409-2.mp3
Rook,XC143005-Corvus,2,data/processed/Rook/XC143005-Corvus_chunk002.wav,3.0,XC143005-Corvus frugilegus20060409-2.mp3
Rook,XC143005-Corvus,3,data/processed/Rook/XC143005-Corvus_chunk003.wav,3.0,XC143005-Corvus frugilegus20060409-2.mp3
Rook,XC143005-Corvus,4,data/processed/Rook/XC143005-Corvus_chunk004.wav,3.0,XC143005-Corvus frugilegus20060409-2.mp3
Rook,XC143005-Corvus,5,data/processed/Rook/XC143005-Corvus_chunk005.wav,3.0,XC143005-Corvus frugilegus20060409-2.mp3
Rook,XC143005-Corvus,6,data/processed/Rook/XC143005-Corvus_chunk006.wav,3.0,XC143005-Corvus frugilegus20060409-2.mp3
Rook,XC143005-Corvus,7,data/processed/Rook/XC143005-Corvus_chunk007.wav,3.0,XC143005-Corvus frugilegus20060409-2.mp3
Rook,XC143005-Corvus,8,data/processed/Rook/XC143005-Corvus_chunk008.wav,3.0,XC143005-Corvus frugilegus20060409-2.mp3
Rook,XC143005-Corvus,9,data/processed/Rook/XC143005-Corvus_chunk009.wav,3.0,XC143005-Corvus frugilegus20060409-2.mp3
Rook,XC143005-Corvus,10,data/processed/Rook/XC143005-Corvus_chunk010.wav,3.0,XC143005-Corvus frugilegus20060409-2.mp3
Rook,XC144767-130804-000Rook_horleyUK,0,data/processed/Rook/XC144767-130804-000Rook_horleyUK_chunk000.wav,3.0,XC144767-130804-000Rook_horleyUK.mp3
Rook,XC144767-130804-000Rook_horleyUK,1,data/processed/Rook/XC144767-130804-000Rook_horleyUK_chunk001.wav,3.0,XC144767-130804-000Rook_horleyUK.mp3
Rook,XC144767-130804-000Rook_horleyUK,2,data/processed/Rook/XC144767-130804-000Rook_horleyUK_chunk002.wav,3.0,XC144767-130804-000Rook_horleyUK.mp3
Rook,XC144767-130804-000Rook_horleyUK,3,data/processed/Rook/XC144767-130804-000Rook_horleyUK_chunk003.wav,3.0,XC144767-130804-000Rook_horleyUK.mp3
Rook,XC144767-130804-000Rook_horleyUK,4,data/processed/Rook/XC144767-130804-000Rook_horleyUK_chunk004.wav,3.0,XC144767-130804-000Rook_horleyUK.mp3
Rook,XC144767-130804-000Rook_horleyUK,5,data/processed/Rook/XC144767-130804-000Rook_horleyUK_chunk005.wav,3.0,XC144767-130804-000Rook_horleyUK.mp3
Rook,"XC150125-11005_073608-грач,",0,"data/processed/Rook/XC150125-11005_073608-грач,_chunk000.wav",3.0,"XC150125-11005_073608-грач, ВВ.mp3"
Rook,"XC150125-11005_073608-грач,",1,"data/processed/Rook/XC150125-11005_073608-грач,_chunk001.wav",3.0,"XC150125-11005_073608-грач, ВВ.mp3"
Rook,"XC150125-11005_073608-грач,",2,"data/processed/Rook/XC150125-11005_073608-грач,_chunk002.wav",3.0,"XC150125-11005_073608-грач, ВВ.mp3"
Rook,"XC150125-11005_073608-грач,",3,"data/processed/Rook/XC150125-11005_073608-грач,_chunk003.wav",3.0,"XC150125-11005_073608-грач, ВВ.mp3"
Rook,"XC150125-11005_073608-грач,",4,"data/processed/Rook/XC150125-11005_073608-грач,_chunk004.wav",3.0,"XC150125-11005_073608-грач, ВВ.mp3"
Rook,"XC150125-11005_073608-грач,",5,"data/processed/Rook/XC150125-11005_073608-грач,_chunk005.wav",3.0,"XC150125-11005_073608-грач, ВВ.mp3"
Rook,"XC150125-11005_073608-грач,",6,"data/processed/Rook/XC150125-11005_073608-грач,_chunk006.wav",3.0,"XC150125-11005_073608-грач, ВВ.mp3"
Rook,"XC150125-11005_073608-грач,",7,"data/processed/Rook/XC150125-11005_073608-грач,_chunk007.wav",3.0,"XC150125-11005_073608-грач, ВВ.mp3"
Rook,"XC150125-11005_073608-грач,",8,"data/processed/Rook/XC150125-11005_073608-грач,_chunk008.wav",3.0,"XC150125-11005_073608-грач, ВВ.mp3"
Rook,"XC150125-11005_073608-грач,",9,"data/processed/Rook/XC150125-11005_073608-грач,_chunk009.wav",3.0,"XC150125-11005_073608-грач, ВВ.mp3"
Rook,"XC150125-11005_073608-грач,",10,"data/processed/Rook/XC150125-11005_073608-грач,_chunk010.wav",3.0,"XC150125-11005_073608-грач, ВВ.mp3"
Rook,"XC150125-11005_073608-грач,",11,"data/processed/Rook/XC150125-11005_073608-грач,_chunk011.wav",3.0,"XC150125-11005_073608-грач, ВВ.mp3"
Rook,"XC150125-11005_073608-грач,",12,"data/processed/Rook/XC150125-11005_073608-грач,_chunk012.wav",3.0,"XC150125-11005_073608-грач, ВВ.mp3"
Rook,"XC150125-11005_073608-грач,",13,"data/processed/Rook/XC150125-11005_073608-грач,_chunk013.wav",3.0,"XC150125-11005_073608-грач, ВВ.mp3"
Rook,"XC150125-11005_073608-грач,",14,"data/processed/Rook/XC150125-11005_073608-грач,_chunk014.wav",3.0,"XC150125-11005_073608-грач, ВВ.mp3"
Rook,"XC150125-11005_073608-грач,",15,"data/processed/Rook/XC150125-11005_073608-грач,_chunk015.wav",3.0,"XC150125-11005_073608-грач, ВВ.mp3"
Rook,"XC150125-11005_073608-грач,",16,"data/processed/Rook/XC150125-11005_073608-грач,_chunk016.wav",3.0,"XC150125-11005_073608-грач, ВВ.mp3"
Rook,"XC150125-11005_073608-грач,",17,"data/processed/Rook/XC150125-11005_073608-грач,_chunk017.wav",3.0,"XC150125-11005_073608-грач, ВВ.mp3"
Rook,"XC150125-11005_073608-грач,",18,"data/processed/Rook/XC150125-11005_073608-грач,_chunk018.wav",3.0,"XC150125-11005_073608-грач, ВВ.mp3"
Rook,"XC150125-11005_073608-грач,",19,"data/processed/Rook/XC150125-11005_073608-грач,_chunk019.wav",3.0,"XC150125-11005_073608-грач, ВВ.mp3"
Rook,"XC150125-11005_073608-грач,",20,"data/processed/Rook/XC150125-11005_073608-грач,_chunk020.wav",3.0,"XC150125-11005_073608-грач, ВВ.mp3"
Rook,"XC150125-11005_073608-грач,",21,"data/processed/Rook/XC150125-11005_073608-грач,_chunk021.wav",3.0,"XC150125-11005_073608-грач, ВВ.mp3"
Rook,"XC150125-11005_073608-грач,",22,"data/processed/Rook/XC150125-11005_073608-грач,_chunk022.wav",3.0,"XC150125-11005_073608-грач, ВВ.mp3"
Rook,"XC150125-11005_073608-грач,",23,"data/processed/Rook/XC150125-11005_073608-грач,_chunk023.wav",3.0,"XC150125-11005_073608-грач, ВВ.mp3"
Rook,"XC150125-11005_073608-грач,",24,"data/processed/Rook/XC150125-11005_073608-грач,_chunk024.wav",3.0,"XC150125-11005_073608-грач, ВВ.mp3"
Rook,"XC150125-11005_073608-грач,",25,"data/processed/Rook/XC150125-11005_073608-грач,_chunk025.wav",3.0,"XC150125-11005_073608-грач, ВВ.mp3"
Rook,"XC150125-11005_073608-грач,",26,"data/processed/Rook/XC150125-11005_073608-грач,_chunk026.wav",3.0,"XC150125-11005_073608-грач, ВВ.mp3"
Rook,"XC150125-11005_073608-грач,",27,"data/processed/Rook/XC150125-11005_073608-грач,_chunk027.wav",3.0,"XC150125-11005_073608-грач, ВВ.mp3"
Rook,"XC150125-11005_073608-грач,",28,"data/processed/Rook/XC150125-11005_073608-грач,_chunk028.wav",3.0,"XC150125-11005_073608-грач, ВВ.mp3"
Rook,"XC150125-11005_073608-грач,",29,"data/processed/Rook/XC150125-11005_073608-грач,_chunk029.wav",3.0,"XC150125-11005_073608-грач, ВВ.mp3"
Rook,"XC150125-11005_073608-грач,",30,"data/processed/Rook/XC150125-11005_073608-грач,_chunk030.wav",3.0,"XC150125-11005_073608-грач, ВВ.mp3"
Rook,"XC150125-11005_073608-грач,",31,"data/processed/Rook/XC150125-11005_073608-грач,_chunk031.wav",3.0,"XC150125-11005_073608-грач, ВВ.mp3"
Rook,"XC150125-11005_073608-грач,",32,"data/processed/Rook/XC150125-11005_073608-грач,_chunk032.wav",3.0,"XC150125-11005_073608-грач, ВВ.mp3"
Rook,"XC150125-11005_073608-грач,",33,"data/processed/Rook/XC150125-11005_073608-грач,_chunk033.wav",3.0,"XC150125-11005_073608-грач, ВВ.mp3"
Rook,"XC150125-11005_073608-грач,",34,"data/processed/Rook/XC150125-11005_073608-грач,_chunk034.wav",3.0,"XC150125-11005_073608-грач, ВВ.mp3"
Rook,"XC150125-11005_073608-грач,",35,"data/processed/Rook/XC150125-11005_073608-грач,_chunk035.wav",3.0,"XC150125-11005_073608-грач, ВВ.mp3"
Rook,"XC150125-11005_073608-грач,",36,"data/processed/Rook/XC150125-11005_073608-грач,_chunk036.wav",3.0,"XC150125-11005_073608-грач, ВВ.mp3"
Rook,XC153799-Corvus_frugilegus_Poland_Jarek_Matusiak_20131103_09,0,data/processed/Rook/XC153799-Corvus_frugilegus_Poland_Jarek_Matusiak_20131103_09_chunk000.wav,3.0,XC153799-Corvus_frugilegus_Poland_Jarek_Matusiak_20131103_09.mp3
Rook,XC153799-Corvus_frugilegus_Poland_Jarek_Matusiak_20131103_09,1,data/processed/Rook/XC153799-Corvus_frugilegus_Poland_Jarek_Matusiak_20131103_09_chunk001.wav,3.0,XC153799-Corvus_frugilegus_Poland_Jarek_Matusiak_20131103_09.mp3
Rook,XC153799-Corvus_frugilegus_Poland_Jarek_Matusiak_20131103_09,2,data/processed/Rook/XC153799-Corvus_frugilegus_Poland_Jarek_Matusiak_20131103_09_chunk002.wav,3.0,XC153799-Corvus_frugilegus_Poland_Jarek_Matusiak_20131103_09.mp3
Rook,XC153799-Corvus_frugilegus_Poland_Jarek_Matusiak_20131103_09,3,data/processed/Rook/XC153799-Corvus_frugilegus_Poland_Jarek_Matusiak_20131103_09_chunk003.wav,3.0,XC153799-Corvus_frugilegus_Poland_Jarek_Matusiak_20131103_09.mp3
Rook,XC153799-Corvus_frugilegus_Poland_Jarek_Matusiak_20131103_09,4,data/processed/Rook/XC153799-Corvus_frugilegus_Poland_Jarek_Matusiak_20131103_09_chunk004.wav,3.0,XC153799-Corvus_frugilegus_Poland_Jarek_Matusiak_20131103_09.mp3
Rook,XC153799-Corvus_frugilegus_Poland_Jarek_Matusiak_20131103_09,5,data/processed/Rook/XC153799-Corvus_frugilegus_Poland_Jarek_Matusiak_20131103_09_chunk005.wav,3.0,XC153799-Corvus_frugilegus_Poland_Jarek_Matusiak_20131103_09.mp3
Rook,XC153799-Corvus_frugilegus_Poland_Jarek_Matusiak_20131103_09,6,data/processed/Rook/XC153799-Corvus_frugilegus_Poland_Jarek_Matusiak_20131103_09_chunk006.wav,3.0,XC153799-Corvus_frugilegus_Poland_Jarek_Matusiak_20131103_09.mp3
Rook,XC153799-Corvus_frugilegus_Poland_Jarek_Matusiak_20131103_09,7,data/processed/Rook/XC153799-Corvus_frugilegus_Poland_Jarek_Matusiak_20131103_09_chunk007.wav,3.0,XC153799-Corvus_frugilegus_Poland_Jarek_Matusiak_20131103_09.mp3
Rook,XC153799-Corvus_frugilegus_Poland_Jarek_Matusiak_20131103_09,8,data/processed/Rook/XC153799-Corvus_frugilegus_Poland_Jarek_Matusiak_20131103_09_chunk008.wav,3.0,XC153799-Corvus_frugilegus_Poland_Jarek_Matusiak_20131103_09.mp3
Rook,XC153799-Corvus_frugilegus_Poland_Jarek_Matusiak_20131103_09,9,data/processed/Rook/XC153799-Corvus_frugilegus_Poland_Jarek_Matusiak_20131103_09_chunk009.wav,3.0,XC153799-Corvus_frugilegus_Poland_Jarek_Matusiak_20131103_09.mp3
Rook,XC153799-Corvus_frugilegus_Poland_Jarek_Matusiak_20131103_09,10,data/processed/Rook/XC153799-Corvus_frugilegus_Poland_Jarek_Matusiak_20131103_09_chunk010.wav,3.0,XC153799-Corvus_frugilegus_Poland_Jarek_Matusiak_20131103_09.mp3
Rook,XC153799-Corvus_frugilegus_Poland_Jarek_Matusiak_20131103_09,11,data/processed/Rook/XC153799-Corvus_frugilegus_Poland_Jarek_Matusiak_20131103_09_chunk011.wav,3.0,XC153799-Corvus_frugilegus_Poland_Jarek_Matusiak_20131103_09.mp3
Rook,XC153799-Corvus_frugilegus_Poland_Jarek_Matusiak_20131103_09,12,data/processed/Rook/XC153799-Corvus_frugilegus_Poland_Jarek_Matusiak_20131103_09_chunk012.wav,3.0,XC153799-Corvus_frugilegus_Poland_Jarek_Matusiak_20131103_09.mp3
Rook,XC153799-Corvus_frugilegus_Poland_Jarek_Matusiak_20131103_09,13,data/processed/Rook/XC153799-Corvus_frugilegus_Poland_Jarek_Matusiak_20131103_09_chunk013.wav,3.0,XC153799-Corvus_frugilegus_Poland_Jarek_Matusiak_20131103_09.mp3
Rook,XC153799-Corvus_frugilegus_Poland_Jarek_Matusiak_20131103_09,14,data/processed/Rook/XC153799-Corvus_frugilegus_Poland_Jarek_Matusiak_20131103_09_chunk014.wav,3.0,XC153799-Corvus_frugilegus_Poland_Jarek_Matusiak_20131103_09.mp3
Rook,XC153799-Corvus_frugilegus_Poland_Jarek_Matusiak_20131103_09,15,data/processed/Rook/XC153799-Corvus_frugilegus_Poland_Jarek_Matusiak_20131103_09_chunk015.wav,3.0,XC153799-Corvus_frugilegus_Poland_Jarek_Matusiak_20131103_09.mp3
Rook,XC153799-Corvus_frugilegus_Poland_Jarek_Matusiak_20131103_09,16,data/processed/Rook/XC153799-Corvus_frugilegus_Poland_Jarek_Matusiak_20131103_09_chunk016.wav,3.0,XC153799-Corvus_frugilegus_Poland_Jarek_Matusiak_20131103_09.mp3
Rook,XC162707-PFR09565_1-10_130610_rook-pastinator-FL-C-NEST,0,data/processed/Rook/XC162707-PFR09565_1-10_130610_rook-pastinator-FL-C-NEST_chunk000.wav,3.0,XC162707-PFR09565_1-10_130610_rook-pastinator-FL-C-NEST.mp3
Rook,XC162707-PFR09565_1-10_130610_rook-pastinator-FL-C-NEST,1,data/processed/Rook/XC162707-PFR09565_1-10_130610_rook-pastinator-FL-C-NEST_chunk001.wav,3.0,XC162707-PFR09565_1-10_130610_rook-pastinator-FL-C-NEST.mp3
Rook,XC162707-PFR09565_1-10_130610_rook-pastinator-FL-C-NEST,2,data/processed/Rook/XC162707-PFR09565_1-10_130610_rook-pastinator-FL-C-NEST_chunk002.wav,3.0,XC162707-PFR09565_1-10_130610_rook-pastinator-FL-C-NEST.mp3
Rook,XC162707-PFR09565_1-10_130610_rook-pastinator-FL-C-NEST,3,data/processed/Rook/XC162707-PFR09565_1-10_130610_rook-pastinator-FL-C-NEST_chunk003.wav,3.0,XC162707-PFR09565_1-10_130610_rook-pastinator-FL-C-NEST.mp3
Rook,XC162707-PFR09565_1-10_130610_rook-pastinator-FL-C-NEST,4,data/processed/Rook/XC162707-PFR09565_1-10_130610_rook-pastinator-FL-C-NEST_chunk004.wav,3.0,XC162707-PFR09565_1-10_130610_rook-pastinator-FL-C-NEST.mp3
Rook,XC162707-PFR09565_1-10_130610_rook-pastinator-FL-C-NEST,5,data/processed/Rook/XC162707-PFR09565_1-10_130610_rook-pastinator-FL-C-NEST_chunk005.wav,3.0,XC162707-PFR09565_1-10_130610_rook-pastinator-FL-C-NEST.mp3
Rook,XC162707-PFR09565_1-10_130610_rook-pastinator-FL-C-NEST,6,data/processed/Rook/XC162707-PFR09565_1-10_130610_rook-pastinator-FL-C-NEST_chunk006.wav,3.0,XC162707-PFR09565_1-10_130610_rook-pastinator-FL-C-NEST.mp3
Rook,XC162707-PFR09565_1-10_130610_rook-pastinator-FL-C-NEST,7,data/processed/Rook/XC162707-PFR09565_1-10_130610_rook-pastinator-FL-C-NEST_chunk007.wav,3.0,XC162707-PFR09565_1-10_130610_rook-pastinator-FL-C-NEST.mp3
Rook,XC162707-PFR09565_1-10_130610_rook-pastinator-FL-C-NEST,8,data/processed/Rook/XC162707-PFR09565_1-10_130610_rook-pastinator-FL-C-NEST_chunk008.wav,3.0,XC162707-PFR09565_1-10_130610_rook-pastinator-FL-C-NEST.mp3
Rook,XC162707-PFR09565_1-10_130610_rook-pastinator-FL-C-NEST,9,data/processed/Rook/XC162707-PFR09565_1-10_130610_rook-pastinator-FL-C-NEST_chunk009.wav,3.0,XC162707-PFR09565_1-10_130610_rook-pastinator-FL-C-NEST.mp3
Rook,XC162707-PFR09565_1-10_130610_rook-pastinator-FL-C-NEST,10,data/processed/Rook/XC162707-PFR09565_1-10_130610_rook-pastinator-FL-C-NEST_chunk010.wav,3.0,XC162707-PFR09565_1-10_130610_rook-pastinator-FL-C-NEST.mp3
Rook,XC162707-PFR09565_1-10_130610_rook-pastinator-FL-C-NEST,11,data/processed/Rook/XC162707-PFR09565_1-10_130610_rook-pastinator-FL-C-NEST_chunk011.wav,3.0,XC162707-PFR09565_1-10_130610_rook-pastinator-FL-C-NEST.mp3
Rook,XC162707-PFR09565_1-10_130610_rook-pastinator-FL-C-NEST,12,data/processed/Rook/XC162707-PFR09565_1-10_130610_rook-pastinator-FL-C-NEST_chunk012.wav,3.0,XC162707-PFR09565_1-10_130610_rook-pastinator-FL-C-NEST.mp3
Rook,XC162707-PFR09565_1-10_130610_rook-pastinator-FL-C-NEST,13,data/processed/Rook/XC162707-PFR09565_1-10_130610_rook-pastinator-FL-C-NEST_chunk013.wav,3.0,XC162707-PFR09565_1-10_130610_rook-pastinator-FL-C-NEST.mp3
Rook,XC162707-PFR09565_1-10_130610_rook-pastinator-FL-C-NEST,14,data/processed/Rook/XC162707-PFR09565_1-10_130610_rook-pastinator-FL-C-NEST_chunk014.wav,3.0,XC162707-PFR09565_1-10_130610_rook-pastinator-FL-C-NEST.mp3
Rook,XC162707-PFR09565_1-10_130610_rook-pastinator-FL-C-NEST,15,data/processed/Rook/XC162707-PFR09565_1-10_130610_rook-pastinator-FL-C-NEST_chunk015.wav,3.0,XC162707-PFR09565_1-10_130610_rook-pastinator-FL-C-NEST.mp3
Rook,XC162707-PFR09565_1-10_130610_rook-pastinator-FL-C-NEST,16,data/processed/Rook/XC162707-PFR09565_1-10_130610_rook-pastinator-FL-C-NEST_chunk016.wav,3.0,XC162707-PFR09565_1-10_130610_rook-pastinator-FL-C-NEST.mp3
Rook,XC162707-PFR09565_1-10_130610_rook-pastinator-FL-C-NEST,17,data/processed/Rook/XC162707-PFR09565_1-10_130610_rook-pastinator-FL-C-NEST_chunk017.wav,3.0,XC162707-PFR09565_1-10_130610_rook-pastinator-FL-C-NEST.mp3
Rook,XC162707-PFR09565_1-10_130610_rook-pastinator-FL-C-NEST,18,data/processed/Rook/XC162707-PFR09565_1-10_130610_rook-pastinator-FL-C-NEST_chunk018.wav,3.0,XC162707-PFR09565_1-10_130610_rook-pastinator-FL-C-NEST.mp3
Rook,XC162707-PFR09565_1-10_130610_rook-pastinator-FL-C-NEST,19,data/processed/Rook/XC162707-PFR09565_1-10_130610_rook-pastinator-FL-C-NEST_chunk019.wav,3.0,XC162707-PFR09565_1-10_130610_rook-pastinator-FL-C-NEST.mp3
Rook,XC162707-PFR09565_1-10_130610_rook-pastinator-FL-C-NEST,20,data/processed/Rook/XC162707-PFR09565_1-10_130610_rook-pastinator-FL-C-NEST_chunk020.wav,3.0,XC162707-PFR09565_1-10_130610_rook-pastinator-FL-C-NEST.mp3
Rook,XC162707-PFR09565_1-10_130610_rook-pastinator-FL-C-NEST,21,data/processed/Rook/XC162707-PFR09565_1-10_130610_rook-pastinator-FL-C-NEST_chunk021.wav,3.0,XC162707-PFR09565_1-10_130610_rook-pastinator-FL-C-NEST.mp3
Rook,XC162707-PFR09565_1-10_130610_rook-pastinator-FL-C-NEST,22,data/processed/Rook/XC162707-PFR09565_1-10_130610_rook-pastinator-FL-C-NEST_chunk022.wav,3.0,XC162707-PFR09565_1-10_130610_rook-pastinator-FL-C-NEST.mp3
Rook,XC162707-PFR09565_1-10_130610_rook-pastinator-FL-C-NEST,23,data/processed/Rook/XC162707-PFR09565_1-10_130610_rook-pastinator-FL-C-NEST_chunk023.wav,3.0,XC162707-PFR09565_1-10_130610_rook-pastinator-FL-C-NEST.mp3
Rook,XC162707-PFR09565_1-10_130610_rook-pastinator-FL-C-NEST,24,data/processed/Rook/XC162707-PFR09565_1-10_130610_rook-pastinator-FL-C-NEST_chunk024.wav,3.0,XC162707-PFR09565_1-10_130610_rook-pastinator-FL-C-NEST.mp3
Rook,XC162707-PFR09565_1-10_130610_rook-pastinator-FL-C-NEST,25,data/processed/Rook/XC162707-PFR09565_1-10_130610_rook-pastinator-FL-C-NEST_chunk025.wav,3.0,XC162707-PFR09565_1-10_130610_rook-pastinator-FL-C-NEST.mp3
Rook,XC162707-PFR09565_1-10_130610_rook-pastinator-FL-C-NEST,26,data/processed/Rook/XC162707-PFR09565_1-10_130610_rook-pastinator-FL-C-NEST_chunk026.wav,3.0,XC162707-PFR09565_1-10_130610_rook-pastinator-FL-C-NEST.mp3
Rook,XC162707-PFR09565_1-10_130610_rook-pastinator-FL-C-NEST,27,data/processed/Rook/XC162707-PFR09565_1-10_130610_rook-pastinator-FL-C-NEST_chunk027.wav,3.0,XC162707-PFR09565_1-10_130610_rook-pastinator-FL-C-NEST.mp3
Rook,XC162707-PFR09565_1-10_130610_rook-pastinator-FL-C-NEST,28,data/processed/Rook/XC162707-PFR09565_1-10_130610_rook-pastinator-FL-C-NEST_chunk028.wav,3.0,XC162707-PFR09565_1-10_130610_rook-pastinator-FL-C-NEST.mp3
Rook,XC162707-PFR09565_1-10_130610_rook-pastinator-FL-C-NEST,29,data/processed/Rook/XC162707-PFR09565_1-10_130610_rook-pastinator-FL-C-NEST_chunk029.wav,3.0,XC162707-PFR09565_1-10_130610_rook-pastinator-FL-C-NEST.mp3
Rook,XC167547-T15,0,data/processed/Rook/XC167547-T15_chunk000.wav,3.0,XC167547-T15.mp3
Rook,XC167547-T15,1,data/processed/Rook/XC167547-T15_chunk001.wav,3.0,XC167547-T15.mp3
Rook,XC167547-T15,2,data/processed/Rook/XC167547-T15_chunk002.wav,3.0,XC167547-T15.mp3
Rook,XC167547-T15,3,data/processed/Rook/XC167547-T15_chunk003.wav,3.0,XC167547-T15.mp3
Rook,XC167547-T15,4,data/processed/Rook/XC167547-T15_chunk004.wav,3.0,XC167547-T15.mp3
Rook,XC167547-T15,5,data/processed/Rook/XC167547-T15_chunk005.wav,3.0,XC167547-T15.mp3
Rook,XC167547-T15,6,data/processed/Rook/XC167547-T15_chunk006.wav,3.0,XC167547-T15.mp3
Rook,XC167547-T15,7,data/processed/Rook/XC167547-T15_chunk007.wav,3.0,XC167547-T15.mp3
Rook,XC167547-T15,8,data/processed/Rook/XC167547-T15_chunk008.wav,3.0,XC167547-T15.mp3
Rook,XC167547-T15,9,data/processed/Rook/XC167547-T15_chunk009.wav,3.0,XC167547-T15.mp3
Rook,XC167547-T15,10,data/processed/Rook/XC167547-T15_chunk010.wav,3.0,XC167547-T15.mp3
Rook,XC167547-T15,11,data/processed/Rook/XC167547-T15_chunk011.wav,3.0,XC167547-T15.mp3
Rook,XC167547-T15,12,data/processed/Rook/XC167547-T15_chunk012.wav,3.0,XC167547-T15.mp3
Rook,XC167547-T15,13,data/processed/Rook/XC167547-T15_chunk013.wav,3.0,XC167547-T15.mp3
Rook,XC167547-T15,14,data/processed/Rook/XC167547-T15_chunk014.wav,3.0,XC167547-T15.mp3
Rook,XC167547-T15,15,data/processed/Rook/XC167547-T15_chunk015.wav,3.0,XC167547-T15.mp3
Rook,XC167547-T15,16,data/processed/Rook/XC167547-T15_chunk016.wav,3.0,XC167547-T15.mp3
Rook,"XC168670-0303_133629,Чеб,грач,С",0,"data/processed/Rook/XC168670-0303_133629,Чеб,грач,С_chunk000.wav",3.0,"XC168670-0303_133629,Чеб,грач,С.MP3"
Rook,"XC168670-0303_133629,Чеб,грач,С",1,"data/processed/Rook/XC168670-0303_133629,Чеб,грач,С_chunk001.wav",3.0,"XC168670-0303_133629,Чеб,грач,С.MP3"
Rook,"XC168670-0303_133629,Чеб,грач,С",2,"data/processed/Rook/XC168670-0303_133629,Чеб,грач,С_chunk002.wav",3.0,"XC168670-0303_133629,Чеб,грач,С.MP3"
Rook,"XC168670-0303_133629,Чеб,грач,С",3,"data/processed/Rook/XC168670-0303_133629,Чеб,грач,С_chunk003.wav",3.0,"XC168670-0303_133629,Чеб,грач,С.MP3"
Rook,"XC168670-0303_133629,Чеб,грач,С",4,"data/processed/Rook/XC168670-0303_133629,Чеб,грач,С_chunk004.wav",3.0,"XC168670-0303_133629,Чеб,грач,С.MP3"
Rook,"XC168670-0303_133629,Чеб,грач,С",5,"data/processed/Rook/XC168670-0303_133629,Чеб,грач,С_chunk005.wav",3.0,"XC168670-0303_133629,Чеб,грач,С.MP3"
Rook,"XC168670-0303_133629,Чеб,грач,С",6,"data/processed/Rook/XC168670-0303_133629,Чеб,грач,С_chunk006.wav",3.0,"XC168670-0303_133629,Чеб,грач,С.MP3"
Rook,"XC168670-0303_133629,Чеб,грач,С",7,"data/processed/Rook/XC168670-0303_133629,Чеб,грач,С_chunk007.wav",3.0,"XC168670-0303_133629,Чеб,грач,С.MP3"
Rook,"XC168670-0303_133629,Чеб,грач,С",8,"data/processed/Rook/XC168670-0303_133629,Чеб,грач,С_chunk008.wav",3.0,"XC168670-0303_133629,Чеб,грач,С.MP3"
Rook,"XC168670-0303_133629,Чеб,грач,С",9,"data/processed/Rook/XC168670-0303_133629,Чеб,грач,С_chunk009.wav",3.0,"XC168670-0303_133629,Чеб,грач,С.MP3"
Rook,"XC168670-0303_133629,Чеб,грач,С",10,"data/processed/Rook/XC168670-0303_133629,Чеб,грач,С_chunk010.wav",3.0,"XC168670-0303_133629,Чеб,грач,С.MP3"
Rook,"XC168670-0303_133629,Чеб,грач,С",11,"data/processed/Rook/XC168670-0303_133629,Чеб,грач,С_chunk011.wav",3.0,"XC168670-0303_133629,Чеб,грач,С.MP3"
Rook,"XC168670-0303_133629,Чеб,грач,С",12,"data/processed/Rook/XC168670-0303_133629,Чеб,грач,С_chunk012.wav",3.0,"XC168670-0303_133629,Чеб,грач,С.MP3"
Rook,"XC168670-0303_133629,Чеб,грач,С",13,"data/processed/Rook/XC168670-0303_133629,Чеб,грач,С_chunk013.wav",3.0,"XC168670-0303_133629,Чеб,грач,С.MP3"
Rook,"XC168670-0303_133629,Чеб,грач,С",14,"data/processed/Rook/XC168670-0303_133629,Чеб,грач,С_chunk014.wav",3.0,"XC168670-0303_133629,Чеб,грач,С.MP3"
Rook,XC182206-Corvus,0,data/processed/Rook/XC182206-Corvus_chunk000.wav,3.0,"XC182206-Corvus frugilegus 0427_045347,B.MP3"
Rook,XC182206-Corvus,1,data/processed/Rook/XC182206-Corvus_chunk001.wav,3.0,"XC182206-Corvus frugilegus 0427_045347,B.MP3"
Rook,XC182206-Corvus,2,data/processed/Rook/XC182206-Corvus_chunk002.wav,3.0,"XC182206-Corvus frugilegus 0427_045347,B.MP3"
Rook,XC182206-Corvus,3,data/processed/Rook/XC182206-Corvus_chunk003.wav,3.0,"XC182206-Corvus frugilegus 0427_045347,B.MP3"
Rook,XC182247-T15,0,data/processed/Rook/XC182247-T15_chunk000.wav,3.0,XC182247-T15.mp3
Rook,XC182247-T15,1,data/processed/Rook/XC182247-T15_chunk001.wav,3.0,XC182247-T15.mp3
Rook,XC182247-T15,2,data/processed/Rook/XC182247-T15_chunk002.wav,3.0,XC182247-T15.mp3
Rook,XC182247-T15,3,data/processed/Rook/XC182247-T15_chunk003.wav,3.0,XC182247-T15.mp3
Rook,XC182247-T15,4,data/processed/Rook/XC182247-T15_chunk004.wav,3.0,XC182247-T15.mp3
Rook,XC182247-T15,5,data/processed/Rook/XC182247-T15_chunk005.wav,3.0,XC182247-T15.mp3
Rook,XC182247-T15,6,data/processed/Rook/XC182247-T15_chunk006.wav,3.0,XC182247-T15.mp3
Rook,XC182247-T15,7,data/processed/Rook/XC182247-T15_chunk007.wav,3.0,XC182247-T15.mp3
Rook,XC182247-T15,8,data/processed/Rook/XC182247-T15_chunk008.wav,3.0,XC182247-T15.mp3
Rook,XC182247-T15,9,data/processed/Rook/XC182247-T15_chunk009.wav,3.0,XC182247-T15.mp3
Rook,XC182247-T15,10,data/processed/Rook/XC182247-T15_chunk010.wav,3.0,XC182247-T15.mp3
Rook,XC182247-T15,11,data/processed/Rook/XC182247-T15_chunk011.wav,3.0,XC182247-T15.mp3
Rook,XC182247-T15,12,data/processed/Rook/XC182247-T15_chunk012.wav,3.0,XC182247-T15.mp3
Rook,XC182247-T15,13,data/processed/Rook/XC182247-T15_chunk013.wav,3.0,XC182247-T15.mp3
Rook,XC182247-T15,14,data/processed/Rook/XC182247-T15_chunk014.wav,3.0,XC182247-T15.mp3
Rook,XC182247-T15,15,data/processed/Rook/XC182247-T15_chunk015.wav,3.0,XC182247-T15.mp3
Rook,XC182247-T15,16,data/processed/Rook/XC182247-T15_chunk016.wav,3.0,XC182247-T15.mp3
Rook,XC183768-C.,0,data/processed/Rook/XC183768-C._chunk000.wav,3.0,"XC183768-C. frugilegus 140512_049,A.MP3"
Rook,XC183768-C.,1,data/processed/Rook/XC183768-C._chunk001.wav,3.0,"XC183768-C. frugilegus 140512_049,A.MP3"
Rook,XC183768-C.,2,data/processed/Rook/XC183768-C._chunk002.wav,3.0,"XC183768-C. frugilegus 140512_049,A.MP3"
Rook,XC183768-C.,3,data/processed/Rook/XC183768-C._chunk003.wav,3.0,"XC183768-C. frugilegus 140512_049,A.MP3"
Rook,XC183768-C.,4,data/processed/Rook/XC183768-C._chunk004.wav,3.0,"XC183768-C. frugilegus 140512_049,A.MP3"
Rook,XC183768-C.,5,data/processed/Rook/XC183768-C._chunk005.wav,3.0,"XC183768-C. frugilegus 140512_049,A.MP3"
Rook,XC183768-C.,6,data/processed/Rook/XC183768-C._chunk006.wav,3.0,"XC183768-C. frugilegus 140512_049,A.MP3"
Rook,XC183768-C.,7,data/processed/Rook/XC183768-C._chunk007.wav,3.0,"XC183768-C. frugilegus 140512_049,A.MP3"
Rook,XC183768-C.,8,data/processed/Rook/XC183768-C._chunk008.wav,3.0,"XC183768-C. frugilegus 140512_049,A.MP3"
Rook,XC183768-C.,9,data/processed/Rook/XC183768-C._chunk009.wav,3.0,"XC183768-C. frugilegus 140512_049,A.MP3"
Rook,XC183841-C.,0,data/processed/Rook/XC183841-C._chunk000.wav,3.0,"XC183841-C. frugilegus 0513_043155,C.MP3"
Rook,XC183841-C.,1,data/processed/Rook/XC183841-C._chunk001.wav,3.0,"XC183841-C. frugilegus 0513_043155,C.MP3"
Rook,XC183841-C.,2,data/processed/Rook/XC183841-C._chunk002.wav,3.0,"XC183841-C. frugilegus 0513_043155,C.MP3"
Rook,XC183841-C.,3,data/processed/Rook/XC183841-C._chunk003.wav,3.0,"XC183841-C. frugilegus 0513_043155,C.MP3"
Rook,XC189517-,0,data/processed/Rook/XC189517-_chunk000.wav,3.0,"XC189517- 140802_029,ААА.MP3"
Rook,XC189517-,1,data/processed/Rook/XC189517-_chunk001.wav,3.0,"XC189517- 140802_029,ААА.MP3"
Rook,XC189517-,2,data/processed/Rook/XC189517-_chunk002.wav,3.0,"XC189517- 140802_029,ААА.MP3"
Rook,XC189517-,3,data/processed/Rook/XC189517-_chunk003.wav,3.0,"XC189517- 140802_029,ААА.MP3"
Rook,XC189517-,4,data/processed/Rook/XC189517-_chunk004.wav,3.0,"XC189517- 140802_029,ААА.MP3"
Rook,XC189517-,5,data/processed/Rook/XC189517-_chunk005.wav,3.0,"XC189517- 140802_029,ААА.MP3"
Rook,XC189517-,6,data/processed/Rook/XC189517-_chunk006.wav,3.0,"XC189517- 140802_029,ААА.MP3"
Rook,XC189517-,7,data/processed/Rook/XC189517-_chunk007.wav,3.0,"XC189517- 140802_029,ААА.MP3"
Rook,XC189517-,8,data/processed/Rook/XC189517-_chunk008.wav,3.0,"XC189517- 140802_029,ААА.MP3"
Rook,XC189517-,9,data/processed/Rook/XC189517-_chunk009.wav,3.0,"XC189517- 140802_029,ААА.MP3"
Rook,XC189517-,10,data/processed/Rook/XC189517-_chunk010.wav,3.0,"XC189517- 140802_029,ААА.MP3"
Rook,XC189517-,11,data/processed/Rook/XC189517-_chunk011.wav,3.0,"XC189517- 140802_029,ААА.MP3"
Rook,XC189517-,12,data/processed/Rook/XC189517-_chunk012.wav,3.0,"XC189517- 140802_029,ААА.MP3"
Rook,XC189517-,13,data/processed/Rook/XC189517-_chunk013.wav,3.0,"XC189517- 140802_029,ААА.MP3"
Rook,XC189517-,14,data/processed/Rook/XC189517-_chunk014.wav,3.0,"XC189517- 140802_029,ААА.MP3"
Rook,XC189517-,15,data/processed/Rook/XC189517-_chunk015.wav,3.0,"XC189517- 140802_029,ААА.MP3"
Rook,XC189517-,16,data/processed/Rook/XC189517-_chunk016.wav,3.0,"XC189517- 140802_029,ААА.MP3"
Rook,XC189517-,17,data/processed/Rook/XC189517-_chunk017.wav,3.0,"XC189517- 140802_029,ААА.MP3"
Rook,XC189517-,18,data/processed/Rook/XC189517-_chunk018.wav,3.0,"XC189517- 140802_029,ААА.MP3"
Rook,XC189517-,19,data/processed/Rook/XC189517-_chunk019.wav,3.0,"XC189517- 140802_029,ААА.MP3"
Rook,XC189517-,20,data/processed/Rook/XC189517-_chunk020.wav,3.0,"XC189517- 140802_029,ААА.MP3"
Rook,XC189517-,21,data/processed/Rook/XC189517-_chunk021.wav,3.0,"XC189517- 140802_029,ААА.MP3"
Rook,XC189517-,22,data/processed/Rook/XC189517-_chunk022.wav,3.0,"XC189517- 140802_029,ААА.MP3"
Rook,XC189517-,23,data/processed/Rook/XC189517-_chunk023.wav,3.0,"XC189517- 140802_029,ААА.MP3"
Rook,XC189517-,24,data/processed/Rook/XC189517-_chunk024.wav,3.0,"XC189517- 140802_029,ААА.MP3"
Rook,XC189517-,25,data/processed/Rook/XC189517-_chunk025.wav,3.0,"XC189517- 140802_029,ААА.MP3"
Rook,XC189517-,26,data/processed/Rook/XC189517-_chunk026.wav,3.0,"XC189517- 140802_029,ААА.MP3"
Rook,XC189517-,27,data/processed/Rook/XC189517-_chunk027.wav,3.0,"XC189517- 140802_029,ААА.MP3"
Rook,XC190156-Corvus,0,data/processed/Rook/XC190156-Corvus_chunk000.wav,3.0,"XC190156-Corvus frugilegus 140710_002, juv,AAA.MP3"
Rook,XC190156-Corvus,1,data/processed/Rook/XC190156-Corvus_chunk001.wav,3.0,"XC190156-Corvus frugilegus 140710_002, juv,AAA.MP3"
Rook,XC190156-Corvus,2,data/processed/Rook/XC190156-Corvus_chunk002.wav,3.0,"XC190156-Corvus frugilegus 140710_002, juv,AAA.MP3"
Rook,XC190156-Corvus,3,data/processed/Rook/XC190156-Corvus_chunk003.wav,3.0,"XC190156-Corvus frugilegus 140710_002, juv,AAA.MP3"
Rook,XC190156-Corvus,4,data/processed/Rook/XC190156-Corvus_chunk004.wav,3.0,"XC190156-Corvus frugilegus 140710_002, juv,AAA.MP3"
Rook,XC190156-Corvus,5,data/processed/Rook/XC190156-Corvus_chunk005.wav,3.0,"XC190156-Corvus frugilegus 140710_002, juv,AAA.MP3"
Rook,XC190156-Corvus,6,data/processed/Rook/XC190156-Corvus_chunk006.wav,3.0,"XC190156-Corvus frugilegus 140710_002, juv,AAA.MP3"
Rook,XC190156-Corvus,7,data/processed/Rook/XC190156-Corvus_chunk007.wav,3.0,"XC190156-Corvus frugilegus 140710_002, juv,AAA.MP3"
Rook,XC190156-Corvus,8,data/processed/Rook/XC190156-Corvus_chunk008.wav,3.0,"XC190156-Corvus frugilegus 140710_002, juv,AAA.MP3"
Rook,XC192210-2008-07-16,0,data/processed/Rook/XC192210-2008-07-16_chunk000.wav,3.0,XC192210-2008-07-16 Rook families jk0383.mp3
Rook,XC192210-2008-07-16,1,data/processed/Rook/XC192210-2008-07-16_chunk001.wav,3.0,XC192210-2008-07-16 Rook families jk0383.mp3
Rook,XC192210-2008-07-16,2,data/processed/Rook/XC192210-2008-07-16_chunk002.wav,3.0,XC192210-2008-07-16 Rook families jk0383.mp3
Rook,XC192210-2008-07-16,3,data/processed/Rook/XC192210-2008-07-16_chunk003.wav,3.0,XC192210-2008-07-16 Rook families jk0383.mp3
Rook,XC192210-2008-07-16,4,data/processed/Rook/XC192210-2008-07-16_chunk004.wav,3.0,XC192210-2008-07-16 Rook families jk0383.mp3
Rook,XC192210-2008-07-16,5,data/processed/Rook/XC192210-2008-07-16_chunk005.wav,3.0,XC192210-2008-07-16 Rook families jk0383.mp3
Rook,XC192210-2008-07-16,6,data/processed/Rook/XC192210-2008-07-16_chunk006.wav,3.0,XC192210-2008-07-16 Rook families jk0383.mp3
Rook,XC192210-2008-07-16,7,data/processed/Rook/XC192210-2008-07-16_chunk007.wav,3.0,XC192210-2008-07-16 Rook families jk0383.mp3
Rook,XC192210-2008-07-16,8,data/processed/Rook/XC192210-2008-07-16_chunk008.wav,3.0,XC192210-2008-07-16 Rook families jk0383.mp3
Rook,XC192210-2008-07-16,9,data/processed/Rook/XC192210-2008-07-16_chunk009.wav,3.0,XC192210-2008-07-16 Rook families jk0383.mp3
Rook,XC192210-2008-07-16,10,data/processed/Rook/XC192210-2008-07-16_chunk010.wav,3.0,XC192210-2008-07-16 Rook families jk0383.mp3
Rook,XC192210-2008-07-16,11,data/processed/Rook/XC192210-2008-07-16_chunk011.wav,3.0,XC192210-2008-07-16 Rook families jk0383.mp3
Rook,XC192210-2008-07-16,12,data/processed/Rook/XC192210-2008-07-16_chunk012.wav,3.0,XC192210-2008-07-16 Rook families jk0383.mp3
Rook,XC193418-B2A_Roek_SDW,0,data/processed/Rook/XC193418-B2A_Roek_SDW_chunk000.wav,3.0,XC193418-B2A_Roek_SDW.mp3
Rook,XC193418-B2A_Roek_SDW,1,data/processed/Rook/XC193418-B2A_Roek_SDW_chunk001.wav,3.0,XC193418-B2A_Roek_SDW.mp3
Rook,XC193418-B2A_Roek_SDW,2,data/processed/Rook/XC193418-B2A_Roek_SDW_chunk002.wav,3.0,XC193418-B2A_Roek_SDW.mp3
Rook,XC193418-B2A_Roek_SDW,3,data/processed/Rook/XC193418-B2A_Roek_SDW_chunk003.wav,3.0,XC193418-B2A_Roek_SDW.mp3
Rook,XC193418-B2A_Roek_SDW,4,data/processed/Rook/XC193418-B2A_Roek_SDW_chunk004.wav,3.0,XC193418-B2A_Roek_SDW.mp3
Rook,XC193418-B2A_Roek_SDW,5,data/processed/Rook/XC193418-B2A_Roek_SDW_chunk005.wav,3.0,XC193418-B2A_Roek_SDW.mp3
Rook,XC193418-B2A_Roek_SDW,6,data/processed/Rook/XC193418-B2A_Roek_SDW_chunk006.wav,3.0,XC193418-B2A_Roek_SDW.mp3
Rook,XC193418-B2A_Roek_SDW,7,data/processed/Rook/XC193418-B2A_Roek_SDW_chunk007.wav,3.0,XC193418-B2A_Roek_SDW.mp3
Rook,XC193418-B2A_Roek_SDW,8,data/processed/Rook/XC193418-B2A_Roek_SDW_chunk008.wav,3.0,XC193418-B2A_Roek_SDW.mp3
Rook,XC193418-B2A_Roek_SDW,9,data/processed/Rook/XC193418-B2A_Roek_SDW_chunk009.wav,3.0,XC193418-B2A_Roek_SDW.mp3
Rook,XC193418-B2A_Roek_SDW,10,data/processed/Rook/XC193418-B2A_Roek_SDW_chunk010.wav,3.0,XC193418-B2A_Roek_SDW.mp3
Rook,XC193418-B2A_Roek_SDW,11,data/processed/Rook/XC193418-B2A_Roek_SDW_chunk011.wav,3.0,XC193418-B2A_Roek_SDW.mp3
Rook,XC193418-B2A_Roek_SDW,12,data/processed/Rook/XC193418-B2A_Roek_SDW_chunk012.wav,3.0,XC193418-B2A_Roek_SDW.mp3
Rook,XC193732-C.,0,data/processed/Rook/XC193732-C._chunk000.wav,3.0,"XC193732-C. frug 140828_004,AB.MP3"
Rook,XC193732-C.,1,data/processed/Rook/XC193732-C._chunk001.wav,3.0,"XC193732-C. frug 140828_004,AB.MP3"
Rook,XC193732-C.,2,data/processed/Rook/XC193732-C._chunk002.wav,3.0,"XC193732-C. frug 140828_004,AB.MP3"
Rook,XC193732-C.,3,data/processed/Rook/XC193732-C._chunk003.wav,3.0,"XC193732-C. frug 140828_004,AB.MP3"
Rook,XC193732-C.,4,data/processed/Rook/XC193732-C._chunk004.wav,3.0,"XC193732-C. frug 140828_004,AB.MP3"
Rook,XC193732-C.,5,data/processed/Rook/XC193732-C._chunk005.wav,3.0,"XC193732-C. frug 140828_004,AB.MP3"
Rook,XC193732-C.,6,data/processed/Rook/XC193732-C._chunk006.wav,3.0,"XC193732-C. frug 140828_004,AB.MP3"
Rook,XC193732-C.,7,data/processed/Rook/XC193732-C._chunk007.wav,3.0,"XC193732-C. frug 140828_004,AB.MP3"
Rook,XC193732-C.,8,data/processed/Rook/XC193732-C._chunk008.wav,3.0,"XC193732-C. frug 140828_004,AB.MP3"
Rook,XC194174-Corbeau,0,data/processed/Rook/XC194174-Corbeau_chunk000.wav,3.0,XC194174-Corbeau  freu  St david 31 aout 2014.mp3
Rook,XC194174-Corbeau,1,data/processed/Rook/XC194174-Corbeau_chunk001.wav,3.0,XC194174-Corbeau  freu  St david 31 aout 2014.mp3
Rook,XC194174-Corbeau,2,data/processed/Rook/XC194174-Corbeau_chunk002.wav,3.0,XC194174-Corbeau  freu  St david 31 aout 2014.mp3
Rook,XC194174-Corbeau,3,data/processed/Rook/XC194174-Corbeau_chunk003.wav,3.0,XC194174-Corbeau  freu  St david 31 aout 2014.mp3
Rook,XC194174-Corbeau,4,data/processed/Rook/XC194174-Corbeau_chunk004.wav,3.0,XC194174-Corbeau  freu  St david 31 aout 2014.mp3
Rook,XC194174-Corbeau,5,data/processed/Rook/XC194174-Corbeau_chunk005.wav,3.0,XC194174-Corbeau  freu  St david 31 aout 2014.mp3
Rook,XC194174-Corbeau,6,data/processed/Rook/XC194174-Corbeau_chunk006.wav,3.0,XC194174-Corbeau  freu  St david 31 aout 2014.mp3
Rook,XC194174-Corbeau,7,data/processed/Rook/XC194174-Corbeau_chunk007.wav,3.0,XC194174-Corbeau  freu  St david 31 aout 2014.mp3
Rook,XC194174-Corbeau,8,data/processed/Rook/XC194174-Corbeau_chunk008.wav,3.0,XC194174-Corbeau  freu  St david 31 aout 2014.mp3
Rook,XC194174-Corbeau,9,data/processed/Rook/XC194174-Corbeau_chunk009.wav,3.0,XC194174-Corbeau  freu  St david 31 aout 2014.mp3
Rook,XC200458-Corvus,0,data/processed/Rook/XC200458-Corvus_chunk000.wav,3.0,"XC200458-Corvus frugil 0624_131827,AB.MP3"
Rook,XC200458-Corvus,1,data/processed/Rook/XC200458-Corvus_chunk001.wav,3.0,"XC200458-Corvus frugil 0624_131827,AB.MP3"
Rook,XC200458-Corvus,2,data/processed/Rook/XC200458-Corvus_chunk002.wav,3.0,"XC200458-Corvus frugil 0624_131827,AB.MP3"
Rook,XC200458-Corvus,3,data/processed/Rook/XC200458-Corvus_chunk003.wav,3.0,"XC200458-Corvus frugil 0624_131827,AB.MP3"
Rook,XC200458-Corvus,4,data/processed/Rook/XC200458-Corvus_chunk004.wav,3.0,"XC200458-Corvus frugil 0624_131827,AB.MP3"
Rook,XC200458-Corvus,5,data/processed/Rook/XC200458-Corvus_chunk005.wav,3.0,"XC200458-Corvus frugil 0624_131827,AB.MP3"
Rook,XC200458-Corvus,6,data/processed/Rook/XC200458-Corvus_chunk006.wav,3.0,"XC200458-Corvus frugil 0624_131827,AB.MP3"
Rook,XC200458-Corvus,7,data/processed/Rook/XC200458-Corvus_chunk007.wav,3.0,"XC200458-Corvus frugil 0624_131827,AB.MP3"
Rook,XC200458-Corvus,8,data/processed/Rook/XC200458-Corvus_chunk008.wav,3.0,"XC200458-Corvus frugil 0624_131827,AB.MP3"
Rook,XC207930-141225_1126,0,data/processed/Rook/XC207930-141225_1126_chunk000.wav,3.0,XC207930-141225_1126 Saatkrähe Raderach 2014 12 25Xeno.mp3
Rook,XC207930-141225_1126,1,data/processed/Rook/XC207930-141225_1126_chunk001.wav,3.0,XC207930-141225_1126 Saatkrähe Raderach 2014 12 25Xeno.mp3
Rook,XC207930-141225_1126,2,data/processed/Rook/XC207930-141225_1126_chunk002.wav,3.0,XC207930-141225_1126 Saatkrähe Raderach 2014 12 25Xeno.mp3
Rook,XC209236-Corfru_Challex_150102_edited,0,data/processed/Rook/XC209236-Corfru_Challex_150102_edited_chunk000.wav,3.0,XC209236-Corfru_Challex_150102_edited.mp3
Rook,XC209236-Corfru_Challex_150102_edited,1,data/processed/Rook/XC209236-Corfru_Challex_150102_edited_chunk001.wav,3.0,XC209236-Corfru_Challex_150102_edited.mp3
Rook,XC209236-Corfru_Challex_150102_edited,2,data/processed/Rook/XC209236-Corfru_Challex_150102_edited_chunk002.wav,3.0,XC209236-Corfru_Challex_150102_edited.mp3
Rook,XC209236-Corfru_Challex_150102_edited,3,data/processed/Rook/XC209236-Corfru_Challex_150102_edited_chunk003.wav,3.0,XC209236-Corfru_Challex_150102_edited.mp3
Rook,XC209236-Corfru_Challex_150102_edited,4,data/processed/Rook/XC209236-Corfru_Challex_150102_edited_chunk004.wav,3.0,XC209236-Corfru_Challex_150102_edited.mp3
Rook,XC209236-Corfru_Challex_150102_edited,5,data/processed/Rook/XC209236-Corfru_Challex_150102_edited_chunk005.wav,3.0,XC209236-Corfru_Challex_150102_edited.mp3
Rook,XC209236-Corfru_Challex_150102_edited,6,data/processed/Rook/XC209236-Corfru_Challex_150102_edited_chunk006.wav,3.0,XC209236-Corfru_Challex_150102_edited.mp3
Rook,XC209236-Corfru_Challex_150102_edited,7,data/processed/Rook/XC209236-Corfru_Challex_150102_edited_chunk007.wav,3.0,XC209236-Corfru_Challex_150102_edited.mp3
Rook,XC209236-Corfru_Challex_150102_edited,8,data/processed/Rook/XC209236-Corfru_Challex_150102_edited_chunk008.wav,3.0,XC209236-Corfru_Challex_150102_edited.mp3
Rook,XC209236-Corfru_Challex_150102_edited,9,data/processed/Rook/XC209236-Corfru_Challex_150102_edited_chunk009.wav,3.0,XC209236-Corfru_Challex_150102_edited.mp3
Rook,XC209236-Corfru_Challex_150102_edited,10,data/processed/Rook/XC209236-Corfru_Challex_150102_edited_chunk010.wav,3.0,XC209236-Corfru_Challex_150102_edited.mp3
Rook,XC209236-Corfru_Challex_150102_edited,11,data/processed/Rook/XC209236-Corfru_Challex_150102_edited_chunk011.wav,3.0,XC209236-Corfru_Challex_150102_edited.mp3
Rook,XC235640-CorvusFrugilegus_Freiburg_D_17mar2015,0,data/processed/Rook/XC235640-CorvusFrugilegus_Freiburg_D_17mar2015_chunk000.wav,3.0,XC235640-CorvusFrugilegus_Freiburg_D_17mar2015.mp3
Rook,XC235640-CorvusFrugilegus_Freiburg_D_17mar2015,1,data/processed/Rook/XC235640-CorvusFrugilegus_Freiburg_D_17mar2015_chunk001.wav,3.0,XC235640-CorvusFrugilegus_Freiburg_D_17mar2015.mp3
Rook,XC235640-CorvusFrugilegus_Freiburg_D_17mar2015,2,data/processed/Rook/XC235640-CorvusFrugilegus_Freiburg_D_17mar2015_chunk002.wav,3.0,XC235640-CorvusFrugilegus_Freiburg_D_17mar2015.mp3
Rook,XC235640-CorvusFrugilegus_Freiburg_D_17mar2015,3,data/processed/Rook/XC235640-CorvusFrugilegus_Freiburg_D_17mar2015_chunk003.wav,3.0,XC235640-CorvusFrugilegus_Freiburg_D_17mar2015.mp3
Rook,XC235640-CorvusFrugilegus_Freiburg_D_17mar2015,4,data/processed/Rook/XC235640-CorvusFrugilegus_Freiburg_D_17mar2015_chunk004.wav,3.0,XC235640-CorvusFrugilegus_Freiburg_D_17mar2015.mp3
Rook,XC235640-CorvusFrugilegus_Freiburg_D_17mar2015,5,data/processed/Rook/XC235640-CorvusFrugilegus_Freiburg_D_17mar2015_chunk005.wav,3.0,XC235640-CorvusFrugilegus_Freiburg_D_17mar2015.mp3
Rook,XC235640-CorvusFrugilegus_Freiburg_D_17mar2015,6,data/processed/Rook/XC235640-CorvusFrugilegus_Freiburg_D_17mar2015_chunk006.wav,3.0,XC235640-CorvusFrugilegus_Freiburg_D_17mar2015.mp3
Rook,XC235640-CorvusFrugilegus_Freiburg_D_17mar2015,7,data/processed/Rook/XC235640-CorvusFrugilegus_Freiburg_D_17mar2015_chunk007.wav,3.0,XC235640-CorvusFrugilegus_Freiburg_D_17mar2015.mp3
Rook,XC235640-CorvusFrugilegus_Freiburg_D_17mar2015,8,data/processed/Rook/XC235640-CorvusFrugilegus_Freiburg_D_17mar2015_chunk008.wav,3.0,XC235640-CorvusFrugilegus_Freiburg_D_17mar2015.mp3
Rook,XC235640-CorvusFrugilegus_Freiburg_D_17mar2015,9,data/processed/Rook/XC235640-CorvusFrugilegus_Freiburg_D_17mar2015_chunk009.wav,3.0,XC235640-CorvusFrugilegus_Freiburg_D_17mar2015.mp3
Rook,XC235640-CorvusFrugilegus_Freiburg_D_17mar2015,10,data/processed/Rook/XC235640-CorvusFrugilegus_Freiburg_D_17mar2015_chunk010.wav,3.0,XC235640-CorvusFrugilegus_Freiburg_D_17mar2015.mp3
Rook,XC235640-CorvusFrugilegus_Freiburg_D_17mar2015,11,data/processed/Rook/XC235640-CorvusFrugilegus_Freiburg_D_17mar2015_chunk011.wav,3.0,XC235640-CorvusFrugilegus_Freiburg_D_17mar2015.mp3
Rook,XC235640-CorvusFrugilegus_Freiburg_D_17mar2015,12,data/processed/Rook/XC235640-CorvusFrugilegus_Freiburg_D_17mar2015_chunk012.wav,3.0,XC235640-CorvusFrugilegus_Freiburg_D_17mar2015.mp3
Rook,XC235640-CorvusFrugilegus_Freiburg_D_17mar2015,13,data/processed/Rook/XC235640-CorvusFrugilegus_Freiburg_D_17mar2015_chunk013.wav,3.0,XC235640-CorvusFrugilegus_Freiburg_D_17mar2015.mp3
Rook,XC235640-CorvusFrugilegus_Freiburg_D_17mar2015,14,data/processed/Rook/XC235640-CorvusFrugilegus_Freiburg_D_17mar2015_chunk014.wav,3.0,XC235640-CorvusFrugilegus_Freiburg_D_17mar2015.mp3
Rook,XC235640-CorvusFrugilegus_Freiburg_D_17mar2015,15,data/processed/Rook/XC235640-CorvusFrugilegus_Freiburg_D_17mar2015_chunk015.wav,3.0,XC235640-CorvusFrugilegus_Freiburg_D_17mar2015.mp3
Rook,XC235640-CorvusFrugilegus_Freiburg_D_17mar2015,16,data/processed/Rook/XC235640-CorvusFrugilegus_Freiburg_D_17mar2015_chunk016.wav,3.0,XC235640-CorvusFrugilegus_Freiburg_D_17mar2015.mp3
Rook,XC235640-CorvusFrugilegus_Freiburg_D_17mar2015,17,data/processed/Rook/XC235640-CorvusFrugilegus_Freiburg_D_17mar2015_chunk017.wav,3.0,XC235640-CorvusFrugilegus_Freiburg_D_17mar2015.mp3
Rook,XC235640-CorvusFrugilegus_Freiburg_D_17mar2015,18,data/processed/Rook/XC235640-CorvusFrugilegus_Freiburg_D_17mar2015_chunk018.wav,3.0,XC235640-CorvusFrugilegus_Freiburg_D_17mar2015.mp3
Rook,XC235640-CorvusFrugilegus_Freiburg_D_17mar2015,19,data/processed/Rook/XC235640-CorvusFrugilegus_Freiburg_D_17mar2015_chunk019.wav,3.0,XC235640-CorvusFrugilegus_Freiburg_D_17mar2015.mp3
Rook,XC235640-CorvusFrugilegus_Freiburg_D_17mar2015,20,data/processed/Rook/XC235640-CorvusFrugilegus_Freiburg_D_17mar2015_chunk020.wav,3.0,XC235640-CorvusFrugilegus_Freiburg_D_17mar2015.mp3
Rook,XC235640-CorvusFrugilegus_Freiburg_D_17mar2015,21,data/processed/Rook/XC235640-CorvusFrugilegus_Freiburg_D_17mar2015_chunk021.wav,3.0,XC235640-CorvusFrugilegus_Freiburg_D_17mar2015.mp3
Rook,XC235640-CorvusFrugilegus_Freiburg_D_17mar2015,22,data/processed/Rook/XC235640-CorvusFrugilegus_Freiburg_D_17mar2015_chunk022.wav,3.0,XC235640-CorvusFrugilegus_Freiburg_D_17mar2015.mp3
Rook,XC267633-Corvus,0,data/processed/Rook/XC267633-Corvus_chunk000.wav,3.0,"XC267633-Corvus frugilegus 150503_003, Сибирцево-Ханка, утро,C.MP3"
Rook,XC267633-Corvus,1,data/processed/Rook/XC267633-Corvus_chunk001.wav,3.0,"XC267633-Corvus frugilegus 150503_003, Сибирцево-Ханка, утро,C.MP3"
Rook,XC267633-Corvus,2,data/processed/Rook/XC267633-Corvus_chunk002.wav,3.0,"XC267633-Corvus frugilegus 150503_003, Сибирцево-Ханка, утро,C.MP3"
Rook,XC267633-Corvus,3,data/processed/Rook/XC267633-Corvus_chunk003.wav,3.0,"XC267633-Corvus frugilegus 150503_003, Сибирцево-Ханка, утро,C.MP3"
Rook,XC267633-Corvus,4,data/processed/Rook/XC267633-Corvus_chunk004.wav,3.0,"XC267633-Corvus frugilegus 150503_003, Сибирцево-Ханка, утро,C.MP3"
Rook,XC267633-Corvus,5,data/processed/Rook/XC267633-Corvus_chunk005.wav,3.0,"XC267633-Corvus frugilegus 150503_003, Сибирцево-Ханка, утро,C.MP3"
Rook,XC267633-Corvus,6,data/processed/Rook/XC267633-Corvus_chunk006.wav,3.0,"XC267633-Corvus frugilegus 150503_003, Сибирцево-Ханка, утро,C.MP3"
Rook,XC267633-Corvus,7,data/processed/Rook/XC267633-Corvus_chunk007.wav,3.0,"XC267633-Corvus frugilegus 150503_003, Сибирцево-Ханка, утро,C.MP3"
Rook,XC267633-Corvus,8,data/processed/Rook/XC267633-Corvus_chunk008.wav,3.0,"XC267633-Corvus frugilegus 150503_003, Сибирцево-Ханка, утро,C.MP3"
Rook,XC267635-Corvus,0,data/processed/Rook/XC267635-Corvus_chunk000.wav,3.0,"XC267635-Corvus frugilegus 150503_036, р. Молоканка,С.MP3"
Rook,XC267635-Corvus,1,data/processed/Rook/XC267635-Corvus_chunk001.wav,3.0,"XC267635-Corvus frugilegus 150503_036, р. Молоканка,С.MP3"
Rook,XC267635-Corvus,2,data/processed/Rook/XC267635-Corvus_chunk002.wav,3.0,"XC267635-Corvus frugilegus 150503_036, р. Молоканка,С.MP3"
Rook,XC270381-Roek,0,data/processed/Rook/XC270381-Roek_chunk000.wav,3.0,XC270381-Roek kolonie Dombes.mp3
Rook,XC270381-Roek,1,data/processed/Rook/XC270381-Roek_chunk001.wav,3.0,XC270381-Roek kolonie Dombes.mp3
Rook,XC270381-Roek,2,data/processed/Rook/XC270381-Roek_chunk002.wav,3.0,XC270381-Roek kolonie Dombes.mp3
Rook,XC270381-Roek,3,data/processed/Rook/XC270381-Roek_chunk003.wav,3.0,XC270381-Roek kolonie Dombes.mp3
Rook,XC270381-Roek,4,data/processed/Rook/XC270381-Roek_chunk004.wav,3.0,XC270381-Roek kolonie Dombes.mp3
Rook,XC270381-Roek,5,data/processed/Rook/XC270381-Roek_chunk005.wav,3.0,XC270381-Roek kolonie Dombes.mp3
Rook,XC270381-Roek,6,data/processed/Rook/XC270381-Roek_chunk006.wav,3.0,XC270381-Roek kolonie Dombes.mp3
Rook,XC270382-Roek,0,data/processed/Rook/XC270382-Roek_chunk000.wav,3.0,XC270382-Roek roep Dombes 2.mp3
Rook,XC270382-Roek,1,data/processed/Rook/XC270382-Roek_chunk001.wav,3.0,XC270382-Roek roep Dombes 2.mp3
Rook,XC270382-Roek,2,data/processed/Rook/XC270382-Roek_chunk002.wav,3.0,XC270382-Roek roep Dombes 2.mp3
Rook,XC270382-Roek,3,data/processed/Rook/XC270382-Roek_chunk003.wav,3.0,XC270382-Roek roep Dombes 2.mp3
Rook,XC270382-Roek,4,data/processed/Rook/XC270382-Roek_chunk004.wav,3.0,XC270382-Roek roep Dombes 2.mp3
Rook,XC270382-Roek,5,data/processed/Rook/XC270382-Roek_chunk005.wav,3.0,XC270382-Roek roep Dombes 2.mp3
Rook,XC270382-Roek,6,data/processed/Rook/XC270382-Roek_chunk006.wav,3.0,XC270382-Roek roep Dombes 2.mp3
Rook,XC270382-Roek,7,data/processed/Rook/XC270382-Roek_chunk007.wav,3.0,XC270382-Roek roep Dombes 2.mp3
Rook,XC270382-Roek,8,data/processed/Rook/XC270382-Roek_chunk008.wav,3.0,XC270382-Roek roep Dombes 2.mp3
Rook,XC270382-Roek,9,data/processed/Rook/XC270382-Roek_chunk009.wav,3.0,XC270382-Roek roep Dombes 2.mp3
Rook,XC270382-Roek,10,data/processed/Rook/XC270382-Roek_chunk010.wav,3.0,XC270382-Roek roep Dombes 2.mp3
Rook,XC270382-Roek,11,data/processed/Rook/XC270382-Roek_chunk011.wav,3.0,XC270382-Roek roep Dombes 2.mp3
Rook,XC270382-Roek,12,data/processed/Rook/XC270382-Roek_chunk012.wav,3.0,XC270382-Roek roep Dombes 2.mp3
Rook,XC270382-Roek,13,data/processed/Rook/XC270382-Roek_chunk013.wav,3.0,XC270382-Roek roep Dombes 2.mp3
Rook,XC270382-Roek,14,data/processed/Rook/XC270382-Roek_chunk014.wav,3.0,XC270382-Roek roep Dombes 2.mp3
Rook,XC270382-Roek,15,data/processed/Rook/XC270382-Roek_chunk015.wav,3.0,XC270382-Roek roep Dombes 2.mp3
Rook,XC270382-Roek,16,data/processed/Rook/XC270382-Roek_chunk016.wav,3.0,XC270382-Roek roep Dombes 2.mp3
Rook,XC270382-Roek,17,data/processed/Rook/XC270382-Roek_chunk017.wav,3.0,XC270382-Roek roep Dombes 2.mp3
Rook,XC270382-Roek,18,data/processed/Rook/XC270382-Roek_chunk018.wav,3.0,XC270382-Roek roep Dombes 2.mp3
Rook,XC270382-Roek,19,data/processed/Rook/XC270382-Roek_chunk019.wav,3.0,XC270382-Roek roep Dombes 2.mp3
Rook,XC270382-Roek,20,data/processed/Rook/XC270382-Roek_chunk020.wav,3.0,XC270382-Roek roep Dombes 2.mp3
Rook,XC270383-Roek,0,data/processed/Rook/XC270383-Roek_chunk000.wav,3.0,XC270383-Roek roep Dombes.mp3
Rook,XC270383-Roek,1,data/processed/Rook/XC270383-Roek_chunk001.wav,3.0,XC270383-Roek roep Dombes.mp3
Rook,XC270383-Roek,2,data/processed/Rook/XC270383-Roek_chunk002.wav,3.0,XC270383-Roek roep Dombes.mp3
Rook,XC270383-Roek,3,data/processed/Rook/XC270383-Roek_chunk003.wav,3.0,XC270383-Roek roep Dombes.mp3
Rook,XC270383-Roek,4,data/processed/Rook/XC270383-Roek_chunk004.wav,3.0,XC270383-Roek roep Dombes.mp3
Rook,XC270384-Roek,0,data/processed/Rook/XC270384-Roek_chunk000.wav,3.0,XC270384-Roek roep vlucht Dombes.mp3
Rook,XC270384-Roek,1,data/processed/Rook/XC270384-Roek_chunk001.wav,3.0,XC270384-Roek roep vlucht Dombes.mp3
Rook,XC270384-Roek,2,data/processed/Rook/XC270384-Roek_chunk002.wav,3.0,XC270384-Roek roep vlucht Dombes.mp3
Rook,XC270384-Roek,3,data/processed/Rook/XC270384-Roek_chunk003.wav,3.0,XC270384-Roek roep vlucht Dombes.mp3
Rook,XC270384-Roek,4,data/processed/Rook/XC270384-Roek_chunk004.wav,3.0,XC270384-Roek roep vlucht Dombes.mp3
Rook,XC270384-Roek,5,data/processed/Rook/XC270384-Roek_chunk005.wav,3.0,XC270384-Roek roep vlucht Dombes.mp3
Rook,XC281722-438,0,data/processed/Rook/XC281722-438_chunk000.wav,3.0,XC281722-438 2 Roek 2 Roep.mp3
Rook,XC281722-438,1,data/processed/Rook/XC281722-438_chunk001.wav,3.0,XC281722-438 2 Roek 2 Roep.mp3
Rook,XC281722-438,2,data/processed/Rook/XC281722-438_chunk002.wav,3.0,XC281722-438 2 Roek 2 Roep.mp3
Rook,XC281722-438,3,data/processed/Rook/XC281722-438_chunk003.wav,3.0,XC281722-438 2 Roek 2 Roep.mp3
Rook,XC281722-438,4,data/processed/Rook/XC281722-438_chunk004.wav,3.0,XC281722-438 2 Roek 2 Roep.mp3
Rook,XC281722-438,5,data/processed/Rook/XC281722-438_chunk005.wav,3.0,XC281722-438 2 Roek 2 Roep.mp3
Rook,XC281722-438,6,data/processed/Rook/XC281722-438_chunk006.wav,3.0,XC281722-438 2 Roek 2 Roep.mp3
Rook,XC281722-438,7,data/processed/Rook/XC281722-438_chunk007.wav,3.0,XC281722-438 2 Roek 2 Roep.mp3
Rook,XC281722-438,8,data/processed/Rook/XC281722-438_chunk008.wav,3.0,XC281722-438 2 Roek 2 Roep.mp3
Rook,XC281722-438,9,data/processed/Rook/XC281722-438_chunk009.wav,3.0,XC281722-438 2 Roek 2 Roep.mp3
Rook,XC281722-438,10,data/processed/Rook/XC281722-438_chunk010.wav,3.0,XC281722-438 2 Roek 2 Roep.mp3
Rook,XC281722-438,11,data/processed/Rook/XC281722-438_chunk011.wav,3.0,XC281722-438 2 Roek 2 Roep.mp3
Rook,XC281722-438,12,data/processed/Rook/XC281722-438_chunk012.wav,3.0,XC281722-438 2 Roek 2 Roep.mp3
Rook,XC281722-438,13,data/processed/Rook/XC281722-438_chunk013.wav,3.0,XC281722-438 2 Roek 2 Roep.mp3
Rook,XC281722-438,14,data/processed/Rook/XC281722-438_chunk014.wav,3.0,XC281722-438 2 Roek 2 Roep.mp3
Rook,XC281722-438,15,data/processed/Rook/XC281722-438_chunk015.wav,3.0,XC281722-438 2 Roek 2 Roep.mp3
Rook,XC281722-438,16,data/processed/Rook/XC281722-438_chunk016.wav,3.0,XC281722-438 2 Roek 2 Roep.mp3
Rook,XC281722-438,17,data/processed/Rook/XC281722-438_chunk017.wav,3.0,XC281722-438 2 Roek 2 Roep.mp3
Rook,XC281722-438,18,data/processed/Rook/XC281722-438_chunk018.wav,3.0,XC281722-438 2 Roek 2 Roep.mp3
Rook,XC281722-438,19,data/processed/Rook/XC281722-438_chunk019.wav,3.0,XC281722-438 2 Roek 2 Roep.mp3
Rook,XC281722-438,20,data/processed/Rook/XC281722-438_chunk020.wav,3.0,XC281722-438 2 Roek 2 Roep.mp3
Rook,XC281722-438,21,data/processed/Rook/XC281722-438_chunk021.wav,3.0,XC281722-438 2 Roek 2 Roep.mp3
Rook,XC281722-438,22,data/processed/Rook/XC281722-438_chunk022.wav,3.0,XC281722-438 2 Roek 2 Roep.mp3
Rook,XC281722-438,23,data/processed/Rook/XC281722-438_chunk023.wav,3.0,XC281722-438 2 Roek 2 Roep.mp3
Rook,XC288079-Roeken,0,data/processed/Rook/XC288079-Roeken_chunk000.wav,3.0,XC288079-Roeken in Ten Boer 270915.mp3
Rook,XC288079-Roeken,1,data/processed/Rook/XC288079-Roeken_chunk001.wav,3.0,XC288079-Roeken in Ten Boer 270915.mp3
Rook,XC288079-Roeken,2,data/processed/Rook/XC288079-Roeken_chunk002.wav,3.0,XC288079-Roeken in Ten Boer 270915.mp3
Rook,XC288079-Roeken,3,data/processed/Rook/XC288079-Roeken_chunk003.wav,3.0,XC288079-Roeken in Ten Boer 270915.mp3
Rook,XC288079-Roeken,4,data/processed/Rook/XC288079-Roeken_chunk004.wav,3.0,XC288079-Roeken in Ten Boer 270915.mp3
Rook,XC288079-Roeken,5,data/processed/Rook/XC288079-Roeken_chunk005.wav,3.0,XC288079-Roeken in Ten Boer 270915.mp3
Rook,XC288079-Roeken,6,data/processed/Rook/XC288079-Roeken_chunk006.wav,3.0,XC288079-Roeken in Ten Boer 270915.mp3
Rook,XC288079-Roeken,7,data/processed/Rook/XC288079-Roeken_chunk007.wav,3.0,XC288079-Roeken in Ten Boer 270915.mp3
Rook,XC296009-corvoComune2,0,data/processed/Rook/XC296009-corvoComune2_chunk000.wav,3.0,XC296009-corvoComune2.mp3
Rook,XC296009-corvoComune2,1,data/processed/Rook/XC296009-corvoComune2_chunk001.wav,3.0,XC296009-corvoComune2.mp3
Rook,XC296009-corvoComune2,2,data/processed/Rook/XC296009-corvoComune2_chunk002.wav,3.0,XC296009-corvoComune2.mp3
Rook,XC296009-corvoComune2,3,data/processed/Rook/XC296009-corvoComune2_chunk003.wav,3.0,XC296009-corvoComune2.mp3
Rook,XC296009-corvoComune2,4,data/processed/Rook/XC296009-corvoComune2_chunk004.wav,3.0,XC296009-corvoComune2.mp3
Rook,XC296009-corvoComune2,5,data/processed/Rook/XC296009-corvoComune2_chunk005.wav,3.0,XC296009-corvoComune2.mp3
Rook,XC296009-corvoComune2,6,data/processed/Rook/XC296009-corvoComune2_chunk006.wav,3.0,XC296009-corvoComune2.mp3
Rook,XC298720-Corbeau,0,data/processed/Rook/XC298720-Corbeau_chunk000.wav,3.0,XC298720-Corbeau freux.mp3
Rook,XC298720-Corbeau,1,data/processed/Rook/XC298720-Corbeau_chunk001.wav,3.0,XC298720-Corbeau freux.mp3
Rook,XC312113-,0,data/processed/Rook/XC312113-_chunk000.wav,3.0,XC312113- грач черн клюв дома 160409_004.MP3
Rook,XC312113-,1,data/processed/Rook/XC312113-_chunk001.wav,3.0,XC312113- грач черн клюв дома 160409_004.MP3
Rook,XC312113-,2,data/processed/Rook/XC312113-_chunk002.wav,3.0,XC312113- грач черн клюв дома 160409_004.MP3
Rook,XC312113-,3,data/processed/Rook/XC312113-_chunk003.wav,3.0,XC312113- грач черн клюв дома 160409_004.MP3
Rook,XC312113-,4,data/processed/Rook/XC312113-_chunk004.wav,3.0,XC312113- грач черн клюв дома 160409_004.MP3
Rook,XC312113-,5,data/processed/Rook/XC312113-_chunk005.wav,3.0,XC312113- грач черн клюв дома 160409_004.MP3
Rook,XC312833-ZOOM0007,0,data/processed/Rook/XC312833-ZOOM0007_chunk000.wav,3.0,XC312833-ZOOM0007.mp3
Rook,XC312833-ZOOM0007,1,data/processed/Rook/XC312833-ZOOM0007_chunk001.wav,3.0,XC312833-ZOOM0007.mp3
Rook,XC312833-ZOOM0007,2,data/processed/Rook/XC312833-ZOOM0007_chunk002.wav,3.0,XC312833-ZOOM0007.mp3
Rook,XC312833-ZOOM0007,3,data/processed/Rook/XC312833-ZOOM0007_chunk003.wav,3.0,XC312833-ZOOM0007.mp3
Rook,XC312833-ZOOM0007,4,data/processed/Rook/XC312833-ZOOM0007_chunk004.wav,3.0,XC312833-ZOOM0007.mp3
Rook,XC312833-ZOOM0007,5,data/processed/Rook/XC312833-ZOOM0007_chunk005.wav,3.0,XC312833-ZOOM0007.mp3
Rook,XC312833-ZOOM0007,6,data/processed/Rook/XC312833-ZOOM0007_chunk006.wav,3.0,XC312833-ZOOM0007.mp3
Rook,XC312833-ZOOM0007,7,data/processed/Rook/XC312833-ZOOM0007_chunk007.wav,3.0,XC312833-ZOOM0007.mp3
Rook,XC312833-ZOOM0007,8,data/processed/Rook/XC312833-ZOOM0007_chunk008.wav,3.0,XC312833-ZOOM0007.mp3
Rook,XC312833-ZOOM0007,9,data/processed/Rook/XC312833-ZOOM0007_chunk009.wav,3.0,XC312833-ZOOM0007.mp3
Rook,XC312833-ZOOM0007,10,data/processed/Rook/XC312833-ZOOM0007_chunk010.wav,3.0,XC312833-ZOOM0007.mp3
Rook,XC312833-ZOOM0007,11,data/processed/Rook/XC312833-ZOOM0007_chunk011.wav,3.0,XC312833-ZOOM0007.mp3
Rook,XC312833-ZOOM0007,12,data/processed/Rook/XC312833-ZOOM0007_chunk012.wav,3.0,XC312833-ZOOM0007.mp3
Rook,XC312833-ZOOM0007,13,data/processed/Rook/XC312833-ZOOM0007_chunk013.wav,3.0,XC312833-ZOOM0007.mp3
Rook,XC312833-ZOOM0007,14,data/processed/Rook/XC312833-ZOOM0007_chunk014.wav,3.0,XC312833-ZOOM0007.mp3
Rook,XC312833-ZOOM0007,15,data/processed/Rook/XC312833-ZOOM0007_chunk015.wav,3.0,XC312833-ZOOM0007.mp3
Rook,XC312833-ZOOM0007,16,data/processed/Rook/XC312833-ZOOM0007_chunk016.wav,3.0,XC312833-ZOOM0007.mp3
Rook,XC312833-ZOOM0007,17,data/processed/Rook/XC312833-ZOOM0007_chunk017.wav,3.0,XC312833-ZOOM0007.mp3
Rook,XC312833-ZOOM0007,18,data/processed/Rook/XC312833-ZOOM0007_chunk018.wav,3.0,XC312833-ZOOM0007.mp3
Rook,XC312833-ZOOM0007,19,data/processed/Rook/XC312833-ZOOM0007_chunk019.wav,3.0,XC312833-ZOOM0007.mp3
Rook,XC312833-ZOOM0007,20,data/processed/Rook/XC312833-ZOOM0007_chunk020.wav,3.0,XC312833-ZOOM0007.mp3
Rook,XC312833-ZOOM0007,21,data/processed/Rook/XC312833-ZOOM0007_chunk021.wav,3.0,XC312833-ZOOM0007.mp3
Rook,XC312833-ZOOM0007,22,data/processed/Rook/XC312833-ZOOM0007_chunk022.wav,3.0,XC312833-ZOOM0007.mp3
Rook,XC312833-ZOOM0007,23,data/processed/Rook/XC312833-ZOOM0007_chunk023.wav,3.0,XC312833-ZOOM0007.mp3
Rook,XC312833-ZOOM0007,24,data/processed/Rook/XC312833-ZOOM0007_chunk024.wav,3.0,XC312833-ZOOM0007.mp3
Rook,XC312833-ZOOM0007,25,data/processed/Rook/XC312833-ZOOM0007_chunk025.wav,3.0,XC312833-ZOOM0007.mp3
Rook,XC312833-ZOOM0007,26,data/processed/Rook/XC312833-ZOOM0007_chunk026.wav,3.0,XC312833-ZOOM0007.mp3
Rook,XC312833-ZOOM0007,27,data/processed/Rook/XC312833-ZOOM0007_chunk027.wav,3.0,XC312833-ZOOM0007.mp3
Rook,XC312833-ZOOM0007,28,data/processed/Rook/XC312833-ZOOM0007_chunk028.wav,3.0,XC312833-ZOOM0007.mp3
Rook,XC312833-ZOOM0007,29,data/processed/Rook/XC312833-ZOOM0007_chunk029.wav,3.0,XC312833-ZOOM0007.mp3
Rook,XC312833-ZOOM0007,30,data/processed/Rook/XC312833-ZOOM0007_chunk030.wav,3.0,XC312833-ZOOM0007.mp3
Rook,XC312833-ZOOM0007,31,data/processed/Rook/XC312833-ZOOM0007_chunk031.wav,3.0,XC312833-ZOOM0007.mp3
Rook,XC312833-ZOOM0007,32,data/processed/Rook/XC312833-ZOOM0007_chunk032.wav,3.0,XC312833-ZOOM0007.mp3
Rook,XC312833-ZOOM0007,33,data/processed/Rook/XC312833-ZOOM0007_chunk033.wav,3.0,XC312833-ZOOM0007.mp3
Rook,XC312833-ZOOM0007,34,data/processed/Rook/XC312833-ZOOM0007_chunk034.wav,3.0,XC312833-ZOOM0007.mp3
Rook,XC312833-ZOOM0007,35,data/processed/Rook/XC312833-ZOOM0007_chunk035.wav,3.0,XC312833-ZOOM0007.mp3
Rook,XC312833-ZOOM0007,36,data/processed/Rook/XC312833-ZOOM0007_chunk036.wav,3.0,XC312833-ZOOM0007.mp3
Rook,XC312833-ZOOM0007,37,data/processed/Rook/XC312833-ZOOM0007_chunk037.wav,3.0,XC312833-ZOOM0007.mp3
Rook,XC312833-ZOOM0007,38,data/processed/Rook/XC312833-ZOOM0007_chunk038.wav,3.0,XC312833-ZOOM0007.mp3
Rook,XC312833-ZOOM0007,39,data/processed/Rook/XC312833-ZOOM0007_chunk039.wav,3.0,XC312833-ZOOM0007.mp3
Rook,XC312833-ZOOM0007,40,data/processed/Rook/XC312833-ZOOM0007_chunk040.wav,3.0,XC312833-ZOOM0007.mp3
Rook,XC312833-ZOOM0007,41,data/processed/Rook/XC312833-ZOOM0007_chunk041.wav,3.0,XC312833-ZOOM0007.mp3
Rook,XC312833-ZOOM0007,42,data/processed/Rook/XC312833-ZOOM0007_chunk042.wav,3.0,XC312833-ZOOM0007.mp3
Rook,XC312833-ZOOM0007,43,data/processed/Rook/XC312833-ZOOM0007_chunk043.wav,3.0,XC312833-ZOOM0007.mp3
Rook,XC312833-ZOOM0007,44,data/processed/Rook/XC312833-ZOOM0007_chunk044.wav,3.0,XC312833-ZOOM0007.mp3
Rook,XC312833-ZOOM0007,45,data/processed/Rook/XC312833-ZOOM0007_chunk045.wav,3.0,XC312833-ZOOM0007.mp3
Rook,XC312833-ZOOM0007,46,data/processed/Rook/XC312833-ZOOM0007_chunk046.wav,3.0,XC312833-ZOOM0007.mp3
Rook,XC312833-ZOOM0007,47,data/processed/Rook/XC312833-ZOOM0007_chunk047.wav,3.0,XC312833-ZOOM0007.mp3
Rook,XC312833-ZOOM0007,48,data/processed/Rook/XC312833-ZOOM0007_chunk048.wav,3.0,XC312833-ZOOM0007.mp3
Rook,XC312833-ZOOM0007,49,data/processed/Rook/XC312833-ZOOM0007_chunk049.wav,3.0,XC312833-ZOOM0007.mp3
Rook,XC312833-ZOOM0007,50,data/processed/Rook/XC312833-ZOOM0007_chunk050.wav,3.0,XC312833-ZOOM0007.mp3
Rook,XC312833-ZOOM0007,51,data/processed/Rook/XC312833-ZOOM0007_chunk051.wav,3.0,XC312833-ZOOM0007.mp3
Rook,XC312833-ZOOM0007,52,data/processed/Rook/XC312833-ZOOM0007_chunk052.wav,3.0,XC312833-ZOOM0007.mp3
Rook,XC312833-ZOOM0007,53,data/processed/Rook/XC312833-ZOOM0007_chunk053.wav,3.0,XC312833-ZOOM0007.mp3
Rook,XC313341-,0,data/processed/Rook/XC313341-_chunk000.wav,3.0,"XC313341- 160318_002,А.MP3"
Rook,XC313341-,1,data/processed/Rook/XC313341-_chunk001.wav,3.0,"XC313341- 160318_002,А.MP3"
Rook,XC313341-,2,data/processed/Rook/XC313341-_chunk002.wav,3.0,"XC313341- 160318_002,А.MP3"
Rook,XC313341-,3,data/processed/Rook/XC313341-_chunk003.wav,3.0,"XC313341- 160318_002,А.MP3"
Rook,XC313341-,4,data/processed/Rook/XC313341-_chunk004.wav,3.0,"XC313341- 160318_002,А.MP3"
Rook,XC313341-,5,data/processed/Rook/XC313341-_chunk005.wav,3.0,"XC313341- 160318_002,А.MP3"
Rook,XC313341-,6,data/processed/Rook/XC313341-_chunk006.wav,3.0,"XC313341- 160318_002,А.MP3"
Rook,XC313341-,7,data/processed/Rook/XC313341-_chunk007.wav,3.0,"XC313341- 160318_002,А.MP3"
Rook,XC313341-,8,data/processed/Rook/XC313341-_chunk008.wav,3.0,"XC313341- 160318_002,А.MP3"
Rook,XC313341-,9,data/processed/Rook/XC313341-_chunk009.wav,3.0,"XC313341- 160318_002,А.MP3"
Rook,XC313341-,10,data/processed/Rook/XC313341-_chunk010.wav,3.0,"XC313341- 160318_002,А.MP3"
Rook,XC313341-,11,data/processed/Rook/XC313341-_chunk011.wav,3.0,"XC313341- 160318_002,А.MP3"
Rook,XC313341-,12,data/processed/Rook/XC313341-_chunk012.wav,3.0,"XC313341- 160318_002,А.MP3"
Rook,XC313341-,13,data/processed/Rook/XC313341-_chunk013.wav,3.0,"XC313341- 160318_002,А.MP3"
Rook,XC313341-,14,data/processed/Rook/XC313341-_chunk014.wav,3.0,"XC313341- 160318_002,А.MP3"
Rook,XC313341-,15,data/processed/Rook/XC313341-_chunk015.wav,3.0,"XC313341- 160318_002,А.MP3"
Rook,XC313341-,16,data/processed/Rook/XC313341-_chunk016.wav,3.0,"XC313341- 160318_002,А.MP3"
Rook,XC313341-,17,data/processed/Rook/XC313341-_chunk017.wav,3.0,"XC313341- 160318_002,А.MP3"
Rook,XC313341-,18,data/processed/Rook/XC313341-_chunk018.wav,3.0,"XC313341- 160318_002,А.MP3"
Rook,XC313341-,19,data/processed/Rook/XC313341-_chunk019.wav,3.0,"XC313341- 160318_002,А.MP3"
Rook,XC313341-,20,data/processed/Rook/XC313341-_chunk020.wav,3.0,"XC313341- 160318_002,А.MP3"
Rook,XC313341-,21,data/processed/Rook/XC313341-_chunk021.wav,3.0,"XC313341- 160318_002,А.MP3"
Rook,XC313341-,22,data/processed/Rook/XC313341-_chunk022.wav,3.0,"XC313341- 160318_002,А.MP3"
Rook,XC315476-Saatkraehe,0,data/processed/Rook/XC315476-Saatkraehe_chunk000.wav,3.0,XC315476-Saatkraehe.mp3
Rook,XC315476-Saatkraehe,1,data/processed/Rook/XC315476-Saatkraehe_chunk001.wav,3.0,XC315476-Saatkraehe.mp3
Rook,XC315476-Saatkraehe,2,data/processed/Rook/XC315476-Saatkraehe_chunk002.wav,3.0,XC315476-Saatkraehe.mp3
Rook,XC315476-Saatkraehe,3,data/processed/Rook/XC315476-Saatkraehe_chunk003.wav,3.0,XC315476-Saatkraehe.mp3
Rook,XC315476-Saatkraehe,4,data/processed/Rook/XC315476-Saatkraehe_chunk004.wav,3.0,XC315476-Saatkraehe.mp3
Rook,XC315476-Saatkraehe,5,data/processed/Rook/XC315476-Saatkraehe_chunk005.wav,3.0,XC315476-Saatkraehe.mp3
Rook,XC315476-Saatkraehe,6,data/processed/Rook/XC315476-Saatkraehe_chunk006.wav,3.0,XC315476-Saatkraehe.mp3
Rook,XC315476-Saatkraehe,7,data/processed/Rook/XC315476-Saatkraehe_chunk007.wav,3.0,XC315476-Saatkraehe.mp3
Rook,XC315476-Saatkraehe,8,data/processed/Rook/XC315476-Saatkraehe_chunk008.wav,3.0,XC315476-Saatkraehe.mp3
Rook,XC315476-Saatkraehe,9,data/processed/Rook/XC315476-Saatkraehe_chunk009.wav,3.0,XC315476-Saatkraehe.mp3
Rook,XC315476-Saatkraehe,10,data/processed/Rook/XC315476-Saatkraehe_chunk010.wav,3.0,XC315476-Saatkraehe.mp3
Rook,XC315476-Saatkraehe,11,data/processed/Rook/XC315476-Saatkraehe_chunk011.wav,3.0,XC315476-Saatkraehe.mp3
Rook,XC315476-Saatkraehe,12,data/processed/Rook/XC315476-Saatkraehe_chunk012.wav,3.0,XC315476-Saatkraehe.mp3
Rook,XC315476-Saatkraehe,13,data/processed/Rook/XC315476-Saatkraehe_chunk013.wav,3.0,XC315476-Saatkraehe.mp3
Rook,XC315476-Saatkraehe,14,data/processed/Rook/XC315476-Saatkraehe_chunk014.wav,3.0,XC315476-Saatkraehe.mp3
Rook,XC315476-Saatkraehe,15,data/processed/Rook/XC315476-Saatkraehe_chunk015.wav,3.0,XC315476-Saatkraehe.mp3
Rook,XC315476-Saatkraehe,16,data/processed/Rook/XC315476-Saatkraehe_chunk016.wav,3.0,XC315476-Saatkraehe.mp3
Rook,XC315476-Saatkraehe,17,data/processed/Rook/XC315476-Saatkraehe_chunk017.wav,3.0,XC315476-Saatkraehe.mp3
Rook,XC315476-Saatkraehe,18,data/processed/Rook/XC315476-Saatkraehe_chunk018.wav,3.0,XC315476-Saatkraehe.mp3
Rook,XC315476-Saatkraehe,19,data/processed/Rook/XC315476-Saatkraehe_chunk019.wav,3.0,XC315476-Saatkraehe.mp3
Rook,XC315476-Saatkraehe,20,data/processed/Rook/XC315476-Saatkraehe_chunk020.wav,3.0,XC315476-Saatkraehe.mp3
Rook,XC315476-Saatkraehe,21,data/processed/Rook/XC315476-Saatkraehe_chunk021.wav,3.0,XC315476-Saatkraehe.mp3
Rook,XC315476-Saatkraehe,22,data/processed/Rook/XC315476-Saatkraehe_chunk022.wav,3.0,XC315476-Saatkraehe.mp3
Rook,XC315476-Saatkraehe,23,data/processed/Rook/XC315476-Saatkraehe_chunk023.wav,3.0,XC315476-Saatkraehe.mp3
Rook,XC315476-Saatkraehe,24,data/processed/Rook/XC315476-Saatkraehe_chunk024.wav,3.0,XC315476-Saatkraehe.mp3
Rook,XC315476-Saatkraehe,25,data/processed/Rook/XC315476-Saatkraehe_chunk025.wav,3.0,XC315476-Saatkraehe.mp3
Rook,XC315476-Saatkraehe,26,data/processed/Rook/XC315476-Saatkraehe_chunk026.wav,3.0,XC315476-Saatkraehe.mp3
Rook,XC315476-Saatkraehe,27,data/processed/Rook/XC315476-Saatkraehe_chunk027.wav,3.0,XC315476-Saatkraehe.mp3
Rook,XC315476-Saatkraehe,28,data/processed/Rook/XC315476-Saatkraehe_chunk028.wav,3.0,XC315476-Saatkraehe.mp3
Rook,XC315476-Saatkraehe,29,data/processed/Rook/XC315476-Saatkraehe_chunk029.wav,3.0,XC315476-Saatkraehe.mp3
Rook,XC315476-Saatkraehe,30,data/processed/Rook/XC315476-Saatkraehe_chunk030.wav,3.0,XC315476-Saatkraehe.mp3
Rook,XC315476-Saatkraehe,31,data/processed/Rook/XC315476-Saatkraehe_chunk031.wav,3.0,XC315476-Saatkraehe.mp3
Rook,XC315476-Saatkraehe,32,data/processed/Rook/XC315476-Saatkraehe_chunk032.wav,3.0,XC315476-Saatkraehe.mp3
Rook,XC315476-Saatkraehe,33,data/processed/Rook/XC315476-Saatkraehe_chunk033.wav,3.0,XC315476-Saatkraehe.mp3
Rook,XC315476-Saatkraehe,34,data/processed/Rook/XC315476-Saatkraehe_chunk034.wav,3.0,XC315476-Saatkraehe.mp3
Rook,XC315476-Saatkraehe,35,data/processed/Rook/XC315476-Saatkraehe_chunk035.wav,3.0,XC315476-Saatkraehe.mp3
Rook,XC315476-Saatkraehe,36,data/processed/Rook/XC315476-Saatkraehe_chunk036.wav,3.0,XC315476-Saatkraehe.mp3
Rook,XC315476-Saatkraehe,37,data/processed/Rook/XC315476-Saatkraehe_chunk037.wav,3.0,XC315476-Saatkraehe.mp3
Rook,XC315476-Saatkraehe,38,data/processed/Rook/XC315476-Saatkraehe_chunk038.wav,3.0,XC315476-Saatkraehe.mp3
Rook,XC315476-Saatkraehe,39,data/processed/Rook/XC315476-Saatkraehe_chunk039.wav,3.0,XC315476-Saatkraehe.mp3
Rook,XC315476-Saatkraehe,40,data/processed/Rook/XC315476-Saatkraehe_chunk040.wav,3.0,XC315476-Saatkraehe.mp3
Rook,XC315476-Saatkraehe,41,data/processed/Rook/XC315476-Saatkraehe_chunk041.wav,3.0,XC315476-Saatkraehe.mp3
Rook,XC315476-Saatkraehe,42,data/processed/Rook/XC315476-Saatkraehe_chunk042.wav,3.0,XC315476-Saatkraehe.mp3
Rook,XC315476-Saatkraehe,43,data/processed/Rook/XC315476-Saatkraehe_chunk043.wav,3.0,XC315476-Saatkraehe.mp3
Rook,XC315476-Saatkraehe,44,data/processed/Rook/XC315476-Saatkraehe_chunk044.wav,3.0,XC315476-Saatkraehe.mp3
Rook,XC315476-Saatkraehe,45,data/processed/Rook/XC315476-Saatkraehe_chunk045.wav,3.0,XC315476-Saatkraehe.mp3
Rook,XC315476-Saatkraehe,46,data/processed/Rook/XC315476-Saatkraehe_chunk046.wav,3.0,XC315476-Saatkraehe.mp3
Rook,XC315476-Saatkraehe,47,data/processed/Rook/XC315476-Saatkraehe_chunk047.wav,3.0,XC315476-Saatkraehe.mp3
Rook,XC315476-Saatkraehe,48,data/processed/Rook/XC315476-Saatkraehe_chunk048.wav,3.0,XC315476-Saatkraehe.mp3
Rook,XC315476-Saatkraehe,49,data/processed/Rook/XC315476-Saatkraehe_chunk049.wav,3.0,XC315476-Saatkraehe.mp3
Rook,XC315476-Saatkraehe,50,data/processed/Rook/XC315476-Saatkraehe_chunk050.wav,3.0,XC315476-Saatkraehe.mp3
Rook,XC315476-Saatkraehe,51,data/processed/Rook/XC315476-Saatkraehe_chunk051.wav,3.0,XC315476-Saatkraehe.mp3
Rook,XC315476-Saatkraehe,52,data/processed/Rook/XC315476-Saatkraehe_chunk052.wav,3.0,XC315476-Saatkraehe.mp3
Rook,XC315476-Saatkraehe,53,data/processed/Rook/XC315476-Saatkraehe_chunk053.wav,3.0,XC315476-Saatkraehe.mp3
Rook,XC315476-Saatkraehe,54,data/processed/Rook/XC315476-Saatkraehe_chunk054.wav,3.0,XC315476-Saatkraehe.mp3
Rook,XC315476-Saatkraehe,55,data/processed/Rook/XC315476-Saatkraehe_chunk055.wav,3.0,XC315476-Saatkraehe.mp3
Rook,XC315476-Saatkraehe,56,data/processed/Rook/XC315476-Saatkraehe_chunk056.wav,3.0,XC315476-Saatkraehe.mp3
Rook,XC315476-Saatkraehe,57,data/processed/Rook/XC315476-Saatkraehe_chunk057.wav,3.0,XC315476-Saatkraehe.mp3
Rook,XC315476-Saatkraehe,58,data/processed/Rook/XC315476-Saatkraehe_chunk058.wav,3.0,XC315476-Saatkraehe.mp3
Rook,XC315476-Saatkraehe,59,data/processed/Rook/XC315476-Saatkraehe_chunk059.wav,3.0,XC315476-Saatkraehe.mp3
Rook,XC315476-Saatkraehe,60,data/processed/Rook/XC315476-Saatkraehe_chunk060.wav,3.0,XC315476-Saatkraehe.mp3
Rook,XC315476-Saatkraehe,61,data/processed/Rook/XC315476-Saatkraehe_chunk061.wav,3.0,XC315476-Saatkraehe.mp3
Rook,XC315476-Saatkraehe,62,data/processed/Rook/XC315476-Saatkraehe_chunk062.wav,3.0,XC315476-Saatkraehe.mp3
Rook,XC315476-Saatkraehe,63,data/processed/Rook/XC315476-Saatkraehe_chunk063.wav,3.0,XC315476-Saatkraehe.mp3
Rook,XC315476-Saatkraehe,64,data/processed/Rook/XC315476-Saatkraehe_chunk064.wav,3.0,XC315476-Saatkraehe.mp3
Rook,XC315476-Saatkraehe,65,data/processed/Rook/XC315476-Saatkraehe_chunk065.wav,3.0,XC315476-Saatkraehe.mp3
Rook,XC315476-Saatkraehe,66,data/processed/Rook/XC315476-Saatkraehe_chunk066.wav,3.0,XC315476-Saatkraehe.mp3
Rook,XC315476-Saatkraehe,67,data/processed/Rook/XC315476-Saatkraehe_chunk067.wav,3.0,XC315476-Saatkraehe.mp3
Rook,XC315476-Saatkraehe,68,data/processed/Rook/XC315476-Saatkraehe_chunk068.wav,3.0,XC315476-Saatkraehe.mp3
Rook,XC315476-Saatkraehe,69,data/processed/Rook/XC315476-Saatkraehe_chunk069.wav,3.0,XC315476-Saatkraehe.mp3
Rook,XC315476-Saatkraehe,70,data/processed/Rook/XC315476-Saatkraehe_chunk070.wav,3.0,XC315476-Saatkraehe.mp3
Rook,XC315476-Saatkraehe,71,data/processed/Rook/XC315476-Saatkraehe_chunk071.wav,3.0,XC315476-Saatkraehe.mp3
Rook,XC315476-Saatkraehe,72,data/processed/Rook/XC315476-Saatkraehe_chunk072.wav,3.0,XC315476-Saatkraehe.mp3
Rook,XC315476-Saatkraehe,73,data/processed/Rook/XC315476-Saatkraehe_chunk073.wav,3.0,XC315476-Saatkraehe.mp3
Rook,XC315476-Saatkraehe,74,data/processed/Rook/XC315476-Saatkraehe_chunk074.wav,3.0,XC315476-Saatkraehe.mp3
Rook,XC315476-Saatkraehe,75,data/processed/Rook/XC315476-Saatkraehe_chunk075.wav,3.0,XC315476-Saatkraehe.mp3
Rook,XC315476-Saatkraehe,76,data/processed/Rook/XC315476-Saatkraehe_chunk076.wav,3.0,XC315476-Saatkraehe.mp3
Rook,XC315476-Saatkraehe,77,data/processed/Rook/XC315476-Saatkraehe_chunk077.wav,3.0,XC315476-Saatkraehe.mp3
Rook,XC315476-Saatkraehe,78,data/processed/Rook/XC315476-Saatkraehe_chunk078.wav,3.0,XC315476-Saatkraehe.mp3
Rook,XC315476-Saatkraehe,79,data/processed/Rook/XC315476-Saatkraehe_chunk079.wav,3.0,XC315476-Saatkraehe.mp3
Rook,XC315476-Saatkraehe,80,data/processed/Rook/XC315476-Saatkraehe_chunk080.wav,3.0,XC315476-Saatkraehe.mp3
Rook,XC315476-Saatkraehe,81,data/processed/Rook/XC315476-Saatkraehe_chunk081.wav,3.0,XC315476-Saatkraehe.mp3
Rook,XC315476-Saatkraehe,82,data/processed/Rook/XC315476-Saatkraehe_chunk082.wav,3.0,XC315476-Saatkraehe.mp3
Rook,XC315476-Saatkraehe,83,data/processed/Rook/XC315476-Saatkraehe_chunk083.wav,3.0,XC315476-Saatkraehe.mp3
Rook,XC315476-Saatkraehe,84,data/processed/Rook/XC315476-Saatkraehe_chunk084.wav,3.0,XC315476-Saatkraehe.mp3
Rook,XC315476-Saatkraehe,85,data/processed/Rook/XC315476-Saatkraehe_chunk085.wav,3.0,XC315476-Saatkraehe.mp3
Rook,XC315476-Saatkraehe,86,data/processed/Rook/XC315476-Saatkraehe_chunk086.wav,3.0,XC315476-Saatkraehe.mp3
Rook,XC315476-Saatkraehe,87,data/processed/Rook/XC315476-Saatkraehe_chunk087.wav,3.0,XC315476-Saatkraehe.mp3
Rook,XC315476-Saatkraehe,88,data/processed/Rook/XC315476-Saatkraehe_chunk088.wav,3.0,XC315476-Saatkraehe.mp3
Rook,XC315476-Saatkraehe,89,data/processed/Rook/XC315476-Saatkraehe_chunk089.wav,3.0,XC315476-Saatkraehe.mp3
Rook,XC315476-Saatkraehe,90,data/processed/Rook/XC315476-Saatkraehe_chunk090.wav,3.0,XC315476-Saatkraehe.mp3
Rook,XC315476-Saatkraehe,91,data/processed/Rook/XC315476-Saatkraehe_chunk091.wav,3.0,XC315476-Saatkraehe.mp3
Rook,XC315476-Saatkraehe,92,data/processed/Rook/XC315476-Saatkraehe_chunk092.wav,3.0,XC315476-Saatkraehe.mp3
Rook,XC315476-Saatkraehe,93,data/processed/Rook/XC315476-Saatkraehe_chunk093.wav,3.0,XC315476-Saatkraehe.mp3
Rook,XC315476-Saatkraehe,94,data/processed/Rook/XC315476-Saatkraehe_chunk094.wav,3.0,XC315476-Saatkraehe.mp3
Rook,XC315476-Saatkraehe,95,data/processed/Rook/XC315476-Saatkraehe_chunk095.wav,3.0,XC315476-Saatkraehe.mp3
Rook,XC315476-Saatkraehe,96,data/processed/Rook/XC315476-Saatkraehe_chunk096.wav,3.0,XC315476-Saatkraehe.mp3
Rook,XC315476-Saatkraehe,97,data/processed/Rook/XC315476-Saatkraehe_chunk097.wav,3.0,XC315476-Saatkraehe.mp3
Rook,XC315476-Saatkraehe,98,data/processed/Rook/XC315476-Saatkraehe_chunk098.wav,3.0,XC315476-Saatkraehe.mp3
Rook,XC315476-Saatkraehe,99,data/processed/Rook/XC315476-Saatkraehe_chunk099.wav,3.0,XC315476-Saatkraehe.mp3
Rook,XC315476-Saatkraehe,100,data/processed/Rook/XC315476-Saatkraehe_chunk100.wav,3.0,XC315476-Saatkraehe.mp3
Rook,XC315476-Saatkraehe,101,data/processed/Rook/XC315476-Saatkraehe_chunk101.wav,3.0,XC315476-Saatkraehe.mp3
Rook,XC315476-Saatkraehe,102,data/processed/Rook/XC315476-Saatkraehe_chunk102.wav,3.0,XC315476-Saatkraehe.mp3
Rook,XC315476-Saatkraehe,103,data/processed/Rook/XC315476-Saatkraehe_chunk103.wav,3.0,XC315476-Saatkraehe.mp3
Rook,XC315476-Saatkraehe,104,data/processed/Rook/XC315476-Saatkraehe_chunk104.wav,3.0,XC315476-Saatkraehe.mp3
Rook,XC315476-Saatkraehe,105,data/processed/Rook/XC315476-Saatkraehe_chunk105.wav,3.0,XC315476-Saatkraehe.mp3
Rook,XC315476-Saatkraehe,106,data/processed/Rook/XC315476-Saatkraehe_chunk106.wav,3.0,XC315476-Saatkraehe.mp3
Rook,XC315476-Saatkraehe,107,data/processed/Rook/XC315476-Saatkraehe_chunk107.wav,3.0,XC315476-Saatkraehe.mp3
Rook,XC315476-Saatkraehe,108,data/processed/Rook/XC315476-Saatkraehe_chunk108.wav,3.0,XC315476-Saatkraehe.mp3
Rook,XC315476-Saatkraehe,109,data/processed/Rook/XC315476-Saatkraehe_chunk109.wav,3.0,XC315476-Saatkraehe.mp3
Rook,XC315476-Saatkraehe,110,data/processed/Rook/XC315476-Saatkraehe_chunk110.wav,3.0,XC315476-Saatkraehe.mp3
Rook,XC315476-Saatkraehe,111,data/processed/Rook/XC315476-Saatkraehe_chunk111.wav,3.0,XC315476-Saatkraehe.mp3
Rook,XC315476-Saatkraehe,112,data/processed/Rook/XC315476-Saatkraehe_chunk112.wav,3.0,XC315476-Saatkraehe.mp3
Rook,XC315476-Saatkraehe,113,data/processed/Rook/XC315476-Saatkraehe_chunk113.wav,3.0,XC315476-Saatkraehe.mp3
Rook,XC315476-Saatkraehe,114,data/processed/Rook/XC315476-Saatkraehe_chunk114.wav,3.0,XC315476-Saatkraehe.mp3
Rook,XC315476-Saatkraehe,115,data/processed/Rook/XC315476-Saatkraehe_chunk115.wav,3.0,XC315476-Saatkraehe.mp3
Rook,XC315476-Saatkraehe,116,data/processed/Rook/XC315476-Saatkraehe_chunk116.wav,3.0,XC315476-Saatkraehe.mp3
Rook,XC315476-Saatkraehe,117,data/processed/Rook/XC315476-Saatkraehe_chunk117.wav,3.0,XC315476-Saatkraehe.mp3
Rook,XC315476-Saatkraehe,118,data/processed/Rook/XC315476-Saatkraehe_chunk118.wav,3.0,XC315476-Saatkraehe.mp3
Rook,XC315476-Saatkraehe,119,data/processed/Rook/XC315476-Saatkraehe_chunk119.wav,3.0,XC315476-Saatkraehe.mp3
Rook,XC315476-Saatkraehe,120,data/processed/Rook/XC315476-Saatkraehe_chunk120.wav,3.0,XC315476-Saatkraehe.mp3
Rook,XC315476-Saatkraehe,121,data/processed/Rook/XC315476-Saatkraehe_chunk121.wav,3.0,XC315476-Saatkraehe.mp3
Rook,XC315476-Saatkraehe,122,data/processed/Rook/XC315476-Saatkraehe_chunk122.wav,3.0,XC315476-Saatkraehe.mp3
Rook,XC315476-Saatkraehe,123,data/processed/Rook/XC315476-Saatkraehe_chunk123.wav,3.0,XC315476-Saatkraehe.mp3
Rook,XC315476-Saatkraehe,124,data/processed/Rook/XC315476-Saatkraehe_chunk124.wav,3.0,XC315476-Saatkraehe.mp3
Rook,XC315476-Saatkraehe,125,data/processed/Rook/XC315476-Saatkraehe_chunk125.wav,3.0,XC315476-Saatkraehe.mp3
Rook,XC315476-Saatkraehe,126,data/processed/Rook/XC315476-Saatkraehe_chunk126.wav,3.0,XC315476-Saatkraehe.mp3
Rook,XC315476-Saatkraehe,127,data/processed/Rook/XC315476-Saatkraehe_chunk127.wav,3.0,XC315476-Saatkraehe.mp3
Rook,XC315476-Saatkraehe,128,data/processed/Rook/XC315476-Saatkraehe_chunk128.wav,3.0,XC315476-Saatkraehe.mp3
Rook,XC315476-Saatkraehe,129,data/processed/Rook/XC315476-Saatkraehe_chunk129.wav,3.0,XC315476-Saatkraehe.mp3
Rook,XC315476-Saatkraehe,130,data/processed/Rook/XC315476-Saatkraehe_chunk130.wav,3.0,XC315476-Saatkraehe.mp3
Rook,XC315476-Saatkraehe,131,data/processed/Rook/XC315476-Saatkraehe_chunk131.wav,3.0,XC315476-Saatkraehe.mp3
Rook,XC315476-Saatkraehe,132,data/processed/Rook/XC315476-Saatkraehe_chunk132.wav,3.0,XC315476-Saatkraehe.mp3
Rook,XC315476-Saatkraehe,133,data/processed/Rook/XC315476-Saatkraehe_chunk133.wav,3.0,XC315476-Saatkraehe.mp3
Rook,XC315476-Saatkraehe,134,data/processed/Rook/XC315476-Saatkraehe_chunk134.wav,3.0,XC315476-Saatkraehe.mp3
Rook,XC315476-Saatkraehe,135,data/processed/Rook/XC315476-Saatkraehe_chunk135.wav,3.0,XC315476-Saatkraehe.mp3
Rook,XC315476-Saatkraehe,136,data/processed/Rook/XC315476-Saatkraehe_chunk136.wav,3.0,XC315476-Saatkraehe.mp3
Rook,XC315476-Saatkraehe,137,data/processed/Rook/XC315476-Saatkraehe_chunk137.wav,3.0,XC315476-Saatkraehe.mp3
Rook,XC315476-Saatkraehe,138,data/processed/Rook/XC315476-Saatkraehe_chunk138.wav,3.0,XC315476-Saatkraehe.mp3
Rook,XC315476-Saatkraehe,139,data/processed/Rook/XC315476-Saatkraehe_chunk139.wav,3.0,XC315476-Saatkraehe.mp3
Rook,XC315476-Saatkraehe,140,data/processed/Rook/XC315476-Saatkraehe_chunk140.wav,3.0,XC315476-Saatkraehe.mp3
Rook,XC315476-Saatkraehe,141,data/processed/Rook/XC315476-Saatkraehe_chunk141.wav,3.0,XC315476-Saatkraehe.mp3
Rook,XC315476-Saatkraehe,142,data/processed/Rook/XC315476-Saatkraehe_chunk142.wav,3.0,XC315476-Saatkraehe.mp3
Rook,XC315476-Saatkraehe,143,data/processed/Rook/XC315476-Saatkraehe_chunk143.wav,3.0,XC315476-Saatkraehe.mp3
Rook,XC315476-Saatkraehe,144,data/processed/Rook/XC315476-Saatkraehe_chunk144.wav,3.0,XC315476-Saatkraehe.mp3
Rook,XC315476-Saatkraehe,145,data/processed/Rook/XC315476-Saatkraehe_chunk145.wav,3.0,XC315476-Saatkraehe.mp3
Rook,XC315476-Saatkraehe,146,data/processed/Rook/XC315476-Saatkraehe_chunk146.wav,3.0,XC315476-Saatkraehe.mp3
Rook,XC315476-Saatkraehe,147,data/processed/Rook/XC315476-Saatkraehe_chunk147.wav,3.0,XC315476-Saatkraehe.mp3
Rook,XC315476-Saatkraehe,148,data/processed/Rook/XC315476-Saatkraehe_chunk148.wav,3.0,XC315476-Saatkraehe.mp3
Rook,XC315476-Saatkraehe,149,data/processed/Rook/XC315476-Saatkraehe_chunk149.wav,3.0,XC315476-Saatkraehe.mp3
Rook,XC315476-Saatkraehe,150,data/processed/Rook/XC315476-Saatkraehe_chunk150.wav,3.0,XC315476-Saatkraehe.mp3
Rook,XC315476-Saatkraehe,151,data/processed/Rook/XC315476-Saatkraehe_chunk151.wav,3.0,XC315476-Saatkraehe.mp3
Rook,XC315476-Saatkraehe,152,data/processed/Rook/XC315476-Saatkraehe_chunk152.wav,3.0,XC315476-Saatkraehe.mp3
Rook,XC315476-Saatkraehe,153,data/processed/Rook/XC315476-Saatkraehe_chunk153.wav,3.0,XC315476-Saatkraehe.mp3
Rook,XC315476-Saatkraehe,154,data/processed/Rook/XC315476-Saatkraehe_chunk154.wav,3.0,XC315476-Saatkraehe.mp3
Rook,XC315476-Saatkraehe,155,data/processed/Rook/XC315476-Saatkraehe_chunk155.wav,3.0,XC315476-Saatkraehe.mp3
Rook,XC315476-Saatkraehe,156,data/processed/Rook/XC315476-Saatkraehe_chunk156.wav,3.0,XC315476-Saatkraehe.mp3
Rook,XC315476-Saatkraehe,157,data/processed/Rook/XC315476-Saatkraehe_chunk157.wav,3.0,XC315476-Saatkraehe.mp3
Rook,XC315476-Saatkraehe,158,data/processed/Rook/XC315476-Saatkraehe_chunk158.wav,3.0,XC315476-Saatkraehe.mp3
Rook,XC315476-Saatkraehe,159,data/processed/Rook/XC315476-Saatkraehe_chunk159.wav,3.0,XC315476-Saatkraehe.mp3
Rook,XC315476-Saatkraehe,160,data/processed/Rook/XC315476-Saatkraehe_chunk160.wav,3.0,XC315476-Saatkraehe.mp3
Rook,XC315476-Saatkraehe,161,data/processed/Rook/XC315476-Saatkraehe_chunk161.wav,3.0,XC315476-Saatkraehe.mp3
Rook,XC315476-Saatkraehe,162,data/processed/Rook/XC315476-Saatkraehe_chunk162.wav,3.0,XC315476-Saatkraehe.mp3
Rook,XC315476-Saatkraehe,163,data/processed/Rook/XC315476-Saatkraehe_chunk163.wav,3.0,XC315476-Saatkraehe.mp3
Rook,XC315476-Saatkraehe,164,data/processed/Rook/XC315476-Saatkraehe_chunk164.wav,3.0,XC315476-Saatkraehe.mp3
Rook,XC315476-Saatkraehe,165,data/processed/Rook/XC315476-Saatkraehe_chunk165.wav,3.0,XC315476-Saatkraehe.mp3
Rook,XC315476-Saatkraehe,166,data/processed/Rook/XC315476-Saatkraehe_chunk166.wav,3.0,XC315476-Saatkraehe.mp3
Rook,XC315476-Saatkraehe,167,data/processed/Rook/XC315476-Saatkraehe_chunk167.wav,3.0,XC315476-Saatkraehe.mp3
Rook,XC315476-Saatkraehe,168,data/processed/Rook/XC315476-Saatkraehe_chunk168.wav,3.0,XC315476-Saatkraehe.mp3
Rook,XC315476-Saatkraehe,169,data/processed/Rook/XC315476-Saatkraehe_chunk169.wav,3.0,XC315476-Saatkraehe.mp3
Rook,XC315476-Saatkraehe,170,data/processed/Rook/XC315476-Saatkraehe_chunk170.wav,3.0,XC315476-Saatkraehe.mp3
Rook,XC315476-Saatkraehe,171,data/processed/Rook/XC315476-Saatkraehe_chunk171.wav,3.0,XC315476-Saatkraehe.mp3
Rook,XC315476-Saatkraehe,172,data/processed/Rook/XC315476-Saatkraehe_chunk172.wav,3.0,XC315476-Saatkraehe.mp3
Rook,XC315476-Saatkraehe,173,data/processed/Rook/XC315476-Saatkraehe_chunk173.wav,3.0,XC315476-Saatkraehe.mp3
Rook,XC315476-Saatkraehe,174,data/processed/Rook/XC315476-Saatkraehe_chunk174.wav,3.0,XC315476-Saatkraehe.mp3
Rook,XC315476-Saatkraehe,175,data/processed/Rook/XC315476-Saatkraehe_chunk175.wav,3.0,XC315476-Saatkraehe.mp3
Rook,XC315476-Saatkraehe,176,data/processed/Rook/XC315476-Saatkraehe_chunk176.wav,3.0,XC315476-Saatkraehe.mp3
Rook,XC315476-Saatkraehe,177,data/processed/Rook/XC315476-Saatkraehe_chunk177.wav,3.0,XC315476-Saatkraehe.mp3
Rook,XC315476-Saatkraehe,178,data/processed/Rook/XC315476-Saatkraehe_chunk178.wav,3.0,XC315476-Saatkraehe.mp3
Rook,XC315476-Saatkraehe,179,data/processed/Rook/XC315476-Saatkraehe_chunk179.wav,3.0,XC315476-Saatkraehe.mp3
Rook,XC315476-Saatkraehe,180,data/processed/Rook/XC315476-Saatkraehe_chunk180.wav,3.0,XC315476-Saatkraehe.mp3
Rook,XC315476-Saatkraehe,181,data/processed/Rook/XC315476-Saatkraehe_chunk181.wav,3.0,XC315476-Saatkraehe.mp3
Rook,XC315476-Saatkraehe,182,data/processed/Rook/XC315476-Saatkraehe_chunk182.wav,3.0,XC315476-Saatkraehe.mp3
Rook,XC315476-Saatkraehe,183,data/processed/Rook/XC315476-Saatkraehe_chunk183.wav,3.0,XC315476-Saatkraehe.mp3
Rook,XC315476-Saatkraehe,184,data/processed/Rook/XC315476-Saatkraehe_chunk184.wav,3.0,XC315476-Saatkraehe.mp3
Rook,XC315476-Saatkraehe,185,data/processed/Rook/XC315476-Saatkraehe_chunk185.wav,3.0,XC315476-Saatkraehe.mp3
Rook,XC315476-Saatkraehe,186,data/processed/Rook/XC315476-Saatkraehe_chunk186.wav,3.0,XC315476-Saatkraehe.mp3
Rook,XC315476-Saatkraehe,187,data/processed/Rook/XC315476-Saatkraehe_chunk187.wav,3.0,XC315476-Saatkraehe.mp3
Rook,XC315476-Saatkraehe,188,data/processed/Rook/XC315476-Saatkraehe_chunk188.wav,3.0,XC315476-Saatkraehe.mp3
Rook,XC315476-Saatkraehe,189,data/processed/Rook/XC315476-Saatkraehe_chunk189.wav,3.0,XC315476-Saatkraehe.mp3
Rook,XC315476-Saatkraehe,190,data/processed/Rook/XC315476-Saatkraehe_chunk190.wav,3.0,XC315476-Saatkraehe.mp3
Rook,XC315476-Saatkraehe,191,data/processed/Rook/XC315476-Saatkraehe_chunk191.wav,3.0,XC315476-Saatkraehe.mp3
Rook,XC315476-Saatkraehe,192,data/processed/Rook/XC315476-Saatkraehe_chunk192.wav,3.0,XC315476-Saatkraehe.mp3
Rook,XC315476-Saatkraehe,193,data/processed/Rook/XC315476-Saatkraehe_chunk193.wav,3.0,XC315476-Saatkraehe.mp3
Rook,XC315476-Saatkraehe,194,data/processed/Rook/XC315476-Saatkraehe_chunk194.wav,3.0,XC315476-Saatkraehe.mp3
Rook,XC315476-Saatkraehe,195,data/processed/Rook/XC315476-Saatkraehe_chunk195.wav,3.0,XC315476-Saatkraehe.mp3
Rook,XC315476-Saatkraehe,196,data/processed/Rook/XC315476-Saatkraehe_chunk196.wav,3.0,XC315476-Saatkraehe.mp3
Rook,XC315476-Saatkraehe,197,data/processed/Rook/XC315476-Saatkraehe_chunk197.wav,3.0,XC315476-Saatkraehe.mp3
Rook,XC315476-Saatkraehe,198,data/processed/Rook/XC315476-Saatkraehe_chunk198.wav,3.0,XC315476-Saatkraehe.mp3
Rook,XC315476-Saatkraehe,199,data/processed/Rook/XC315476-Saatkraehe_chunk199.wav,3.0,XC315476-Saatkraehe.mp3
Rook,XC315476-Saatkraehe,200,data/processed/Rook/XC315476-Saatkraehe_chunk200.wav,3.0,XC315476-Saatkraehe.mp3
Rook,XC315476-Saatkraehe,201,data/processed/Rook/XC315476-Saatkraehe_chunk201.wav,3.0,XC315476-Saatkraehe.mp3
Rook,XC315476-Saatkraehe,202,data/processed/Rook/XC315476-Saatkraehe_chunk202.wav,3.0,XC315476-Saatkraehe.mp3
Rook,XC315476-Saatkraehe,203,data/processed/Rook/XC315476-Saatkraehe_chunk203.wav,3.0,XC315476-Saatkraehe.mp3
Rook,XC315476-Saatkraehe,204,data/processed/Rook/XC315476-Saatkraehe_chunk204.wav,3.0,XC315476-Saatkraehe.mp3
Rook,XC315476-Saatkraehe,205,data/processed/Rook/XC315476-Saatkraehe_chunk205.wav,3.0,XC315476-Saatkraehe.mp3
Rook,XC315476-Saatkraehe,206,data/processed/Rook/XC315476-Saatkraehe_chunk206.wav,3.0,XC315476-Saatkraehe.mp3
Rook,XC315476-Saatkraehe,207,data/processed/Rook/XC315476-Saatkraehe_chunk207.wav,3.0,XC315476-Saatkraehe.mp3
Rook,XC315476-Saatkraehe,208,data/processed/Rook/XC315476-Saatkraehe_chunk208.wav,3.0,XC315476-Saatkraehe.mp3
Rook,XC315476-Saatkraehe,209,data/processed/Rook/XC315476-Saatkraehe_chunk209.wav,3.0,XC315476-Saatkraehe.mp3
Rook,XC315476-Saatkraehe,210,data/processed/Rook/XC315476-Saatkraehe_chunk210.wav,3.0,XC315476-Saatkraehe.mp3
Rook,XC315476-Saatkraehe,211,data/processed/Rook/XC315476-Saatkraehe_chunk211.wav,3.0,XC315476-Saatkraehe.mp3
Rook,XC315476-Saatkraehe,212,data/processed/Rook/XC315476-Saatkraehe_chunk212.wav,3.0,XC315476-Saatkraehe.mp3
Rook,XC315476-Saatkraehe,213,data/processed/Rook/XC315476-Saatkraehe_chunk213.wav,3.0,XC315476-Saatkraehe.mp3
Rook,XC315476-Saatkraehe,214,data/processed/Rook/XC315476-Saatkraehe_chunk214.wav,3.0,XC315476-Saatkraehe.mp3
Rook,XC315476-Saatkraehe,215,data/processed/Rook/XC315476-Saatkraehe_chunk215.wav,3.0,XC315476-Saatkraehe.mp3
Rook,XC315476-Saatkraehe,216,data/processed/Rook/XC315476-Saatkraehe_chunk216.wav,3.0,XC315476-Saatkraehe.mp3
Rook,XC315476-Saatkraehe,217,data/processed/Rook/XC315476-Saatkraehe_chunk217.wav,3.0,XC315476-Saatkraehe.mp3
Rook,XC315476-Saatkraehe,218,data/processed/Rook/XC315476-Saatkraehe_chunk218.wav,3.0,XC315476-Saatkraehe.mp3
Rook,XC315476-Saatkraehe,219,data/processed/Rook/XC315476-Saatkraehe_chunk219.wav,3.0,XC315476-Saatkraehe.mp3
Rook,XC315476-Saatkraehe,220,data/processed/Rook/XC315476-Saatkraehe_chunk220.wav,3.0,XC315476-Saatkraehe.mp3
Rook,XC315476-Saatkraehe,221,data/processed/Rook/XC315476-Saatkraehe_chunk221.wav,3.0,XC315476-Saatkraehe.mp3
Rook,XC315476-Saatkraehe,222,data/processed/Rook/XC315476-Saatkraehe_chunk222.wav,3.0,XC315476-Saatkraehe.mp3
Rook,XC315476-Saatkraehe,223,data/processed/Rook/XC315476-Saatkraehe_chunk223.wav,3.0,XC315476-Saatkraehe.mp3
Rook,XC315476-Saatkraehe,224,data/processed/Rook/XC315476-Saatkraehe_chunk224.wav,3.0,XC315476-Saatkraehe.mp3
Rook,XC315476-Saatkraehe,225,data/processed/Rook/XC315476-Saatkraehe_chunk225.wav,3.0,XC315476-Saatkraehe.mp3
Rook,XC315476-Saatkraehe,226,data/processed/Rook/XC315476-Saatkraehe_chunk226.wav,3.0,XC315476-Saatkraehe.mp3
Rook,XC315476-Saatkraehe,227,data/processed/Rook/XC315476-Saatkraehe_chunk227.wav,3.0,XC315476-Saatkraehe.mp3
Rook,XC315476-Saatkraehe,228,data/processed/Rook/XC315476-Saatkraehe_chunk228.wav,3.0,XC315476-Saatkraehe.mp3
Rook,XC315476-Saatkraehe,229,data/processed/Rook/XC315476-Saatkraehe_chunk229.wav,3.0,XC315476-Saatkraehe.mp3
Rook,XC315476-Saatkraehe,230,data/processed/Rook/XC315476-Saatkraehe_chunk230.wav,3.0,XC315476-Saatkraehe.mp3
Rook,XC315476-Saatkraehe,231,data/processed/Rook/XC315476-Saatkraehe_chunk231.wav,3.0,XC315476-Saatkraehe.mp3
Rook,XC315476-Saatkraehe,232,data/processed/Rook/XC315476-Saatkraehe_chunk232.wav,3.0,XC315476-Saatkraehe.mp3
Rook,XC315476-Saatkraehe,233,data/processed/Rook/XC315476-Saatkraehe_chunk233.wav,3.0,XC315476-Saatkraehe.mp3
Rook,XC315476-Saatkraehe,234,data/processed/Rook/XC315476-Saatkraehe_chunk234.wav,3.0,XC315476-Saatkraehe.mp3
Rook,XC315476-Saatkraehe,235,data/processed/Rook/XC315476-Saatkraehe_chunk235.wav,3.0,XC315476-Saatkraehe.mp3
Rook,XC315476-Saatkraehe,236,data/processed/Rook/XC315476-Saatkraehe_chunk236.wav,3.0,XC315476-Saatkraehe.mp3
Rook,XC315476-Saatkraehe,237,data/processed/Rook/XC315476-Saatkraehe_chunk237.wav,3.0,XC315476-Saatkraehe.mp3
Rook,XC315476-Saatkraehe,238,data/processed/Rook/XC315476-Saatkraehe_chunk238.wav,3.0,XC315476-Saatkraehe.mp3
Rook,XC315476-Saatkraehe,239,data/processed/Rook/XC315476-Saatkraehe_chunk239.wav,3.0,XC315476-Saatkraehe.mp3
Rook,XC315476-Saatkraehe,240,data/processed/Rook/XC315476-Saatkraehe_chunk240.wav,3.0,XC315476-Saatkraehe.mp3
Rook,XC315476-Saatkraehe,241,data/processed/Rook/XC315476-Saatkraehe_chunk241.wav,3.0,XC315476-Saatkraehe.mp3
Rook,XC315476-Saatkraehe,242,data/processed/Rook/XC315476-Saatkraehe_chunk242.wav,3.0,XC315476-Saatkraehe.mp3
Rook,XC315476-Saatkraehe,243,data/processed/Rook/XC315476-Saatkraehe_chunk243.wav,3.0,XC315476-Saatkraehe.mp3
Rook,XC315476-Saatkraehe,244,data/processed/Rook/XC315476-Saatkraehe_chunk244.wav,3.0,XC315476-Saatkraehe.mp3
Rook,XC315476-Saatkraehe,245,data/processed/Rook/XC315476-Saatkraehe_chunk245.wav,3.0,XC315476-Saatkraehe.mp3
Rook,XC315476-Saatkraehe,246,data/processed/Rook/XC315476-Saatkraehe_chunk246.wav,3.0,XC315476-Saatkraehe.mp3
Rook,XC315476-Saatkraehe,247,data/processed/Rook/XC315476-Saatkraehe_chunk247.wav,3.0,XC315476-Saatkraehe.mp3
Rook,XC315476-Saatkraehe,248,data/processed/Rook/XC315476-Saatkraehe_chunk248.wav,3.0,XC315476-Saatkraehe.mp3
Rook,XC315476-Saatkraehe,249,data/processed/Rook/XC315476-Saatkraehe_chunk249.wav,3.0,XC315476-Saatkraehe.mp3
Rook,XC315476-Saatkraehe,250,data/processed/Rook/XC315476-Saatkraehe_chunk250.wav,3.0,XC315476-Saatkraehe.mp3
Rook,XC315476-Saatkraehe,251,data/processed/Rook/XC315476-Saatkraehe_chunk251.wav,3.0,XC315476-Saatkraehe.mp3
Rook,XC315476-Saatkraehe,252,data/processed/Rook/XC315476-Saatkraehe_chunk252.wav,3.0,XC315476-Saatkraehe.mp3
Rook,XC315476-Saatkraehe,253,data/processed/Rook/XC315476-Saatkraehe_chunk253.wav,3.0,XC315476-Saatkraehe.mp3
Rook,XC315476-Saatkraehe,254,data/processed/Rook/XC315476-Saatkraehe_chunk254.wav,3.0,XC315476-Saatkraehe.mp3
Rook,XC315476-Saatkraehe,255,data/processed/Rook/XC315476-Saatkraehe_chunk255.wav,3.0,XC315476-Saatkraehe.mp3
Rook,XC315476-Saatkraehe,256,data/processed/Rook/XC315476-Saatkraehe_chunk256.wav,3.0,XC315476-Saatkraehe.mp3
Rook,XC315476-Saatkraehe,257,data/processed/Rook/XC315476-Saatkraehe_chunk257.wav,3.0,XC315476-Saatkraehe.mp3
Rook,XC315476-Saatkraehe,258,data/processed/Rook/XC315476-Saatkraehe_chunk258.wav,3.0,XC315476-Saatkraehe.mp3
Rook,XC315476-Saatkraehe,259,data/processed/Rook/XC315476-Saatkraehe_chunk259.wav,3.0,XC315476-Saatkraehe.mp3
Rook,XC315476-Saatkraehe,260,data/processed/Rook/XC315476-Saatkraehe_chunk260.wav,3.0,XC315476-Saatkraehe.mp3
Rook,XC315476-Saatkraehe,261,data/processed/Rook/XC315476-Saatkraehe_chunk261.wav,3.0,XC315476-Saatkraehe.mp3
Rook,XC315476-Saatkraehe,262,data/processed/Rook/XC315476-Saatkraehe_chunk262.wav,3.0,XC315476-Saatkraehe.mp3
Rook,XC315476-Saatkraehe,263,data/processed/Rook/XC315476-Saatkraehe_chunk263.wav,3.0,XC315476-Saatkraehe.mp3
Rook,XC315476-Saatkraehe,264,data/processed/Rook/XC315476-Saatkraehe_chunk264.wav,3.0,XC315476-Saatkraehe.mp3
Rook,XC315476-Saatkraehe,265,data/processed/Rook/XC315476-Saatkraehe_chunk265.wav,3.0,XC315476-Saatkraehe.mp3
Rook,XC315476-Saatkraehe,266,data/processed/Rook/XC315476-Saatkraehe_chunk266.wav,3.0,XC315476-Saatkraehe.mp3
Rook,XC315476-Saatkraehe,267,data/processed/Rook/XC315476-Saatkraehe_chunk267.wav,3.0,XC315476-Saatkraehe.mp3
Rook,XC315476-Saatkraehe,268,data/processed/Rook/XC315476-Saatkraehe_chunk268.wav,3.0,XC315476-Saatkraehe.mp3
Rook,XC315476-Saatkraehe,269,data/processed/Rook/XC315476-Saatkraehe_chunk269.wav,3.0,XC315476-Saatkraehe.mp3
Rook,XC315476-Saatkraehe,270,data/processed/Rook/XC315476-Saatkraehe_chunk270.wav,3.0,XC315476-Saatkraehe.mp3
Rook,XC315476-Saatkraehe,271,data/processed/Rook/XC315476-Saatkraehe_chunk271.wav,3.0,XC315476-Saatkraehe.mp3
Rook,XC315476-Saatkraehe,272,data/processed/Rook/XC315476-Saatkraehe_chunk272.wav,3.0,XC315476-Saatkraehe.mp3
Rook,XC315476-Saatkraehe,273,data/processed/Rook/XC315476-Saatkraehe_chunk273.wav,3.0,XC315476-Saatkraehe.mp3
Rook,XC315476-Saatkraehe,274,data/processed/Rook/XC315476-Saatkraehe_chunk274.wav,3.0,XC315476-Saatkraehe.mp3
Rook,XC315476-Saatkraehe,275,data/processed/Rook/XC315476-Saatkraehe_chunk275.wav,3.0,XC315476-Saatkraehe.mp3
Rook,XC315476-Saatkraehe,276,data/processed/Rook/XC315476-Saatkraehe_chunk276.wav,3.0,XC315476-Saatkraehe.mp3
Rook,XC315476-Saatkraehe,277,data/processed/Rook/XC315476-Saatkraehe_chunk277.wav,3.0,XC315476-Saatkraehe.mp3
Rook,XC315476-Saatkraehe,278,data/processed/Rook/XC315476-Saatkraehe_chunk278.wav,3.0,XC315476-Saatkraehe.mp3
Rook,XC315476-Saatkraehe,279,data/processed/Rook/XC315476-Saatkraehe_chunk279.wav,3.0,XC315476-Saatkraehe.mp3
Rook,XC315476-Saatkraehe,280,data/processed/Rook/XC315476-Saatkraehe_chunk280.wav,3.0,XC315476-Saatkraehe.mp3
Rook,XC315476-Saatkraehe,281,data/processed/Rook/XC315476-Saatkraehe_chunk281.wav,3.0,XC315476-Saatkraehe.mp3
Rook,XC315476-Saatkraehe,282,data/processed/Rook/XC315476-Saatkraehe_chunk282.wav,3.0,XC315476-Saatkraehe.mp3
Rook,XC315476-Saatkraehe,283,data/processed/Rook/XC315476-Saatkraehe_chunk283.wav,3.0,XC315476-Saatkraehe.mp3
Rook,XC315476-Saatkraehe,284,data/processed/Rook/XC315476-Saatkraehe_chunk284.wav,3.0,XC315476-Saatkraehe.mp3
Rook,XC315476-Saatkraehe,285,data/processed/Rook/XC315476-Saatkraehe_chunk285.wav,3.0,XC315476-Saatkraehe.mp3
Rook,XC315476-Saatkraehe,286,data/processed/Rook/XC315476-Saatkraehe_chunk286.wav,3.0,XC315476-Saatkraehe.mp3
Rook,XC315476-Saatkraehe,287,data/processed/Rook/XC315476-Saatkraehe_chunk287.wav,3.0,XC315476-Saatkraehe.mp3
Rook,XC315476-Saatkraehe,288,data/processed/Rook/XC315476-Saatkraehe_chunk288.wav,3.0,XC315476-Saatkraehe.mp3
Rook,XC315476-Saatkraehe,289,data/processed/Rook/XC315476-Saatkraehe_chunk289.wav,3.0,XC315476-Saatkraehe.mp3
Rook,XC315476-Saatkraehe,290,data/processed/Rook/XC315476-Saatkraehe_chunk290.wav,3.0,XC315476-Saatkraehe.mp3
Rook,XC315476-Saatkraehe,291,data/processed/Rook/XC315476-Saatkraehe_chunk291.wav,3.0,XC315476-Saatkraehe.mp3
Rook,XC315476-Saatkraehe,292,data/processed/Rook/XC315476-Saatkraehe_chunk292.wav,3.0,XC315476-Saatkraehe.mp3
Rook,XC315476-Saatkraehe,293,data/processed/Rook/XC315476-Saatkraehe_chunk293.wav,3.0,XC315476-Saatkraehe.mp3
Rook,XC315476-Saatkraehe,294,data/processed/Rook/XC315476-Saatkraehe_chunk294.wav,3.0,XC315476-Saatkraehe.mp3
Rook,XC315476-Saatkraehe,295,data/processed/Rook/XC315476-Saatkraehe_chunk295.wav,3.0,XC315476-Saatkraehe.mp3
Rook,XC315476-Saatkraehe,296,data/processed/Rook/XC315476-Saatkraehe_chunk296.wav,3.0,XC315476-Saatkraehe.mp3
Rook,XC315476-Saatkraehe,297,data/processed/Rook/XC315476-Saatkraehe_chunk297.wav,3.0,XC315476-Saatkraehe.mp3
Rook,XC315476-Saatkraehe,298,data/processed/Rook/XC315476-Saatkraehe_chunk298.wav,3.0,XC315476-Saatkraehe.mp3
Rook,XC315476-Saatkraehe,299,data/processed/Rook/XC315476-Saatkraehe_chunk299.wav,3.0,XC315476-Saatkraehe.mp3
Rook,XC315476-Saatkraehe,300,data/processed/Rook/XC315476-Saatkraehe_chunk300.wav,3.0,XC315476-Saatkraehe.mp3
Rook,XC315476-Saatkraehe,301,data/processed/Rook/XC315476-Saatkraehe_chunk301.wav,3.0,XC315476-Saatkraehe.mp3
Rook,XC315476-Saatkraehe,302,data/processed/Rook/XC315476-Saatkraehe_chunk302.wav,3.0,XC315476-Saatkraehe.mp3
Rook,XC315476-Saatkraehe,303,data/processed/Rook/XC315476-Saatkraehe_chunk303.wav,3.0,XC315476-Saatkraehe.mp3
Rook,XC315476-Saatkraehe,304,data/processed/Rook/XC315476-Saatkraehe_chunk304.wav,3.0,XC315476-Saatkraehe.mp3
Rook,XC315476-Saatkraehe,305,data/processed/Rook/XC315476-Saatkraehe_chunk305.wav,3.0,XC315476-Saatkraehe.mp3
Rook,XC315476-Saatkraehe,306,data/processed/Rook/XC315476-Saatkraehe_chunk306.wav,3.0,XC315476-Saatkraehe.mp3
Rook,XC315476-Saatkraehe,307,data/processed/Rook/XC315476-Saatkraehe_chunk307.wav,3.0,XC315476-Saatkraehe.mp3
Rook,XC315476-Saatkraehe,308,data/processed/Rook/XC315476-Saatkraehe_chunk308.wav,3.0,XC315476-Saatkraehe.mp3
Rook,XC315476-Saatkraehe,309,data/processed/Rook/XC315476-Saatkraehe_chunk309.wav,3.0,XC315476-Saatkraehe.mp3
Rook,XC315476-Saatkraehe,310,data/processed/Rook/XC315476-Saatkraehe_chunk310.wav,3.0,XC315476-Saatkraehe.mp3
Rook,XC315476-Saatkraehe,311,data/processed/Rook/XC315476-Saatkraehe_chunk311.wav,3.0,XC315476-Saatkraehe.mp3
Rook,XC315476-Saatkraehe,312,data/processed/Rook/XC315476-Saatkraehe_chunk312.wav,3.0,XC315476-Saatkraehe.mp3
Rook,XC315476-Saatkraehe,313,data/processed/Rook/XC315476-Saatkraehe_chunk313.wav,3.0,XC315476-Saatkraehe.mp3
Rook,XC315476-Saatkraehe,314,data/processed/Rook/XC315476-Saatkraehe_chunk314.wav,3.0,XC315476-Saatkraehe.mp3
Rook,XC315476-Saatkraehe,315,data/processed/Rook/XC315476-Saatkraehe_chunk315.wav,3.0,XC315476-Saatkraehe.mp3
Rook,XC315476-Saatkraehe,316,data/processed/Rook/XC315476-Saatkraehe_chunk316.wav,3.0,XC315476-Saatkraehe.mp3
Rook,XC315476-Saatkraehe,317,data/processed/Rook/XC315476-Saatkraehe_chunk317.wav,3.0,XC315476-Saatkraehe.mp3
Rook,XC315476-Saatkraehe,318,data/processed/Rook/XC315476-Saatkraehe_chunk318.wav,3.0,XC315476-Saatkraehe.mp3
Rook,XC315476-Saatkraehe,319,data/processed/Rook/XC315476-Saatkraehe_chunk319.wav,3.0,XC315476-Saatkraehe.mp3
Rook,XC315476-Saatkraehe,320,data/processed/Rook/XC315476-Saatkraehe_chunk320.wav,3.0,XC315476-Saatkraehe.mp3
Rook,XC315476-Saatkraehe,321,data/processed/Rook/XC315476-Saatkraehe_chunk321.wav,3.0,XC315476-Saatkraehe.mp3
Rook,XC315476-Saatkraehe,322,data/processed/Rook/XC315476-Saatkraehe_chunk322.wav,3.0,XC315476-Saatkraehe.mp3
Rook,XC315476-Saatkraehe,323,data/processed/Rook/XC315476-Saatkraehe_chunk323.wav,3.0,XC315476-Saatkraehe.mp3
Rook,XC315476-Saatkraehe,324,data/processed/Rook/XC315476-Saatkraehe_chunk324.wav,3.0,XC315476-Saatkraehe.mp3
Rook,XC315476-Saatkraehe,325,data/processed/Rook/XC315476-Saatkraehe_chunk325.wav,3.0,XC315476-Saatkraehe.mp3
Rook,XC315476-Saatkraehe,326,data/processed/Rook/XC315476-Saatkraehe_chunk326.wav,3.0,XC315476-Saatkraehe.mp3
Rook,XC315476-Saatkraehe,327,data/processed/Rook/XC315476-Saatkraehe_chunk327.wav,3.0,XC315476-Saatkraehe.mp3
Rook,XC315476-Saatkraehe,328,data/processed/Rook/XC315476-Saatkraehe_chunk328.wav,3.0,XC315476-Saatkraehe.mp3
Rook,XC315476-Saatkraehe,329,data/processed/Rook/XC315476-Saatkraehe_chunk329.wav,3.0,XC315476-Saatkraehe.mp3
Rook,XC315476-Saatkraehe,330,data/processed/Rook/XC315476-Saatkraehe_chunk330.wav,3.0,XC315476-Saatkraehe.mp3
Rook,XC315476-Saatkraehe,331,data/processed/Rook/XC315476-Saatkraehe_chunk331.wav,3.0,XC315476-Saatkraehe.mp3
Rook,XC315476-Saatkraehe,332,data/processed/Rook/XC315476-Saatkraehe_chunk332.wav,3.0,XC315476-Saatkraehe.mp3
Rook,XC315476-Saatkraehe,333,data/processed/Rook/XC315476-Saatkraehe_chunk333.wav,3.0,XC315476-Saatkraehe.mp3
Rook,XC315476-Saatkraehe,334,data/processed/Rook/XC315476-Saatkraehe_chunk334.wav,3.0,XC315476-Saatkraehe.mp3
Rook,XC315476-Saatkraehe,335,data/processed/Rook/XC315476-Saatkraehe_chunk335.wav,3.0,XC315476-Saatkraehe.mp3
Rook,XC315476-Saatkraehe,336,data/processed/Rook/XC315476-Saatkraehe_chunk336.wav,3.0,XC315476-Saatkraehe.mp3
Rook,XC315476-Saatkraehe,337,data/processed/Rook/XC315476-Saatkraehe_chunk337.wav,3.0,XC315476-Saatkraehe.mp3
Rook,XC315476-Saatkraehe,338,data/processed/Rook/XC315476-Saatkraehe_chunk338.wav,3.0,XC315476-Saatkraehe.mp3
Rook,XC315476-Saatkraehe,339,data/processed/Rook/XC315476-Saatkraehe_chunk339.wav,3.0,XC315476-Saatkraehe.mp3
Rook,XC315476-Saatkraehe,340,data/processed/Rook/XC315476-Saatkraehe_chunk340.wav,3.0,XC315476-Saatkraehe.mp3
Rook,XC315476-Saatkraehe,341,data/processed/Rook/XC315476-Saatkraehe_chunk341.wav,3.0,XC315476-Saatkraehe.mp3
Rook,XC315476-Saatkraehe,342,data/processed/Rook/XC315476-Saatkraehe_chunk342.wav,3.0,XC315476-Saatkraehe.mp3
Rook,XC315476-Saatkraehe,343,data/processed/Rook/XC315476-Saatkraehe_chunk343.wav,3.0,XC315476-Saatkraehe.mp3
Rook,XC315476-Saatkraehe,344,data/processed/Rook/XC315476-Saatkraehe_chunk344.wav,3.0,XC315476-Saatkraehe.mp3
Rook,XC315476-Saatkraehe,345,data/processed/Rook/XC315476-Saatkraehe_chunk345.wav,3.0,XC315476-Saatkraehe.mp3
Rook,XC315476-Saatkraehe,346,data/processed/Rook/XC315476-Saatkraehe_chunk346.wav,3.0,XC315476-Saatkraehe.mp3
Rook,XC315476-Saatkraehe,347,data/processed/Rook/XC315476-Saatkraehe_chunk347.wav,3.0,XC315476-Saatkraehe.mp3
Rook,XC315476-Saatkraehe,348,data/processed/Rook/XC315476-Saatkraehe_chunk348.wav,3.0,XC315476-Saatkraehe.mp3
Rook,XC315476-Saatkraehe,349,data/processed/Rook/XC315476-Saatkraehe_chunk349.wav,3.0,XC315476-Saatkraehe.mp3
Rook,XC315476-Saatkraehe,350,data/processed/Rook/XC315476-Saatkraehe_chunk350.wav,3.0,XC315476-Saatkraehe.mp3
Rook,XC315476-Saatkraehe,351,data/processed/Rook/XC315476-Saatkraehe_chunk351.wav,3.0,XC315476-Saatkraehe.mp3
Rook,XC315476-Saatkraehe,352,data/processed/Rook/XC315476-Saatkraehe_chunk352.wav,3.0,XC315476-Saatkraehe.mp3
Rook,XC315476-Saatkraehe,353,data/processed/Rook/XC315476-Saatkraehe_chunk353.wav,3.0,XC315476-Saatkraehe.mp3
Rook,XC315476-Saatkraehe,354,data/processed/Rook/XC315476-Saatkraehe_chunk354.wav,3.0,XC315476-Saatkraehe.mp3
Rook,XC315476-Saatkraehe,355,data/processed/Rook/XC315476-Saatkraehe_chunk355.wav,3.0,XC315476-Saatkraehe.mp3
Rook,XC315476-Saatkraehe,356,data/processed/Rook/XC315476-Saatkraehe_chunk356.wav,3.0,XC315476-Saatkraehe.mp3
Rook,XC315476-Saatkraehe,357,data/processed/Rook/XC315476-Saatkraehe_chunk357.wav,3.0,XC315476-Saatkraehe.mp3
Rook,XC315476-Saatkraehe,358,data/processed/Rook/XC315476-Saatkraehe_chunk358.wav,3.0,XC315476-Saatkraehe.mp3
Rook,XC315476-Saatkraehe,359,data/processed/Rook/XC315476-Saatkraehe_chunk359.wav,3.0,XC315476-Saatkraehe.mp3
Rook,XC315476-Saatkraehe,360,data/processed/Rook/XC315476-Saatkraehe_chunk360.wav,3.0,XC315476-Saatkraehe.mp3
Rook,XC315476-Saatkraehe,361,data/processed/Rook/XC315476-Saatkraehe_chunk361.wav,3.0,XC315476-Saatkraehe.mp3
Rook,XC315476-Saatkraehe,362,data/processed/Rook/XC315476-Saatkraehe_chunk362.wav,3.0,XC315476-Saatkraehe.mp3
Rook,XC315476-Saatkraehe,363,data/processed/Rook/XC315476-Saatkraehe_chunk363.wav,3.0,XC315476-Saatkraehe.mp3
Rook,XC315476-Saatkraehe,364,data/processed/Rook/XC315476-Saatkraehe_chunk364.wav,3.0,XC315476-Saatkraehe.mp3
Rook,XC315476-Saatkraehe,365,data/processed/Rook/XC315476-Saatkraehe_chunk365.wav,3.0,XC315476-Saatkraehe.mp3
Rook,XC315476-Saatkraehe,366,data/processed/Rook/XC315476-Saatkraehe_chunk366.wav,3.0,XC315476-Saatkraehe.mp3
Rook,XC315476-Saatkraehe,367,data/processed/Rook/XC315476-Saatkraehe_chunk367.wav,3.0,XC315476-Saatkraehe.mp3
Rook,XC315476-Saatkraehe,368,data/processed/Rook/XC315476-Saatkraehe_chunk368.wav,3.0,XC315476-Saatkraehe.mp3
Rook,XC315476-Saatkraehe,369,data/processed/Rook/XC315476-Saatkraehe_chunk369.wav,3.0,XC315476-Saatkraehe.mp3
Rook,XC315476-Saatkraehe,370,data/processed/Rook/XC315476-Saatkraehe_chunk370.wav,3.0,XC315476-Saatkraehe.mp3
Rook,XC315476-Saatkraehe,371,data/processed/Rook/XC315476-Saatkraehe_chunk371.wav,3.0,XC315476-Saatkraehe.mp3
Rook,XC315476-Saatkraehe,372,data/processed/Rook/XC315476-Saatkraehe_chunk372.wav,3.0,XC315476-Saatkraehe.mp3
Rook,XC315476-Saatkraehe,373,data/processed/Rook/XC315476-Saatkraehe_chunk373.wav,3.0,XC315476-Saatkraehe.mp3
Rook,XC315476-Saatkraehe,374,data/processed/Rook/XC315476-Saatkraehe_chunk374.wav,3.0,XC315476-Saatkraehe.mp3
Rook,XC315476-Saatkraehe,375,data/processed/Rook/XC315476-Saatkraehe_chunk375.wav,3.0,XC315476-Saatkraehe.mp3
Rook,XC315476-Saatkraehe,376,data/processed/Rook/XC315476-Saatkraehe_chunk376.wav,3.0,XC315476-Saatkraehe.mp3
Rook,XC315476-Saatkraehe,377,data/processed/Rook/XC315476-Saatkraehe_chunk377.wav,3.0,XC315476-Saatkraehe.mp3
Rook,XC315476-Saatkraehe,378,data/processed/Rook/XC315476-Saatkraehe_chunk378.wav,3.0,XC315476-Saatkraehe.mp3
Rook,XC315476-Saatkraehe,379,data/processed/Rook/XC315476-Saatkraehe_chunk379.wav,3.0,XC315476-Saatkraehe.mp3
Rook,XC315476-Saatkraehe,380,data/processed/Rook/XC315476-Saatkraehe_chunk380.wav,3.0,XC315476-Saatkraehe.mp3
Rook,XC315476-Saatkraehe,381,data/processed/Rook/XC315476-Saatkraehe_chunk381.wav,3.0,XC315476-Saatkraehe.mp3
Rook,XC315476-Saatkraehe,382,data/processed/Rook/XC315476-Saatkraehe_chunk382.wav,3.0,XC315476-Saatkraehe.mp3
Rook,XC315476-Saatkraehe,383,data/processed/Rook/XC315476-Saatkraehe_chunk383.wav,3.0,XC315476-Saatkraehe.mp3
Rook,XC315476-Saatkraehe,384,data/processed/Rook/XC315476-Saatkraehe_chunk384.wav,3.0,XC315476-Saatkraehe.mp3
Rook,XC315476-Saatkraehe,385,data/processed/Rook/XC315476-Saatkraehe_chunk385.wav,3.0,XC315476-Saatkraehe.mp3
Rook,XC315476-Saatkraehe,386,data/processed/Rook/XC315476-Saatkraehe_chunk386.wav,3.0,XC315476-Saatkraehe.mp3
Rook,XC315476-Saatkraehe,387,data/processed/Rook/XC315476-Saatkraehe_chunk387.wav,3.0,XC315476-Saatkraehe.mp3
Rook,XC315476-Saatkraehe,388,data/processed/Rook/XC315476-Saatkraehe_chunk388.wav,3.0,XC315476-Saatkraehe.mp3
Rook,XC315476-Saatkraehe,389,data/processed/Rook/XC315476-Saatkraehe_chunk389.wav,3.0,XC315476-Saatkraehe.mp3
Rook,XC315476-Saatkraehe,390,data/processed/Rook/XC315476-Saatkraehe_chunk390.wav,3.0,XC315476-Saatkraehe.mp3
Rook,XC315476-Saatkraehe,391,data/processed/Rook/XC315476-Saatkraehe_chunk391.wav,3.0,XC315476-Saatkraehe.mp3
Rook,XC315476-Saatkraehe,392,data/processed/Rook/XC315476-Saatkraehe_chunk392.wav,3.0,XC315476-Saatkraehe.mp3
Rook,XC315476-Saatkraehe,393,data/processed/Rook/XC315476-Saatkraehe_chunk393.wav,3.0,XC315476-Saatkraehe.mp3
Rook,XC315476-Saatkraehe,394,data/processed/Rook/XC315476-Saatkraehe_chunk394.wav,3.0,XC315476-Saatkraehe.mp3
Rook,XC315476-Saatkraehe,395,data/processed/Rook/XC315476-Saatkraehe_chunk395.wav,3.0,XC315476-Saatkraehe.mp3
Rook,XC315476-Saatkraehe,396,data/processed/Rook/XC315476-Saatkraehe_chunk396.wav,3.0,XC315476-Saatkraehe.mp3
Rook,XC315476-Saatkraehe,397,data/processed/Rook/XC315476-Saatkraehe_chunk397.wav,3.0,XC315476-Saatkraehe.mp3
Rook,XC315476-Saatkraehe,398,data/processed/Rook/XC315476-Saatkraehe_chunk398.wav,3.0,XC315476-Saatkraehe.mp3
Rook,XC315476-Saatkraehe,399,data/processed/Rook/XC315476-Saatkraehe_chunk399.wav,3.0,XC315476-Saatkraehe.mp3
Rook,XC315476-Saatkraehe,400,data/processed/Rook/XC315476-Saatkraehe_chunk400.wav,3.0,XC315476-Saatkraehe.mp3
Rook,XC315476-Saatkraehe,401,data/processed/Rook/XC315476-Saatkraehe_chunk401.wav,3.0,XC315476-Saatkraehe.mp3
Rook,XC315476-Saatkraehe,402,data/processed/Rook/XC315476-Saatkraehe_chunk402.wav,3.0,XC315476-Saatkraehe.mp3
Rook,XC315476-Saatkraehe,403,data/processed/Rook/XC315476-Saatkraehe_chunk403.wav,3.0,XC315476-Saatkraehe.mp3
Rook,XC315476-Saatkraehe,404,data/processed/Rook/XC315476-Saatkraehe_chunk404.wav,3.0,XC315476-Saatkraehe.mp3
Rook,XC315476-Saatkraehe,405,data/processed/Rook/XC315476-Saatkraehe_chunk405.wav,3.0,XC315476-Saatkraehe.mp3
Rook,XC315476-Saatkraehe,406,data/processed/Rook/XC315476-Saatkraehe_chunk406.wav,3.0,XC315476-Saatkraehe.mp3
Rook,XC315476-Saatkraehe,407,data/processed/Rook/XC315476-Saatkraehe_chunk407.wav,3.0,XC315476-Saatkraehe.mp3
Rook,XC315476-Saatkraehe,408,data/processed/Rook/XC315476-Saatkraehe_chunk408.wav,3.0,XC315476-Saatkraehe.mp3
Rook,XC315476-Saatkraehe,409,data/processed/Rook/XC315476-Saatkraehe_chunk409.wav,3.0,XC315476-Saatkraehe.mp3
Rook,XC315476-Saatkraehe,410,data/processed/Rook/XC315476-Saatkraehe_chunk410.wav,3.0,XC315476-Saatkraehe.mp3
Rook,XC315476-Saatkraehe,411,data/processed/Rook/XC315476-Saatkraehe_chunk411.wav,3.0,XC315476-Saatkraehe.mp3
Rook,XC315476-Saatkraehe,412,data/processed/Rook/XC315476-Saatkraehe_chunk412.wav,3.0,XC315476-Saatkraehe.mp3
Rook,XC315476-Saatkraehe,413,data/processed/Rook/XC315476-Saatkraehe_chunk413.wav,3.0,XC315476-Saatkraehe.mp3
Rook,XC315476-Saatkraehe,414,data/processed/Rook/XC315476-Saatkraehe_chunk414.wav,3.0,XC315476-Saatkraehe.mp3
Rook,XC315476-Saatkraehe,415,data/processed/Rook/XC315476-Saatkraehe_chunk415.wav,3.0,XC315476-Saatkraehe.mp3
Rook,XC315476-Saatkraehe,416,data/processed/Rook/XC315476-Saatkraehe_chunk416.wav,3.0,XC315476-Saatkraehe.mp3
Rook,XC315476-Saatkraehe,417,data/processed/Rook/XC315476-Saatkraehe_chunk417.wav,3.0,XC315476-Saatkraehe.mp3
Rook,XC315476-Saatkraehe,418,data/processed/Rook/XC315476-Saatkraehe_chunk418.wav,3.0,XC315476-Saatkraehe.mp3
Rook,XC315476-Saatkraehe,419,data/processed/Rook/XC315476-Saatkraehe_chunk419.wav,3.0,XC315476-Saatkraehe.mp3
Rook,XC315476-Saatkraehe,420,data/processed/Rook/XC315476-Saatkraehe_chunk420.wav,3.0,XC315476-Saatkraehe.mp3
Rook,XC315476-Saatkraehe,421,data/processed/Rook/XC315476-Saatkraehe_chunk421.wav,3.0,XC315476-Saatkraehe.mp3
Rook,XC315476-Saatkraehe,422,data/processed/Rook/XC315476-Saatkraehe_chunk422.wav,3.0,XC315476-Saatkraehe.mp3
Rook,XC315476-Saatkraehe,423,data/processed/Rook/XC315476-Saatkraehe_chunk423.wav,3.0,XC315476-Saatkraehe.mp3
Rook,XC315476-Saatkraehe,424,data/processed/Rook/XC315476-Saatkraehe_chunk424.wav,3.0,XC315476-Saatkraehe.mp3
Rook,XC315476-Saatkraehe,425,data/processed/Rook/XC315476-Saatkraehe_chunk425.wav,3.0,XC315476-Saatkraehe.mp3
Rook,XC315476-Saatkraehe,426,data/processed/Rook/XC315476-Saatkraehe_chunk426.wav,3.0,XC315476-Saatkraehe.mp3
Rook,XC315476-Saatkraehe,427,data/processed/Rook/XC315476-Saatkraehe_chunk427.wav,3.0,XC315476-Saatkraehe.mp3
Rook,XC315476-Saatkraehe,428,data/processed/Rook/XC315476-Saatkraehe_chunk428.wav,3.0,XC315476-Saatkraehe.mp3
Rook,XC315476-Saatkraehe,429,data/processed/Rook/XC315476-Saatkraehe_chunk429.wav,3.0,XC315476-Saatkraehe.mp3
Rook,XC315476-Saatkraehe,430,data/processed/Rook/XC315476-Saatkraehe_chunk430.wav,3.0,XC315476-Saatkraehe.mp3
Rook,XC315476-Saatkraehe,431,data/processed/Rook/XC315476-Saatkraehe_chunk431.wav,3.0,XC315476-Saatkraehe.mp3
Rook,XC315476-Saatkraehe,432,data/processed/Rook/XC315476-Saatkraehe_chunk432.wav,3.0,XC315476-Saatkraehe.mp3
Rook,XC315476-Saatkraehe,433,data/processed/Rook/XC315476-Saatkraehe_chunk433.wav,3.0,XC315476-Saatkraehe.mp3
Rook,XC315476-Saatkraehe,434,data/processed/Rook/XC315476-Saatkraehe_chunk434.wav,3.0,XC315476-Saatkraehe.mp3
Rook,XC315476-Saatkraehe,435,data/processed/Rook/XC315476-Saatkraehe_chunk435.wav,3.0,XC315476-Saatkraehe.mp3
Rook,XC315476-Saatkraehe,436,data/processed/Rook/XC315476-Saatkraehe_chunk436.wav,3.0,XC315476-Saatkraehe.mp3
Rook,XC315476-Saatkraehe,437,data/processed/Rook/XC315476-Saatkraehe_chunk437.wav,3.0,XC315476-Saatkraehe.mp3
Rook,XC315476-Saatkraehe,438,data/processed/Rook/XC315476-Saatkraehe_chunk438.wav,3.0,XC315476-Saatkraehe.mp3
Rook,XC315476-Saatkraehe,439,data/processed/Rook/XC315476-Saatkraehe_chunk439.wav,3.0,XC315476-Saatkraehe.mp3
Rook,XC315476-Saatkraehe,440,data/processed/Rook/XC315476-Saatkraehe_chunk440.wav,3.0,XC315476-Saatkraehe.mp3
Rook,XC315476-Saatkraehe,441,data/processed/Rook/XC315476-Saatkraehe_chunk441.wav,3.0,XC315476-Saatkraehe.mp3
Rook,XC315476-Saatkraehe,442,data/processed/Rook/XC315476-Saatkraehe_chunk442.wav,3.0,XC315476-Saatkraehe.mp3
Rook,XC315476-Saatkraehe,443,data/processed/Rook/XC315476-Saatkraehe_chunk443.wav,3.0,XC315476-Saatkraehe.mp3
Rook,XC315476-Saatkraehe,444,data/processed/Rook/XC315476-Saatkraehe_chunk444.wav,3.0,XC315476-Saatkraehe.mp3
Rook,XC315476-Saatkraehe,445,data/processed/Rook/XC315476-Saatkraehe_chunk445.wav,3.0,XC315476-Saatkraehe.mp3
Rook,XC315476-Saatkraehe,446,data/processed/Rook/XC315476-Saatkraehe_chunk446.wav,3.0,XC315476-Saatkraehe.mp3
Rook,XC315476-Saatkraehe,447,data/processed/Rook/XC315476-Saatkraehe_chunk447.wav,3.0,XC315476-Saatkraehe.mp3
Rook,XC315476-Saatkraehe,448,data/processed/Rook/XC315476-Saatkraehe_chunk448.wav,3.0,XC315476-Saatkraehe.mp3
Rook,XC315476-Saatkraehe,449,data/processed/Rook/XC315476-Saatkraehe_chunk449.wav,3.0,XC315476-Saatkraehe.mp3
Rook,XC315476-Saatkraehe,450,data/processed/Rook/XC315476-Saatkraehe_chunk450.wav,3.0,XC315476-Saatkraehe.mp3
Rook,XC315476-Saatkraehe,451,data/processed/Rook/XC315476-Saatkraehe_chunk451.wav,3.0,XC315476-Saatkraehe.mp3
Rook,XC315476-Saatkraehe,452,data/processed/Rook/XC315476-Saatkraehe_chunk452.wav,3.0,XC315476-Saatkraehe.mp3
Rook,XC315476-Saatkraehe,453,data/processed/Rook/XC315476-Saatkraehe_chunk453.wav,3.0,XC315476-Saatkraehe.mp3
Rook,XC315476-Saatkraehe,454,data/processed/Rook/XC315476-Saatkraehe_chunk454.wav,3.0,XC315476-Saatkraehe.mp3
Rook,XC315476-Saatkraehe,455,data/processed/Rook/XC315476-Saatkraehe_chunk455.wav,3.0,XC315476-Saatkraehe.mp3
Rook,XC315476-Saatkraehe,456,data/processed/Rook/XC315476-Saatkraehe_chunk456.wav,3.0,XC315476-Saatkraehe.mp3
Rook,XC315476-Saatkraehe,457,data/processed/Rook/XC315476-Saatkraehe_chunk457.wav,3.0,XC315476-Saatkraehe.mp3
Rook,XC315476-Saatkraehe,458,data/processed/Rook/XC315476-Saatkraehe_chunk458.wav,3.0,XC315476-Saatkraehe.mp3
Rook,XC315476-Saatkraehe,459,data/processed/Rook/XC315476-Saatkraehe_chunk459.wav,3.0,XC315476-Saatkraehe.mp3
Rook,XC315476-Saatkraehe,460,data/processed/Rook/XC315476-Saatkraehe_chunk460.wav,3.0,XC315476-Saatkraehe.mp3
Rook,XC315476-Saatkraehe,461,data/processed/Rook/XC315476-Saatkraehe_chunk461.wav,3.0,XC315476-Saatkraehe.mp3
Rook,XC315476-Saatkraehe,462,data/processed/Rook/XC315476-Saatkraehe_chunk462.wav,3.0,XC315476-Saatkraehe.mp3
Rook,XC315476-Saatkraehe,463,data/processed/Rook/XC315476-Saatkraehe_chunk463.wav,3.0,XC315476-Saatkraehe.mp3
Rook,XC315476-Saatkraehe,464,data/processed/Rook/XC315476-Saatkraehe_chunk464.wav,3.0,XC315476-Saatkraehe.mp3
Rook,XC315476-Saatkraehe,465,data/processed/Rook/XC315476-Saatkraehe_chunk465.wav,3.0,XC315476-Saatkraehe.mp3
Rook,XC315476-Saatkraehe,466,data/processed/Rook/XC315476-Saatkraehe_chunk466.wav,3.0,XC315476-Saatkraehe.mp3
Rook,XC315476-Saatkraehe,467,data/processed/Rook/XC315476-Saatkraehe_chunk467.wav,3.0,XC315476-Saatkraehe.mp3
Rook,XC315476-Saatkraehe,468,data/processed/Rook/XC315476-Saatkraehe_chunk468.wav,3.0,XC315476-Saatkraehe.mp3
Rook,XC315476-Saatkraehe,469,data/processed/Rook/XC315476-Saatkraehe_chunk469.wav,3.0,XC315476-Saatkraehe.mp3
Rook,XC315476-Saatkraehe,470,data/processed/Rook/XC315476-Saatkraehe_chunk470.wav,3.0,XC315476-Saatkraehe.mp3
Rook,XC315476-Saatkraehe,471,data/processed/Rook/XC315476-Saatkraehe_chunk471.wav,3.0,XC315476-Saatkraehe.mp3
Rook,XC315476-Saatkraehe,472,data/processed/Rook/XC315476-Saatkraehe_chunk472.wav,3.0,XC315476-Saatkraehe.mp3
Rook,XC315476-Saatkraehe,473,data/processed/Rook/XC315476-Saatkraehe_chunk473.wav,3.0,XC315476-Saatkraehe.mp3
Rook,XC315476-Saatkraehe,474,data/processed/Rook/XC315476-Saatkraehe_chunk474.wav,3.0,XC315476-Saatkraehe.mp3
Rook,XC315476-Saatkraehe,475,data/processed/Rook/XC315476-Saatkraehe_chunk475.wav,3.0,XC315476-Saatkraehe.mp3
Rook,XC315476-Saatkraehe,476,data/processed/Rook/XC315476-Saatkraehe_chunk476.wav,3.0,XC315476-Saatkraehe.mp3
Rook,XC315476-Saatkraehe,477,data/processed/Rook/XC315476-Saatkraehe_chunk477.wav,3.0,XC315476-Saatkraehe.mp3
Rook,XC315476-Saatkraehe,478,data/processed/Rook/XC315476-Saatkraehe_chunk478.wav,3.0,XC315476-Saatkraehe.mp3
Rook,XC315476-Saatkraehe,479,data/processed/Rook/XC315476-Saatkraehe_chunk479.wav,3.0,XC315476-Saatkraehe.mp3
Rook,XC315476-Saatkraehe,480,data/processed/Rook/XC315476-Saatkraehe_chunk480.wav,3.0,XC315476-Saatkraehe.mp3
Rook,XC315476-Saatkraehe,481,data/processed/Rook/XC315476-Saatkraehe_chunk481.wav,3.0,XC315476-Saatkraehe.mp3
Rook,XC315476-Saatkraehe,482,data/processed/Rook/XC315476-Saatkraehe_chunk482.wav,3.0,XC315476-Saatkraehe.mp3
Rook,XC315476-Saatkraehe,483,data/processed/Rook/XC315476-Saatkraehe_chunk483.wav,3.0,XC315476-Saatkraehe.mp3
Rook,XC315476-Saatkraehe,484,data/processed/Rook/XC315476-Saatkraehe_chunk484.wav,3.0,XC315476-Saatkraehe.mp3
Rook,XC315476-Saatkraehe,485,data/processed/Rook/XC315476-Saatkraehe_chunk485.wav,3.0,XC315476-Saatkraehe.mp3
Rook,XC315476-Saatkraehe,486,data/processed/Rook/XC315476-Saatkraehe_chunk486.wav,3.0,XC315476-Saatkraehe.mp3
Rook,XC315476-Saatkraehe,487,data/processed/Rook/XC315476-Saatkraehe_chunk487.wav,3.0,XC315476-Saatkraehe.mp3
Rook,XC315476-Saatkraehe,488,data/processed/Rook/XC315476-Saatkraehe_chunk488.wav,3.0,XC315476-Saatkraehe.mp3
Rook,XC315476-Saatkraehe,489,data/processed/Rook/XC315476-Saatkraehe_chunk489.wav,3.0,XC315476-Saatkraehe.mp3
Rook,XC315476-Saatkraehe,490,data/processed/Rook/XC315476-Saatkraehe_chunk490.wav,3.0,XC315476-Saatkraehe.mp3
Rook,XC315476-Saatkraehe,491,data/processed/Rook/XC315476-Saatkraehe_chunk491.wav,3.0,XC315476-Saatkraehe.mp3
Rook,XC315476-Saatkraehe,492,data/processed/Rook/XC315476-Saatkraehe_chunk492.wav,3.0,XC315476-Saatkraehe.mp3
Rook,XC315476-Saatkraehe,493,data/processed/Rook/XC315476-Saatkraehe_chunk493.wav,3.0,XC315476-Saatkraehe.mp3
Rook,XC315476-Saatkraehe,494,data/processed/Rook/XC315476-Saatkraehe_chunk494.wav,3.0,XC315476-Saatkraehe.mp3
Rook,XC315476-Saatkraehe,495,data/processed/Rook/XC315476-Saatkraehe_chunk495.wav,3.0,XC315476-Saatkraehe.mp3
Rook,XC315476-Saatkraehe,496,data/processed/Rook/XC315476-Saatkraehe_chunk496.wav,3.0,XC315476-Saatkraehe.mp3
Rook,XC315476-Saatkraehe,497,data/processed/Rook/XC315476-Saatkraehe_chunk497.wav,3.0,XC315476-Saatkraehe.mp3
Rook,XC315476-Saatkraehe,498,data/processed/Rook/XC315476-Saatkraehe_chunk498.wav,3.0,XC315476-Saatkraehe.mp3
Rook,XC315476-Saatkraehe,499,data/processed/Rook/XC315476-Saatkraehe_chunk499.wav,3.0,XC315476-Saatkraehe.mp3
Rook,XC315476-Saatkraehe,500,data/processed/Rook/XC315476-Saatkraehe_chunk500.wav,3.0,XC315476-Saatkraehe.mp3
Rook,XC315476-Saatkraehe,501,data/processed/Rook/XC315476-Saatkraehe_chunk501.wav,3.0,XC315476-Saatkraehe.mp3
Rook,XC315476-Saatkraehe,502,data/processed/Rook/XC315476-Saatkraehe_chunk502.wav,3.0,XC315476-Saatkraehe.mp3
Rook,XC315476-Saatkraehe,503,data/processed/Rook/XC315476-Saatkraehe_chunk503.wav,3.0,XC315476-Saatkraehe.mp3
Rook,XC315476-Saatkraehe,504,data/processed/Rook/XC315476-Saatkraehe_chunk504.wav,3.0,XC315476-Saatkraehe.mp3
Rook,XC315476-Saatkraehe,505,data/processed/Rook/XC315476-Saatkraehe_chunk505.wav,3.0,XC315476-Saatkraehe.mp3
Rook,XC315476-Saatkraehe,506,data/processed/Rook/XC315476-Saatkraehe_chunk506.wav,3.0,XC315476-Saatkraehe.mp3
Rook,XC315476-Saatkraehe,507,data/processed/Rook/XC315476-Saatkraehe_chunk507.wav,3.0,XC315476-Saatkraehe.mp3
Rook,XC315476-Saatkraehe,508,data/processed/Rook/XC315476-Saatkraehe_chunk508.wav,3.0,XC315476-Saatkraehe.mp3
Rook,XC315476-Saatkraehe,509,data/processed/Rook/XC315476-Saatkraehe_chunk509.wav,3.0,XC315476-Saatkraehe.mp3
Rook,XC315476-Saatkraehe,510,data/processed/Rook/XC315476-Saatkraehe_chunk510.wav,3.0,XC315476-Saatkraehe.mp3
Rook,XC315476-Saatkraehe,511,data/processed/Rook/XC315476-Saatkraehe_chunk511.wav,3.0,XC315476-Saatkraehe.mp3
Rook,XC315476-Saatkraehe,512,data/processed/Rook/XC315476-Saatkraehe_chunk512.wav,3.0,XC315476-Saatkraehe.mp3
Rook,XC315476-Saatkraehe,513,data/processed/Rook/XC315476-Saatkraehe_chunk513.wav,3.0,XC315476-Saatkraehe.mp3
Rook,XC315476-Saatkraehe,514,data/processed/Rook/XC315476-Saatkraehe_chunk514.wav,3.0,XC315476-Saatkraehe.mp3
Rook,XC315476-Saatkraehe,515,data/processed/Rook/XC315476-Saatkraehe_chunk515.wav,3.0,XC315476-Saatkraehe.mp3
Rook,XC315476-Saatkraehe,516,data/processed/Rook/XC315476-Saatkraehe_chunk516.wav,3.0,XC315476-Saatkraehe.mp3
Rook,XC315476-Saatkraehe,517,data/processed/Rook/XC315476-Saatkraehe_chunk517.wav,3.0,XC315476-Saatkraehe.mp3
Rook,XC315476-Saatkraehe,518,data/processed/Rook/XC315476-Saatkraehe_chunk518.wav,3.0,XC315476-Saatkraehe.mp3
Rook,XC315476-Saatkraehe,519,data/processed/Rook/XC315476-Saatkraehe_chunk519.wav,3.0,XC315476-Saatkraehe.mp3
Rook,XC315476-Saatkraehe,520,data/processed/Rook/XC315476-Saatkraehe_chunk520.wav,3.0,XC315476-Saatkraehe.mp3
Rook,XC315476-Saatkraehe,521,data/processed/Rook/XC315476-Saatkraehe_chunk521.wav,3.0,XC315476-Saatkraehe.mp3
Rook,XC315476-Saatkraehe,522,data/processed/Rook/XC315476-Saatkraehe_chunk522.wav,3.0,XC315476-Saatkraehe.mp3
Rook,XC315476-Saatkraehe,523,data/processed/Rook/XC315476-Saatkraehe_chunk523.wav,3.0,XC315476-Saatkraehe.mp3
Rook,XC315476-Saatkraehe,524,data/processed/Rook/XC315476-Saatkraehe_chunk524.wav,3.0,XC315476-Saatkraehe.mp3
Rook,XC315476-Saatkraehe,525,data/processed/Rook/XC315476-Saatkraehe_chunk525.wav,3.0,XC315476-Saatkraehe.mp3
Rook,XC315476-Saatkraehe,526,data/processed/Rook/XC315476-Saatkraehe_chunk526.wav,3.0,XC315476-Saatkraehe.mp3
Rook,XC315476-Saatkraehe,527,data/processed/Rook/XC315476-Saatkraehe_chunk527.wav,3.0,XC315476-Saatkraehe.mp3
Rook,XC315476-Saatkraehe,528,data/processed/Rook/XC315476-Saatkraehe_chunk528.wav,3.0,XC315476-Saatkraehe.mp3
Rook,XC315476-Saatkraehe,529,data/processed/Rook/XC315476-Saatkraehe_chunk529.wav,3.0,XC315476-Saatkraehe.mp3
Rook,XC315476-Saatkraehe,530,data/processed/Rook/XC315476-Saatkraehe_chunk530.wav,3.0,XC315476-Saatkraehe.mp3
Rook,XC315476-Saatkraehe,531,data/processed/Rook/XC315476-Saatkraehe_chunk531.wav,3.0,XC315476-Saatkraehe.mp3
Rook,XC315476-Saatkraehe,532,data/processed/Rook/XC315476-Saatkraehe_chunk532.wav,3.0,XC315476-Saatkraehe.mp3
Rook,XC315476-Saatkraehe,533,data/processed/Rook/XC315476-Saatkraehe_chunk533.wav,3.0,XC315476-Saatkraehe.mp3
Rook,XC315476-Saatkraehe,534,data/processed/Rook/XC315476-Saatkraehe_chunk534.wav,3.0,XC315476-Saatkraehe.mp3
Rook,XC315476-Saatkraehe,535,data/processed/Rook/XC315476-Saatkraehe_chunk535.wav,3.0,XC315476-Saatkraehe.mp3
Rook,XC315476-Saatkraehe,536,data/processed/Rook/XC315476-Saatkraehe_chunk536.wav,3.0,XC315476-Saatkraehe.mp3
Rook,XC315476-Saatkraehe,537,data/processed/Rook/XC315476-Saatkraehe_chunk537.wav,3.0,XC315476-Saatkraehe.mp3
Rook,XC315476-Saatkraehe,538,data/processed/Rook/XC315476-Saatkraehe_chunk538.wav,3.0,XC315476-Saatkraehe.mp3
Rook,XC315476-Saatkraehe,539,data/processed/Rook/XC315476-Saatkraehe_chunk539.wav,3.0,XC315476-Saatkraehe.mp3
Rook,XC315476-Saatkraehe,540,data/processed/Rook/XC315476-Saatkraehe_chunk540.wav,3.0,XC315476-Saatkraehe.mp3
Rook,XC315476-Saatkraehe,541,data/processed/Rook/XC315476-Saatkraehe_chunk541.wav,3.0,XC315476-Saatkraehe.mp3
Rook,XC315476-Saatkraehe,542,data/processed/Rook/XC315476-Saatkraehe_chunk542.wav,3.0,XC315476-Saatkraehe.mp3
Rook,XC315476-Saatkraehe,543,data/processed/Rook/XC315476-Saatkraehe_chunk543.wav,3.0,XC315476-Saatkraehe.mp3
Rook,XC315476-Saatkraehe,544,data/processed/Rook/XC315476-Saatkraehe_chunk544.wav,3.0,XC315476-Saatkraehe.mp3
Rook,XC315476-Saatkraehe,545,data/processed/Rook/XC315476-Saatkraehe_chunk545.wav,3.0,XC315476-Saatkraehe.mp3
Rook,XC315476-Saatkraehe,546,data/processed/Rook/XC315476-Saatkraehe_chunk546.wav,3.0,XC315476-Saatkraehe.mp3
Rook,XC315476-Saatkraehe,547,data/processed/Rook/XC315476-Saatkraehe_chunk547.wav,3.0,XC315476-Saatkraehe.mp3
Rook,XC315476-Saatkraehe,548,data/processed/Rook/XC315476-Saatkraehe_chunk548.wav,3.0,XC315476-Saatkraehe.mp3
Rook,XC315476-Saatkraehe,549,data/processed/Rook/XC315476-Saatkraehe_chunk549.wav,3.0,XC315476-Saatkraehe.mp3
Rook,XC315476-Saatkraehe,550,data/processed/Rook/XC315476-Saatkraehe_chunk550.wav,3.0,XC315476-Saatkraehe.mp3
Rook,XC315476-Saatkraehe,551,data/processed/Rook/XC315476-Saatkraehe_chunk551.wav,3.0,XC315476-Saatkraehe.mp3
Rook,XC315476-Saatkraehe,552,data/processed/Rook/XC315476-Saatkraehe_chunk552.wav,3.0,XC315476-Saatkraehe.mp3
Rook,XC315476-Saatkraehe,553,data/processed/Rook/XC315476-Saatkraehe_chunk553.wav,3.0,XC315476-Saatkraehe.mp3
Rook,XC315476-Saatkraehe,554,data/processed/Rook/XC315476-Saatkraehe_chunk554.wav,3.0,XC315476-Saatkraehe.mp3
Rook,XC315476-Saatkraehe,555,data/processed/Rook/XC315476-Saatkraehe_chunk555.wav,3.0,XC315476-Saatkraehe.mp3
Rook,XC315476-Saatkraehe,556,data/processed/Rook/XC315476-Saatkraehe_chunk556.wav,3.0,XC315476-Saatkraehe.mp3
Rook,XC315476-Saatkraehe,557,data/processed/Rook/XC315476-Saatkraehe_chunk557.wav,3.0,XC315476-Saatkraehe.mp3
Rook,XC315476-Saatkraehe,558,data/processed/Rook/XC315476-Saatkraehe_chunk558.wav,3.0,XC315476-Saatkraehe.mp3
Rook,XC315476-Saatkraehe,559,data/processed/Rook/XC315476-Saatkraehe_chunk559.wav,3.0,XC315476-Saatkraehe.mp3
Rook,XC315476-Saatkraehe,560,data/processed/Rook/XC315476-Saatkraehe_chunk560.wav,3.0,XC315476-Saatkraehe.mp3
Rook,XC315476-Saatkraehe,561,data/processed/Rook/XC315476-Saatkraehe_chunk561.wav,3.0,XC315476-Saatkraehe.mp3
Rook,XC315476-Saatkraehe,562,data/processed/Rook/XC315476-Saatkraehe_chunk562.wav,3.0,XC315476-Saatkraehe.mp3
Rook,XC315476-Saatkraehe,563,data/processed/Rook/XC315476-Saatkraehe_chunk563.wav,3.0,XC315476-Saatkraehe.mp3
Rook,XC315476-Saatkraehe,564,data/processed/Rook/XC315476-Saatkraehe_chunk564.wav,3.0,XC315476-Saatkraehe.mp3
Rook,XC315476-Saatkraehe,565,data/processed/Rook/XC315476-Saatkraehe_chunk565.wav,3.0,XC315476-Saatkraehe.mp3
Rook,XC315476-Saatkraehe,566,data/processed/Rook/XC315476-Saatkraehe_chunk566.wav,3.0,XC315476-Saatkraehe.mp3
Rook,XC315476-Saatkraehe,567,data/processed/Rook/XC315476-Saatkraehe_chunk567.wav,3.0,XC315476-Saatkraehe.mp3
Rook,XC315476-Saatkraehe,568,data/processed/Rook/XC315476-Saatkraehe_chunk568.wav,3.0,XC315476-Saatkraehe.mp3
Rook,XC315476-Saatkraehe,569,data/processed/Rook/XC315476-Saatkraehe_chunk569.wav,3.0,XC315476-Saatkraehe.mp3
Rook,XC315476-Saatkraehe,570,data/processed/Rook/XC315476-Saatkraehe_chunk570.wav,3.0,XC315476-Saatkraehe.mp3
Rook,XC315476-Saatkraehe,571,data/processed/Rook/XC315476-Saatkraehe_chunk571.wav,3.0,XC315476-Saatkraehe.mp3
Rook,XC315476-Saatkraehe,572,data/processed/Rook/XC315476-Saatkraehe_chunk572.wav,3.0,XC315476-Saatkraehe.mp3
Rook,XC315476-Saatkraehe,573,data/processed/Rook/XC315476-Saatkraehe_chunk573.wav,3.0,XC315476-Saatkraehe.mp3
Rook,XC315476-Saatkraehe,574,data/processed/Rook/XC315476-Saatkraehe_chunk574.wav,3.0,XC315476-Saatkraehe.mp3
Rook,XC315476-Saatkraehe,575,data/processed/Rook/XC315476-Saatkraehe_chunk575.wav,3.0,XC315476-Saatkraehe.mp3
Rook,XC315476-Saatkraehe,576,data/processed/Rook/XC315476-Saatkraehe_chunk576.wav,3.0,XC315476-Saatkraehe.mp3
Rook,XC315476-Saatkraehe,577,data/processed/Rook/XC315476-Saatkraehe_chunk577.wav,3.0,XC315476-Saatkraehe.mp3
Rook,XC315476-Saatkraehe,578,data/processed/Rook/XC315476-Saatkraehe_chunk578.wav,3.0,XC315476-Saatkraehe.mp3
Rook,XC315476-Saatkraehe,579,data/processed/Rook/XC315476-Saatkraehe_chunk579.wav,3.0,XC315476-Saatkraehe.mp3
Rook,XC315476-Saatkraehe,580,data/processed/Rook/XC315476-Saatkraehe_chunk580.wav,3.0,XC315476-Saatkraehe.mp3
Rook,XC315476-Saatkraehe,581,data/processed/Rook/XC315476-Saatkraehe_chunk581.wav,3.0,XC315476-Saatkraehe.mp3
Rook,XC315476-Saatkraehe,582,data/processed/Rook/XC315476-Saatkraehe_chunk582.wav,3.0,XC315476-Saatkraehe.mp3
Rook,XC315476-Saatkraehe,583,data/processed/Rook/XC315476-Saatkraehe_chunk583.wav,3.0,XC315476-Saatkraehe.mp3
Rook,XC315476-Saatkraehe,584,data/processed/Rook/XC315476-Saatkraehe_chunk584.wav,3.0,XC315476-Saatkraehe.mp3
Rook,XC315476-Saatkraehe,585,data/processed/Rook/XC315476-Saatkraehe_chunk585.wav,3.0,XC315476-Saatkraehe.mp3
Rook,XC315476-Saatkraehe,586,data/processed/Rook/XC315476-Saatkraehe_chunk586.wav,3.0,XC315476-Saatkraehe.mp3
Rook,XC315476-Saatkraehe,587,data/processed/Rook/XC315476-Saatkraehe_chunk587.wav,3.0,XC315476-Saatkraehe.mp3
Rook,XC315476-Saatkraehe,588,data/processed/Rook/XC315476-Saatkraehe_chunk588.wav,3.0,XC315476-Saatkraehe.mp3
Rook,XC315476-Saatkraehe,589,data/processed/Rook/XC315476-Saatkraehe_chunk589.wav,3.0,XC315476-Saatkraehe.mp3
Rook,XC315476-Saatkraehe,590,data/processed/Rook/XC315476-Saatkraehe_chunk590.wav,3.0,XC315476-Saatkraehe.mp3
Rook,XC315476-Saatkraehe,591,data/processed/Rook/XC315476-Saatkraehe_chunk591.wav,3.0,XC315476-Saatkraehe.mp3
Rook,XC315476-Saatkraehe,592,data/processed/Rook/XC315476-Saatkraehe_chunk592.wav,3.0,XC315476-Saatkraehe.mp3
Rook,XC315476-Saatkraehe,593,data/processed/Rook/XC315476-Saatkraehe_chunk593.wav,3.0,XC315476-Saatkraehe.mp3
Rook,XC315476-Saatkraehe,594,data/processed/Rook/XC315476-Saatkraehe_chunk594.wav,3.0,XC315476-Saatkraehe.mp3
Rook,XC315476-Saatkraehe,595,data/processed/Rook/XC315476-Saatkraehe_chunk595.wav,3.0,XC315476-Saatkraehe.mp3
Rook,XC315476-Saatkraehe,596,data/processed/Rook/XC315476-Saatkraehe_chunk596.wav,3.0,XC315476-Saatkraehe.mp3
Rook,XC315476-Saatkraehe,597,data/processed/Rook/XC315476-Saatkraehe_chunk597.wav,3.0,XC315476-Saatkraehe.mp3
Rook,XC315476-Saatkraehe,598,data/processed/Rook/XC315476-Saatkraehe_chunk598.wav,3.0,XC315476-Saatkraehe.mp3
Rook,XC315476-Saatkraehe,599,data/processed/Rook/XC315476-Saatkraehe_chunk599.wav,3.0,XC315476-Saatkraehe.mp3
Rook,XC315476-Saatkraehe,600,data/processed/Rook/XC315476-Saatkraehe_chunk600.wav,3.0,XC315476-Saatkraehe.mp3
Rook,XC315476-Saatkraehe,601,data/processed/Rook/XC315476-Saatkraehe_chunk601.wav,3.0,XC315476-Saatkraehe.mp3
Rook,XC315476-Saatkraehe,602,data/processed/Rook/XC315476-Saatkraehe_chunk602.wav,3.0,XC315476-Saatkraehe.mp3
Rook,XC315476-Saatkraehe,603,data/processed/Rook/XC315476-Saatkraehe_chunk603.wav,3.0,XC315476-Saatkraehe.mp3
Rook,XC315476-Saatkraehe,604,data/processed/Rook/XC315476-Saatkraehe_chunk604.wav,3.0,XC315476-Saatkraehe.mp3
Rook,XC315476-Saatkraehe,605,data/processed/Rook/XC315476-Saatkraehe_chunk605.wav,3.0,XC315476-Saatkraehe.mp3
Rook,XC315476-Saatkraehe,606,data/processed/Rook/XC315476-Saatkraehe_chunk606.wav,3.0,XC315476-Saatkraehe.mp3
Rook,XC315476-Saatkraehe,607,data/processed/Rook/XC315476-Saatkraehe_chunk607.wav,3.0,XC315476-Saatkraehe.mp3
Rook,XC315476-Saatkraehe,608,data/processed/Rook/XC315476-Saatkraehe_chunk608.wav,3.0,XC315476-Saatkraehe.mp3
Rook,XC315476-Saatkraehe,609,data/processed/Rook/XC315476-Saatkraehe_chunk609.wav,3.0,XC315476-Saatkraehe.mp3
Rook,XC315476-Saatkraehe,610,data/processed/Rook/XC315476-Saatkraehe_chunk610.wav,3.0,XC315476-Saatkraehe.mp3
Rook,XC315476-Saatkraehe,611,data/processed/Rook/XC315476-Saatkraehe_chunk611.wav,3.0,XC315476-Saatkraehe.mp3
Rook,XC315476-Saatkraehe,612,data/processed/Rook/XC315476-Saatkraehe_chunk612.wav,3.0,XC315476-Saatkraehe.mp3
Rook,XC315476-Saatkraehe,613,data/processed/Rook/XC315476-Saatkraehe_chunk613.wav,3.0,XC315476-Saatkraehe.mp3
Rook,XC315476-Saatkraehe,614,data/processed/Rook/XC315476-Saatkraehe_chunk614.wav,3.0,XC315476-Saatkraehe.mp3
Rook,XC315476-Saatkraehe,615,data/processed/Rook/XC315476-Saatkraehe_chunk615.wav,3.0,XC315476-Saatkraehe.mp3
Rook,XC315476-Saatkraehe,616,data/processed/Rook/XC315476-Saatkraehe_chunk616.wav,3.0,XC315476-Saatkraehe.mp3
Rook,XC315476-Saatkraehe,617,data/processed/Rook/XC315476-Saatkraehe_chunk617.wav,3.0,XC315476-Saatkraehe.mp3
Rook,XC315476-Saatkraehe,618,data/processed/Rook/XC315476-Saatkraehe_chunk618.wav,3.0,XC315476-Saatkraehe.mp3
Rook,XC315476-Saatkraehe,619,data/processed/Rook/XC315476-Saatkraehe_chunk619.wav,3.0,XC315476-Saatkraehe.mp3
Rook,XC315476-Saatkraehe,620,data/processed/Rook/XC315476-Saatkraehe_chunk620.wav,3.0,XC315476-Saatkraehe.mp3
Rook,XC315476-Saatkraehe,621,data/processed/Rook/XC315476-Saatkraehe_chunk621.wav,3.0,XC315476-Saatkraehe.mp3
Rook,XC315476-Saatkraehe,622,data/processed/Rook/XC315476-Saatkraehe_chunk622.wav,3.0,XC315476-Saatkraehe.mp3
Rook,XC315476-Saatkraehe,623,data/processed/Rook/XC315476-Saatkraehe_chunk623.wav,3.0,XC315476-Saatkraehe.mp3
Rook,XC315476-Saatkraehe,624,data/processed/Rook/XC315476-Saatkraehe_chunk624.wav,3.0,XC315476-Saatkraehe.mp3
Rook,XC315476-Saatkraehe,625,data/processed/Rook/XC315476-Saatkraehe_chunk625.wav,3.0,XC315476-Saatkraehe.mp3
Rook,XC315476-Saatkraehe,626,data/processed/Rook/XC315476-Saatkraehe_chunk626.wav,3.0,XC315476-Saatkraehe.mp3
Rook,XC315476-Saatkraehe,627,data/processed/Rook/XC315476-Saatkraehe_chunk627.wav,3.0,XC315476-Saatkraehe.mp3
Rook,XC315476-Saatkraehe,628,data/processed/Rook/XC315476-Saatkraehe_chunk628.wav,3.0,XC315476-Saatkraehe.mp3
Rook,XC315476-Saatkraehe,629,data/processed/Rook/XC315476-Saatkraehe_chunk629.wav,3.0,XC315476-Saatkraehe.mp3
Rook,XC315476-Saatkraehe,630,data/processed/Rook/XC315476-Saatkraehe_chunk630.wav,3.0,XC315476-Saatkraehe.mp3
Rook,XC315476-Saatkraehe,631,data/processed/Rook/XC315476-Saatkraehe_chunk631.wav,3.0,XC315476-Saatkraehe.mp3
Rook,XC315476-Saatkraehe,632,data/processed/Rook/XC315476-Saatkraehe_chunk632.wav,3.0,XC315476-Saatkraehe.mp3
Rook,XC315476-Saatkraehe,633,data/processed/Rook/XC315476-Saatkraehe_chunk633.wav,3.0,XC315476-Saatkraehe.mp3
Rook,XC315476-Saatkraehe,634,data/processed/Rook/XC315476-Saatkraehe_chunk634.wav,3.0,XC315476-Saatkraehe.mp3
Rook,XC315476-Saatkraehe,635,data/processed/Rook/XC315476-Saatkraehe_chunk635.wav,3.0,XC315476-Saatkraehe.mp3
Rook,XC315476-Saatkraehe,636,data/processed/Rook/XC315476-Saatkraehe_chunk636.wav,3.0,XC315476-Saatkraehe.mp3
Rook,XC315476-Saatkraehe,637,data/processed/Rook/XC315476-Saatkraehe_chunk637.wav,3.0,XC315476-Saatkraehe.mp3
Rook,XC315476-Saatkraehe,638,data/processed/Rook/XC315476-Saatkraehe_chunk638.wav,3.0,XC315476-Saatkraehe.mp3
Rook,XC315476-Saatkraehe,639,data/processed/Rook/XC315476-Saatkraehe_chunk639.wav,3.0,XC315476-Saatkraehe.mp3
Rook,XC315476-Saatkraehe,640,data/processed/Rook/XC315476-Saatkraehe_chunk640.wav,3.0,XC315476-Saatkraehe.mp3
Rook,XC315476-Saatkraehe,641,data/processed/Rook/XC315476-Saatkraehe_chunk641.wav,3.0,XC315476-Saatkraehe.mp3
Rook,XC315476-Saatkraehe,642,data/processed/Rook/XC315476-Saatkraehe_chunk642.wav,3.0,XC315476-Saatkraehe.mp3
Rook,XC315476-Saatkraehe,643,data/processed/Rook/XC315476-Saatkraehe_chunk643.wav,3.0,XC315476-Saatkraehe.mp3
Rook,XC315476-Saatkraehe,644,data/processed/Rook/XC315476-Saatkraehe_chunk644.wav,3.0,XC315476-Saatkraehe.mp3
Rook,XC315476-Saatkraehe,645,data/processed/Rook/XC315476-Saatkraehe_chunk645.wav,3.0,XC315476-Saatkraehe.mp3
Rook,XC315476-Saatkraehe,646,data/processed/Rook/XC315476-Saatkraehe_chunk646.wav,3.0,XC315476-Saatkraehe.mp3
Rook,XC315476-Saatkraehe,647,data/processed/Rook/XC315476-Saatkraehe_chunk647.wav,3.0,XC315476-Saatkraehe.mp3
Rook,XC315476-Saatkraehe,648,data/processed/Rook/XC315476-Saatkraehe_chunk648.wav,3.0,XC315476-Saatkraehe.mp3
Rook,XC315476-Saatkraehe,649,data/processed/Rook/XC315476-Saatkraehe_chunk649.wav,3.0,XC315476-Saatkraehe.mp3
Rook,XC315476-Saatkraehe,650,data/processed/Rook/XC315476-Saatkraehe_chunk650.wav,3.0,XC315476-Saatkraehe.mp3
Rook,XC315476-Saatkraehe,651,data/processed/Rook/XC315476-Saatkraehe_chunk651.wav,3.0,XC315476-Saatkraehe.mp3
Rook,XC315476-Saatkraehe,652,data/processed/Rook/XC315476-Saatkraehe_chunk652.wav,3.0,XC315476-Saatkraehe.mp3
Rook,XC315476-Saatkraehe,653,data/processed/Rook/XC315476-Saatkraehe_chunk653.wav,3.0,XC315476-Saatkraehe.mp3
Rook,XC315476-Saatkraehe,654,data/processed/Rook/XC315476-Saatkraehe_chunk654.wav,3.0,XC315476-Saatkraehe.mp3
Rook,XC315476-Saatkraehe,655,data/processed/Rook/XC315476-Saatkraehe_chunk655.wav,3.0,XC315476-Saatkraehe.mp3
Rook,XC315476-Saatkraehe,656,data/processed/Rook/XC315476-Saatkraehe_chunk656.wav,3.0,XC315476-Saatkraehe.mp3
Rook,XC315476-Saatkraehe,657,data/processed/Rook/XC315476-Saatkraehe_chunk657.wav,3.0,XC315476-Saatkraehe.mp3
Rook,XC315476-Saatkraehe,658,data/processed/Rook/XC315476-Saatkraehe_chunk658.wav,3.0,XC315476-Saatkraehe.mp3
Rook,XC315476-Saatkraehe,659,data/processed/Rook/XC315476-Saatkraehe_chunk659.wav,3.0,XC315476-Saatkraehe.mp3
Rook,XC315476-Saatkraehe,660,data/processed/Rook/XC315476-Saatkraehe_chunk660.wav,3.0,XC315476-Saatkraehe.mp3
Rook,XC315476-Saatkraehe,661,data/processed/Rook/XC315476-Saatkraehe_chunk661.wav,3.0,XC315476-Saatkraehe.mp3
Rook,XC315476-Saatkraehe,662,data/processed/Rook/XC315476-Saatkraehe_chunk662.wav,3.0,XC315476-Saatkraehe.mp3
Rook,XC315476-Saatkraehe,663,data/processed/Rook/XC315476-Saatkraehe_chunk663.wav,3.0,XC315476-Saatkraehe.mp3
Rook,XC315476-Saatkraehe,664,data/processed/Rook/XC315476-Saatkraehe_chunk664.wav,3.0,XC315476-Saatkraehe.mp3
Rook,XC315476-Saatkraehe,665,data/processed/Rook/XC315476-Saatkraehe_chunk665.wav,3.0,XC315476-Saatkraehe.mp3
Rook,XC315476-Saatkraehe,666,data/processed/Rook/XC315476-Saatkraehe_chunk666.wav,3.0,XC315476-Saatkraehe.mp3
Rook,XC315476-Saatkraehe,667,data/processed/Rook/XC315476-Saatkraehe_chunk667.wav,3.0,XC315476-Saatkraehe.mp3
Rook,XC315476-Saatkraehe,668,data/processed/Rook/XC315476-Saatkraehe_chunk668.wav,3.0,XC315476-Saatkraehe.mp3
Rook,XC315476-Saatkraehe,669,data/processed/Rook/XC315476-Saatkraehe_chunk669.wav,3.0,XC315476-Saatkraehe.mp3
Rook,XC315476-Saatkraehe,670,data/processed/Rook/XC315476-Saatkraehe_chunk670.wav,3.0,XC315476-Saatkraehe.mp3
Rook,XC315476-Saatkraehe,671,data/processed/Rook/XC315476-Saatkraehe_chunk671.wav,3.0,XC315476-Saatkraehe.mp3
Rook,XC315476-Saatkraehe,672,data/processed/Rook/XC315476-Saatkraehe_chunk672.wav,3.0,XC315476-Saatkraehe.mp3
Rook,XC315476-Saatkraehe,673,data/processed/Rook/XC315476-Saatkraehe_chunk673.wav,3.0,XC315476-Saatkraehe.mp3
Rook,XC315476-Saatkraehe,674,data/processed/Rook/XC315476-Saatkraehe_chunk674.wav,3.0,XC315476-Saatkraehe.mp3
Rook,XC315476-Saatkraehe,675,data/processed/Rook/XC315476-Saatkraehe_chunk675.wav,3.0,XC315476-Saatkraehe.mp3
Rook,XC315476-Saatkraehe,676,data/processed/Rook/XC315476-Saatkraehe_chunk676.wav,3.0,XC315476-Saatkraehe.mp3
Rook,XC315476-Saatkraehe,677,data/processed/Rook/XC315476-Saatkraehe_chunk677.wav,3.0,XC315476-Saatkraehe.mp3
Rook,XC315476-Saatkraehe,678,data/processed/Rook/XC315476-Saatkraehe_chunk678.wav,3.0,XC315476-Saatkraehe.mp3
Rook,XC315476-Saatkraehe,679,data/processed/Rook/XC315476-Saatkraehe_chunk679.wav,3.0,XC315476-Saatkraehe.mp3
Rook,XC315476-Saatkraehe,680,data/processed/Rook/XC315476-Saatkraehe_chunk680.wav,3.0,XC315476-Saatkraehe.mp3
Rook,XC315476-Saatkraehe,681,data/processed/Rook/XC315476-Saatkraehe_chunk681.wav,3.0,XC315476-Saatkraehe.mp3
Rook,XC315476-Saatkraehe,682,data/processed/Rook/XC315476-Saatkraehe_chunk682.wav,3.0,XC315476-Saatkraehe.mp3
Rook,XC315476-Saatkraehe,683,data/processed/Rook/XC315476-Saatkraehe_chunk683.wav,3.0,XC315476-Saatkraehe.mp3
Rook,XC315476-Saatkraehe,684,data/processed/Rook/XC315476-Saatkraehe_chunk684.wav,3.0,XC315476-Saatkraehe.mp3
Rook,XC315476-Saatkraehe,685,data/processed/Rook/XC315476-Saatkraehe_chunk685.wav,3.0,XC315476-Saatkraehe.mp3
Rook,XC315476-Saatkraehe,686,data/processed/Rook/XC315476-Saatkraehe_chunk686.wav,3.0,XC315476-Saatkraehe.mp3
Rook,XC315476-Saatkraehe,687,data/processed/Rook/XC315476-Saatkraehe_chunk687.wav,3.0,XC315476-Saatkraehe.mp3
Rook,XC315476-Saatkraehe,688,data/processed/Rook/XC315476-Saatkraehe_chunk688.wav,3.0,XC315476-Saatkraehe.mp3
Rook,XC315476-Saatkraehe,689,data/processed/Rook/XC315476-Saatkraehe_chunk689.wav,3.0,XC315476-Saatkraehe.mp3
Rook,XC315476-Saatkraehe,690,data/processed/Rook/XC315476-Saatkraehe_chunk690.wav,3.0,XC315476-Saatkraehe.mp3
Rook,XC315476-Saatkraehe,691,data/processed/Rook/XC315476-Saatkraehe_chunk691.wav,3.0,XC315476-Saatkraehe.mp3
Rook,XC315476-Saatkraehe,692,data/processed/Rook/XC315476-Saatkraehe_chunk692.wav,3.0,XC315476-Saatkraehe.mp3
Rook,XC315476-Saatkraehe,693,data/processed/Rook/XC315476-Saatkraehe_chunk693.wav,3.0,XC315476-Saatkraehe.mp3
Rook,XC315476-Saatkraehe,694,data/processed/Rook/XC315476-Saatkraehe_chunk694.wav,3.0,XC315476-Saatkraehe.mp3
Rook,XC315476-Saatkraehe,695,data/processed/Rook/XC315476-Saatkraehe_chunk695.wav,3.0,XC315476-Saatkraehe.mp3
Rook,XC315476-Saatkraehe,696,data/processed/Rook/XC315476-Saatkraehe_chunk696.wav,3.0,XC315476-Saatkraehe.mp3
Rook,XC315476-Saatkraehe,697,data/processed/Rook/XC315476-Saatkraehe_chunk697.wav,3.0,XC315476-Saatkraehe.mp3
Rook,XC315476-Saatkraehe,698,data/processed/Rook/XC315476-Saatkraehe_chunk698.wav,3.0,XC315476-Saatkraehe.mp3
Rook,XC315476-Saatkraehe,699,data/processed/Rook/XC315476-Saatkraehe_chunk699.wav,3.0,XC315476-Saatkraehe.mp3
Rook,XC315476-Saatkraehe,700,data/processed/Rook/XC315476-Saatkraehe_chunk700.wav,3.0,XC315476-Saatkraehe.mp3
Rook,XC315476-Saatkraehe,701,data/processed/Rook/XC315476-Saatkraehe_chunk701.wav,3.0,XC315476-Saatkraehe.mp3
Rook,XC315476-Saatkraehe,702,data/processed/Rook/XC315476-Saatkraehe_chunk702.wav,3.0,XC315476-Saatkraehe.mp3
Rook,XC315476-Saatkraehe,703,data/processed/Rook/XC315476-Saatkraehe_chunk703.wav,3.0,XC315476-Saatkraehe.mp3
Rook,XC315476-Saatkraehe,704,data/processed/Rook/XC315476-Saatkraehe_chunk704.wav,3.0,XC315476-Saatkraehe.mp3
Rook,XC315476-Saatkraehe,705,data/processed/Rook/XC315476-Saatkraehe_chunk705.wav,3.0,XC315476-Saatkraehe.mp3
Rook,XC315476-Saatkraehe,706,data/processed/Rook/XC315476-Saatkraehe_chunk706.wav,3.0,XC315476-Saatkraehe.mp3
Rook,XC315476-Saatkraehe,707,data/processed/Rook/XC315476-Saatkraehe_chunk707.wav,3.0,XC315476-Saatkraehe.mp3
Rook,XC315476-Saatkraehe,708,data/processed/Rook/XC315476-Saatkraehe_chunk708.wav,3.0,XC315476-Saatkraehe.mp3
Rook,XC315476-Saatkraehe,709,data/processed/Rook/XC315476-Saatkraehe_chunk709.wav,3.0,XC315476-Saatkraehe.mp3
Rook,XC315476-Saatkraehe,710,data/processed/Rook/XC315476-Saatkraehe_chunk710.wav,3.0,XC315476-Saatkraehe.mp3
Rook,XC315476-Saatkraehe,711,data/processed/Rook/XC315476-Saatkraehe_chunk711.wav,3.0,XC315476-Saatkraehe.mp3
Rook,XC315476-Saatkraehe,712,data/processed/Rook/XC315476-Saatkraehe_chunk712.wav,3.0,XC315476-Saatkraehe.mp3
Rook,XC315476-Saatkraehe,713,data/processed/Rook/XC315476-Saatkraehe_chunk713.wav,3.0,XC315476-Saatkraehe.mp3
Rook,XC315476-Saatkraehe,714,data/processed/Rook/XC315476-Saatkraehe_chunk714.wav,3.0,XC315476-Saatkraehe.mp3
Rook,XC315476-Saatkraehe,715,data/processed/Rook/XC315476-Saatkraehe_chunk715.wav,3.0,XC315476-Saatkraehe.mp3
Rook,XC315476-Saatkraehe,716,data/processed/Rook/XC315476-Saatkraehe_chunk716.wav,3.0,XC315476-Saatkraehe.mp3
Rook,XC315476-Saatkraehe,717,data/processed/Rook/XC315476-Saatkraehe_chunk717.wav,3.0,XC315476-Saatkraehe.mp3
Rook,XC315476-Saatkraehe,718,data/processed/Rook/XC315476-Saatkraehe_chunk718.wav,3.0,XC315476-Saatkraehe.mp3
Rook,XC315476-Saatkraehe,719,data/processed/Rook/XC315476-Saatkraehe_chunk719.wav,3.0,XC315476-Saatkraehe.mp3
Rook,XC315476-Saatkraehe,720,data/processed/Rook/XC315476-Saatkraehe_chunk720.wav,3.0,XC315476-Saatkraehe.mp3
Rook,XC315476-Saatkraehe,721,data/processed/Rook/XC315476-Saatkraehe_chunk721.wav,3.0,XC315476-Saatkraehe.mp3
Rook,XC315476-Saatkraehe,722,data/processed/Rook/XC315476-Saatkraehe_chunk722.wav,3.0,XC315476-Saatkraehe.mp3
Rook,XC315476-Saatkraehe,723,data/processed/Rook/XC315476-Saatkraehe_chunk723.wav,3.0,XC315476-Saatkraehe.mp3
Rook,XC315476-Saatkraehe,724,data/processed/Rook/XC315476-Saatkraehe_chunk724.wav,3.0,XC315476-Saatkraehe.mp3
Rook,XC315476-Saatkraehe,725,data/processed/Rook/XC315476-Saatkraehe_chunk725.wav,3.0,XC315476-Saatkraehe.mp3
Rook,XC315476-Saatkraehe,726,data/processed/Rook/XC315476-Saatkraehe_chunk726.wav,3.0,XC315476-Saatkraehe.mp3
Rook,XC315476-Saatkraehe,727,data/processed/Rook/XC315476-Saatkraehe_chunk727.wav,3.0,XC315476-Saatkraehe.mp3
Rook,XC315476-Saatkraehe,728,data/processed/Rook/XC315476-Saatkraehe_chunk728.wav,3.0,XC315476-Saatkraehe.mp3
Rook,XC315476-Saatkraehe,729,data/processed/Rook/XC315476-Saatkraehe_chunk729.wav,3.0,XC315476-Saatkraehe.mp3
Rook,XC315476-Saatkraehe,730,data/processed/Rook/XC315476-Saatkraehe_chunk730.wav,3.0,XC315476-Saatkraehe.mp3
Rook,XC315476-Saatkraehe,731,data/processed/Rook/XC315476-Saatkraehe_chunk731.wav,3.0,XC315476-Saatkraehe.mp3
Rook,XC315476-Saatkraehe,732,data/processed/Rook/XC315476-Saatkraehe_chunk732.wav,3.0,XC315476-Saatkraehe.mp3
Rook,XC315476-Saatkraehe,733,data/processed/Rook/XC315476-Saatkraehe_chunk733.wav,3.0,XC315476-Saatkraehe.mp3
Rook,XC315476-Saatkraehe,734,data/processed/Rook/XC315476-Saatkraehe_chunk734.wav,3.0,XC315476-Saatkraehe.mp3
Rook,XC315476-Saatkraehe,735,data/processed/Rook/XC315476-Saatkraehe_chunk735.wav,3.0,XC315476-Saatkraehe.mp3
Rook,XC315476-Saatkraehe,736,data/processed/Rook/XC315476-Saatkraehe_chunk736.wav,3.0,XC315476-Saatkraehe.mp3
Rook,XC315476-Saatkraehe,737,data/processed/Rook/XC315476-Saatkraehe_chunk737.wav,3.0,XC315476-Saatkraehe.mp3
Rook,XC315476-Saatkraehe,738,data/processed/Rook/XC315476-Saatkraehe_chunk738.wav,3.0,XC315476-Saatkraehe.mp3
Rook,XC315476-Saatkraehe,739,data/processed/Rook/XC315476-Saatkraehe_chunk739.wav,3.0,XC315476-Saatkraehe.mp3
Rook,XC315476-Saatkraehe,740,data/processed/Rook/XC315476-Saatkraehe_chunk740.wav,3.0,XC315476-Saatkraehe.mp3
Rook,XC315476-Saatkraehe,741,data/processed/Rook/XC315476-Saatkraehe_chunk741.wav,3.0,XC315476-Saatkraehe.mp3
Rook,XC315476-Saatkraehe,742,data/processed/Rook/XC315476-Saatkraehe_chunk742.wav,3.0,XC315476-Saatkraehe.mp3
Rook,XC315476-Saatkraehe,743,data/processed/Rook/XC315476-Saatkraehe_chunk743.wav,3.0,XC315476-Saatkraehe.mp3
Rook,XC315476-Saatkraehe,744,data/processed/Rook/XC315476-Saatkraehe_chunk744.wav,3.0,XC315476-Saatkraehe.mp3
Rook,XC315476-Saatkraehe,745,data/processed/Rook/XC315476-Saatkraehe_chunk745.wav,3.0,XC315476-Saatkraehe.mp3
Rook,XC315476-Saatkraehe,746,data/processed/Rook/XC315476-Saatkraehe_chunk746.wav,3.0,XC315476-Saatkraehe.mp3
Rook,XC315476-Saatkraehe,747,data/processed/Rook/XC315476-Saatkraehe_chunk747.wav,3.0,XC315476-Saatkraehe.mp3
Rook,XC315476-Saatkraehe,748,data/processed/Rook/XC315476-Saatkraehe_chunk748.wav,3.0,XC315476-Saatkraehe.mp3
Rook,XC315476-Saatkraehe,749,data/processed/Rook/XC315476-Saatkraehe_chunk749.wav,3.0,XC315476-Saatkraehe.mp3
Rook,XC315476-Saatkraehe,750,data/processed/Rook/XC315476-Saatkraehe_chunk750.wav,3.0,XC315476-Saatkraehe.mp3
Rook,XC315476-Saatkraehe,751,data/processed/Rook/XC315476-Saatkraehe_chunk751.wav,3.0,XC315476-Saatkraehe.mp3
Rook,XC315476-Saatkraehe,752,data/processed/Rook/XC315476-Saatkraehe_chunk752.wav,3.0,XC315476-Saatkraehe.mp3
Rook,XC315476-Saatkraehe,753,data/processed/Rook/XC315476-Saatkraehe_chunk753.wav,3.0,XC315476-Saatkraehe.mp3
Rook,XC315476-Saatkraehe,754,data/processed/Rook/XC315476-Saatkraehe_chunk754.wav,3.0,XC315476-Saatkraehe.mp3
Rook,XC315476-Saatkraehe,755,data/processed/Rook/XC315476-Saatkraehe_chunk755.wav,3.0,XC315476-Saatkraehe.mp3
Rook,XC315476-Saatkraehe,756,data/processed/Rook/XC315476-Saatkraehe_chunk756.wav,3.0,XC315476-Saatkraehe.mp3
Rook,XC315476-Saatkraehe,757,data/processed/Rook/XC315476-Saatkraehe_chunk757.wav,3.0,XC315476-Saatkraehe.mp3
Rook,XC315476-Saatkraehe,758,data/processed/Rook/XC315476-Saatkraehe_chunk758.wav,3.0,XC315476-Saatkraehe.mp3
Rook,XC315476-Saatkraehe,759,data/processed/Rook/XC315476-Saatkraehe_chunk759.wav,3.0,XC315476-Saatkraehe.mp3
Rook,XC315476-Saatkraehe,760,data/processed/Rook/XC315476-Saatkraehe_chunk760.wav,3.0,XC315476-Saatkraehe.mp3
Rook,XC315476-Saatkraehe,761,data/processed/Rook/XC315476-Saatkraehe_chunk761.wav,3.0,XC315476-Saatkraehe.mp3
Rook,XC315476-Saatkraehe,762,data/processed/Rook/XC315476-Saatkraehe_chunk762.wav,3.0,XC315476-Saatkraehe.mp3
Rook,XC315476-Saatkraehe,763,data/processed/Rook/XC315476-Saatkraehe_chunk763.wav,3.0,XC315476-Saatkraehe.mp3
Rook,XC315476-Saatkraehe,764,data/processed/Rook/XC315476-Saatkraehe_chunk764.wav,3.0,XC315476-Saatkraehe.mp3
Rook,XC315476-Saatkraehe,765,data/processed/Rook/XC315476-Saatkraehe_chunk765.wav,3.0,XC315476-Saatkraehe.mp3
Rook,XC315476-Saatkraehe,766,data/processed/Rook/XC315476-Saatkraehe_chunk766.wav,3.0,XC315476-Saatkraehe.mp3
Rook,XC315476-Saatkraehe,767,data/processed/Rook/XC315476-Saatkraehe_chunk767.wav,3.0,XC315476-Saatkraehe.mp3
Rook,XC315476-Saatkraehe,768,data/processed/Rook/XC315476-Saatkraehe_chunk768.wav,3.0,XC315476-Saatkraehe.mp3
Rook,XC315476-Saatkraehe,769,data/processed/Rook/XC315476-Saatkraehe_chunk769.wav,3.0,XC315476-Saatkraehe.mp3
Rook,XC315476-Saatkraehe,770,data/processed/Rook/XC315476-Saatkraehe_chunk770.wav,3.0,XC315476-Saatkraehe.mp3
Rook,XC315476-Saatkraehe,771,data/processed/Rook/XC315476-Saatkraehe_chunk771.wav,3.0,XC315476-Saatkraehe.mp3
Rook,XC315476-Saatkraehe,772,data/processed/Rook/XC315476-Saatkraehe_chunk772.wav,3.0,XC315476-Saatkraehe.mp3
Rook,XC315476-Saatkraehe,773,data/processed/Rook/XC315476-Saatkraehe_chunk773.wav,3.0,XC315476-Saatkraehe.mp3
Rook,XC315476-Saatkraehe,774,data/processed/Rook/XC315476-Saatkraehe_chunk774.wav,3.0,XC315476-Saatkraehe.mp3
Rook,XC315476-Saatkraehe,775,data/processed/Rook/XC315476-Saatkraehe_chunk775.wav,3.0,XC315476-Saatkraehe.mp3
Rook,XC315476-Saatkraehe,776,data/processed/Rook/XC315476-Saatkraehe_chunk776.wav,3.0,XC315476-Saatkraehe.mp3
Rook,XC320541-MVI_3468,0,data/processed/Rook/XC320541-MVI_3468_chunk000.wav,3.0,XC320541-MVI_3468.mp3
Rook,XC320541-MVI_3468,1,data/processed/Rook/XC320541-MVI_3468_chunk001.wav,3.0,XC320541-MVI_3468.mp3
Rook,XC320541-MVI_3468,2,data/processed/Rook/XC320541-MVI_3468_chunk002.wav,3.0,XC320541-MVI_3468.mp3
Rook,XC320541-MVI_3468,3,data/processed/Rook/XC320541-MVI_3468_chunk003.wav,3.0,XC320541-MVI_3468.mp3
Rook,XC320541-MVI_3468,4,data/processed/Rook/XC320541-MVI_3468_chunk004.wav,3.0,XC320541-MVI_3468.mp3
Rook,XC320541-MVI_3468,5,data/processed/Rook/XC320541-MVI_3468_chunk005.wav,3.0,XC320541-MVI_3468.mp3
Rook,XC320541-MVI_3468,6,data/processed/Rook/XC320541-MVI_3468_chunk006.wav,3.0,XC320541-MVI_3468.mp3
Rook,XC320541-MVI_3468,7,data/processed/Rook/XC320541-MVI_3468_chunk007.wav,3.0,XC320541-MVI_3468.mp3
Rook,XC320541-MVI_3468,8,data/processed/Rook/XC320541-MVI_3468_chunk008.wav,3.0,XC320541-MVI_3468.mp3
Rook,XC320541-MVI_3468,9,data/processed/Rook/XC320541-MVI_3468_chunk009.wav,3.0,XC320541-MVI_3468.mp3
Rook,XC320541-MVI_3468,10,data/processed/Rook/XC320541-MVI_3468_chunk010.wav,3.0,XC320541-MVI_3468.mp3
Rook,XC320541-MVI_3468,11,data/processed/Rook/XC320541-MVI_3468_chunk011.wav,3.0,XC320541-MVI_3468.mp3
Rook,XC320541-MVI_3468,12,data/processed/Rook/XC320541-MVI_3468_chunk012.wav,3.0,XC320541-MVI_3468.mp3
Rook,XC320541-MVI_3468,13,data/processed/Rook/XC320541-MVI_3468_chunk013.wav,3.0,XC320541-MVI_3468.mp3
Rook,XC320541-MVI_3468,14,data/processed/Rook/XC320541-MVI_3468_chunk014.wav,3.0,XC320541-MVI_3468.mp3
Rook,XC320541-MVI_3468,15,data/processed/Rook/XC320541-MVI_3468_chunk015.wav,3.0,XC320541-MVI_3468.mp3
Rook,XC320541-MVI_3468,16,data/processed/Rook/XC320541-MVI_3468_chunk016.wav,3.0,XC320541-MVI_3468.mp3
Rook,XC320541-MVI_3468,17,data/processed/Rook/XC320541-MVI_3468_chunk017.wav,3.0,XC320541-MVI_3468.mp3
Rook,XC320541-MVI_3468,18,data/processed/Rook/XC320541-MVI_3468_chunk018.wav,3.0,XC320541-MVI_3468.mp3
Rook,XC320541-MVI_3468,19,data/processed/Rook/XC320541-MVI_3468_chunk019.wav,3.0,XC320541-MVI_3468.mp3
Rook,XC320541-MVI_3468,20,data/processed/Rook/XC320541-MVI_3468_chunk020.wav,3.0,XC320541-MVI_3468.mp3
Rook,XC320541-MVI_3468,21,data/processed/Rook/XC320541-MVI_3468_chunk021.wav,3.0,XC320541-MVI_3468.mp3
Rook,XC320541-MVI_3468,22,data/processed/Rook/XC320541-MVI_3468_chunk022.wav,3.0,XC320541-MVI_3468.mp3
Rook,XC320541-MVI_3468,23,data/processed/Rook/XC320541-MVI_3468_chunk023.wav,3.0,XC320541-MVI_3468.mp3
Rook,XC320541-MVI_3468,24,data/processed/Rook/XC320541-MVI_3468_chunk024.wav,3.0,XC320541-MVI_3468.mp3
Rook,XC320541-MVI_3468,25,data/processed/Rook/XC320541-MVI_3468_chunk025.wav,3.0,XC320541-MVI_3468.mp3
Rook,XC320541-MVI_3468,26,data/processed/Rook/XC320541-MVI_3468_chunk026.wav,3.0,XC320541-MVI_3468.mp3
Rook,XC320541-MVI_3468,27,data/processed/Rook/XC320541-MVI_3468_chunk027.wav,3.0,XC320541-MVI_3468.mp3
Rook,XC320541-MVI_3468,28,data/processed/Rook/XC320541-MVI_3468_chunk028.wav,3.0,XC320541-MVI_3468.mp3
Rook,XC320541-MVI_3468,29,data/processed/Rook/XC320541-MVI_3468_chunk029.wav,3.0,XC320541-MVI_3468.mp3
Rook,XC320541-MVI_3468,30,data/processed/Rook/XC320541-MVI_3468_chunk030.wav,3.0,XC320541-MVI_3468.mp3
Rook,XC320541-MVI_3468,31,data/processed/Rook/XC320541-MVI_3468_chunk031.wav,3.0,XC320541-MVI_3468.mp3
Rook,XC320541-MVI_3468,32,data/processed/Rook/XC320541-MVI_3468_chunk032.wav,3.0,XC320541-MVI_3468.mp3
Rook,XC320541-MVI_3468,33,data/processed/Rook/XC320541-MVI_3468_chunk033.wav,3.0,XC320541-MVI_3468.mp3
Rook,XC320541-MVI_3468,34,data/processed/Rook/XC320541-MVI_3468_chunk034.wav,3.0,XC320541-MVI_3468.mp3
Rook,XC320541-MVI_3468,35,data/processed/Rook/XC320541-MVI_3468_chunk035.wav,3.0,XC320541-MVI_3468.mp3
Rook,XC320541-MVI_3468,36,data/processed/Rook/XC320541-MVI_3468_chunk036.wav,3.0,XC320541-MVI_3468.mp3
Rook,XC320541-MVI_3468,37,data/processed/Rook/XC320541-MVI_3468_chunk037.wav,3.0,XC320541-MVI_3468.mp3
Rook,XC320541-MVI_3468,38,data/processed/Rook/XC320541-MVI_3468_chunk038.wav,3.0,XC320541-MVI_3468.mp3
Rook,XC320541-MVI_3468,39,data/processed/Rook/XC320541-MVI_3468_chunk039.wav,3.0,XC320541-MVI_3468.mp3
Rook,XC320541-MVI_3468,40,data/processed/Rook/XC320541-MVI_3468_chunk040.wav,3.0,XC320541-MVI_3468.mp3
Rook,XC320541-MVI_3468,41,data/processed/Rook/XC320541-MVI_3468_chunk041.wav,3.0,XC320541-MVI_3468.mp3
Rook,XC320541-MVI_3468,42,data/processed/Rook/XC320541-MVI_3468_chunk042.wav,3.0,XC320541-MVI_3468.mp3
Rook,XC320541-MVI_3468,43,data/processed/Rook/XC320541-MVI_3468_chunk043.wav,3.0,XC320541-MVI_3468.mp3
Rook,XC320541-MVI_3468,44,data/processed/Rook/XC320541-MVI_3468_chunk044.wav,3.0,XC320541-MVI_3468.mp3
Rook,XC320541-MVI_3468,45,data/processed/Rook/XC320541-MVI_3468_chunk045.wav,3.0,XC320541-MVI_3468.mp3
Rook,XC320541-MVI_3468,46,data/processed/Rook/XC320541-MVI_3468_chunk046.wav,3.0,XC320541-MVI_3468.mp3
Rook,XC320541-MVI_3468,47,data/processed/Rook/XC320541-MVI_3468_chunk047.wav,3.0,XC320541-MVI_3468.mp3
Rook,XC320541-MVI_3468,48,data/processed/Rook/XC320541-MVI_3468_chunk048.wav,3.0,XC320541-MVI_3468.mp3
Rook,XC320541-MVI_3468,49,data/processed/Rook/XC320541-MVI_3468_chunk049.wav,3.0,XC320541-MVI_3468.mp3
Rook,XC320541-MVI_3468,50,data/processed/Rook/XC320541-MVI_3468_chunk050.wav,3.0,XC320541-MVI_3468.mp3
Rook,XC324245-Corvus_frugilegus_nom-FL,0,data/processed/Rook/XC324245-Corvus_frugilegus_nom-FL_chunk000.wav,3.0,XC324245-Corvus_frugilegus_nom-FL calls Martins Down Hants UK 18Jun16 1.23pm LS110414b.mp3
Rook,XC324245-Corvus_frugilegus_nom-FL,1,data/processed/Rook/XC324245-Corvus_frugilegus_nom-FL_chunk001.wav,3.0,XC324245-Corvus_frugilegus_nom-FL calls Martins Down Hants UK 18Jun16 1.23pm LS110414b.mp3
Rook,XC324245-Corvus_frugilegus_nom-FL,2,data/processed/Rook/XC324245-Corvus_frugilegus_nom-FL_chunk002.wav,3.0,XC324245-Corvus_frugilegus_nom-FL calls Martins Down Hants UK 18Jun16 1.23pm LS110414b.mp3
Rook,XC324245-Corvus_frugilegus_nom-FL,3,data/processed/Rook/XC324245-Corvus_frugilegus_nom-FL_chunk003.wav,3.0,XC324245-Corvus_frugilegus_nom-FL calls Martins Down Hants UK 18Jun16 1.23pm LS110414b.mp3
Rook,XC324245-Corvus_frugilegus_nom-FL,4,data/processed/Rook/XC324245-Corvus_frugilegus_nom-FL_chunk004.wav,3.0,XC324245-Corvus_frugilegus_nom-FL calls Martins Down Hants UK 18Jun16 1.23pm LS110414b.mp3
Rook,XC324245-Corvus_frugilegus_nom-FL,5,data/processed/Rook/XC324245-Corvus_frugilegus_nom-FL_chunk005.wav,3.0,XC324245-Corvus_frugilegus_nom-FL calls Martins Down Hants UK 18Jun16 1.23pm LS110414b.mp3
Rook,XC324245-Corvus_frugilegus_nom-FL,6,data/processed/Rook/XC324245-Corvus_frugilegus_nom-FL_chunk006.wav,3.0,XC324245-Corvus_frugilegus_nom-FL calls Martins Down Hants UK 18Jun16 1.23pm LS110414b.mp3
Rook,XC324245-Corvus_frugilegus_nom-FL,7,data/processed/Rook/XC324245-Corvus_frugilegus_nom-FL_chunk007.wav,3.0,XC324245-Corvus_frugilegus_nom-FL calls Martins Down Hants UK 18Jun16 1.23pm LS110414b.mp3
Rook,XC324245-Corvus_frugilegus_nom-FL,8,data/processed/Rook/XC324245-Corvus_frugilegus_nom-FL_chunk008.wav,3.0,XC324245-Corvus_frugilegus_nom-FL calls Martins Down Hants UK 18Jun16 1.23pm LS110414b.mp3
Rook,XC324245-Corvus_frugilegus_nom-FL,9,data/processed/Rook/XC324245-Corvus_frugilegus_nom-FL_chunk009.wav,3.0,XC324245-Corvus_frugilegus_nom-FL calls Martins Down Hants UK 18Jun16 1.23pm LS110414b.mp3
Rook,XC324245-Corvus_frugilegus_nom-FL,10,data/processed/Rook/XC324245-Corvus_frugilegus_nom-FL_chunk010.wav,3.0,XC324245-Corvus_frugilegus_nom-FL calls Martins Down Hants UK 18Jun16 1.23pm LS110414b.mp3
Rook,XC324245-Corvus_frugilegus_nom-FL,11,data/processed/Rook/XC324245-Corvus_frugilegus_nom-FL_chunk011.wav,3.0,XC324245-Corvus_frugilegus_nom-FL calls Martins Down Hants UK 18Jun16 1.23pm LS110414b.mp3
Rook,XC324245-Corvus_frugilegus_nom-FL,12,data/processed/Rook/XC324245-Corvus_frugilegus_nom-FL_chunk012.wav,3.0,XC324245-Corvus_frugilegus_nom-FL calls Martins Down Hants UK 18Jun16 1.23pm LS110414b.mp3
Rook,XC324245-Corvus_frugilegus_nom-FL,13,data/processed/Rook/XC324245-Corvus_frugilegus_nom-FL_chunk013.wav,3.0,XC324245-Corvus_frugilegus_nom-FL calls Martins Down Hants UK 18Jun16 1.23pm LS110414b.mp3
Rook,XC324245-Corvus_frugilegus_nom-FL,14,data/processed/Rook/XC324245-Corvus_frugilegus_nom-FL_chunk014.wav,3.0,XC324245-Corvus_frugilegus_nom-FL calls Martins Down Hants UK 18Jun16 1.23pm LS110414b.mp3
Rook,XC324245-Corvus_frugilegus_nom-FL,15,data/processed/Rook/XC324245-Corvus_frugilegus_nom-FL_chunk015.wav,3.0,XC324245-Corvus_frugilegus_nom-FL calls Martins Down Hants UK 18Jun16 1.23pm LS110414b.mp3
Rook,XC324245-Corvus_frugilegus_nom-FL,16,data/processed/Rook/XC324245-Corvus_frugilegus_nom-FL_chunk016.wav,3.0,XC324245-Corvus_frugilegus_nom-FL calls Martins Down Hants UK 18Jun16 1.23pm LS110414b.mp3
Rook,XC324245-Corvus_frugilegus_nom-FL,17,data/processed/Rook/XC324245-Corvus_frugilegus_nom-FL_chunk017.wav,3.0,XC324245-Corvus_frugilegus_nom-FL calls Martins Down Hants UK 18Jun16 1.23pm LS110414b.mp3
Rook,XC324245-Corvus_frugilegus_nom-FL,18,data/processed/Rook/XC324245-Corvus_frugilegus_nom-FL_chunk018.wav,3.0,XC324245-Corvus_frugilegus_nom-FL calls Martins Down Hants UK 18Jun16 1.23pm LS110414b.mp3
Rook,XC324245-Corvus_frugilegus_nom-FL,19,data/processed/Rook/XC324245-Corvus_frugilegus_nom-FL_chunk019.wav,3.0,XC324245-Corvus_frugilegus_nom-FL calls Martins Down Hants UK 18Jun16 1.23pm LS110414b.mp3
Rook,XC324245-Corvus_frugilegus_nom-FL,20,data/processed/Rook/XC324245-Corvus_frugilegus_nom-FL_chunk020.wav,3.0,XC324245-Corvus_frugilegus_nom-FL calls Martins Down Hants UK 18Jun16 1.23pm LS110414b.mp3
Rook,XC324245-Corvus_frugilegus_nom-FL,21,data/processed/Rook/XC324245-Corvus_frugilegus_nom-FL_chunk021.wav,3.0,XC324245-Corvus_frugilegus_nom-FL calls Martins Down Hants UK 18Jun16 1.23pm LS110414b.mp3
Rook,XC324245-Corvus_frugilegus_nom-FL,22,data/processed/Rook/XC324245-Corvus_frugilegus_nom-FL_chunk022.wav,3.0,XC324245-Corvus_frugilegus_nom-FL calls Martins Down Hants UK 18Jun16 1.23pm LS110414b.mp3
Rook,XC324245-Corvus_frugilegus_nom-FL,23,data/processed/Rook/XC324245-Corvus_frugilegus_nom-FL_chunk023.wav,3.0,XC324245-Corvus_frugilegus_nom-FL calls Martins Down Hants UK 18Jun16 1.23pm LS110414b.mp3
Rook,XC324245-Corvus_frugilegus_nom-FL,24,data/processed/Rook/XC324245-Corvus_frugilegus_nom-FL_chunk024.wav,3.0,XC324245-Corvus_frugilegus_nom-FL calls Martins Down Hants UK 18Jun16 1.23pm LS110414b.mp3
Rook,XC324245-Corvus_frugilegus_nom-FL,25,data/processed/Rook/XC324245-Corvus_frugilegus_nom-FL_chunk025.wav,3.0,XC324245-Corvus_frugilegus_nom-FL calls Martins Down Hants UK 18Jun16 1.23pm LS110414b.mp3
Rook,XC334939-corvus_frugilegus_bialystok_podlaskie_16.09.16_1916,0,data/processed/Rook/XC334939-corvus_frugilegus_bialystok_podlaskie_16.09.16_1916_chunk000.wav,3.0,XC334939-corvus_frugilegus_bialystok_podlaskie_16.09.16_1916.mp3
Rook,XC334939-corvus_frugilegus_bialystok_podlaskie_16.09.16_1916,1,data/processed/Rook/XC334939-corvus_frugilegus_bialystok_podlaskie_16.09.16_1916_chunk001.wav,3.0,XC334939-corvus_frugilegus_bialystok_podlaskie_16.09.16_1916.mp3
Rook,XC334939-corvus_frugilegus_bialystok_podlaskie_16.09.16_1916,2,data/processed/Rook/XC334939-corvus_frugilegus_bialystok_podlaskie_16.09.16_1916_chunk002.wav,3.0,XC334939-corvus_frugilegus_bialystok_podlaskie_16.09.16_1916.mp3
Rook,XC334939-corvus_frugilegus_bialystok_podlaskie_16.09.16_1916,3,data/processed/Rook/XC334939-corvus_frugilegus_bialystok_podlaskie_16.09.16_1916_chunk003.wav,3.0,XC334939-corvus_frugilegus_bialystok_podlaskie_16.09.16_1916.mp3
Rook,XC334939-corvus_frugilegus_bialystok_podlaskie_16.09.16_1916,4,data/processed/Rook/XC334939-corvus_frugilegus_bialystok_podlaskie_16.09.16_1916_chunk004.wav,3.0,XC334939-corvus_frugilegus_bialystok_podlaskie_16.09.16_1916.mp3
Rook,XC334939-corvus_frugilegus_bialystok_podlaskie_16.09.16_1916,5,data/processed/Rook/XC334939-corvus_frugilegus_bialystok_podlaskie_16.09.16_1916_chunk005.wav,3.0,XC334939-corvus_frugilegus_bialystok_podlaskie_16.09.16_1916.mp3
Rook,XC334939-corvus_frugilegus_bialystok_podlaskie_16.09.16_1916,6,data/processed/Rook/XC334939-corvus_frugilegus_bialystok_podlaskie_16.09.16_1916_chunk006.wav,3.0,XC334939-corvus_frugilegus_bialystok_podlaskie_16.09.16_1916.mp3
Rook,XC334939-corvus_frugilegus_bialystok_podlaskie_16.09.16_1916,7,data/processed/Rook/XC334939-corvus_frugilegus_bialystok_podlaskie_16.09.16_1916_chunk007.wav,3.0,XC334939-corvus_frugilegus_bialystok_podlaskie_16.09.16_1916.mp3
Rook,XC334939-corvus_frugilegus_bialystok_podlaskie_16.09.16_1916,8,data/processed/Rook/XC334939-corvus_frugilegus_bialystok_podlaskie_16.09.16_1916_chunk008.wav,3.0,XC334939-corvus_frugilegus_bialystok_podlaskie_16.09.16_1916.mp3
Rook,XC334939-corvus_frugilegus_bialystok_podlaskie_16.09.16_1916,9,data/processed/Rook/XC334939-corvus_frugilegus_bialystok_podlaskie_16.09.16_1916_chunk009.wav,3.0,XC334939-corvus_frugilegus_bialystok_podlaskie_16.09.16_1916.mp3
Rook,XC334939-corvus_frugilegus_bialystok_podlaskie_16.09.16_1916,10,data/processed/Rook/XC334939-corvus_frugilegus_bialystok_podlaskie_16.09.16_1916_chunk010.wav,3.0,XC334939-corvus_frugilegus_bialystok_podlaskie_16.09.16_1916.mp3
Rook,XC334939-corvus_frugilegus_bialystok_podlaskie_16.09.16_1916,11,data/processed/Rook/XC334939-corvus_frugilegus_bialystok_podlaskie_16.09.16_1916_chunk011.wav,3.0,XC334939-corvus_frugilegus_bialystok_podlaskie_16.09.16_1916.mp3
Rook,XC334939-corvus_frugilegus_bialystok_podlaskie_16.09.16_1916,12,data/processed/Rook/XC334939-corvus_frugilegus_bialystok_podlaskie_16.09.16_1916_chunk012.wav,3.0,XC334939-corvus_frugilegus_bialystok_podlaskie_16.09.16_1916.mp3
Rook,XC334939-corvus_frugilegus_bialystok_podlaskie_16.09.16_1916,13,data/processed/Rook/XC334939-corvus_frugilegus_bialystok_podlaskie_16.09.16_1916_chunk013.wav,3.0,XC334939-corvus_frugilegus_bialystok_podlaskie_16.09.16_1916.mp3
Rook,XC334939-corvus_frugilegus_bialystok_podlaskie_16.09.16_1916,14,data/processed/Rook/XC334939-corvus_frugilegus_bialystok_podlaskie_16.09.16_1916_chunk014.wav,3.0,XC334939-corvus_frugilegus_bialystok_podlaskie_16.09.16_1916.mp3
Rook,XC334939-corvus_frugilegus_bialystok_podlaskie_16.09.16_1916,15,data/processed/Rook/XC334939-corvus_frugilegus_bialystok_podlaskie_16.09.16_1916_chunk015.wav,3.0,XC334939-corvus_frugilegus_bialystok_podlaskie_16.09.16_1916.mp3
Rook,XC334940-corvus_frugilegus_bialystok_podlaskie_16.09.16_1918,0,data/processed/Rook/XC334940-corvus_frugilegus_bialystok_podlaskie_16.09.16_1918_chunk000.wav,3.0,XC334940-corvus_frugilegus_bialystok_podlaskie_16.09.16_1918.mp3
Rook,XC334940-corvus_frugilegus_bialystok_podlaskie_16.09.16_1918,1,data/processed/Rook/XC334940-corvus_frugilegus_bialystok_podlaskie_16.09.16_1918_chunk001.wav,3.0,XC334940-corvus_frugilegus_bialystok_podlaskie_16.09.16_1918.mp3
Rook,XC334940-corvus_frugilegus_bialystok_podlaskie_16.09.16_1918,2,data/processed/Rook/XC334940-corvus_frugilegus_bialystok_podlaskie_16.09.16_1918_chunk002.wav,3.0,XC334940-corvus_frugilegus_bialystok_podlaskie_16.09.16_1918.mp3
Rook,XC334940-corvus_frugilegus_bialystok_podlaskie_16.09.16_1918,3,data/processed/Rook/XC334940-corvus_frugilegus_bialystok_podlaskie_16.09.16_1918_chunk003.wav,3.0,XC334940-corvus_frugilegus_bialystok_podlaskie_16.09.16_1918.mp3
Rook,XC334940-corvus_frugilegus_bialystok_podlaskie_16.09.16_1918,4,data/processed/Rook/XC334940-corvus_frugilegus_bialystok_podlaskie_16.09.16_1918_chunk004.wav,3.0,XC334940-corvus_frugilegus_bialystok_podlaskie_16.09.16_1918.mp3
Rook,XC334940-corvus_frugilegus_bialystok_podlaskie_16.09.16_1918,5,data/processed/Rook/XC334940-corvus_frugilegus_bialystok_podlaskie_16.09.16_1918_chunk005.wav,3.0,XC334940-corvus_frugilegus_bialystok_podlaskie_16.09.16_1918.mp3
Rook,XC334940-corvus_frugilegus_bialystok_podlaskie_16.09.16_1918,6,data/processed/Rook/XC334940-corvus_frugilegus_bialystok_podlaskie_16.09.16_1918_chunk006.wav,3.0,XC334940-corvus_frugilegus_bialystok_podlaskie_16.09.16_1918.mp3
Rook,XC334940-corvus_frugilegus_bialystok_podlaskie_16.09.16_1918,7,data/processed/Rook/XC334940-corvus_frugilegus_bialystok_podlaskie_16.09.16_1918_chunk007.wav,3.0,XC334940-corvus_frugilegus_bialystok_podlaskie_16.09.16_1918.mp3
Rook,XC334940-corvus_frugilegus_bialystok_podlaskie_16.09.16_1918,8,data/processed/Rook/XC334940-corvus_frugilegus_bialystok_podlaskie_16.09.16_1918_chunk008.wav,3.0,XC334940-corvus_frugilegus_bialystok_podlaskie_16.09.16_1918.mp3
Rook,XC334940-corvus_frugilegus_bialystok_podlaskie_16.09.16_1918,9,data/processed/Rook/XC334940-corvus_frugilegus_bialystok_podlaskie_16.09.16_1918_chunk009.wav,3.0,XC334940-corvus_frugilegus_bialystok_podlaskie_16.09.16_1918.mp3
Rook,XC337713-RoekNoordpolderzijl10-10-2016,0,data/processed/Rook/XC337713-RoekNoordpolderzijl10-10-2016_chunk000.wav,3.0,XC337713-RoekNoordpolderzijl10-10-2016.mp3
Rook,XC337713-RoekNoordpolderzijl10-10-2016,1,data/processed/Rook/XC337713-RoekNoordpolderzijl10-10-2016_chunk001.wav,3.0,XC337713-RoekNoordpolderzijl10-10-2016.mp3
Rook,XC337713-RoekNoordpolderzijl10-10-2016,2,data/processed/Rook/XC337713-RoekNoordpolderzijl10-10-2016_chunk002.wav,3.0,XC337713-RoekNoordpolderzijl10-10-2016.mp3
Rook,"XC342734-Roek,",0,"data/processed/Rook/XC342734-Roek,_chunk000.wav",3.0,"XC342734-Roek, call TB 061116 0832 uur.mp3"
Rook,"XC342734-Roek,",1,"data/processed/Rook/XC342734-Roek,_chunk001.wav",3.0,"XC342734-Roek, call TB 061116 0832 uur.mp3"
Rook,"XC342734-Roek,",2,"data/processed/Rook/XC342734-Roek,_chunk002.wav",3.0,"XC342734-Roek, call TB 061116 0832 uur.mp3"
Rook,"XC342734-Roek,",3,"data/processed/Rook/XC342734-Roek,_chunk003.wav",3.0,"XC342734-Roek, call TB 061116 0832 uur.mp3"
Rook,"XC342734-Roek,",4,"data/processed/Rook/XC342734-Roek,_chunk004.wav",3.0,"XC342734-Roek, call TB 061116 0832 uur.mp3"
Rook,"XC342734-Roek,",5,"data/processed/Rook/XC342734-Roek,_chunk005.wav",3.0,"XC342734-Roek, call TB 061116 0832 uur.mp3"
Rook,XC348301-820_corfru_kutsu2_Viro_Matsalu_2008-05-03,0,data/processed/Rook/XC348301-820_corfru_kutsu2_Viro_Matsalu_2008-05-03_chunk000.wav,3.0,XC348301-820_corfru_kutsu2_Viro_Matsalu_2008-05-03.mp3
Rook,XC348301-820_corfru_kutsu2_Viro_Matsalu_2008-05-03,1,data/processed/Rook/XC348301-820_corfru_kutsu2_Viro_Matsalu_2008-05-03_chunk001.wav,3.0,XC348301-820_corfru_kutsu2_Viro_Matsalu_2008-05-03.mp3
Rook,XC348301-820_corfru_kutsu2_Viro_Matsalu_2008-05-03,2,data/processed/Rook/XC348301-820_corfru_kutsu2_Viro_Matsalu_2008-05-03_chunk002.wav,3.0,XC348301-820_corfru_kutsu2_Viro_Matsalu_2008-05-03.mp3
Rook,XC348301-820_corfru_kutsu2_Viro_Matsalu_2008-05-03,3,data/processed/Rook/XC348301-820_corfru_kutsu2_Viro_Matsalu_2008-05-03_chunk003.wav,3.0,XC348301-820_corfru_kutsu2_Viro_Matsalu_2008-05-03.mp3
Rook,XC348301-820_corfru_kutsu2_Viro_Matsalu_2008-05-03,4,data/processed/Rook/XC348301-820_corfru_kutsu2_Viro_Matsalu_2008-05-03_chunk004.wav,3.0,XC348301-820_corfru_kutsu2_Viro_Matsalu_2008-05-03.mp3
Rook,XC348301-820_corfru_kutsu2_Viro_Matsalu_2008-05-03,5,data/processed/Rook/XC348301-820_corfru_kutsu2_Viro_Matsalu_2008-05-03_chunk005.wav,3.0,XC348301-820_corfru_kutsu2_Viro_Matsalu_2008-05-03.mp3
Rook,XC348301-820_corfru_kutsu2_Viro_Matsalu_2008-05-03,6,data/processed/Rook/XC348301-820_corfru_kutsu2_Viro_Matsalu_2008-05-03_chunk006.wav,3.0,XC348301-820_corfru_kutsu2_Viro_Matsalu_2008-05-03.mp3
Rook,XC348301-820_corfru_kutsu2_Viro_Matsalu_2008-05-03,7,data/processed/Rook/XC348301-820_corfru_kutsu2_Viro_Matsalu_2008-05-03_chunk007.wav,3.0,XC348301-820_corfru_kutsu2_Viro_Matsalu_2008-05-03.mp3
Rook,XC348301-820_corfru_kutsu2_Viro_Matsalu_2008-05-03,8,data/processed/Rook/XC348301-820_corfru_kutsu2_Viro_Matsalu_2008-05-03_chunk008.wav,3.0,XC348301-820_corfru_kutsu2_Viro_Matsalu_2008-05-03.mp3
Rook,XC348301-820_corfru_kutsu2_Viro_Matsalu_2008-05-03,9,data/processed/Rook/XC348301-820_corfru_kutsu2_Viro_Matsalu_2008-05-03_chunk009.wav,3.0,XC348301-820_corfru_kutsu2_Viro_Matsalu_2008-05-03.mp3
Rook,XC348301-820_corfru_kutsu2_Viro_Matsalu_2008-05-03,10,data/processed/Rook/XC348301-820_corfru_kutsu2_Viro_Matsalu_2008-05-03_chunk010.wav,3.0,XC348301-820_corfru_kutsu2_Viro_Matsalu_2008-05-03.mp3
Rook,XC354584-freux,0,data/processed/Rook/XC354584-freux_chunk000.wav,3.0,XC354584-freux.mp3
Rook,XC354584-freux,1,data/processed/Rook/XC354584-freux_chunk001.wav,3.0,XC354584-freux.mp3
Rook,XC354584-freux,2,data/processed/Rook/XC354584-freux_chunk002.wav,3.0,XC354584-freux.mp3
Rook,XC354584-freux,3,data/processed/Rook/XC354584-freux_chunk003.wav,3.0,XC354584-freux.mp3
Rook,XC354584-freux,4,data/processed/Rook/XC354584-freux_chunk004.wav,3.0,XC354584-freux.mp3
Rook,XC354584-freux,5,data/processed/Rook/XC354584-freux_chunk005.wav,3.0,XC354584-freux.mp3
Rook,XC354584-freux,6,data/processed/Rook/XC354584-freux_chunk006.wav,3.0,XC354584-freux.mp3
Rook,XC354584-freux,7,data/processed/Rook/XC354584-freux_chunk007.wav,3.0,XC354584-freux.mp3
Rook,XC354584-freux,8,data/processed/Rook/XC354584-freux_chunk008.wav,3.0,XC354584-freux.mp3
Rook,XC354584-freux,9,data/processed/Rook/XC354584-freux_chunk009.wav,3.0,XC354584-freux.mp3
Rook,XC354584-freux,10,data/processed/Rook/XC354584-freux_chunk010.wav,3.0,XC354584-freux.mp3
Rook,XC354584-freux,11,data/processed/Rook/XC354584-freux_chunk011.wav,3.0,XC354584-freux.mp3
Rook,XC354584-freux,12,data/processed/Rook/XC354584-freux_chunk012.wav,3.0,XC354584-freux.mp3
Rook,XC354584-freux,13,data/processed/Rook/XC354584-freux_chunk013.wav,3.0,XC354584-freux.mp3
Rook,XC354584-freux,14,data/processed/Rook/XC354584-freux_chunk014.wav,3.0,XC354584-freux.mp3
Rook,XC354584-freux,15,data/processed/Rook/XC354584-freux_chunk015.wav,3.0,XC354584-freux.mp3
Rook,XC354584-freux,16,data/processed/Rook/XC354584-freux_chunk016.wav,3.0,XC354584-freux.mp3
Rook,XC354584-freux,17,data/processed/Rook/XC354584-freux_chunk017.wav,3.0,XC354584-freux.mp3
Rook,XC354584-freux,18,data/processed/Rook/XC354584-freux_chunk018.wav,3.0,XC354584-freux.mp3
Rook,XC354584-freux,19,data/processed/Rook/XC354584-freux_chunk019.wav,3.0,XC354584-freux.mp3
Rook,XC354584-freux,20,data/processed/Rook/XC354584-freux_chunk020.wav,3.0,XC354584-freux.mp3
Rook,XC354584-freux,21,data/processed/Rook/XC354584-freux_chunk021.wav,3.0,XC354584-freux.mp3
Rook,XC354584-freux,22,data/processed/Rook/XC354584-freux_chunk022.wav,3.0,XC354584-freux.mp3
Rook,XC354589-Rook_20170205_091027_prepared,0,data/processed/Rook/XC354589-Rook_20170205_091027_prepared_chunk000.wav,3.0,XC354589-Rook_20170205_091027_prepared.mp3
Rook,XC354589-Rook_20170205_091027_prepared,1,data/processed/Rook/XC354589-Rook_20170205_091027_prepared_chunk001.wav,3.0,XC354589-Rook_20170205_091027_prepared.mp3
Rook,XC356742-,0,data/processed/Rook/XC356742-_chunk000.wav,3.0,XC356742- 2.mp3
Rook,XC356742-,1,data/processed/Rook/XC356742-_chunk001.wav,3.0,XC356742- 2.mp3
Rook,XC356742-,2,data/processed/Rook/XC356742-_chunk002.wav,3.0,XC356742- 2.mp3
Rook,XC356742-,3,data/processed/Rook/XC356742-_chunk003.wav,3.0,XC356742- 2.mp3
Rook,XC356742-,4,data/processed/Rook/XC356742-_chunk004.wav,3.0,XC356742- 2.mp3
Rook,XC356742-,5,data/processed/Rook/XC356742-_chunk005.wav,3.0,XC356742- 2.mp3
Rook,XC356742-,6,data/processed/Rook/XC356742-_chunk006.wav,3.0,XC356742- 2.mp3
Rook,XC356742-,7,data/processed/Rook/XC356742-_chunk007.wav,3.0,XC356742- 2.mp3
Rook,XC356742-,8,data/processed/Rook/XC356742-_chunk008.wav,3.0,XC356742- 2.mp3
Rook,XC356742-,9,data/processed/Rook/XC356742-_chunk009.wav,3.0,XC356742- 2.mp3
Rook,XC356742-,10,data/processed/Rook/XC356742-_chunk010.wav,3.0,XC356742- 2.mp3
Rook,XC356742-,11,data/processed/Rook/XC356742-_chunk011.wav,3.0,XC356742- 2.mp3
Rook,XC356742-,12,data/processed/Rook/XC356742-_chunk012.wav,3.0,XC356742- 2.mp3
Rook,XC356742-,13,data/processed/Rook/XC356742-_chunk013.wav,3.0,XC356742- 2.mp3
Rook,XC356742-,14,data/processed/Rook/XC356742-_chunk014.wav,3.0,XC356742- 2.mp3
Rook,XC356742-,15,data/processed/Rook/XC356742-_chunk015.wav,3.0,XC356742- 2.mp3
Rook,XC356742-,16,data/processed/Rook/XC356742-_chunk016.wav,3.0,XC356742- 2.mp3
Rook,XC356742-,17,data/processed/Rook/XC356742-_chunk017.wav,3.0,XC356742- 2.mp3
Rook,XC356742-,18,data/processed/Rook/XC356742-_chunk018.wav,3.0,XC356742- 2.mp3
Rook,XC356742-,19,data/processed/Rook/XC356742-_chunk019.wav,3.0,XC356742- 2.mp3
Rook,XC356742-,20,data/processed/Rook/XC356742-_chunk020.wav,3.0,XC356742- 2.mp3
Rook,XC356742-,21,data/processed/Rook/XC356742-_chunk021.wav,3.0,XC356742- 2.mp3
Rook,XC356742-,22,data/processed/Rook/XC356742-_chunk022.wav,3.0,XC356742- 2.mp3
Rook,XC356742-,23,data/processed/Rook/XC356742-_chunk023.wav,3.0,XC356742- 2.mp3
Rook,XC356742-,24,data/processed/Rook/XC356742-_chunk024.wav,3.0,XC356742- 2.mp3
Rook,XC356742-,25,data/processed/Rook/XC356742-_chunk025.wav,3.0,XC356742- 2.mp3
Rook,XC362588-Ro,0,data/processed/Rook/XC362588-Ro_chunk000.wav,3.0,XC362588-Ro.mp3
Rook,XC362588-Ro,1,data/processed/Rook/XC362588-Ro_chunk001.wav,3.0,XC362588-Ro.mp3
Rook,XC362588-Ro,2,data/processed/Rook/XC362588-Ro_chunk002.wav,3.0,XC362588-Ro.mp3
Rook,XC362588-Ro,3,data/processed/Rook/XC362588-Ro_chunk003.wav,3.0,XC362588-Ro.mp3
Rook,XC362588-Ro,4,data/processed/Rook/XC362588-Ro_chunk004.wav,3.0,XC362588-Ro.mp3
Rook,XC362588-Ro,5,data/processed/Rook/XC362588-Ro_chunk005.wav,3.0,XC362588-Ro.mp3
Rook,XC362588-Ro,6,data/processed/Rook/XC362588-Ro_chunk006.wav,3.0,XC362588-Ro.mp3
Rook,XC362588-Ro,7,data/processed/Rook/XC362588-Ro_chunk007.wav,3.0,XC362588-Ro.mp3
Rook,XC365371-Corvus,0,data/processed/Rook/XC365371-Corvus_chunk000.wav,3.0,"XC365371-Corvus frugilegus 170416_001,утро,AA+.MP3"
Rook,XC365371-Corvus,1,data/processed/Rook/XC365371-Corvus_chunk001.wav,3.0,"XC365371-Corvus frugilegus 170416_001,утро,AA+.MP3"
Rook,XC365371-Corvus,2,data/processed/Rook/XC365371-Corvus_chunk002.wav,3.0,"XC365371-Corvus frugilegus 170416_001,утро,AA+.MP3"
Rook,XC365371-Corvus,3,data/processed/Rook/XC365371-Corvus_chunk003.wav,3.0,"XC365371-Corvus frugilegus 170416_001,утро,AA+.MP3"
Rook,XC365371-Corvus,4,data/processed/Rook/XC365371-Corvus_chunk004.wav,3.0,"XC365371-Corvus frugilegus 170416_001,утро,AA+.MP3"
Rook,XC365371-Corvus,5,data/processed/Rook/XC365371-Corvus_chunk005.wav,3.0,"XC365371-Corvus frugilegus 170416_001,утро,AA+.MP3"
Rook,XC365371-Corvus,6,data/processed/Rook/XC365371-Corvus_chunk006.wav,3.0,"XC365371-Corvus frugilegus 170416_001,утро,AA+.MP3"
Rook,XC365371-Corvus,7,data/processed/Rook/XC365371-Corvus_chunk007.wav,3.0,"XC365371-Corvus frugilegus 170416_001,утро,AA+.MP3"
Rook,XC365371-Corvus,8,data/processed/Rook/XC365371-Corvus_chunk008.wav,3.0,"XC365371-Corvus frugilegus 170416_001,утро,AA+.MP3"
Rook,XC365371-Corvus,9,data/processed/Rook/XC365371-Corvus_chunk009.wav,3.0,"XC365371-Corvus frugilegus 170416_001,утро,AA+.MP3"
Rook,XC367939-Corvus,0,data/processed/Rook/XC367939-Corvus_chunk000.wav,3.0,"XC367939-Corvus frugilegus 170412_014, у гр Калмыкии, вечер,AABB.MP3"
Rook,XC367939-Corvus,1,data/processed/Rook/XC367939-Corvus_chunk001.wav,3.0,"XC367939-Corvus frugilegus 170412_014, у гр Калмыкии, вечер,AABB.MP3"
Rook,XC367939-Corvus,2,data/processed/Rook/XC367939-Corvus_chunk002.wav,3.0,"XC367939-Corvus frugilegus 170412_014, у гр Калмыкии, вечер,AABB.MP3"
Rook,XC367939-Corvus,3,data/processed/Rook/XC367939-Corvus_chunk003.wav,3.0,"XC367939-Corvus frugilegus 170412_014, у гр Калмыкии, вечер,AABB.MP3"
Rook,XC367939-Corvus,4,data/processed/Rook/XC367939-Corvus_chunk004.wav,3.0,"XC367939-Corvus frugilegus 170412_014, у гр Калмыкии, вечер,AABB.MP3"
Rook,XC367939-Corvus,5,data/processed/Rook/XC367939-Corvus_chunk005.wav,3.0,"XC367939-Corvus frugilegus 170412_014, у гр Калмыкии, вечер,AABB.MP3"
Rook,XC367939-Corvus,6,data/processed/Rook/XC367939-Corvus_chunk006.wav,3.0,"XC367939-Corvus frugilegus 170412_014, у гр Калмыкии, вечер,AABB.MP3"
Rook,XC367939-Corvus,7,data/processed/Rook/XC367939-Corvus_chunk007.wav,3.0,"XC367939-Corvus frugilegus 170412_014, у гр Калмыкии, вечер,AABB.MP3"
Rook,XC367939-Corvus,8,data/processed/Rook/XC367939-Corvus_chunk008.wav,3.0,"XC367939-Corvus frugilegus 170412_014, у гр Калмыкии, вечер,AABB.MP3"
Rook,XC367939-Corvus,9,data/processed/Rook/XC367939-Corvus_chunk009.wav,3.0,"XC367939-Corvus frugilegus 170412_014, у гр Калмыкии, вечер,AABB.MP3"
Rook,XC367939-Corvus,10,data/processed/Rook/XC367939-Corvus_chunk010.wav,3.0,"XC367939-Corvus frugilegus 170412_014, у гр Калмыкии, вечер,AABB.MP3"
Rook,XC367939-Corvus,11,data/processed/Rook/XC367939-Corvus_chunk011.wav,3.0,"XC367939-Corvus frugilegus 170412_014, у гр Калмыкии, вечер,AABB.MP3"
Rook,XC367939-Corvus,12,data/processed/Rook/XC367939-Corvus_chunk012.wav,3.0,"XC367939-Corvus frugilegus 170412_014, у гр Калмыкии, вечер,AABB.MP3"
Rook,XC367939-Corvus,13,data/processed/Rook/XC367939-Corvus_chunk013.wav,3.0,"XC367939-Corvus frugilegus 170412_014, у гр Калмыкии, вечер,AABB.MP3"
Rook,XC367939-Corvus,14,data/processed/Rook/XC367939-Corvus_chunk014.wav,3.0,"XC367939-Corvus frugilegus 170412_014, у гр Калмыкии, вечер,AABB.MP3"
Rook,XC367939-Corvus,15,data/processed/Rook/XC367939-Corvus_chunk015.wav,3.0,"XC367939-Corvus frugilegus 170412_014, у гр Калмыкии, вечер,AABB.MP3"
Rook,XC367939-Corvus,16,data/processed/Rook/XC367939-Corvus_chunk016.wav,3.0,"XC367939-Corvus frugilegus 170412_014, у гр Калмыкии, вечер,AABB.MP3"
Rook,XC367939-Corvus,17,data/processed/Rook/XC367939-Corvus_chunk017.wav,3.0,"XC367939-Corvus frugilegus 170412_014, у гр Калмыкии, вечер,AABB.MP3"
Rook,XC367939-Corvus,18,data/processed/Rook/XC367939-Corvus_chunk018.wav,3.0,"XC367939-Corvus frugilegus 170412_014, у гр Калмыкии, вечер,AABB.MP3"
Rook,XC367939-Corvus,19,data/processed/Rook/XC367939-Corvus_chunk019.wav,3.0,"XC367939-Corvus frugilegus 170412_014, у гр Калмыкии, вечер,AABB.MP3"
Rook,XC367939-Corvus,20,data/processed/Rook/XC367939-Corvus_chunk020.wav,3.0,"XC367939-Corvus frugilegus 170412_014, у гр Калмыкии, вечер,AABB.MP3"
Rook,XC367939-Corvus,21,data/processed/Rook/XC367939-Corvus_chunk021.wav,3.0,"XC367939-Corvus frugilegus 170412_014, у гр Калмыкии, вечер,AABB.MP3"
Rook,XC367939-Corvus,22,data/processed/Rook/XC367939-Corvus_chunk022.wav,3.0,"XC367939-Corvus frugilegus 170412_014, у гр Калмыкии, вечер,AABB.MP3"
Rook,XC367939-Corvus,23,data/processed/Rook/XC367939-Corvus_chunk023.wav,3.0,"XC367939-Corvus frugilegus 170412_014, у гр Калмыкии, вечер,AABB.MP3"
Rook,XC367939-Corvus,24,data/processed/Rook/XC367939-Corvus_chunk024.wav,3.0,"XC367939-Corvus frugilegus 170412_014, у гр Калмыкии, вечер,AABB.MP3"
Rook,XC367939-Corvus,25,data/processed/Rook/XC367939-Corvus_chunk025.wav,3.0,"XC367939-Corvus frugilegus 170412_014, у гр Калмыкии, вечер,AABB.MP3"
Rook,XC367939-Corvus,26,data/processed/Rook/XC367939-Corvus_chunk026.wav,3.0,"XC367939-Corvus frugilegus 170412_014, у гр Калмыкии, вечер,AABB.MP3"
Rook,XC367939-Corvus,27,data/processed/Rook/XC367939-Corvus_chunk027.wav,3.0,"XC367939-Corvus frugilegus 170412_014, у гр Калмыкии, вечер,AABB.MP3"
Rook,XC367939-Corvus,28,data/processed/Rook/XC367939-Corvus_chunk028.wav,3.0,"XC367939-Corvus frugilegus 170412_014, у гр Калмыкии, вечер,AABB.MP3"
Rook,XC367939-Corvus,29,data/processed/Rook/XC367939-Corvus_chunk029.wav,3.0,"XC367939-Corvus frugilegus 170412_014, у гр Калмыкии, вечер,AABB.MP3"
Rook,XC367939-Corvus,30,data/processed/Rook/XC367939-Corvus_chunk030.wav,3.0,"XC367939-Corvus frugilegus 170412_014, у гр Калмыкии, вечер,AABB.MP3"
Rook,XC367939-Corvus,31,data/processed/Rook/XC367939-Corvus_chunk031.wav,3.0,"XC367939-Corvus frugilegus 170412_014, у гр Калмыкии, вечер,AABB.MP3"
Rook,XC367939-Corvus,32,data/processed/Rook/XC367939-Corvus_chunk032.wav,3.0,"XC367939-Corvus frugilegus 170412_014, у гр Калмыкии, вечер,AABB.MP3"
Rook,XC367939-Corvus,33,data/processed/Rook/XC367939-Corvus_chunk033.wav,3.0,"XC367939-Corvus frugilegus 170412_014, у гр Калмыкии, вечер,AABB.MP3"
Rook,XC367939-Corvus,34,data/processed/Rook/XC367939-Corvus_chunk034.wav,3.0,"XC367939-Corvus frugilegus 170412_014, у гр Калмыкии, вечер,AABB.MP3"
Rook,XC367939-Corvus,35,data/processed/Rook/XC367939-Corvus_chunk035.wav,3.0,"XC367939-Corvus frugilegus 170412_014, у гр Калмыкии, вечер,AABB.MP3"
Rook,XC367939-Corvus,36,data/processed/Rook/XC367939-Corvus_chunk036.wav,3.0,"XC367939-Corvus frugilegus 170412_014, у гр Калмыкии, вечер,AABB.MP3"
Rook,XC367939-Corvus,37,data/processed/Rook/XC367939-Corvus_chunk037.wav,3.0,"XC367939-Corvus frugilegus 170412_014, у гр Калмыкии, вечер,AABB.MP3"
Rook,XC367939-Corvus,38,data/processed/Rook/XC367939-Corvus_chunk038.wav,3.0,"XC367939-Corvus frugilegus 170412_014, у гр Калмыкии, вечер,AABB.MP3"
Rook,XC367939-Corvus,39,data/processed/Rook/XC367939-Corvus_chunk039.wav,3.0,"XC367939-Corvus frugilegus 170412_014, у гр Калмыкии, вечер,AABB.MP3"
Rook,XC367939-Corvus,40,data/processed/Rook/XC367939-Corvus_chunk040.wav,3.0,"XC367939-Corvus frugilegus 170412_014, у гр Калмыкии, вечер,AABB.MP3"
Rook,XC367939-Corvus,41,data/processed/Rook/XC367939-Corvus_chunk041.wav,3.0,"XC367939-Corvus frugilegus 170412_014, у гр Калмыкии, вечер,AABB.MP3"
Rook,XC367939-Corvus,42,data/processed/Rook/XC367939-Corvus_chunk042.wav,3.0,"XC367939-Corvus frugilegus 170412_014, у гр Калмыкии, вечер,AABB.MP3"
Rook,XC367939-Corvus,43,data/processed/Rook/XC367939-Corvus_chunk043.wav,3.0,"XC367939-Corvus frugilegus 170412_014, у гр Калмыкии, вечер,AABB.MP3"
Rook,XC367939-Corvus,44,data/processed/Rook/XC367939-Corvus_chunk044.wav,3.0,"XC367939-Corvus frugilegus 170412_014, у гр Калмыкии, вечер,AABB.MP3"
Rook,XC367939-Corvus,45,data/processed/Rook/XC367939-Corvus_chunk045.wav,3.0,"XC367939-Corvus frugilegus 170412_014, у гр Калмыкии, вечер,AABB.MP3"
Rook,XC367939-Corvus,46,data/processed/Rook/XC367939-Corvus_chunk046.wav,3.0,"XC367939-Corvus frugilegus 170412_014, у гр Калмыкии, вечер,AABB.MP3"
Rook,XC367939-Corvus,47,data/processed/Rook/XC367939-Corvus_chunk047.wav,3.0,"XC367939-Corvus frugilegus 170412_014, у гр Калмыкии, вечер,AABB.MP3"
Rook,XC367939-Corvus,48,data/processed/Rook/XC367939-Corvus_chunk048.wav,3.0,"XC367939-Corvus frugilegus 170412_014, у гр Калмыкии, вечер,AABB.MP3"
Rook,XC367939-Corvus,49,data/processed/Rook/XC367939-Corvus_chunk049.wav,3.0,"XC367939-Corvus frugilegus 170412_014, у гр Калмыкии, вечер,AABB.MP3"
Rook,XC367939-Corvus,50,data/processed/Rook/XC367939-Corvus_chunk050.wav,3.0,"XC367939-Corvus frugilegus 170412_014, у гр Калмыкии, вечер,AABB.MP3"
Rook,XC367939-Corvus,51,data/processed/Rook/XC367939-Corvus_chunk051.wav,3.0,"XC367939-Corvus frugilegus 170412_014, у гр Калмыкии, вечер,AABB.MP3"
Rook,XC367939-Corvus,52,data/processed/Rook/XC367939-Corvus_chunk052.wav,3.0,"XC367939-Corvus frugilegus 170412_014, у гр Калмыкии, вечер,AABB.MP3"
Rook,XC367939-Corvus,53,data/processed/Rook/XC367939-Corvus_chunk053.wav,3.0,"XC367939-Corvus frugilegus 170412_014, у гр Калмыкии, вечер,AABB.MP3"
Rook,XC367939-Corvus,54,data/processed/Rook/XC367939-Corvus_chunk054.wav,3.0,"XC367939-Corvus frugilegus 170412_014, у гр Калмыкии, вечер,AABB.MP3"
Rook,XC367939-Corvus,55,data/processed/Rook/XC367939-Corvus_chunk055.wav,3.0,"XC367939-Corvus frugilegus 170412_014, у гр Калмыкии, вечер,AABB.MP3"
Rook,XC367939-Corvus,56,data/processed/Rook/XC367939-Corvus_chunk056.wav,3.0,"XC367939-Corvus frugilegus 170412_014, у гр Калмыкии, вечер,AABB.MP3"
Rook,XC367939-Corvus,57,data/processed/Rook/XC367939-Corvus_chunk057.wav,3.0,"XC367939-Corvus frugilegus 170412_014, у гр Калмыкии, вечер,AABB.MP3"
Rook,XC367939-Corvus,58,data/processed/Rook/XC367939-Corvus_chunk058.wav,3.0,"XC367939-Corvus frugilegus 170412_014, у гр Калмыкии, вечер,AABB.MP3"
Rook,XC367939-Corvus,59,data/processed/Rook/XC367939-Corvus_chunk059.wav,3.0,"XC367939-Corvus frugilegus 170412_014, у гр Калмыкии, вечер,AABB.MP3"
Rook,XC367939-Corvus,60,data/processed/Rook/XC367939-Corvus_chunk060.wav,3.0,"XC367939-Corvus frugilegus 170412_014, у гр Калмыкии, вечер,AABB.MP3"
Rook,XC367939-Corvus,61,data/processed/Rook/XC367939-Corvus_chunk061.wav,3.0,"XC367939-Corvus frugilegus 170412_014, у гр Калмыкии, вечер,AABB.MP3"
Rook,XC367939-Corvus,62,data/processed/Rook/XC367939-Corvus_chunk062.wav,3.0,"XC367939-Corvus frugilegus 170412_014, у гр Калмыкии, вечер,AABB.MP3"
Rook,XC367939-Corvus,63,data/processed/Rook/XC367939-Corvus_chunk063.wav,3.0,"XC367939-Corvus frugilegus 170412_014, у гр Калмыкии, вечер,AABB.MP3"
Rook,XC367939-Corvus,64,data/processed/Rook/XC367939-Corvus_chunk064.wav,3.0,"XC367939-Corvus frugilegus 170412_014, у гр Калмыкии, вечер,AABB.MP3"
Rook,XC367939-Corvus,65,data/processed/Rook/XC367939-Corvus_chunk065.wav,3.0,"XC367939-Corvus frugilegus 170412_014, у гр Калмыкии, вечер,AABB.MP3"
Rook,XC367939-Corvus,66,data/processed/Rook/XC367939-Corvus_chunk066.wav,3.0,"XC367939-Corvus frugilegus 170412_014, у гр Калмыкии, вечер,AABB.MP3"
Rook,XC367939-Corvus,67,data/processed/Rook/XC367939-Corvus_chunk067.wav,3.0,"XC367939-Corvus frugilegus 170412_014, у гр Калмыкии, вечер,AABB.MP3"
Rook,XC367939-Corvus,68,data/processed/Rook/XC367939-Corvus_chunk068.wav,3.0,"XC367939-Corvus frugilegus 170412_014, у гр Калмыкии, вечер,AABB.MP3"
Rook,XC367939-Corvus,69,data/processed/Rook/XC367939-Corvus_chunk069.wav,3.0,"XC367939-Corvus frugilegus 170412_014, у гр Калмыкии, вечер,AABB.MP3"
Rook,XC367939-Corvus,70,data/processed/Rook/XC367939-Corvus_chunk070.wav,3.0,"XC367939-Corvus frugilegus 170412_014, у гр Калмыкии, вечер,AABB.MP3"
Rook,XC367939-Corvus,71,data/processed/Rook/XC367939-Corvus_chunk071.wav,3.0,"XC367939-Corvus frugilegus 170412_014, у гр Калмыкии, вечер,AABB.MP3"
Rook,XC367939-Corvus,72,data/processed/Rook/XC367939-Corvus_chunk072.wav,3.0,"XC367939-Corvus frugilegus 170412_014, у гр Калмыкии, вечер,AABB.MP3"
Rook,XC367939-Corvus,73,data/processed/Rook/XC367939-Corvus_chunk073.wav,3.0,"XC367939-Corvus frugilegus 170412_014, у гр Калмыкии, вечер,AABB.MP3"
Rook,XC367939-Corvus,74,data/processed/Rook/XC367939-Corvus_chunk074.wav,3.0,"XC367939-Corvus frugilegus 170412_014, у гр Калмыкии, вечер,AABB.MP3"
Rook,XC367939-Corvus,75,data/processed/Rook/XC367939-Corvus_chunk075.wav,3.0,"XC367939-Corvus frugilegus 170412_014, у гр Калмыкии, вечер,AABB.MP3"
Rook,XC367939-Corvus,76,data/processed/Rook/XC367939-Corvus_chunk076.wav,3.0,"XC367939-Corvus frugilegus 170412_014, у гр Калмыкии, вечер,AABB.MP3"
Rook,XC367939-Corvus,77,data/processed/Rook/XC367939-Corvus_chunk077.wav,3.0,"XC367939-Corvus frugilegus 170412_014, у гр Калмыкии, вечер,AABB.MP3"
Rook,XC367939-Corvus,78,data/processed/Rook/XC367939-Corvus_chunk078.wav,3.0,"XC367939-Corvus frugilegus 170412_014, у гр Калмыкии, вечер,AABB.MP3"
Rook,XC367939-Corvus,79,data/processed/Rook/XC367939-Corvus_chunk079.wav,3.0,"XC367939-Corvus frugilegus 170412_014, у гр Калмыкии, вечер,AABB.MP3"
Rook,XC367939-Corvus,80,data/processed/Rook/XC367939-Corvus_chunk080.wav,3.0,"XC367939-Corvus frugilegus 170412_014, у гр Калмыкии, вечер,AABB.MP3"
Rook,XC367939-Corvus,81,data/processed/Rook/XC367939-Corvus_chunk081.wav,3.0,"XC367939-Corvus frugilegus 170412_014, у гр Калмыкии, вечер,AABB.MP3"
Rook,XC367939-Corvus,82,data/processed/Rook/XC367939-Corvus_chunk082.wav,3.0,"XC367939-Corvus frugilegus 170412_014, у гр Калмыкии, вечер,AABB.MP3"
Rook,XC367939-Corvus,83,data/processed/Rook/XC367939-Corvus_chunk083.wav,3.0,"XC367939-Corvus frugilegus 170412_014, у гр Калмыкии, вечер,AABB.MP3"
Rook,XC367939-Corvus,84,data/processed/Rook/XC367939-Corvus_chunk084.wav,3.0,"XC367939-Corvus frugilegus 170412_014, у гр Калмыкии, вечер,AABB.MP3"
Rook,XC367939-Corvus,85,data/processed/Rook/XC367939-Corvus_chunk085.wav,3.0,"XC367939-Corvus frugilegus 170412_014, у гр Калмыкии, вечер,AABB.MP3"
Rook,XC367939-Corvus,86,data/processed/Rook/XC367939-Corvus_chunk086.wav,3.0,"XC367939-Corvus frugilegus 170412_014, у гр Калмыкии, вечер,AABB.MP3"
Rook,XC367939-Corvus,87,data/processed/Rook/XC367939-Corvus_chunk087.wav,3.0,"XC367939-Corvus frugilegus 170412_014, у гр Калмыкии, вечер,AABB.MP3"
Rook,XC367939-Corvus,88,data/processed/Rook/XC367939-Corvus_chunk088.wav,3.0,"XC367939-Corvus frugilegus 170412_014, у гр Калмыкии, вечер,AABB.MP3"
Rook,XC367939-Corvus,89,data/processed/Rook/XC367939-Corvus_chunk089.wav,3.0,"XC367939-Corvus frugilegus 170412_014, у гр Калмыкии, вечер,AABB.MP3"
Rook,XC367939-Corvus,90,data/processed/Rook/XC367939-Corvus_chunk090.wav,3.0,"XC367939-Corvus frugilegus 170412_014, у гр Калмыкии, вечер,AABB.MP3"
Rook,XC367939-Corvus,91,data/processed/Rook/XC367939-Corvus_chunk091.wav,3.0,"XC367939-Corvus frugilegus 170412_014, у гр Калмыкии, вечер,AABB.MP3"
Rook,XC367939-Corvus,92,data/processed/Rook/XC367939-Corvus_chunk092.wav,3.0,"XC367939-Corvus frugilegus 170412_014, у гр Калмыкии, вечер,AABB.MP3"
Rook,XC367939-Corvus,93,data/processed/Rook/XC367939-Corvus_chunk093.wav,3.0,"XC367939-Corvus frugilegus 170412_014, у гр Калмыкии, вечер,AABB.MP3"
Rook,XC367939-Corvus,94,data/processed/Rook/XC367939-Corvus_chunk094.wav,3.0,"XC367939-Corvus frugilegus 170412_014, у гр Калмыкии, вечер,AABB.MP3"
Rook,XC367939-Corvus,95,data/processed/Rook/XC367939-Corvus_chunk095.wav,3.0,"XC367939-Corvus frugilegus 170412_014, у гр Калмыкии, вечер,AABB.MP3"
Rook,XC367939-Corvus,96,data/processed/Rook/XC367939-Corvus_chunk096.wav,3.0,"XC367939-Corvus frugilegus 170412_014, у гр Калмыкии, вечер,AABB.MP3"
Rook,XC367939-Corvus,97,data/processed/Rook/XC367939-Corvus_chunk097.wav,3.0,"XC367939-Corvus frugilegus 170412_014, у гр Калмыкии, вечер,AABB.MP3"
Rook,XC367939-Corvus,98,data/processed/Rook/XC367939-Corvus_chunk098.wav,3.0,"XC367939-Corvus frugilegus 170412_014, у гр Калмыкии, вечер,AABB.MP3"
Rook,XC367939-Corvus,99,data/processed/Rook/XC367939-Corvus_chunk099.wav,3.0,"XC367939-Corvus frugilegus 170412_014, у гр Калмыкии, вечер,AABB.MP3"
Rook,XC367939-Corvus,100,data/processed/Rook/XC367939-Corvus_chunk100.wav,3.0,"XC367939-Corvus frugilegus 170412_014, у гр Калмыкии, вечер,AABB.MP3"
Rook,XC367939-Corvus,101,data/processed/Rook/XC367939-Corvus_chunk101.wav,3.0,"XC367939-Corvus frugilegus 170412_014, у гр Калмыкии, вечер,AABB.MP3"
Rook,XC367939-Corvus,102,data/processed/Rook/XC367939-Corvus_chunk102.wav,3.0,"XC367939-Corvus frugilegus 170412_014, у гр Калмыкии, вечер,AABB.MP3"
Rook,XC367939-Corvus,103,data/processed/Rook/XC367939-Corvus_chunk103.wav,3.0,"XC367939-Corvus frugilegus 170412_014, у гр Калмыкии, вечер,AABB.MP3"
Rook,XC367939-Corvus,104,data/processed/Rook/XC367939-Corvus_chunk104.wav,3.0,"XC367939-Corvus frugilegus 170412_014, у гр Калмыкии, вечер,AABB.MP3"
Rook,XC367939-Corvus,105,data/processed/Rook/XC367939-Corvus_chunk105.wav,3.0,"XC367939-Corvus frugilegus 170412_014, у гр Калмыкии, вечер,AABB.MP3"
Rook,XC367939-Corvus,106,data/processed/Rook/XC367939-Corvus_chunk106.wav,3.0,"XC367939-Corvus frugilegus 170412_014, у гр Калмыкии, вечер,AABB.MP3"
Rook,XC367939-Corvus,107,data/processed/Rook/XC367939-Corvus_chunk107.wav,3.0,"XC367939-Corvus frugilegus 170412_014, у гр Калмыкии, вечер,AABB.MP3"
Rook,XC367939-Corvus,108,data/processed/Rook/XC367939-Corvus_chunk108.wav,3.0,"XC367939-Corvus frugilegus 170412_014, у гр Калмыкии, вечер,AABB.MP3"
Rook,XC367939-Corvus,109,data/processed/Rook/XC367939-Corvus_chunk109.wav,3.0,"XC367939-Corvus frugilegus 170412_014, у гр Калмыкии, вечер,AABB.MP3"
Rook,XC367939-Corvus,110,data/processed/Rook/XC367939-Corvus_chunk110.wav,3.0,"XC367939-Corvus frugilegus 170412_014, у гр Калмыкии, вечер,AABB.MP3"
Rook,XC367939-Corvus,111,data/processed/Rook/XC367939-Corvus_chunk111.wav,3.0,"XC367939-Corvus frugilegus 170412_014, у гр Калмыкии, вечер,AABB.MP3"
Rook,XC367939-Corvus,112,data/processed/Rook/XC367939-Corvus_chunk112.wav,3.0,"XC367939-Corvus frugilegus 170412_014, у гр Калмыкии, вечер,AABB.MP3"
Rook,XC367939-Corvus,113,data/processed/Rook/XC367939-Corvus_chunk113.wav,3.0,"XC367939-Corvus frugilegus 170412_014, у гр Калмыкии, вечер,AABB.MP3"
Rook,XC367939-Corvus,114,data/processed/Rook/XC367939-Corvus_chunk114.wav,3.0,"XC367939-Corvus frugilegus 170412_014, у гр Калмыкии, вечер,AABB.MP3"
Rook,XC367939-Corvus,115,data/processed/Rook/XC367939-Corvus_chunk115.wav,3.0,"XC367939-Corvus frugilegus 170412_014, у гр Калмыкии, вечер,AABB.MP3"
Rook,XC367939-Corvus,116,data/processed/Rook/XC367939-Corvus_chunk116.wav,3.0,"XC367939-Corvus frugilegus 170412_014, у гр Калмыкии, вечер,AABB.MP3"
Rook,XC367939-Corvus,117,data/processed/Rook/XC367939-Corvus_chunk117.wav,3.0,"XC367939-Corvus frugilegus 170412_014, у гр Калмыкии, вечер,AABB.MP3"
Rook,XC367939-Corvus,118,data/processed/Rook/XC367939-Corvus_chunk118.wav,3.0,"XC367939-Corvus frugilegus 170412_014, у гр Калмыкии, вечер,AABB.MP3"
Rook,XC367939-Corvus,119,data/processed/Rook/XC367939-Corvus_chunk119.wav,3.0,"XC367939-Corvus frugilegus 170412_014, у гр Калмыкии, вечер,AABB.MP3"
Rook,XC367939-Corvus,120,data/processed/Rook/XC367939-Corvus_chunk120.wav,3.0,"XC367939-Corvus frugilegus 170412_014, у гр Калмыкии, вечер,AABB.MP3"
Rook,rook0307091039ecutxc,0,data/processed/Rook/rook0307091039ecutxc_chunk000.wav,3.0,rook0307091039ecutxc.mp3
Rook,rook0307091039ecutxc,1,data/processed/Rook/rook0307091039ecutxc_chunk001.wav,3.0,rook0307091039ecutxc.mp3
Rook,rook0307091039ecutxc,2,data/processed/Rook/rook0307091039ecutxc_chunk002.wav,3.0,rook0307091039ecutxc.mp3
Rook,rook0307091039ecutxc,3,data/processed/Rook/rook0307091039ecutxc_chunk003.wav,3.0,rook0307091039ecutxc.mp3
Rook,rook0307091039ecutxc,4,data/processed/Rook/rook0307091039ecutxc_chunk004.wav,3.0,rook0307091039ecutxc.mp3
Rook,rook0307091039ecutxc,5,data/processed/Rook/rook0307091039ecutxc_chunk005.wav,3.0,rook0307091039ecutxc.mp3
Rook,rook0307091039ecutxc,6,data/processed/Rook/rook0307091039ecutxc_chunk006.wav,3.0,rook0307091039ecutxc.mp3
Eurasian_Magpie,121006-000_pica,0,data/processed/Eurasian_Magpie/121006-000_pica_chunk000.wav,3.0,121006-000_pica.mp3
Eurasian_Magpie,121006-000_pica,1,data/processed/Eurasian_Magpie/121006-000_pica_chunk001.wav,3.0,121006-000_pica.mp3
Eurasian_Magpie,121006-000_pica,2,data/processed/Eurasian_Magpie/121006-000_pica_chunk002.wav,3.0,121006-000_pica.mp3
Eurasian_Magpie,121006-000_pica,3,data/processed/Eurasian_Magpie/121006-000_pica_chunk003.wav,3.0,121006-000_pica.mp3
Eurasian_Magpie,121006-000_pica,4,data/processed/Eurasian_Magpie/121006-000_pica_chunk004.wav,3.0,121006-000_pica.mp3
Eurasian_Magpie,121006-000_pica,5,data/processed/Eurasian_Magpie/121006-000_pica_chunk005.wav,3.0,121006-000_pica.mp3
Eurasian_Magpie,121006-000_pica,6,data/processed/Eurasian_Magpie/121006-000_pica_chunk006.wav,3.0,121006-000_pica.mp3
Eurasian_Magpie,B05h33m09s27may2010_magpie_call_or_subdued-song,0,data/processed/Eurasian_Magpie/B05h33m09s27may2010_magpie_call_or_subdued-song_chunk000.wav,3.0,B05h33m09s27may2010_magpie_call_or_subdued-song.mp3
Eurasian_Magpie,B05h33m09s27may2010_magpie_call_or_subdued-song,1,data/processed/Eurasian_Magpie/B05h33m09s27may2010_magpie_call_or_subdued-song_chunk001.wav,3.0,B05h33m09s27may2010_magpie_call_or_subdued-song.mp3
Eurasian_Magpie,B05h33m09s27may2010_magpie_call_or_subdued-song,2,data/processed/Eurasian_Magpie/B05h33m09s27may2010_magpie_call_or_subdued-song_chunk002.wav,3.0,B05h33m09s27may2010_magpie_call_or_subdued-song.mp3
Eurasian_Magpie,B05h33m09s27may2010_magpie_call_or_subdued-song,3,data/processed/Eurasian_Magpie/B05h33m09s27may2010_magpie_call_or_subdued-song_chunk003.wav,3.0,B05h33m09s27may2010_magpie_call_or_subdued-song.mp3
Eurasian_Magpie,B05h33m09s27may2010_magpie_call_or_subdued-song,4,data/processed/Eurasian_Magpie/B05h33m09s27may2010_magpie_call_or_subdued-song_chunk004.wav,3.0,B05h33m09s27may2010_magpie_call_or_subdued-song.mp3
Eurasian_Magpie,B05h33m09s27may2010_magpie_call_or_subdued-song,5,data/processed/Eurasian_Magpie/B05h33m09s27may2010_magpie_call_or_subdued-song_chunk005.wav,3.0,B05h33m09s27may2010_magpie_call_or_subdued-song.mp3
Eurasian_Magpie,B05h33m09s27may2010_magpie_call_or_subdued-song,6,data/processed/Eurasian_Magpie/B05h33m09s27may2010_magpie_call_or_subdued-song_chunk006.wav,3.0,B05h33m09s27may2010_magpie_call_or_subdued-song.mp3
Eurasian_Magpie,B05h33m09s27may2010_magpie_call_or_subdued-song,7,data/processed/Eurasian_Magpie/B05h33m09s27may2010_magpie_call_or_subdued-song_chunk007.wav,3.0,B05h33m09s27may2010_magpie_call_or_subdued-song.mp3
Eurasian_Magpie,B05h33m09s27may2010_magpie_call_or_subdued-song,8,data/processed/Eurasian_Magpie/B05h33m09s27may2010_magpie_call_or_subdued-song_chunk008.wav,3.0,B05h33m09s27may2010_magpie_call_or_subdued-song.mp3
Eurasian_Magpie,B08h18m46s19jul2011_6_00_utok_na_straku_zblizka,0,data/processed/Eurasian_Magpie/B08h18m46s19jul2011_6_00_utok_na_straku_zblizka_chunk000.wav,3.0,B08h18m46s19jul2011_6_00_utok_na_straku_zblizka.mp3
Eurasian_Magpie,B08h18m46s19jul2011_6_00_utok_na_straku_zblizka,1,data/processed/Eurasian_Magpie/B08h18m46s19jul2011_6_00_utok_na_straku_zblizka_chunk001.wav,3.0,B08h18m46s19jul2011_6_00_utok_na_straku_zblizka.mp3
Eurasian_Magpie,B08h18m46s19jul2011_6_00_utok_na_straku_zblizka,2,data/processed/Eurasian_Magpie/B08h18m46s19jul2011_6_00_utok_na_straku_zblizka_chunk002.wav,3.0,B08h18m46s19jul2011_6_00_utok_na_straku_zblizka.mp3
Eurasian_Magpie,B08h18m46s19jul2011_6_00_utok_na_straku_zblizka,3,data/processed/Eurasian_Magpie/B08h18m46s19jul2011_6_00_utok_na_straku_zblizka_chunk003.wav,3.0,B08h18m46s19jul2011_6_00_utok_na_straku_zblizka.mp3
Eurasian_Magpie,B08h18m46s19jul2011_6_00_utok_na_straku_zblizka,4,data/processed/Eurasian_Magpie/B08h18m46s19jul2011_6_00_utok_na_straku_zblizka_chunk004.wav,3.0,B08h18m46s19jul2011_6_00_utok_na_straku_zblizka.mp3
Eurasian_Magpie,B08h18m46s19jul2011_6_00_utok_na_straku_zblizka,5,data/processed/Eurasian_Magpie/B08h18m46s19jul2011_6_00_utok_na_straku_zblizka_chunk005.wav,3.0,B08h18m46s19jul2011_6_00_utok_na_straku_zblizka.mp3
Eurasian_Magpie,B08h18m46s19jul2011_6_00_utok_na_straku_zblizka,6,data/processed/Eurasian_Magpie/B08h18m46s19jul2011_6_00_utok_na_straku_zblizka_chunk006.wav,3.0,B08h18m46s19jul2011_6_00_utok_na_straku_zblizka.mp3
Eurasian_Magpie,B08h54m32s26jul2010_magpie_warning,0,data/processed/Eurasian_Magpie/B08h54m32s26jul2010_magpie_warning_chunk000.wav,3.0,B08h54m32s26jul2010_magpie_warning.mp3
Eurasian_Magpie,B08h54m32s26jul2010_magpie_warning,1,data/processed/Eurasian_Magpie/B08h54m32s26jul2010_magpie_warning_chunk001.wav,3.0,B08h54m32s26jul2010_magpie_warning.mp3
Eurasian_Magpie,B08h54m32s26jul2010_magpie_warning,2,data/processed/Eurasian_Magpie/B08h54m32s26jul2010_magpie_warning_chunk002.wav,3.0,B08h54m32s26jul2010_magpie_warning.mp3
Eurasian_Magpie,B08h54m32s26jul2010_magpie_warning,3,data/processed/Eurasian_Magpie/B08h54m32s26jul2010_magpie_warning_chunk003.wav,3.0,B08h54m32s26jul2010_magpie_warning.mp3
Eurasian_Magpie,B08h54m32s26jul2010_magpie_warning,4,data/processed/Eurasian_Magpie/B08h54m32s26jul2010_magpie_warning_chunk004.wav,3.0,B08h54m32s26jul2010_magpie_warning.mp3
Eurasian_Magpie,ElsterBadraLindner31-5-8_7-29xc,0,data/processed/Eurasian_Magpie/ElsterBadraLindner31-5-8_7-29xc_chunk000.wav,3.0,ElsterBadraLindner31-5-8_7-29xc.mp3
Eurasian_Magpie,ElsterBadraLindner31-5-8_7-29xc,1,data/processed/Eurasian_Magpie/ElsterBadraLindner31-5-8_7-29xc_chunk001.wav,3.0,ElsterBadraLindner31-5-8_7-29xc.mp3
Eurasian_Magpie,ElsterBadraLindner31-5-8_7-29xc,2,data/processed/Eurasian_Magpie/ElsterBadraLindner31-5-8_7-29xc_chunk002.wav,3.0,ElsterBadraLindner31-5-8_7-29xc.mp3
Eurasian_Magpie,ElsterBerl61-20-2-11_8-32xc,0,data/processed/Eurasian_Magpie/ElsterBerl61-20-2-11_8-32xc_chunk000.wav,3.0,ElsterBerl61-20-2-11_8-32xc.mp3
Eurasian_Magpie,ElsterBerl61-20-2-11_8-32xc,1,data/processed/Eurasian_Magpie/ElsterBerl61-20-2-11_8-32xc_chunk001.wav,3.0,ElsterBerl61-20-2-11_8-32xc.mp3
Eurasian_Magpie,ElsterBerl61-20-2-11_8-32xc,2,data/processed/Eurasian_Magpie/ElsterBerl61-20-2-11_8-32xc_chunk002.wav,3.0,ElsterBerl61-20-2-11_8-32xc.mp3
Eurasian_Magpie,ElsterJuvBerl61-16-6-11_11-43,0,data/processed/Eurasian_Magpie/ElsterJuvBerl61-16-6-11_11-43_chunk000.wav,3.0,ElsterJuvBerl61-16-6-11_11-43.mp3
Eurasian_Magpie,ElsterJuvBerl61-16-6-11_11-43,1,data/processed/Eurasian_Magpie/ElsterJuvBerl61-16-6-11_11-43_chunk001.wav,3.0,ElsterJuvBerl61-16-6-11_11-43.mp3
Eurasian_Magpie,ElsterJuvBerl61-16-6-11_11-43,2,data/processed/Eurasian_Magpie/ElsterJuvBerl61-16-6-11_11-43_chunk002.wav,3.0,ElsterJuvBerl61-16-6-11_11-43.mp3
Eurasian_Magpie,ElsterJuvBerl61-16-6-11_11-43,3,data/processed/Eurasian_Magpie/ElsterJuvBerl61-16-6-11_11-43_chunk003.wav,3.0,ElsterJuvBerl61-16-6-11_11-43.mp3
Eurasian_Magpie,ElsterJuvBerl61-16-6-11_11-43,4,data/processed/Eurasian_Magpie/ElsterJuvBerl61-16-6-11_11-43_chunk004.wav,3.0,ElsterJuvBerl61-16-6-11_11-43.mp3
Eurasian_Magpie,ElsterJuvBerl61-16-6-11_11-43,5,data/processed/Eurasian_Magpie/ElsterJuvBerl61-16-6-11_11-43_chunk005.wav,3.0,ElsterJuvBerl61-16-6-11_11-43.mp3
Eurasian_Magpie,ElsterJuvBerl61-16-6-11_11-43,6,data/processed/Eurasian_Magpie/ElsterJuvBerl61-16-6-11_11-43_chunk006.wav,3.0,ElsterJuvBerl61-16-6-11_11-43.mp3
Eurasian_Magpie,ElsterJuvBerl61-16-6-11_11-43,7,data/processed/Eurasian_Magpie/ElsterJuvBerl61-16-6-11_11-43_chunk007.wav,3.0,ElsterJuvBerl61-16-6-11_11-43.mp3
Eurasian_Magpie,ElsterJuvBerl61-16-6-11_11-43,8,data/processed/Eurasian_Magpie/ElsterJuvBerl61-16-6-11_11-43_chunk008.wav,3.0,ElsterJuvBerl61-16-6-11_11-43.mp3
Eurasian_Magpie,ElsterJuvBerl61-16-6-11_11-43,9,data/processed/Eurasian_Magpie/ElsterJuvBerl61-16-6-11_11-43_chunk009.wav,3.0,ElsterJuvBerl61-16-6-11_11-43.mp3
Eurasian_Magpie,ElsterJuvBerl61-16-6-11_11-43,10,data/processed/Eurasian_Magpie/ElsterJuvBerl61-16-6-11_11-43_chunk010.wav,3.0,ElsterJuvBerl61-16-6-11_11-43.mp3
Eurasian_Magpie,ElsterJuvBerl61-16-6-11_11-43,11,data/processed/Eurasian_Magpie/ElsterJuvBerl61-16-6-11_11-43_chunk011.wav,3.0,ElsterJuvBerl61-16-6-11_11-43.mp3
Eurasian_Magpie,ElsterJuvBerl61-16-6-11_11-43,12,data/processed/Eurasian_Magpie/ElsterJuvBerl61-16-6-11_11-43_chunk012.wav,3.0,ElsterJuvBerl61-16-6-11_11-43.mp3
Eurasian_Magpie,ElsterJuvBerl61-16-6-11_11-43,13,data/processed/Eurasian_Magpie/ElsterJuvBerl61-16-6-11_11-43_chunk013.wav,3.0,ElsterJuvBerl61-16-6-11_11-43.mp3
Eurasian_Magpie,ElsterJuvBerl61-16-6-11_11-43,14,data/processed/Eurasian_Magpie/ElsterJuvBerl61-16-6-11_11-43_chunk014.wav,3.0,ElsterJuvBerl61-16-6-11_11-43.mp3
Eurasian_Magpie,ElsterJuvBerl61-16-6-11_11-43,15,data/processed/Eurasian_Magpie/ElsterJuvBerl61-16-6-11_11-43_chunk015.wav,3.0,ElsterJuvBerl61-16-6-11_11-43.mp3
Eurasian_Magpie,ElsterJuvBerl61-16-6-11_11-43,16,data/processed/Eurasian_Magpie/ElsterJuvBerl61-16-6-11_11-43_chunk016.wav,3.0,ElsterJuvBerl61-16-6-11_11-43.mp3
Eurasian_Magpie,ElsterJuvBerl61-16-6-11_11-43,17,data/processed/Eurasian_Magpie/ElsterJuvBerl61-16-6-11_11-43_chunk017.wav,3.0,ElsterJuvBerl61-16-6-11_11-43.mp3
Eurasian_Magpie,ElsterJuvBerl61-16-6-11_11-43,18,data/processed/Eurasian_Magpie/ElsterJuvBerl61-16-6-11_11-43_chunk018.wav,3.0,ElsterJuvBerl61-16-6-11_11-43.mp3
Eurasian_Magpie,ElsterJuvBerl61-16-6-11_11-43,19,data/processed/Eurasian_Magpie/ElsterJuvBerl61-16-6-11_11-43_chunk019.wav,3.0,ElsterJuvBerl61-16-6-11_11-43.mp3
Eurasian_Magpie,ElsterJuvBerl61-16-6-11_11-43,20,data/processed/Eurasian_Magpie/ElsterJuvBerl61-16-6-11_11-43_chunk020.wav,3.0,ElsterJuvBerl61-16-6-11_11-43.mp3
Eurasian_Magpie,ElsterJuvBerl61-16-6-11_11-43,21,data/processed/Eurasian_Magpie/ElsterJuvBerl61-16-6-11_11-43_chunk021.wav,3.0,ElsterJuvBerl61-16-6-11_11-43.mp3
Eurasian_Magpie,ElsterJuvBerl61-16-6-11_11-43,22,data/processed/Eurasian_Magpie/ElsterJuvBerl61-16-6-11_11-43_chunk022.wav,3.0,ElsterJuvBerl61-16-6-11_11-43.mp3
Eurasian_Magpie,ElsterOesterstr21-6-12_14-59,0,data/processed/Eurasian_Magpie/ElsterOesterstr21-6-12_14-59_chunk000.wav,3.0,ElsterOesterstr21-6-12_14-59.mp3
Eurasian_Magpie,ElsterOesterstr21-6-12_14-59,1,data/processed/Eurasian_Magpie/ElsterOesterstr21-6-12_14-59_chunk001.wav,3.0,ElsterOesterstr21-6-12_14-59.mp3
Eurasian_Magpie,ElsterOesterstr21-6-12_14-59,2,data/processed/Eurasian_Magpie/ElsterOesterstr21-6-12_14-59_chunk002.wav,3.0,ElsterOesterstr21-6-12_14-59.mp3
Eurasian_Magpie,ElsterOesterstr21-6-12_14-59,3,data/processed/Eurasian_Magpie/ElsterOesterstr21-6-12_14-59_chunk003.wav,3.0,ElsterOesterstr21-6-12_14-59.mp3
Eurasian_Magpie,ElsterOesterstr21-6-12_14-59,4,data/processed/Eurasian_Magpie/ElsterOesterstr21-6-12_14-59_chunk004.wav,3.0,ElsterOesterstr21-6-12_14-59.mp3
Eurasian_Magpie,ElsterOesterstr21-6-12_14-59,5,data/processed/Eurasian_Magpie/ElsterOesterstr21-6-12_14-59_chunk005.wav,3.0,ElsterOesterstr21-6-12_14-59.mp3
Eurasian_Magpie,ElsterOesterstr21-6-12_14-59,6,data/processed/Eurasian_Magpie/ElsterOesterstr21-6-12_14-59_chunk006.wav,3.0,ElsterOesterstr21-6-12_14-59.mp3
Eurasian_Magpie,ElsterOesterstr21-6-12_14-59,7,data/processed/Eurasian_Magpie/ElsterOesterstr21-6-12_14-59_chunk007.wav,3.0,ElsterOesterstr21-6-12_14-59.mp3
Eurasian_Magpie,ElsterOesterstr21-6-12_14-59,8,data/processed/Eurasian_Magpie/ElsterOesterstr21-6-12_14-59_chunk008.wav,3.0,ElsterOesterstr21-6-12_14-59.mp3
Eurasian_Magpie,ElsterOesterstr21-6-12_14-59,9,data/processed/Eurasian_Magpie/ElsterOesterstr21-6-12_14-59_chunk009.wav,3.0,ElsterOesterstr21-6-12_14-59.mp3
Eurasian_Magpie,EurasianMagpie-1-Takenetorp-1990-07-02,0,data/processed/Eurasian_Magpie/EurasianMagpie-1-Takenetorp-1990-07-02_chunk000.wav,3.0,EurasianMagpie-1-Takenetorp-1990-07-02.mp3
Eurasian_Magpie,EurasianMagpie-1-Takenetorp-1990-07-02,1,data/processed/Eurasian_Magpie/EurasianMagpie-1-Takenetorp-1990-07-02_chunk001.wav,3.0,EurasianMagpie-1-Takenetorp-1990-07-02.mp3
Eurasian_Magpie,EurasianMagpie-1-Takenetorp-1990-07-02,2,data/processed/Eurasian_Magpie/EurasianMagpie-1-Takenetorp-1990-07-02_chunk002.wav,3.0,EurasianMagpie-1-Takenetorp-1990-07-02.mp3
Eurasian_Magpie,EurasianMagpie-1-Takenetorp-1990-07-02,3,data/processed/Eurasian_Magpie/EurasianMagpie-1-Takenetorp-1990-07-02_chunk003.wav,3.0,EurasianMagpie-1-Takenetorp-1990-07-02.mp3
Eurasian_Magpie,EurasianMagpie-1-Takenetorp-1990-07-02,4,data/processed/Eurasian_Magpie/EurasianMagpie-1-Takenetorp-1990-07-02_chunk004.wav,3.0,EurasianMagpie-1-Takenetorp-1990-07-02.mp3
Eurasian_Magpie,EurasianMagpie-1-Takenetorp-1990-07-02,5,data/processed/Eurasian_Magpie/EurasianMagpie-1-Takenetorp-1990-07-02_chunk005.wav,3.0,EurasianMagpie-1-Takenetorp-1990-07-02.mp3
Eurasian_Magpie,EurasianMagpie-1-Takenetorp-1990-07-02,6,data/processed/Eurasian_Magpie/EurasianMagpie-1-Takenetorp-1990-07-02_chunk006.wav,3.0,EurasianMagpie-1-Takenetorp-1990-07-02.mp3
Eurasian_Magpie,EurasianMagpie-1-Takenetorp-1990-07-02,7,data/processed/Eurasian_Magpie/EurasianMagpie-1-Takenetorp-1990-07-02_chunk007.wav,3.0,EurasianMagpie-1-Takenetorp-1990-07-02.mp3
Eurasian_Magpie,EurasianMagpie-1-Takenetorp-1990-07-02,8,data/processed/Eurasian_Magpie/EurasianMagpie-1-Takenetorp-1990-07-02_chunk008.wav,3.0,EurasianMagpie-1-Takenetorp-1990-07-02.mp3
Eurasian_Magpie,EurasianMagpie-1-Takenetorp-1990-07-02,9,data/processed/Eurasian_Magpie/EurasianMagpie-1-Takenetorp-1990-07-02_chunk009.wav,3.0,EurasianMagpie-1-Takenetorp-1990-07-02.mp3
Eurasian_Magpie,EurasianMagpie-1-Takenetorp-1990-07-02,10,data/processed/Eurasian_Magpie/EurasianMagpie-1-Takenetorp-1990-07-02_chunk010.wav,3.0,EurasianMagpie-1-Takenetorp-1990-07-02.mp3
Eurasian_Magpie,EurasianMagpie-1-Takenetorp-1990-07-02,11,data/processed/Eurasian_Magpie/EurasianMagpie-1-Takenetorp-1990-07-02_chunk011.wav,3.0,EurasianMagpie-1-Takenetorp-1990-07-02.mp3
Eurasian_Magpie,EurasianMagpie-1-Takenetorp-1990-07-02,12,data/processed/Eurasian_Magpie/EurasianMagpie-1-Takenetorp-1990-07-02_chunk012.wav,3.0,EurasianMagpie-1-Takenetorp-1990-07-02.mp3
Eurasian_Magpie,EurasianMagpie-1-Takenetorp-1990-07-02,13,data/processed/Eurasian_Magpie/EurasianMagpie-1-Takenetorp-1990-07-02_chunk013.wav,3.0,EurasianMagpie-1-Takenetorp-1990-07-02.mp3
Eurasian_Magpie,EurasianMagpie-1-Takenetorp-1990-07-02,14,data/processed/Eurasian_Magpie/EurasianMagpie-1-Takenetorp-1990-07-02_chunk014.wav,3.0,EurasianMagpie-1-Takenetorp-1990-07-02.mp3
Eurasian_Magpie,EurasianMagpie-1-Takenetorp-1990-07-02,15,data/processed/Eurasian_Magpie/EurasianMagpie-1-Takenetorp-1990-07-02_chunk015.wav,3.0,EurasianMagpie-1-Takenetorp-1990-07-02.mp3
Eurasian_Magpie,Ex_Buyt_120619-14xc,0,data/processed/Eurasian_Magpie/Ex_Buyt_120619-14xc_chunk000.wav,3.0,Ex_Buyt_120619-14xc.mp3
Eurasian_Magpie,Ex_Buyt_120619-14xc,1,data/processed/Eurasian_Magpie/Ex_Buyt_120619-14xc_chunk001.wav,3.0,Ex_Buyt_120619-14xc.mp3
Eurasian_Magpie,Ex_Buyt_120619-14xc,2,data/processed/Eurasian_Magpie/Ex_Buyt_120619-14xc_chunk002.wav,3.0,Ex_Buyt_120619-14xc.mp3
Eurasian_Magpie,Ex_Buyt_120619-14xc,3,data/processed/Eurasian_Magpie/Ex_Buyt_120619-14xc_chunk003.wav,3.0,Ex_Buyt_120619-14xc.mp3
Eurasian_Magpie,Ex_Buyt_120619-14xc,4,data/processed/Eurasian_Magpie/Ex_Buyt_120619-14xc_chunk004.wav,3.0,Ex_Buyt_120619-14xc.mp3
Eurasian_Magpie,Ex_Buyt_120619-14xc,5,data/processed/Eurasian_Magpie/Ex_Buyt_120619-14xc_chunk005.wav,3.0,Ex_Buyt_120619-14xc.mp3
Eurasian_Magpie,Ex_Buyt_120619-14xc,6,data/processed/Eurasian_Magpie/Ex_Buyt_120619-14xc_chunk006.wav,3.0,Ex_Buyt_120619-14xc.mp3
Eurasian_Magpie,Ex_Buyt_120619-14xc,7,data/processed/Eurasian_Magpie/Ex_Buyt_120619-14xc_chunk007.wav,3.0,Ex_Buyt_120619-14xc.mp3
Eurasian_Magpie,Ex_Buyt_120619-14xc,8,data/processed/Eurasian_Magpie/Ex_Buyt_120619-14xc_chunk008.wav,3.0,Ex_Buyt_120619-14xc.mp3
Eurasian_Magpie,Ex_Buyt_120619-14xc,9,data/processed/Eurasian_Magpie/Ex_Buyt_120619-14xc_chunk009.wav,3.0,Ex_Buyt_120619-14xc.mp3
Eurasian_Magpie,Ex_Buyt_120619-14xc,10,data/processed/Eurasian_Magpie/Ex_Buyt_120619-14xc_chunk010.wav,3.0,Ex_Buyt_120619-14xc.mp3
Eurasian_Magpie,Ex_Buyt_120619-14xc,11,data/processed/Eurasian_Magpie/Ex_Buyt_120619-14xc_chunk011.wav,3.0,Ex_Buyt_120619-14xc.mp3
Eurasian_Magpie,Ex_Buyt_120619-14xc,12,data/processed/Eurasian_Magpie/Ex_Buyt_120619-14xc_chunk012.wav,3.0,Ex_Buyt_120619-14xc.mp3
Eurasian_Magpie,Ex_Buyt_120619-14xc,13,data/processed/Eurasian_Magpie/Ex_Buyt_120619-14xc_chunk013.wav,3.0,Ex_Buyt_120619-14xc.mp3
Eurasian_Magpie,Ex_Buyt_120619-14xc,14,data/processed/Eurasian_Magpie/Ex_Buyt_120619-14xc_chunk014.wav,3.0,Ex_Buyt_120619-14xc.mp3
Eurasian_Magpie,Ex_Buyt_120619-14xc,15,data/processed/Eurasian_Magpie/Ex_Buyt_120619-14xc_chunk015.wav,3.0,Ex_Buyt_120619-14xc.mp3
Eurasian_Magpie,Ex_Buyt_120619-14xc,16,data/processed/Eurasian_Magpie/Ex_Buyt_120619-14xc_chunk016.wav,3.0,Ex_Buyt_120619-14xc.mp3
Eurasian_Magpie,Ex_Buyt_120619-14xc,17,data/processed/Eurasian_Magpie/Ex_Buyt_120619-14xc_chunk017.wav,3.0,Ex_Buyt_120619-14xc.mp3
Eurasian_Magpie,Ex_Buyt_120619-14xc,18,data/processed/Eurasian_Magpie/Ex_Buyt_120619-14xc_chunk018.wav,3.0,Ex_Buyt_120619-14xc.mp3
Eurasian_Magpie,Ex_Buyt_120619-14xc,19,data/processed/Eurasian_Magpie/Ex_Buyt_120619-14xc_chunk019.wav,3.0,Ex_Buyt_120619-14xc.mp3
Eurasian_Magpie,Ex_Buyt_120619-14xc,20,data/processed/Eurasian_Magpie/Ex_Buyt_120619-14xc_chunk020.wav,3.0,Ex_Buyt_120619-14xc.mp3
Eurasian_Magpie,Ex_Buyt_120619-14xc,21,data/processed/Eurasian_Magpie/Ex_Buyt_120619-14xc_chunk021.wav,3.0,Ex_Buyt_120619-14xc.mp3
Eurasian_Magpie,Ex_Buyt_120619-14xc,22,data/processed/Eurasian_Magpie/Ex_Buyt_120619-14xc_chunk022.wav,3.0,Ex_Buyt_120619-14xc.mp3
Eurasian_Magpie,Ex_Buyt_120619-14xc,23,data/processed/Eurasian_Magpie/Ex_Buyt_120619-14xc_chunk023.wav,3.0,Ex_Buyt_120619-14xc.mp3
Eurasian_Magpie,Ex_Buyt_120619-14xc,24,data/processed/Eurasian_Magpie/Ex_Buyt_120619-14xc_chunk024.wav,3.0,Ex_Buyt_120619-14xc.mp3
Eurasian_Magpie,Ex_Buyt_120619-14xc,25,data/processed/Eurasian_Magpie/Ex_Buyt_120619-14xc_chunk025.wav,3.0,Ex_Buyt_120619-14xc.mp3
Eurasian_Magpie,Ex_Buyt_120619-14xc,26,data/processed/Eurasian_Magpie/Ex_Buyt_120619-14xc_chunk026.wav,3.0,Ex_Buyt_120619-14xc.mp3
Eurasian_Magpie,Ex_Buyt_120619-14xc,27,data/processed/Eurasian_Magpie/Ex_Buyt_120619-14xc_chunk027.wav,3.0,Ex_Buyt_120619-14xc.mp3
Eurasian_Magpie,Ex_Buytenp_110607-32xc,0,data/processed/Eurasian_Magpie/Ex_Buytenp_110607-32xc_chunk000.wav,3.0,Ex_Buytenp_110607-32xc.mp3
Eurasian_Magpie,Ex_Buytenp_110607-32xc,1,data/processed/Eurasian_Magpie/Ex_Buytenp_110607-32xc_chunk001.wav,3.0,Ex_Buytenp_110607-32xc.mp3
Eurasian_Magpie,Ex_Buytenp_110607-32xc,2,data/processed/Eurasian_Magpie/Ex_Buytenp_110607-32xc_chunk002.wav,3.0,Ex_Buytenp_110607-32xc.mp3
Eurasian_Magpie,Ex_Buytenp_110607-32xc,3,data/processed/Eurasian_Magpie/Ex_Buytenp_110607-32xc_chunk003.wav,3.0,Ex_Buytenp_110607-32xc.mp3
Eurasian_Magpie,Ex_Buytenp_110607-32xc,4,data/processed/Eurasian_Magpie/Ex_Buytenp_110607-32xc_chunk004.wav,3.0,Ex_Buytenp_110607-32xc.mp3
Eurasian_Magpie,Ex_Buytenp_110607-32xc,5,data/processed/Eurasian_Magpie/Ex_Buytenp_110607-32xc_chunk005.wav,3.0,Ex_Buytenp_110607-32xc.mp3
Eurasian_Magpie,Ex_Buytenp_110607-32xc,6,data/processed/Eurasian_Magpie/Ex_Buytenp_110607-32xc_chunk006.wav,3.0,Ex_Buytenp_110607-32xc.mp3
Eurasian_Magpie,Ex_Buytenp_110607-32xc,7,data/processed/Eurasian_Magpie/Ex_Buytenp_110607-32xc_chunk007.wav,3.0,Ex_Buytenp_110607-32xc.mp3
Eurasian_Magpie,Ex_Buytenp_110607-32xc,8,data/processed/Eurasian_Magpie/Ex_Buytenp_110607-32xc_chunk008.wav,3.0,Ex_Buytenp_110607-32xc.mp3
Eurasian_Magpie,Ex_Buytenp_110607-32xc,9,data/processed/Eurasian_Magpie/Ex_Buytenp_110607-32xc_chunk009.wav,3.0,Ex_Buytenp_110607-32xc.mp3
Eurasian_Magpie,Ex_Buytenp_110607-32xc,10,data/processed/Eurasian_Magpie/Ex_Buytenp_110607-32xc_chunk010.wav,3.0,Ex_Buytenp_110607-32xc.mp3
Eurasian_Magpie,Ex_Buytenp_110607-32xc,11,data/processed/Eurasian_Magpie/Ex_Buytenp_110607-32xc_chunk011.wav,3.0,Ex_Buytenp_110607-32xc.mp3
Eurasian_Magpie,LS100233Ppic,0,data/processed/Eurasian_Magpie/LS100233Ppic_chunk000.wav,3.0,LS100233Ppic ok light.mp3
Eurasian_Magpie,LS100233Ppic,1,data/processed/Eurasian_Magpie/LS100233Ppic_chunk001.wav,3.0,LS100233Ppic ok light.mp3
Eurasian_Magpie,LS100233Ppic,2,data/processed/Eurasian_Magpie/LS100233Ppic_chunk002.wav,3.0,LS100233Ppic ok light.mp3
Eurasian_Magpie,LS100233Ppic,3,data/processed/Eurasian_Magpie/LS100233Ppic_chunk003.wav,3.0,LS100233Ppic ok light.mp3
Eurasian_Magpie,LS100233Ppic,4,data/processed/Eurasian_Magpie/LS100233Ppic_chunk004.wav,3.0,LS100233Ppic ok light.mp3
Eurasian_Magpie,LS100233Ppic,5,data/processed/Eurasian_Magpie/LS100233Ppic_chunk005.wav,3.0,LS100233Ppic ok light.mp3
Eurasian_Magpie,LS100233Ppic,6,data/processed/Eurasian_Magpie/LS100233Ppic_chunk006.wav,3.0,LS100233Ppic ok light.mp3
Eurasian_Magpie,LS100233Ppic,7,data/processed/Eurasian_Magpie/LS100233Ppic_chunk007.wav,3.0,LS100233Ppic ok light.mp3
Eurasian_Magpie,LS100233Ppic,8,data/processed/Eurasian_Magpie/LS100233Ppic_chunk008.wav,3.0,LS100233Ppic ok light.mp3
Eurasian_Magpie,LS110003,0,data/processed/Eurasian_Magpie/LS110003_chunk000.wav,3.0,LS110003 Magpie Southgate.mp3
Eurasian_Magpie,LS110003,1,data/processed/Eurasian_Magpie/LS110003_chunk001.wav,3.0,LS110003 Magpie Southgate.mp3
Eurasian_Magpie,LS110003,2,data/processed/Eurasian_Magpie/LS110003_chunk002.wav,3.0,LS110003 Magpie Southgate.mp3
Eurasian_Magpie,LS110003,3,data/processed/Eurasian_Magpie/LS110003_chunk003.wav,3.0,LS110003 Magpie Southgate.mp3
Eurasian_Magpie,LS110003,4,data/processed/Eurasian_Magpie/LS110003_chunk004.wav,3.0,LS110003 Magpie Southgate.mp3
Eurasian_Magpie,LS110003,5,data/processed/Eurasian_Magpie/LS110003_chunk005.wav,3.0,LS110003 Magpie Southgate.mp3
Eurasian_Magpie,LS110003,6,data/processed/Eurasian_Magpie/LS110003_chunk006.wav,3.0,LS110003 Magpie Southgate.mp3
Eurasian_Magpie,LS110003,7,data/processed/Eurasian_Magpie/LS110003_chunk007.wav,3.0,LS110003 Magpie Southgate.mp3
Eurasian_Magpie,LS110003,8,data/processed/Eurasian_Magpie/LS110003_chunk008.wav,3.0,LS110003 Magpie Southgate.mp3
Eurasian_Magpie,LS110003,9,data/processed/Eurasian_Magpie/LS110003_chunk009.wav,3.0,LS110003 Magpie Southgate.mp3
Eurasian_Magpie,LS110003,10,data/processed/Eurasian_Magpie/LS110003_chunk010.wav,3.0,LS110003 Magpie Southgate.mp3
Eurasian_Magpie,LS110003,11,data/processed/Eurasian_Magpie/LS110003_chunk011.wav,3.0,LS110003 Magpie Southgate.mp3
Eurasian_Magpie,LS110003,12,data/processed/Eurasian_Magpie/LS110003_chunk012.wav,3.0,LS110003 Magpie Southgate.mp3
Eurasian_Magpie,LS110003,13,data/processed/Eurasian_Magpie/LS110003_chunk013.wav,3.0,LS110003 Magpie Southgate.mp3
Eurasian_Magpie,LS110003,14,data/processed/Eurasian_Magpie/LS110003_chunk014.wav,3.0,LS110003 Magpie Southgate.mp3
Eurasian_Magpie,LS110003,15,data/processed/Eurasian_Magpie/LS110003_chunk015.wav,3.0,LS110003 Magpie Southgate.mp3
Eurasian_Magpie,LS110003,16,data/processed/Eurasian_Magpie/LS110003_chunk016.wav,3.0,LS110003 Magpie Southgate.mp3
Eurasian_Magpie,LS110795_alarme_pie_bavarde,0,data/processed/Eurasian_Magpie/LS110795_alarme_pie_bavarde_chunk000.wav,3.0,LS110795_alarme_pie_bavarde.mp3
Eurasian_Magpie,LS110795_alarme_pie_bavarde,1,data/processed/Eurasian_Magpie/LS110795_alarme_pie_bavarde_chunk001.wav,3.0,LS110795_alarme_pie_bavarde.mp3
Eurasian_Magpie,LS110795_alarme_pie_bavarde,2,data/processed/Eurasian_Magpie/LS110795_alarme_pie_bavarde_chunk002.wav,3.0,LS110795_alarme_pie_bavarde.mp3
Eurasian_Magpie,LS110795_alarme_pie_bavarde,3,data/processed/Eurasian_Magpie/LS110795_alarme_pie_bavarde_chunk003.wav,3.0,LS110795_alarme_pie_bavarde.mp3
Eurasian_Magpie,LS110795_alarme_pie_bavarde,4,data/processed/Eurasian_Magpie/LS110795_alarme_pie_bavarde_chunk004.wav,3.0,LS110795_alarme_pie_bavarde.mp3
Eurasian_Magpie,LS110795_alarme_pie_bavarde,5,data/processed/Eurasian_Magpie/LS110795_alarme_pie_bavarde_chunk005.wav,3.0,LS110795_alarme_pie_bavarde.mp3
Eurasian_Magpie,LS110795_alarme_pie_bavarde,6,data/processed/Eurasian_Magpie/LS110795_alarme_pie_bavarde_chunk006.wav,3.0,LS110795_alarme_pie_bavarde.mp3
Eurasian_Magpie,LS110795_alarme_pie_bavarde,7,data/processed/Eurasian_Magpie/LS110795_alarme_pie_bavarde_chunk007.wav,3.0,LS110795_alarme_pie_bavarde.mp3
Eurasian_Magpie,LS110795_alarme_pie_bavarde,8,data/processed/Eurasian_Magpie/LS110795_alarme_pie_bavarde_chunk008.wav,3.0,LS110795_alarme_pie_bavarde.mp3
Eurasian_Magpie,LS110795_alarme_pie_bavarde,9,data/processed/Eurasian_Magpie/LS110795_alarme_pie_bavarde_chunk009.wav,3.0,LS110795_alarme_pie_bavarde.mp3
Eurasian_Magpie,LS110795_alarme_pie_bavarde,10,data/processed/Eurasian_Magpie/LS110795_alarme_pie_bavarde_chunk010.wav,3.0,LS110795_alarme_pie_bavarde.mp3
Eurasian_Magpie,LS110795_alarme_pie_bavarde,11,data/processed/Eurasian_Magpie/LS110795_alarme_pie_bavarde_chunk011.wav,3.0,LS110795_alarme_pie_bavarde.mp3
Eurasian_Magpie,LS110795_alarme_pie_bavarde,12,data/processed/Eurasian_Magpie/LS110795_alarme_pie_bavarde_chunk012.wav,3.0,LS110795_alarme_pie_bavarde.mp3
Eurasian_Magpie,LS110795_alarme_pie_bavarde,13,data/processed/Eurasian_Magpie/LS110795_alarme_pie_bavarde_chunk013.wav,3.0,LS110795_alarme_pie_bavarde.mp3
Eurasian_Magpie,LS110795_alarme_pie_bavarde,14,data/processed/Eurasian_Magpie/LS110795_alarme_pie_bavarde_chunk014.wav,3.0,LS110795_alarme_pie_bavarde.mp3
Eurasian_Magpie,LS110795_alarme_pie_bavarde,15,data/processed/Eurasian_Magpie/LS110795_alarme_pie_bavarde_chunk015.wav,3.0,LS110795_alarme_pie_bavarde.mp3
Eurasian_Magpie,LS110795_alarme_pie_bavarde,16,data/processed/Eurasian_Magpie/LS110795_alarme_pie_bavarde_chunk016.wav,3.0,LS110795_alarme_pie_bavarde.mp3
Eurasian_Magpie,LS110795_alarme_pie_bavarde,17,data/processed/Eurasian_Magpie/LS110795_alarme_pie_bavarde_chunk017.wav,3.0,LS110795_alarme_pie_bavarde.mp3
Eurasian_Magpie,LS110795_alarme_pie_bavarde,18,data/processed/Eurasian_Magpie/LS110795_alarme_pie_bavarde_chunk018.wav,3.0,LS110795_alarme_pie_bavarde.mp3
Eurasian_Magpie,LS110795_alarme_pie_bavarde,19,data/processed/Eurasian_Magpie/LS110795_alarme_pie_bavarde_chunk019.wav,3.0,LS110795_alarme_pie_bavarde.mp3
Eurasian_Magpie,LS110795_alarme_pie_bavarde,20,data/processed/Eurasian_Magpie/LS110795_alarme_pie_bavarde_chunk020.wav,3.0,LS110795_alarme_pie_bavarde.mp3
Eurasian_Magpie,LS110795_alarme_pie_bavarde,21,data/processed/Eurasian_Magpie/LS110795_alarme_pie_bavarde_chunk021.wav,3.0,LS110795_alarme_pie_bavarde.mp3
Eurasian_Magpie,LS110795_alarme_pie_bavarde,22,data/processed/Eurasian_Magpie/LS110795_alarme_pie_bavarde_chunk022.wav,3.0,LS110795_alarme_pie_bavarde.mp3
Eurasian_Magpie,LS110795_alarme_pie_bavarde,23,data/processed/Eurasian_Magpie/LS110795_alarme_pie_bavarde_chunk023.wav,3.0,LS110795_alarme_pie_bavarde.mp3
Eurasian_Magpie,LS110795_alarme_pie_bavarde,24,data/processed/Eurasian_Magpie/LS110795_alarme_pie_bavarde_chunk024.wav,3.0,LS110795_alarme_pie_bavarde.mp3
Eurasian_Magpie,MAGPIEEurasian-FL,0,data/processed/Eurasian_Magpie/MAGPIEEurasian-FL_chunk000.wav,3.0,MAGPIEEurasian-FL Brighton 14JAug2010 50m R09_0001.mp3
Eurasian_Magpie,MAGPIEEurasian-FL,1,data/processed/Eurasian_Magpie/MAGPIEEurasian-FL_chunk001.wav,3.0,MAGPIEEurasian-FL Brighton 14JAug2010 50m R09_0001.mp3
Eurasian_Magpie,MAGPIEEurasian-FL,2,data/processed/Eurasian_Magpie/MAGPIEEurasian-FL_chunk002.wav,3.0,MAGPIEEurasian-FL Brighton 14JAug2010 50m R09_0001.mp3
Eurasian_Magpie,MAGPIEEurasian-FL,3,data/processed/Eurasian_Magpie/MAGPIEEurasian-FL_chunk003.wav,3.0,MAGPIEEurasian-FL Brighton 14JAug2010 50m R09_0001.mp3
Eurasian_Magpie,MAGPIEEurasian-FL,4,data/processed/Eurasian_Magpie/MAGPIEEurasian-FL_chunk004.wav,3.0,MAGPIEEurasian-FL Brighton 14JAug2010 50m R09_0001.mp3
Eurasian_Magpie,MAGPIEEurasian-FL,5,data/processed/Eurasian_Magpie/MAGPIEEurasian-FL_chunk005.wav,3.0,MAGPIEEurasian-FL Brighton 14JAug2010 50m R09_0001.mp3
Eurasian_Magpie,MAGPIEEurasian-FL,6,data/processed/Eurasian_Magpie/MAGPIEEurasian-FL_chunk006.wav,3.0,MAGPIEEurasian-FL Brighton 14JAug2010 50m R09_0001.mp3
Eurasian_Magpie,MAGPIEEurasian-FL,0,data/processed/Eurasian_Magpie/MAGPIEEurasian-FL_chunk000.wav,3.0,MAGPIEEurasian-FL Brighton 14JAug2010 80m R09_0018XC.mp3
Eurasian_Magpie,MAGPIEEurasian-FL,1,data/processed/Eurasian_Magpie/MAGPIEEurasian-FL_chunk001.wav,3.0,MAGPIEEurasian-FL Brighton 14JAug2010 80m R09_0018XC.mp3
Eurasian_Magpie,MAGPIEEurasian-FL,2,data/processed/Eurasian_Magpie/MAGPIEEurasian-FL_chunk002.wav,3.0,MAGPIEEurasian-FL Brighton 14JAug2010 80m R09_0018XC.mp3
Eurasian_Magpie,MAGPIEEurasian-FL,3,data/processed/Eurasian_Magpie/MAGPIEEurasian-FL_chunk003.wav,3.0,MAGPIEEurasian-FL Brighton 14JAug2010 80m R09_0018XC.mp3
Eurasian_Magpie,MAGPIEEurasian-FL,4,data/processed/Eurasian_Magpie/MAGPIEEurasian-FL_chunk004.wav,3.0,MAGPIEEurasian-FL Brighton 14JAug2010 80m R09_0018XC.mp3
Eurasian_Magpie,MAGPIEEurasian-FL,5,data/processed/Eurasian_Magpie/MAGPIEEurasian-FL_chunk005.wav,3.0,MAGPIEEurasian-FL Brighton 14JAug2010 80m R09_0018XC.mp3
Eurasian_Magpie,MAGPIEEurasian-FL,6,data/processed/Eurasian_Magpie/MAGPIEEurasian-FL_chunk006.wav,3.0,MAGPIEEurasian-FL Brighton 14JAug2010 80m R09_0018XC.mp3
Eurasian_Magpie,MAGPIEEurasian-FL,7,data/processed/Eurasian_Magpie/MAGPIEEurasian-FL_chunk007.wav,3.0,MAGPIEEurasian-FL Brighton 14JAug2010 80m R09_0018XC.mp3
Eurasian_Magpie,MAGPIEEurasian-FL,8,data/processed/Eurasian_Magpie/MAGPIEEurasian-FL_chunk008.wav,3.0,MAGPIEEurasian-FL Brighton 14JAug2010 80m R09_0018XC.mp3
Eurasian_Magpie,MAGPIEEurasian-FL,9,data/processed/Eurasian_Magpie/MAGPIEEurasian-FL_chunk009.wav,3.0,MAGPIEEurasian-FL Brighton 14JAug2010 80m R09_0018XC.mp3
Eurasian_Magpie,MAGPIEEurasian-FL,10,data/processed/Eurasian_Magpie/MAGPIEEurasian-FL_chunk010.wav,3.0,MAGPIEEurasian-FL Brighton 14JAug2010 80m R09_0018XC.mp3
Eurasian_Magpie,MAGPIEEurasian-FL,11,data/processed/Eurasian_Magpie/MAGPIEEurasian-FL_chunk011.wav,3.0,MAGPIEEurasian-FL Brighton 14JAug2010 80m R09_0018XC.mp3
Eurasian_Magpie,MAGPIEEurasian-FL,12,data/processed/Eurasian_Magpie/MAGPIEEurasian-FL_chunk012.wav,3.0,MAGPIEEurasian-FL Brighton 14JAug2010 80m R09_0018XC.mp3
Eurasian_Magpie,MAGPIEEurasian-FL,13,data/processed/Eurasian_Magpie/MAGPIEEurasian-FL_chunk013.wav,3.0,MAGPIEEurasian-FL Brighton 14JAug2010 80m R09_0018XC.mp3
Eurasian_Magpie,MAGPIEEurasian-FL,14,data/processed/Eurasian_Magpie/MAGPIEEurasian-FL_chunk014.wav,3.0,MAGPIEEurasian-FL Brighton 14JAug2010 80m R09_0018XC.mp3
Eurasian_Magpie,MAGPIEEurasian-FL,15,data/processed/Eurasian_Magpie/MAGPIEEurasian-FL_chunk015.wav,3.0,MAGPIEEurasian-FL Brighton 14JAug2010 80m R09_0018XC.mp3
Eurasian_Magpie,MAGPIEEurasian-FL,16,data/processed/Eurasian_Magpie/MAGPIEEurasian-FL_chunk016.wav,3.0,MAGPIEEurasian-FL Brighton 14JAug2010 80m R09_0018XC.mp3
Eurasian_Magpie,MAGPIEEurasian-FL,17,data/processed/Eurasian_Magpie/MAGPIEEurasian-FL_chunk017.wav,3.0,MAGPIEEurasian-FL Brighton 14JAug2010 80m R09_0018XC.mp3
Eurasian_Magpie,MAGPIEEurasian-FL,18,data/processed/Eurasian_Magpie/MAGPIEEurasian-FL_chunk018.wav,3.0,MAGPIEEurasian-FL Brighton 14JAug2010 80m R09_0018XC.mp3
Eurasian_Magpie,MAGPIEEurasian-FL,19,data/processed/Eurasian_Magpie/MAGPIEEurasian-FL_chunk019.wav,3.0,MAGPIEEurasian-FL Brighton 14JAug2010 80m R09_0018XC.mp3
Eurasian_Magpie,MAGPIEEurasian-FL,20,data/processed/Eurasian_Magpie/MAGPIEEurasian-FL_chunk020.wav,3.0,MAGPIEEurasian-FL Brighton 14JAug2010 80m R09_0018XC.mp3
Eurasian_Magpie,MAGPIEEurasian-FL,21,data/processed/Eurasian_Magpie/MAGPIEEurasian-FL_chunk021.wav,3.0,MAGPIEEurasian-FL Brighton 14JAug2010 80m R09_0018XC.mp3
Eurasian_Magpie,MAGPIEEurasian-FL,22,data/processed/Eurasian_Magpie/MAGPIEEurasian-FL_chunk022.wav,3.0,MAGPIEEurasian-FL Brighton 14JAug2010 80m R09_0018XC.mp3
Eurasian_Magpie,MAGPIEEurasian-FL,23,data/processed/Eurasian_Magpie/MAGPIEEurasian-FL_chunk023.wav,3.0,MAGPIEEurasian-FL Brighton 14JAug2010 80m R09_0018XC.mp3
Eurasian_Magpie,MAGPIEEurasian-FL,24,data/processed/Eurasian_Magpie/MAGPIEEurasian-FL_chunk024.wav,3.0,MAGPIEEurasian-FL Brighton 14JAug2010 80m R09_0018XC.mp3
Eurasian_Magpie,MAGPIEEurasian-FL,25,data/processed/Eurasian_Magpie/MAGPIEEurasian-FL_chunk025.wav,3.0,MAGPIEEurasian-FL Brighton 14JAug2010 80m R09_0018XC.mp3
Eurasian_Magpie,Magpieflying,0,data/processed/Eurasian_Magpie/Magpieflying_chunk000.wav,3.0,Magpieflying.mp3
Eurasian_Magpie,Magpieflying,1,data/processed/Eurasian_Magpie/Magpieflying_chunk001.wav,3.0,Magpieflying.mp3
Eurasian_Magpie,Magpies,0,data/processed/Eurasian_Magpie/Magpies_chunk000.wav,3.0,Magpies.mp3
Eurasian_Magpie,Magpies,1,data/processed/Eurasian_Magpie/Magpies_chunk001.wav,3.0,Magpies.mp3
Eurasian_Magpie,Magpies,2,data/processed/Eurasian_Magpie/Magpies_chunk002.wav,3.0,Magpies.mp3
Eurasian_Magpie,Magpies,3,data/processed/Eurasian_Magpie/Magpies_chunk003.wav,3.0,Magpies.mp3
Eurasian_Magpie,Magpies,4,data/processed/Eurasian_Magpie/Magpies_chunk004.wav,3.0,Magpies.mp3
Eurasian_Magpie,Magpies,5,data/processed/Eurasian_Magpie/Magpies_chunk005.wav,3.0,Magpies.mp3
Eurasian_Magpie,Magpies,6,data/processed/Eurasian_Magpie/Magpies_chunk006.wav,3.0,Magpies.mp3
Eurasian_Magpie,Magpies,7,data/processed/Eurasian_Magpie/Magpies_chunk007.wav,3.0,Magpies.mp3
Eurasian_Magpie,Magpies,8,data/processed/Eurasian_Magpie/Magpies_chunk008.wav,3.0,Magpies.mp3
Eurasian_Magpie,Magpies,9,data/processed/Eurasian_Magpie/Magpies_chunk009.wav,3.0,Magpies.mp3
Eurasian_Magpie,Magpies,10,data/processed/Eurasian_Magpie/Magpies_chunk010.wav,3.0,Magpies.mp3
Eurasian_Magpie,Magpies,11,data/processed/Eurasian_Magpie/Magpies_chunk011.wav,3.0,Magpies.mp3
Eurasian_Magpie,Magpies,12,data/processed/Eurasian_Magpie/Magpies_chunk012.wav,3.0,Magpies.mp3
Eurasian_Magpie,Magpies,13,data/processed/Eurasian_Magpie/Magpies_chunk013.wav,3.0,Magpies.mp3
Eurasian_Magpie,Magpies,14,data/processed/Eurasian_Magpie/Magpies_chunk014.wav,3.0,Magpies.mp3
Eurasian_Magpie,Magpies,15,data/processed/Eurasian_Magpie/Magpies_chunk015.wav,3.0,Magpies.mp3
Eurasian_Magpie,Magpies,16,data/processed/Eurasian_Magpie/Magpies_chunk016.wav,3.0,Magpies.mp3
Eurasian_Magpie,Magpies,17,data/processed/Eurasian_Magpie/Magpies_chunk017.wav,3.0,Magpies.mp3
Eurasian_Magpie,Magpies,18,data/processed/Eurasian_Magpie/Magpies_chunk018.wav,3.0,Magpies.mp3
Eurasian_Magpie,Magpies,19,data/processed/Eurasian_Magpie/Magpies_chunk019.wav,3.0,Magpies.mp3
Eurasian_Magpie,Magpies,20,data/processed/Eurasian_Magpie/Magpies_chunk020.wav,3.0,Magpies.mp3
Eurasian_Magpie,Magpies,21,data/processed/Eurasian_Magpie/Magpies_chunk021.wav,3.0,Magpies.mp3
Eurasian_Magpie,Magpies,22,data/processed/Eurasian_Magpie/Magpies_chunk022.wav,3.0,Magpies.mp3
Eurasian_Magpie,Magpies,23,data/processed/Eurasian_Magpie/Magpies_chunk023.wav,3.0,Magpies.mp3
Eurasian_Magpie,PICPICcris-Coudols(12)20120810A,0,data/processed/Eurasian_Magpie/PICPICcris-Coudols(12)20120810A_chunk000.wav,3.0,PICPICcris-Coudols(12)20120810A.mp3
Eurasian_Magpie,PICPICcris-Coudols(12)20120810A,1,data/processed/Eurasian_Magpie/PICPICcris-Coudols(12)20120810A_chunk001.wav,3.0,PICPICcris-Coudols(12)20120810A.mp3
Eurasian_Magpie,PICPICcris-Coudols(12)20120810A,2,data/processed/Eurasian_Magpie/PICPICcris-Coudols(12)20120810A_chunk002.wav,3.0,PICPICcris-Coudols(12)20120810A.mp3
Eurasian_Magpie,PICPICcris-Coudols(12)20120810A,3,data/processed/Eurasian_Magpie/PICPICcris-Coudols(12)20120810A_chunk003.wav,3.0,PICPICcris-Coudols(12)20120810A.mp3
Eurasian_Magpie,PICPICcris-Coudols(12)20120810A,4,data/processed/Eurasian_Magpie/PICPICcris-Coudols(12)20120810A_chunk004.wav,3.0,PICPICcris-Coudols(12)20120810A.mp3
Eurasian_Magpie,PICPICcris-Coudols(12)20120810A,5,data/processed/Eurasian_Magpie/PICPICcris-Coudols(12)20120810A_chunk005.wav,3.0,PICPICcris-Coudols(12)20120810A.mp3
Eurasian_Magpie,PICPICcris-Coudols(12)20120810A,6,data/processed/Eurasian_Magpie/PICPICcris-Coudols(12)20120810A_chunk006.wav,3.0,PICPICcris-Coudols(12)20120810A.mp3
Eurasian_Magpie,PICPICcris-Coudols(12)20120810A,7,data/processed/Eurasian_Magpie/PICPICcris-Coudols(12)20120810A_chunk007.wav,3.0,PICPICcris-Coudols(12)20120810A.mp3
Eurasian_Magpie,PICPICcris-Coudols(12)20120810A,8,data/processed/Eurasian_Magpie/PICPICcris-Coudols(12)20120810A_chunk008.wav,3.0,PICPICcris-Coudols(12)20120810A.mp3
Eurasian_Magpie,Pica,0,data/processed/Eurasian_Magpie/Pica_chunk000.wav,3.0,Pica pica call in flight 17409 103209.mp3
Eurasian_Magpie,Pica_pica_im_Poland_Jarek_Matusiak_120628-000,0,data/processed/Eurasian_Magpie/Pica_pica_im_Poland_Jarek_Matusiak_120628-000_chunk000.wav,3.0,Pica_pica_im_Poland_Jarek_Matusiak_120628-000.mp3
Eurasian_Magpie,Pica_pica_im_Poland_Jarek_Matusiak_120628-000,1,data/processed/Eurasian_Magpie/Pica_pica_im_Poland_Jarek_Matusiak_120628-000_chunk001.wav,3.0,Pica_pica_im_Poland_Jarek_Matusiak_120628-000.mp3
Eurasian_Magpie,Pica_pica_im_Poland_Jarek_Matusiak_120628-000,2,data/processed/Eurasian_Magpie/Pica_pica_im_Poland_Jarek_Matusiak_120628-000_chunk002.wav,3.0,Pica_pica_im_Poland_Jarek_Matusiak_120628-000.mp3
Eurasian_Magpie,Pica_pica_im_Poland_Jarek_Matusiak_120628-000,3,data/processed/Eurasian_Magpie/Pica_pica_im_Poland_Jarek_Matusiak_120628-000_chunk003.wav,3.0,Pica_pica_im_Poland_Jarek_Matusiak_120628-000.mp3
Eurasian_Magpie,Pica_pica_im_Poland_Jarek_Matusiak_120628-000,4,data/processed/Eurasian_Magpie/Pica_pica_im_Poland_Jarek_Matusiak_120628-000_chunk004.wav,3.0,Pica_pica_im_Poland_Jarek_Matusiak_120628-000.mp3
Eurasian_Magpie,Pica_pica_im_Poland_Jarek_Matusiak_120628-000,5,data/processed/Eurasian_Magpie/Pica_pica_im_Poland_Jarek_Matusiak_120628-000_chunk005.wav,3.0,Pica_pica_im_Poland_Jarek_Matusiak_120628-000.mp3
Eurasian_Magpie,Pica_pica_im_Poland_Jarek_Matusiak_120628-000,6,data/processed/Eurasian_Magpie/Pica_pica_im_Poland_Jarek_Matusiak_120628-000_chunk006.wav,3.0,Pica_pica_im_Poland_Jarek_Matusiak_120628-000.mp3
Eurasian_Magpie,Pica_pica_im_Poland_Jarek_Matusiak_120628-000,7,data/processed/Eurasian_Magpie/Pica_pica_im_Poland_Jarek_Matusiak_120628-000_chunk007.wav,3.0,Pica_pica_im_Poland_Jarek_Matusiak_120628-000.mp3
Eurasian_Magpie,Picapica-006_110212,0,data/processed/Eurasian_Magpie/Picapica-006_110212_chunk000.wav,3.0,Picapica-006_110212.mp3
Eurasian_Magpie,Picapica-006_110212,1,data/processed/Eurasian_Magpie/Picapica-006_110212_chunk001.wav,3.0,Picapica-006_110212.mp3
Eurasian_Magpie,Picapica-006_110212,2,data/processed/Eurasian_Magpie/Picapica-006_110212_chunk002.wav,3.0,Picapica-006_110212.mp3
Eurasian_Magpie,Picapica-006_110212,3,data/processed/Eurasian_Magpie/Picapica-006_110212_chunk003.wav,3.0,Picapica-006_110212.mp3
Eurasian_Magpie,Picapica-006_110212,4,data/processed/Eurasian_Magpie/Picapica-006_110212_chunk004.wav,3.0,Picapica-006_110212.mp3
Eurasian_Magpie,Picapica-006_110212,5,data/processed/Eurasian_Magpie/Picapica-006_110212_chunk005.wav,3.0,Picapica-006_110212.mp3
Eurasian_Magpie,Picapica-006_110212,6,data/processed/Eurasian_Magpie/Picapica-006_110212_chunk006.wav,3.0,Picapica-006_110212.mp3
Eurasian_Magpie,Picapica-006_110212,7,data/processed/Eurasian_Magpie/Picapica-006_110212_chunk007.wav,3.0,Picapica-006_110212.mp3
Eurasian_Magpie,Podiceps_grisegena_call_1998_06_04_1710_hrs_Porsemosen_CLXXIV_A_448-454,0,data/processed/Eurasian_Magpie/Podiceps_grisegena_call_1998_06_04_1710_hrs_Porsemosen_CLXXIV_A_448-454_chunk000.wav,3.0,Podiceps_grisegena_call_1998_06_04_1710_hrs_Porsemosen_CLXXIV_A_448-454.mp3
Eurasian_Magpie,Podiceps_grisegena_call_1998_06_04_1710_hrs_Porsemosen_CLXXIV_A_448-454,1,data/processed/Eurasian_Magpie/Podiceps_grisegena_call_1998_06_04_1710_hrs_Porsemosen_CLXXIV_A_448-454_chunk001.wav,3.0,Podiceps_grisegena_call_1998_06_04_1710_hrs_Porsemosen_CLXXIV_A_448-454.mp3
Eurasian_Magpie,Podiceps_grisegena_call_1998_06_04_1710_hrs_Porsemosen_CLXXIV_A_448-454,2,data/processed/Eurasian_Magpie/Podiceps_grisegena_call_1998_06_04_1710_hrs_Porsemosen_CLXXIV_A_448-454_chunk002.wav,3.0,Podiceps_grisegena_call_1998_06_04_1710_hrs_Porsemosen_CLXXIV_A_448-454.mp3
Eurasian_Magpie,STE-024skjaere240211,0,data/processed/Eurasian_Magpie/STE-024skjaere240211_chunk000.wav,3.0,STE-024skjaere240211.mp3
Eurasian_Magpie,STE-024skjaere240211,1,data/processed/Eurasian_Magpie/STE-024skjaere240211_chunk001.wav,3.0,STE-024skjaere240211.mp3
Eurasian_Magpie,STE-024skjaere240211,2,data/processed/Eurasian_Magpie/STE-024skjaere240211_chunk002.wav,3.0,STE-024skjaere240211.mp3
Eurasian_Magpie,STE-024skjaere240211,3,data/processed/Eurasian_Magpie/STE-024skjaere240211_chunk003.wav,3.0,STE-024skjaere240211.mp3
Eurasian_Magpie,STE-024skjaere240211,4,data/processed/Eurasian_Magpie/STE-024skjaere240211_chunk004.wav,3.0,STE-024skjaere240211.mp3
Eurasian_Magpie,STE-024skjaere240211,5,data/processed/Eurasian_Magpie/STE-024skjaere240211_chunk005.wav,3.0,STE-024skjaere240211.mp3
Eurasian_Magpie,STE-024skjaere240211,6,data/processed/Eurasian_Magpie/STE-024skjaere240211_chunk006.wav,3.0,STE-024skjaere240211.mp3
Eurasian_Magpie,STE-024skjaere240211,7,data/processed/Eurasian_Magpie/STE-024skjaere240211_chunk007.wav,3.0,STE-024skjaere240211.mp3
Eurasian_Magpie,STE-024skjaere240211,8,data/processed/Eurasian_Magpie/STE-024skjaere240211_chunk008.wav,3.0,STE-024skjaere240211.mp3
Eurasian_Magpie,STE-024skjaere240211,9,data/processed/Eurasian_Magpie/STE-024skjaere240211_chunk009.wav,3.0,STE-024skjaere240211.mp3
Eurasian_Magpie,STE-024skjaere240211,10,data/processed/Eurasian_Magpie/STE-024skjaere240211_chunk010.wav,3.0,STE-024skjaere240211.mp3
Eurasian_Magpie,STE-024skjaere240211,11,data/processed/Eurasian_Magpie/STE-024skjaere240211_chunk011.wav,3.0,STE-024skjaere240211.mp3
Eurasian_Magpie,STE-024skjaere240211,12,data/processed/Eurasian_Magpie/STE-024skjaere240211_chunk012.wav,3.0,STE-024skjaere240211.mp3
Eurasian_Magpie,STE-024skjaere240211,13,data/processed/Eurasian_Magpie/STE-024skjaere240211_chunk013.wav,3.0,STE-024skjaere240211.mp3
Eurasian_Magpie,STE-024skjaere240211,14,data/processed/Eurasian_Magpie/STE-024skjaere240211_chunk014.wav,3.0,STE-024skjaere240211.mp3
Eurasian_Magpie,STE-024skjaere240211,15,data/processed/Eurasian_Magpie/STE-024skjaere240211_chunk015.wav,3.0,STE-024skjaere240211.mp3
Eurasian_Magpie,STE-024skjaere240211,16,data/processed/Eurasian_Magpie/STE-024skjaere240211_chunk016.wav,3.0,STE-024skjaere240211.mp3
Eurasian_Magpie,STE-024skjaere240211,17,data/processed/Eurasian_Magpie/STE-024skjaere240211_chunk017.wav,3.0,STE-024skjaere240211.mp3
Eurasian_Magpie,STE-024skjaere240211,18,data/processed/Eurasian_Magpie/STE-024skjaere240211_chunk018.wav,3.0,STE-024skjaere240211.mp3
Eurasian_Magpie,STE-024skjaere240211,19,data/processed/Eurasian_Magpie/STE-024skjaere240211_chunk019.wav,3.0,STE-024skjaere240211.mp3
Eurasian_Magpie,XC109672-Ex_PwegK2_120910-0102xc,0,data/processed/Eurasian_Magpie/XC109672-Ex_PwegK2_120910-0102xc_chunk000.wav,3.0,XC109672-Ex_PwegK2_120910-0102xc.mp3
Eurasian_Magpie,XC109672-Ex_PwegK2_120910-0102xc,1,data/processed/Eurasian_Magpie/XC109672-Ex_PwegK2_120910-0102xc_chunk001.wav,3.0,XC109672-Ex_PwegK2_120910-0102xc.mp3
Eurasian_Magpie,XC109672-Ex_PwegK2_120910-0102xc,2,data/processed/Eurasian_Magpie/XC109672-Ex_PwegK2_120910-0102xc_chunk002.wav,3.0,XC109672-Ex_PwegK2_120910-0102xc.mp3
Eurasian_Magpie,XC109672-Ex_PwegK2_120910-0102xc,3,data/processed/Eurasian_Magpie/XC109672-Ex_PwegK2_120910-0102xc_chunk003.wav,3.0,XC109672-Ex_PwegK2_120910-0102xc.mp3
Eurasian_Magpie,XC109672-Ex_PwegK2_120910-0102xc,4,data/processed/Eurasian_Magpie/XC109672-Ex_PwegK2_120910-0102xc_chunk004.wav,3.0,XC109672-Ex_PwegK2_120910-0102xc.mp3
Eurasian_Magpie,XC109672-Ex_PwegK2_120910-0102xc,5,data/processed/Eurasian_Magpie/XC109672-Ex_PwegK2_120910-0102xc_chunk005.wav,3.0,XC109672-Ex_PwegK2_120910-0102xc.mp3
Eurasian_Magpie,XC109672-Ex_PwegK2_120910-0102xc,6,data/processed/Eurasian_Magpie/XC109672-Ex_PwegK2_120910-0102xc_chunk006.wav,3.0,XC109672-Ex_PwegK2_120910-0102xc.mp3
Eurasian_Magpie,XC109672-Ex_PwegK2_120910-0102xc,7,data/processed/Eurasian_Magpie/XC109672-Ex_PwegK2_120910-0102xc_chunk007.wav,3.0,XC109672-Ex_PwegK2_120910-0102xc.mp3
Eurasian_Magpie,XC112784-Skata-2011-07-25,0,data/processed/Eurasian_Magpie/XC112784-Skata-2011-07-25_chunk000.wav,3.0,XC112784-Skata-2011-07-25.mp3
Eurasian_Magpie,XC112784-Skata-2011-07-25,1,data/processed/Eurasian_Magpie/XC112784-Skata-2011-07-25_chunk001.wav,3.0,XC112784-Skata-2011-07-25.mp3
Eurasian_Magpie,XC112784-Skata-2011-07-25,2,data/processed/Eurasian_Magpie/XC112784-Skata-2011-07-25_chunk002.wav,3.0,XC112784-Skata-2011-07-25.mp3
Eurasian_Magpie,XC112784-Skata-2011-07-25,3,data/processed/Eurasian_Magpie/XC112784-Skata-2011-07-25_chunk003.wav,3.0,XC112784-Skata-2011-07-25.mp3
Eurasian_Magpie,XC112784-Skata-2011-07-25,4,data/processed/Eurasian_Magpie/XC112784-Skata-2011-07-25_chunk004.wav,3.0,XC112784-Skata-2011-07-25.mp3
Eurasian_Magpie,XC112784-Skata-2011-07-25,5,data/processed/Eurasian_Magpie/XC112784-Skata-2011-07-25_chunk005.wav,3.0,XC112784-Skata-2011-07-25.mp3
Eurasian_Magpie,XC112784-Skata-2011-07-25,6,data/processed/Eurasian_Magpie/XC112784-Skata-2011-07-25_chunk006.wav,3.0,XC112784-Skata-2011-07-25.mp3
Eurasian_Magpie,XC112784-Skata-2011-07-25,7,data/processed/Eurasian_Magpie/XC112784-Skata-2011-07-25_chunk007.wav,3.0,XC112784-Skata-2011-07-25.mp3
Eurasian_Magpie,XC112784-Skata-2011-07-25,8,data/processed/Eurasian_Magpie/XC112784-Skata-2011-07-25_chunk008.wav,3.0,XC112784-Skata-2011-07-25.mp3
Eurasian_Magpie,XC112784-Skata-2011-07-25,9,data/processed/Eurasian_Magpie/XC112784-Skata-2011-07-25_chunk009.wav,3.0,XC112784-Skata-2011-07-25.mp3
Eurasian_Magpie,XC112784-Skata-2011-07-25,10,data/processed/Eurasian_Magpie/XC112784-Skata-2011-07-25_chunk010.wav,3.0,XC112784-Skata-2011-07-25.mp3
Eurasian_Magpie,XC112784-Skata-2011-07-25,11,data/processed/Eurasian_Magpie/XC112784-Skata-2011-07-25_chunk011.wav,3.0,XC112784-Skata-2011-07-25.mp3
Eurasian_Magpie,XC112784-Skata-2011-07-25,12,data/processed/Eurasian_Magpie/XC112784-Skata-2011-07-25_chunk012.wav,3.0,XC112784-Skata-2011-07-25.mp3
Eurasian_Magpie,XC112784-Skata-2011-07-25,13,data/processed/Eurasian_Magpie/XC112784-Skata-2011-07-25_chunk013.wav,3.0,XC112784-Skata-2011-07-25.mp3
Eurasian_Magpie,XC112784-Skata-2011-07-25,14,data/processed/Eurasian_Magpie/XC112784-Skata-2011-07-25_chunk014.wav,3.0,XC112784-Skata-2011-07-25.mp3
Eurasian_Magpie,XC112784-Skata-2011-07-25,15,data/processed/Eurasian_Magpie/XC112784-Skata-2011-07-25_chunk015.wav,3.0,XC112784-Skata-2011-07-25.mp3
Eurasian_Magpie,XC112784-Skata-2011-07-25,16,data/processed/Eurasian_Magpie/XC112784-Skata-2011-07-25_chunk016.wav,3.0,XC112784-Skata-2011-07-25.mp3
Eurasian_Magpie,XC112784-Skata-2011-07-25,17,data/processed/Eurasian_Magpie/XC112784-Skata-2011-07-25_chunk017.wav,3.0,XC112784-Skata-2011-07-25.mp3
Eurasian_Magpie,XC112784-Skata-2011-07-25,18,data/processed/Eurasian_Magpie/XC112784-Skata-2011-07-25_chunk018.wav,3.0,XC112784-Skata-2011-07-25.mp3
Eurasian_Magpie,XC112784-Skata-2011-07-25,19,data/processed/Eurasian_Magpie/XC112784-Skata-2011-07-25_chunk019.wav,3.0,XC112784-Skata-2011-07-25.mp3
Eurasian_Magpie,XC112784-Skata-2011-07-25,20,data/processed/Eurasian_Magpie/XC112784-Skata-2011-07-25_chunk020.wav,3.0,XC112784-Skata-2011-07-25.mp3
Eurasian_Magpie,XC112784-Skata-2011-07-25,21,data/processed/Eurasian_Magpie/XC112784-Skata-2011-07-25_chunk021.wav,3.0,XC112784-Skata-2011-07-25.mp3
Eurasian_Magpie,XC112784-Skata-2011-07-25,22,data/processed/Eurasian_Magpie/XC112784-Skata-2011-07-25_chunk022.wav,3.0,XC112784-Skata-2011-07-25.mp3
Eurasian_Magpie,XC112784-Skata-2011-07-25,23,data/processed/Eurasian_Magpie/XC112784-Skata-2011-07-25_chunk023.wav,3.0,XC112784-Skata-2011-07-25.mp3
Eurasian_Magpie,XC112784-Skata-2011-07-25,24,data/processed/Eurasian_Magpie/XC112784-Skata-2011-07-25_chunk024.wav,3.0,XC112784-Skata-2011-07-25.mp3
Eurasian_Magpie,XC112784-Skata-2011-07-25,25,data/processed/Eurasian_Magpie/XC112784-Skata-2011-07-25_chunk025.wav,3.0,XC112784-Skata-2011-07-25.mp3
Eurasian_Magpie,XC112784-Skata-2011-07-25,26,data/processed/Eurasian_Magpie/XC112784-Skata-2011-07-25_chunk026.wav,3.0,XC112784-Skata-2011-07-25.mp3
Eurasian_Magpie,XC112784-Skata-2011-07-25,27,data/processed/Eurasian_Magpie/XC112784-Skata-2011-07-25_chunk027.wav,3.0,XC112784-Skata-2011-07-25.mp3
Eurasian_Magpie,XC112784-Skata-2011-07-25,28,data/processed/Eurasian_Magpie/XC112784-Skata-2011-07-25_chunk028.wav,3.0,XC112784-Skata-2011-07-25.mp3
Eurasian_Magpie,XC112784-Skata-2011-07-25,29,data/processed/Eurasian_Magpie/XC112784-Skata-2011-07-25_chunk029.wav,3.0,XC112784-Skata-2011-07-25.mp3
Eurasian_Magpie,XC112785-Skata-2011-09-19,0,data/processed/Eurasian_Magpie/XC112785-Skata-2011-09-19_chunk000.wav,3.0,XC112785-Skata-2011-09-19.mp3
Eurasian_Magpie,XC112785-Skata-2011-09-19,1,data/processed/Eurasian_Magpie/XC112785-Skata-2011-09-19_chunk001.wav,3.0,XC112785-Skata-2011-09-19.mp3
Eurasian_Magpie,XC112785-Skata-2011-09-19,2,data/processed/Eurasian_Magpie/XC112785-Skata-2011-09-19_chunk002.wav,3.0,XC112785-Skata-2011-09-19.mp3
Eurasian_Magpie,XC112785-Skata-2011-09-19,3,data/processed/Eurasian_Magpie/XC112785-Skata-2011-09-19_chunk003.wav,3.0,XC112785-Skata-2011-09-19.mp3
Eurasian_Magpie,XC112785-Skata-2011-09-19,4,data/processed/Eurasian_Magpie/XC112785-Skata-2011-09-19_chunk004.wav,3.0,XC112785-Skata-2011-09-19.mp3
Eurasian_Magpie,XC112785-Skata-2011-09-19,5,data/processed/Eurasian_Magpie/XC112785-Skata-2011-09-19_chunk005.wav,3.0,XC112785-Skata-2011-09-19.mp3
Eurasian_Magpie,XC112785-Skata-2011-09-19,6,data/processed/Eurasian_Magpie/XC112785-Skata-2011-09-19_chunk006.wav,3.0,XC112785-Skata-2011-09-19.mp3
Eurasian_Magpie,XC112785-Skata-2011-09-19,7,data/processed/Eurasian_Magpie/XC112785-Skata-2011-09-19_chunk007.wav,3.0,XC112785-Skata-2011-09-19.mp3
Eurasian_Magpie,XC112785-Skata-2011-09-19,8,data/processed/Eurasian_Magpie/XC112785-Skata-2011-09-19_chunk008.wav,3.0,XC112785-Skata-2011-09-19.mp3
Eurasian_Magpie,XC112785-Skata-2011-09-19,9,data/processed/Eurasian_Magpie/XC112785-Skata-2011-09-19_chunk009.wav,3.0,XC112785-Skata-2011-09-19.mp3
Eurasian_Magpie,XC112785-Skata-2011-09-19,10,data/processed/Eurasian_Magpie/XC112785-Skata-2011-09-19_chunk010.wav,3.0,XC112785-Skata-2011-09-19.mp3
Eurasian_Magpie,XC112785-Skata-2011-09-19,11,data/processed/Eurasian_Magpie/XC112785-Skata-2011-09-19_chunk011.wav,3.0,XC112785-Skata-2011-09-19.mp3
Eurasian_Magpie,XC112785-Skata-2011-09-19,12,data/processed/Eurasian_Magpie/XC112785-Skata-2011-09-19_chunk012.wav,3.0,XC112785-Skata-2011-09-19.mp3
Eurasian_Magpie,XC112785-Skata-2011-09-19,13,data/processed/Eurasian_Magpie/XC112785-Skata-2011-09-19_chunk013.wav,3.0,XC112785-Skata-2011-09-19.mp3
Eurasian_Magpie,XC112785-Skata-2011-09-19,14,data/processed/Eurasian_Magpie/XC112785-Skata-2011-09-19_chunk014.wav,3.0,XC112785-Skata-2011-09-19.mp3
Eurasian_Magpie,XC112785-Skata-2011-09-19,15,data/processed/Eurasian_Magpie/XC112785-Skata-2011-09-19_chunk015.wav,3.0,XC112785-Skata-2011-09-19.mp3
Eurasian_Magpie,XC112785-Skata-2011-09-19,16,data/processed/Eurasian_Magpie/XC112785-Skata-2011-09-19_chunk016.wav,3.0,XC112785-Skata-2011-09-19.mp3
Eurasian_Magpie,XC112785-Skata-2011-09-19,17,data/processed/Eurasian_Magpie/XC112785-Skata-2011-09-19_chunk017.wav,3.0,XC112785-Skata-2011-09-19.mp3
Eurasian_Magpie,XC112785-Skata-2011-09-19,18,data/processed/Eurasian_Magpie/XC112785-Skata-2011-09-19_chunk018.wav,3.0,XC112785-Skata-2011-09-19.mp3
Eurasian_Magpie,XC112785-Skata-2011-09-19,19,data/processed/Eurasian_Magpie/XC112785-Skata-2011-09-19_chunk019.wav,3.0,XC112785-Skata-2011-09-19.mp3
Eurasian_Magpie,XC112785-Skata-2011-09-19,20,data/processed/Eurasian_Magpie/XC112785-Skata-2011-09-19_chunk020.wav,3.0,XC112785-Skata-2011-09-19.mp3
Eurasian_Magpie,XC112785-Skata-2011-09-19,21,data/processed/Eurasian_Magpie/XC112785-Skata-2011-09-19_chunk021.wav,3.0,XC112785-Skata-2011-09-19.mp3
Eurasian_Magpie,XC112785-Skata-2011-09-19,22,data/processed/Eurasian_Magpie/XC112785-Skata-2011-09-19_chunk022.wav,3.0,XC112785-Skata-2011-09-19.mp3
Eurasian_Magpie,XC113580-Pica_pica_Poland_Jarek_Matusiak_20121127-23,0,data/processed/Eurasian_Magpie/XC113580-Pica_pica_Poland_Jarek_Matusiak_20121127-23_chunk000.wav,3.0,XC113580-Pica_pica_Poland_Jarek_Matusiak_20121127-23.mp3
Eurasian_Magpie,XC113580-Pica_pica_Poland_Jarek_Matusiak_20121127-23,1,data/processed/Eurasian_Magpie/XC113580-Pica_pica_Poland_Jarek_Matusiak_20121127-23_chunk001.wav,3.0,XC113580-Pica_pica_Poland_Jarek_Matusiak_20121127-23.mp3
Eurasian_Magpie,XC113580-Pica_pica_Poland_Jarek_Matusiak_20121127-23,2,data/processed/Eurasian_Magpie/XC113580-Pica_pica_Poland_Jarek_Matusiak_20121127-23_chunk002.wav,3.0,XC113580-Pica_pica_Poland_Jarek_Matusiak_20121127-23.mp3
Eurasian_Magpie,XC113580-Pica_pica_Poland_Jarek_Matusiak_20121127-23,3,data/processed/Eurasian_Magpie/XC113580-Pica_pica_Poland_Jarek_Matusiak_20121127-23_chunk003.wav,3.0,XC113580-Pica_pica_Poland_Jarek_Matusiak_20121127-23.mp3
Eurasian_Magpie,XC113580-Pica_pica_Poland_Jarek_Matusiak_20121127-23,4,data/processed/Eurasian_Magpie/XC113580-Pica_pica_Poland_Jarek_Matusiak_20121127-23_chunk004.wav,3.0,XC113580-Pica_pica_Poland_Jarek_Matusiak_20121127-23.mp3
Eurasian_Magpie,XC113580-Pica_pica_Poland_Jarek_Matusiak_20121127-23,5,data/processed/Eurasian_Magpie/XC113580-Pica_pica_Poland_Jarek_Matusiak_20121127-23_chunk005.wav,3.0,XC113580-Pica_pica_Poland_Jarek_Matusiak_20121127-23.mp3
Eurasian_Magpie,XC113580-Pica_pica_Poland_Jarek_Matusiak_20121127-23,6,data/processed/Eurasian_Magpie/XC113580-Pica_pica_Poland_Jarek_Matusiak_20121127-23_chunk006.wav,3.0,XC113580-Pica_pica_Poland_Jarek_Matusiak_20121127-23.mp3
Eurasian_Magpie,XC113580-Pica_pica_Poland_Jarek_Matusiak_20121127-23,7,data/processed/Eurasian_Magpie/XC113580-Pica_pica_Poland_Jarek_Matusiak_20121127-23_chunk007.wav,3.0,XC113580-Pica_pica_Poland_Jarek_Matusiak_20121127-23.mp3
Eurasian_Magpie,XC113580-Pica_pica_Poland_Jarek_Matusiak_20121127-23,8,data/processed/Eurasian_Magpie/XC113580-Pica_pica_Poland_Jarek_Matusiak_20121127-23_chunk008.wav,3.0,XC113580-Pica_pica_Poland_Jarek_Matusiak_20121127-23.mp3
Eurasian_Magpie,XC113580-Pica_pica_Poland_Jarek_Matusiak_20121127-23,9,data/processed/Eurasian_Magpie/XC113580-Pica_pica_Poland_Jarek_Matusiak_20121127-23_chunk009.wav,3.0,XC113580-Pica_pica_Poland_Jarek_Matusiak_20121127-23.mp3
Eurasian_Magpie,XC113580-Pica_pica_Poland_Jarek_Matusiak_20121127-23,10,data/processed/Eurasian_Magpie/XC113580-Pica_pica_Poland_Jarek_Matusiak_20121127-23_chunk010.wav,3.0,XC113580-Pica_pica_Poland_Jarek_Matusiak_20121127-23.mp3
Eurasian_Magpie,XC113580-Pica_pica_Poland_Jarek_Matusiak_20121127-23,11,data/processed/Eurasian_Magpie/XC113580-Pica_pica_Poland_Jarek_Matusiak_20121127-23_chunk011.wav,3.0,XC113580-Pica_pica_Poland_Jarek_Matusiak_20121127-23.mp3
Eurasian_Magpie,XC113580-Pica_pica_Poland_Jarek_Matusiak_20121127-23,12,data/processed/Eurasian_Magpie/XC113580-Pica_pica_Poland_Jarek_Matusiak_20121127-23_chunk012.wav,3.0,XC113580-Pica_pica_Poland_Jarek_Matusiak_20121127-23.mp3
Eurasian_Magpie,XC113580-Pica_pica_Poland_Jarek_Matusiak_20121127-23,13,data/processed/Eurasian_Magpie/XC113580-Pica_pica_Poland_Jarek_Matusiak_20121127-23_chunk013.wav,3.0,XC113580-Pica_pica_Poland_Jarek_Matusiak_20121127-23.mp3
Eurasian_Magpie,XC113580-Pica_pica_Poland_Jarek_Matusiak_20121127-23,14,data/processed/Eurasian_Magpie/XC113580-Pica_pica_Poland_Jarek_Matusiak_20121127-23_chunk014.wav,3.0,XC113580-Pica_pica_Poland_Jarek_Matusiak_20121127-23.mp3
Eurasian_Magpie,XC113580-Pica_pica_Poland_Jarek_Matusiak_20121127-23,15,data/processed/Eurasian_Magpie/XC113580-Pica_pica_Poland_Jarek_Matusiak_20121127-23_chunk015.wav,3.0,XC113580-Pica_pica_Poland_Jarek_Matusiak_20121127-23.mp3
Eurasian_Magpie,XC113580-Pica_pica_Poland_Jarek_Matusiak_20121127-23,16,data/processed/Eurasian_Magpie/XC113580-Pica_pica_Poland_Jarek_Matusiak_20121127-23_chunk016.wav,3.0,XC113580-Pica_pica_Poland_Jarek_Matusiak_20121127-23.mp3
Eurasian_Magpie,XC113580-Pica_pica_Poland_Jarek_Matusiak_20121127-23,17,data/processed/Eurasian_Magpie/XC113580-Pica_pica_Poland_Jarek_Matusiak_20121127-23_chunk017.wav,3.0,XC113580-Pica_pica_Poland_Jarek_Matusiak_20121127-23.mp3
Eurasian_Magpie,XC113580-Pica_pica_Poland_Jarek_Matusiak_20121127-23,18,data/processed/Eurasian_Magpie/XC113580-Pica_pica_Poland_Jarek_Matusiak_20121127-23_chunk018.wav,3.0,XC113580-Pica_pica_Poland_Jarek_Matusiak_20121127-23.mp3
Eurasian_Magpie,XC113580-Pica_pica_Poland_Jarek_Matusiak_20121127-23,19,data/processed/Eurasian_Magpie/XC113580-Pica_pica_Poland_Jarek_Matusiak_20121127-23_chunk019.wav,3.0,XC113580-Pica_pica_Poland_Jarek_Matusiak_20121127-23.mp3
Eurasian_Magpie,XC113580-Pica_pica_Poland_Jarek_Matusiak_20121127-23,20,data/processed/Eurasian_Magpie/XC113580-Pica_pica_Poland_Jarek_Matusiak_20121127-23_chunk020.wav,3.0,XC113580-Pica_pica_Poland_Jarek_Matusiak_20121127-23.mp3
Eurasian_Magpie,XC113580-Pica_pica_Poland_Jarek_Matusiak_20121127-23,21,data/processed/Eurasian_Magpie/XC113580-Pica_pica_Poland_Jarek_Matusiak_20121127-23_chunk021.wav,3.0,XC113580-Pica_pica_Poland_Jarek_Matusiak_20121127-23.mp3
Eurasian_Magpie,XC113580-Pica_pica_Poland_Jarek_Matusiak_20121127-23,22,data/processed/Eurasian_Magpie/XC113580-Pica_pica_Poland_Jarek_Matusiak_20121127-23_chunk022.wav,3.0,XC113580-Pica_pica_Poland_Jarek_Matusiak_20121127-23.mp3
Eurasian_Magpie,XC113580-Pica_pica_Poland_Jarek_Matusiak_20121127-23,23,data/processed/Eurasian_Magpie/XC113580-Pica_pica_Poland_Jarek_Matusiak_20121127-23_chunk023.wav,3.0,XC113580-Pica_pica_Poland_Jarek_Matusiak_20121127-23.mp3
Eurasian_Magpie,XC113580-Pica_pica_Poland_Jarek_Matusiak_20121127-23,24,data/processed/Eurasian_Magpie/XC113580-Pica_pica_Poland_Jarek_Matusiak_20121127-23_chunk024.wav,3.0,XC113580-Pica_pica_Poland_Jarek_Matusiak_20121127-23.mp3
Eurasian_Magpie,XC113580-Pica_pica_Poland_Jarek_Matusiak_20121127-23,25,data/processed/Eurasian_Magpie/XC113580-Pica_pica_Poland_Jarek_Matusiak_20121127-23_chunk025.wav,3.0,XC113580-Pica_pica_Poland_Jarek_Matusiak_20121127-23.mp3
Eurasian_Magpie,XC113580-Pica_pica_Poland_Jarek_Matusiak_20121127-23,26,data/processed/Eurasian_Magpie/XC113580-Pica_pica_Poland_Jarek_Matusiak_20121127-23_chunk026.wav,3.0,XC113580-Pica_pica_Poland_Jarek_Matusiak_20121127-23.mp3
Eurasian_Magpie,XC113580-Pica_pica_Poland_Jarek_Matusiak_20121127-23,27,data/processed/Eurasian_Magpie/XC113580-Pica_pica_Poland_Jarek_Matusiak_20121127-23_chunk027.wav,3.0,XC113580-Pica_pica_Poland_Jarek_Matusiak_20121127-23.mp3
Eurasian_Magpie,XC113580-Pica_pica_Poland_Jarek_Matusiak_20121127-23,28,data/processed/Eurasian_Magpie/XC113580-Pica_pica_Poland_Jarek_Matusiak_20121127-23_chunk028.wav,3.0,XC113580-Pica_pica_Poland_Jarek_Matusiak_20121127-23.mp3
Eurasian_Magpie,XC113580-Pica_pica_Poland_Jarek_Matusiak_20121127-23,29,data/processed/Eurasian_Magpie/XC113580-Pica_pica_Poland_Jarek_Matusiak_20121127-23_chunk029.wav,3.0,XC113580-Pica_pica_Poland_Jarek_Matusiak_20121127-23.mp3
Eurasian_Magpie,XC113580-Pica_pica_Poland_Jarek_Matusiak_20121127-23,30,data/processed/Eurasian_Magpie/XC113580-Pica_pica_Poland_Jarek_Matusiak_20121127-23_chunk030.wav,3.0,XC113580-Pica_pica_Poland_Jarek_Matusiak_20121127-23.mp3
Eurasian_Magpie,XC113580-Pica_pica_Poland_Jarek_Matusiak_20121127-23,31,data/processed/Eurasian_Magpie/XC113580-Pica_pica_Poland_Jarek_Matusiak_20121127-23_chunk031.wav,3.0,XC113580-Pica_pica_Poland_Jarek_Matusiak_20121127-23.mp3
Eurasian_Magpie,XC113580-Pica_pica_Poland_Jarek_Matusiak_20121127-23,32,data/processed/Eurasian_Magpie/XC113580-Pica_pica_Poland_Jarek_Matusiak_20121127-23_chunk032.wav,3.0,XC113580-Pica_pica_Poland_Jarek_Matusiak_20121127-23.mp3
Eurasian_Magpie,XC113580-Pica_pica_Poland_Jarek_Matusiak_20121127-23,33,data/processed/Eurasian_Magpie/XC113580-Pica_pica_Poland_Jarek_Matusiak_20121127-23_chunk033.wav,3.0,XC113580-Pica_pica_Poland_Jarek_Matusiak_20121127-23.mp3
Eurasian_Magpie,XC113580-Pica_pica_Poland_Jarek_Matusiak_20121127-23,34,data/processed/Eurasian_Magpie/XC113580-Pica_pica_Poland_Jarek_Matusiak_20121127-23_chunk034.wav,3.0,XC113580-Pica_pica_Poland_Jarek_Matusiak_20121127-23.mp3
Eurasian_Magpie,XC113580-Pica_pica_Poland_Jarek_Matusiak_20121127-23,35,data/processed/Eurasian_Magpie/XC113580-Pica_pica_Poland_Jarek_Matusiak_20121127-23_chunk035.wav,3.0,XC113580-Pica_pica_Poland_Jarek_Matusiak_20121127-23.mp3
Eurasian_Magpie,XC113580-Pica_pica_Poland_Jarek_Matusiak_20121127-23,36,data/processed/Eurasian_Magpie/XC113580-Pica_pica_Poland_Jarek_Matusiak_20121127-23_chunk036.wav,3.0,XC113580-Pica_pica_Poland_Jarek_Matusiak_20121127-23.mp3
Eurasian_Magpie,XC113580-Pica_pica_Poland_Jarek_Matusiak_20121127-23,37,data/processed/Eurasian_Magpie/XC113580-Pica_pica_Poland_Jarek_Matusiak_20121127-23_chunk037.wav,3.0,XC113580-Pica_pica_Poland_Jarek_Matusiak_20121127-23.mp3
Eurasian_Magpie,XC113580-Pica_pica_Poland_Jarek_Matusiak_20121127-23,38,data/processed/Eurasian_Magpie/XC113580-Pica_pica_Poland_Jarek_Matusiak_20121127-23_chunk038.wav,3.0,XC113580-Pica_pica_Poland_Jarek_Matusiak_20121127-23.mp3
Eurasian_Magpie,XC113580-Pica_pica_Poland_Jarek_Matusiak_20121127-23,39,data/processed/Eurasian_Magpie/XC113580-Pica_pica_Poland_Jarek_Matusiak_20121127-23_chunk039.wav,3.0,XC113580-Pica_pica_Poland_Jarek_Matusiak_20121127-23.mp3
Eurasian_Magpie,XC113580-Pica_pica_Poland_Jarek_Matusiak_20121127-23,40,data/processed/Eurasian_Magpie/XC113580-Pica_pica_Poland_Jarek_Matusiak_20121127-23_chunk040.wav,3.0,XC113580-Pica_pica_Poland_Jarek_Matusiak_20121127-23.mp3
Eurasian_Magpie,XC113580-Pica_pica_Poland_Jarek_Matusiak_20121127-23,41,data/processed/Eurasian_Magpie/XC113580-Pica_pica_Poland_Jarek_Matusiak_20121127-23_chunk041.wav,3.0,XC113580-Pica_pica_Poland_Jarek_Matusiak_20121127-23.mp3
Eurasian_Magpie,XC113580-Pica_pica_Poland_Jarek_Matusiak_20121127-23,42,data/processed/Eurasian_Magpie/XC113580-Pica_pica_Poland_Jarek_Matusiak_20121127-23_chunk042.wav,3.0,XC113580-Pica_pica_Poland_Jarek_Matusiak_20121127-23.mp3
Eurasian_Magpie,XC113580-Pica_pica_Poland_Jarek_Matusiak_20121127-23,43,data/processed/Eurasian_Magpie/XC113580-Pica_pica_Poland_Jarek_Matusiak_20121127-23_chunk043.wav,3.0,XC113580-Pica_pica_Poland_Jarek_Matusiak_20121127-23.mp3
Eurasian_Magpie,XC113580-Pica_pica_Poland_Jarek_Matusiak_20121127-23,44,data/processed/Eurasian_Magpie/XC113580-Pica_pica_Poland_Jarek_Matusiak_20121127-23_chunk044.wav,3.0,XC113580-Pica_pica_Poland_Jarek_Matusiak_20121127-23.mp3
Eurasian_Magpie,XC113580-Pica_pica_Poland_Jarek_Matusiak_20121127-23,45,data/processed/Eurasian_Magpie/XC113580-Pica_pica_Poland_Jarek_Matusiak_20121127-23_chunk045.wav,3.0,XC113580-Pica_pica_Poland_Jarek_Matusiak_20121127-23.mp3
Eurasian_Magpie,XC113580-Pica_pica_Poland_Jarek_Matusiak_20121127-23,46,data/processed/Eurasian_Magpie/XC113580-Pica_pica_Poland_Jarek_Matusiak_20121127-23_chunk046.wav,3.0,XC113580-Pica_pica_Poland_Jarek_Matusiak_20121127-23.mp3
Eurasian_Magpie,XC113580-Pica_pica_Poland_Jarek_Matusiak_20121127-23,47,data/processed/Eurasian_Magpie/XC113580-Pica_pica_Poland_Jarek_Matusiak_20121127-23_chunk047.wav,3.0,XC113580-Pica_pica_Poland_Jarek_Matusiak_20121127-23.mp3
Eurasian_Magpie,XC113580-Pica_pica_Poland_Jarek_Matusiak_20121127-23,48,data/processed/Eurasian_Magpie/XC113580-Pica_pica_Poland_Jarek_Matusiak_20121127-23_chunk048.wav,3.0,XC113580-Pica_pica_Poland_Jarek_Matusiak_20121127-23.mp3
Eurasian_Magpie,XC113580-Pica_pica_Poland_Jarek_Matusiak_20121127-23,49,data/processed/Eurasian_Magpie/XC113580-Pica_pica_Poland_Jarek_Matusiak_20121127-23_chunk049.wav,3.0,XC113580-Pica_pica_Poland_Jarek_Matusiak_20121127-23.mp3
Eurasian_Magpie,XC118509-gazza14,0,data/processed/Eurasian_Magpie/XC118509-gazza14_chunk000.wav,3.0,XC118509-gazza14.mp3
Eurasian_Magpie,XC118509-gazza14,1,data/processed/Eurasian_Magpie/XC118509-gazza14_chunk001.wav,3.0,XC118509-gazza14.mp3
Eurasian_Magpie,XC118509-gazza14,2,data/processed/Eurasian_Magpie/XC118509-gazza14_chunk002.wav,3.0,XC118509-gazza14.mp3
Eurasian_Magpie,XC118509-gazza14,3,data/processed/Eurasian_Magpie/XC118509-gazza14_chunk003.wav,3.0,XC118509-gazza14.mp3
Eurasian_Magpie,XC118509-gazza14,4,data/processed/Eurasian_Magpie/XC118509-gazza14_chunk004.wav,3.0,XC118509-gazza14.mp3
Eurasian_Magpie,XC118509-gazza14,5,data/processed/Eurasian_Magpie/XC118509-gazza14_chunk005.wav,3.0,XC118509-gazza14.mp3
Eurasian_Magpie,XC118509-gazza14,6,data/processed/Eurasian_Magpie/XC118509-gazza14_chunk006.wav,3.0,XC118509-gazza14.mp3
Eurasian_Magpie,XC118509-gazza14,7,data/processed/Eurasian_Magpie/XC118509-gazza14_chunk007.wav,3.0,XC118509-gazza14.mp3
Eurasian_Magpie,XC118509-gazza14,8,data/processed/Eurasian_Magpie/XC118509-gazza14_chunk008.wav,3.0,XC118509-gazza14.mp3
Eurasian_Magpie,XC118518-gazza10,0,data/processed/Eurasian_Magpie/XC118518-gazza10_chunk000.wav,3.0,XC118518-gazza10.mp3
Eurasian_Magpie,XC118518-gazza10,1,data/processed/Eurasian_Magpie/XC118518-gazza10_chunk001.wav,3.0,XC118518-gazza10.mp3
Eurasian_Magpie,XC118520-gazza6,0,data/processed/Eurasian_Magpie/XC118520-gazza6_chunk000.wav,3.0,XC118520-gazza6.mp3
Eurasian_Magpie,XC118520-gazza6,1,data/processed/Eurasian_Magpie/XC118520-gazza6_chunk001.wav,3.0,XC118520-gazza6.mp3
Eurasian_Magpie,XC118520-gazza6,2,data/processed/Eurasian_Magpie/XC118520-gazza6_chunk002.wav,3.0,XC118520-gazza6.mp3
Eurasian_Magpie,XC118520-gazza6,3,data/processed/Eurasian_Magpie/XC118520-gazza6_chunk003.wav,3.0,XC118520-gazza6.mp3
Eurasian_Magpie,XC118520-gazza6,4,data/processed/Eurasian_Magpie/XC118520-gazza6_chunk004.wav,3.0,XC118520-gazza6.mp3
Eurasian_Magpie,XC121016-Magpie_20120218_100924_prep,0,data/processed/Eurasian_Magpie/XC121016-Magpie_20120218_100924_prep_chunk000.wav,3.0,XC121016-Magpie_20120218_100924_prep.mp3
Eurasian_Magpie,XC121016-Magpie_20120218_100924_prep,1,data/processed/Eurasian_Magpie/XC121016-Magpie_20120218_100924_prep_chunk001.wav,3.0,XC121016-Magpie_20120218_100924_prep.mp3
Eurasian_Magpie,XC121016-Magpie_20120218_100924_prep,2,data/processed/Eurasian_Magpie/XC121016-Magpie_20120218_100924_prep_chunk002.wav,3.0,XC121016-Magpie_20120218_100924_prep.mp3
Eurasian_Magpie,XC121016-Magpie_20120218_100924_prep,3,data/processed/Eurasian_Magpie/XC121016-Magpie_20120218_100924_prep_chunk003.wav,3.0,XC121016-Magpie_20120218_100924_prep.mp3
Eurasian_Magpie,XC121016-Magpie_20120218_100924_prep,4,data/processed/Eurasian_Magpie/XC121016-Magpie_20120218_100924_prep_chunk004.wav,3.0,XC121016-Magpie_20120218_100924_prep.mp3
Eurasian_Magpie,XC121016-Magpie_20120218_100924_prep,5,data/processed/Eurasian_Magpie/XC121016-Magpie_20120218_100924_prep_chunk005.wav,3.0,XC121016-Magpie_20120218_100924_prep.mp3
Eurasian_Magpie,XC121016-Magpie_20120218_100924_prep,6,data/processed/Eurasian_Magpie/XC121016-Magpie_20120218_100924_prep_chunk006.wav,3.0,XC121016-Magpie_20120218_100924_prep.mp3
Eurasian_Magpie,XC121016-Magpie_20120218_100924_prep,7,data/processed/Eurasian_Magpie/XC121016-Magpie_20120218_100924_prep_chunk007.wav,3.0,XC121016-Magpie_20120218_100924_prep.mp3
Eurasian_Magpie,XC121016-Magpie_20120218_100924_prep,8,data/processed/Eurasian_Magpie/XC121016-Magpie_20120218_100924_prep_chunk008.wav,3.0,XC121016-Magpie_20120218_100924_prep.mp3
Eurasian_Magpie,XC121016-Magpie_20120218_100924_prep,9,data/processed/Eurasian_Magpie/XC121016-Magpie_20120218_100924_prep_chunk009.wav,3.0,XC121016-Magpie_20120218_100924_prep.mp3
Eurasian_Magpie,XC121016-Magpie_20120218_100924_prep,10,data/processed/Eurasian_Magpie/XC121016-Magpie_20120218_100924_prep_chunk010.wav,3.0,XC121016-Magpie_20120218_100924_prep.mp3
Eurasian_Magpie,XC121016-Magpie_20120218_100924_prep,11,data/processed/Eurasian_Magpie/XC121016-Magpie_20120218_100924_prep_chunk011.wav,3.0,XC121016-Magpie_20120218_100924_prep.mp3
Eurasian_Magpie,XC121016-Magpie_20120218_100924_prep,12,data/processed/Eurasian_Magpie/XC121016-Magpie_20120218_100924_prep_chunk012.wav,3.0,XC121016-Magpie_20120218_100924_prep.mp3
Eurasian_Magpie,XC121016-Magpie_20120218_100924_prep,13,data/processed/Eurasian_Magpie/XC121016-Magpie_20120218_100924_prep_chunk013.wav,3.0,XC121016-Magpie_20120218_100924_prep.mp3
Eurasian_Magpie,XC121016-Magpie_20120218_100924_prep,14,data/processed/Eurasian_Magpie/XC121016-Magpie_20120218_100924_prep_chunk014.wav,3.0,XC121016-Magpie_20120218_100924_prep.mp3
Eurasian_Magpie,XC121016-Magpie_20120218_100924_prep,15,data/processed/Eurasian_Magpie/XC121016-Magpie_20120218_100924_prep_chunk015.wav,3.0,XC121016-Magpie_20120218_100924_prep.mp3
Eurasian_Magpie,XC121016-Magpie_20120218_100924_prep,16,data/processed/Eurasian_Magpie/XC121016-Magpie_20120218_100924_prep_chunk016.wav,3.0,XC121016-Magpie_20120218_100924_prep.mp3
Eurasian_Magpie,XC121016-Magpie_20120218_100924_prep,17,data/processed/Eurasian_Magpie/XC121016-Magpie_20120218_100924_prep_chunk017.wav,3.0,XC121016-Magpie_20120218_100924_prep.mp3
Eurasian_Magpie,XC121016-Magpie_20120218_100924_prep,18,data/processed/Eurasian_Magpie/XC121016-Magpie_20120218_100924_prep_chunk018.wav,3.0,XC121016-Magpie_20120218_100924_prep.mp3
Eurasian_Magpie,XC121016-Magpie_20120218_100924_prep,19,data/processed/Eurasian_Magpie/XC121016-Magpie_20120218_100924_prep_chunk019.wav,3.0,XC121016-Magpie_20120218_100924_prep.mp3
Eurasian_Magpie,XC121053-130203-003picapica,0,data/processed/Eurasian_Magpie/XC121053-130203-003picapica_chunk000.wav,3.0,XC121053-130203-003picapica.mp3
Eurasian_Magpie,XC121053-130203-003picapica,1,data/processed/Eurasian_Magpie/XC121053-130203-003picapica_chunk001.wav,3.0,XC121053-130203-003picapica.mp3
Eurasian_Magpie,XC121053-130203-003picapica,2,data/processed/Eurasian_Magpie/XC121053-130203-003picapica_chunk002.wav,3.0,XC121053-130203-003picapica.mp3
Eurasian_Magpie,XC121053-130203-003picapica,3,data/processed/Eurasian_Magpie/XC121053-130203-003picapica_chunk003.wav,3.0,XC121053-130203-003picapica.mp3
Eurasian_Magpie,XC121053-130203-003picapica,4,data/processed/Eurasian_Magpie/XC121053-130203-003picapica_chunk004.wav,3.0,XC121053-130203-003picapica.mp3
Eurasian_Magpie,XC121053-130203-003picapica,5,data/processed/Eurasian_Magpie/XC121053-130203-003picapica_chunk005.wav,3.0,XC121053-130203-003picapica.mp3
Eurasian_Magpie,XC121053-130203-003picapica,6,data/processed/Eurasian_Magpie/XC121053-130203-003picapica_chunk006.wav,3.0,XC121053-130203-003picapica.mp3
Eurasian_Magpie,XC121053-130203-003picapica,7,data/processed/Eurasian_Magpie/XC121053-130203-003picapica_chunk007.wav,3.0,XC121053-130203-003picapica.mp3
Eurasian_Magpie,XC121053-130203-003picapica,8,data/processed/Eurasian_Magpie/XC121053-130203-003picapica_chunk008.wav,3.0,XC121053-130203-003picapica.mp3
Eurasian_Magpie,XC121053-130203-003picapica,9,data/processed/Eurasian_Magpie/XC121053-130203-003picapica_chunk009.wav,3.0,XC121053-130203-003picapica.mp3
Eurasian_Magpie,XC121053-130203-003picapica,10,data/processed/Eurasian_Magpie/XC121053-130203-003picapica_chunk010.wav,3.0,XC121053-130203-003picapica.mp3
Eurasian_Magpie,XC121053-130203-003picapica,11,data/processed/Eurasian_Magpie/XC121053-130203-003picapica_chunk011.wav,3.0,XC121053-130203-003picapica.mp3
Eurasian_Magpie,XC121053-130203-003picapica,12,data/processed/Eurasian_Magpie/XC121053-130203-003picapica_chunk012.wav,3.0,XC121053-130203-003picapica.mp3
Eurasian_Magpie,XC121053-130203-003picapica,13,data/processed/Eurasian_Magpie/XC121053-130203-003picapica_chunk013.wav,3.0,XC121053-130203-003picapica.mp3
Eurasian_Magpie,XC121053-130203-003picapica,14,data/processed/Eurasian_Magpie/XC121053-130203-003picapica_chunk014.wav,3.0,XC121053-130203-003picapica.mp3
Eurasian_Magpie,XC121053-130203-003picapica,15,data/processed/Eurasian_Magpie/XC121053-130203-003picapica_chunk015.wav,3.0,XC121053-130203-003picapica.mp3
Eurasian_Magpie,XC121053-130203-003picapica,16,data/processed/Eurasian_Magpie/XC121053-130203-003picapica_chunk016.wav,3.0,XC121053-130203-003picapica.mp3
Eurasian_Magpie,XC121053-130203-003picapica,17,data/processed/Eurasian_Magpie/XC121053-130203-003picapica_chunk017.wav,3.0,XC121053-130203-003picapica.mp3
Eurasian_Magpie,XC121053-130203-003picapica,18,data/processed/Eurasian_Magpie/XC121053-130203-003picapica_chunk018.wav,3.0,XC121053-130203-003picapica.mp3
Eurasian_Magpie,XC121053-130203-003picapica,19,data/processed/Eurasian_Magpie/XC121053-130203-003picapica_chunk019.wav,3.0,XC121053-130203-003picapica.mp3
Eurasian_Magpie,XC121053-130203-003picapica,20,data/processed/Eurasian_Magpie/XC121053-130203-003picapica_chunk020.wav,3.0,XC121053-130203-003picapica.mp3
Eurasian_Magpie,XC121053-130203-003picapica,21,data/processed/Eurasian_Magpie/XC121053-130203-003picapica_chunk021.wav,3.0,XC121053-130203-003picapica.mp3
Eurasian_Magpie,XC121053-130203-003picapica,22,data/processed/Eurasian_Magpie/XC121053-130203-003picapica_chunk022.wav,3.0,XC121053-130203-003picapica.mp3
Eurasian_Magpie,XC121053-130203-003picapica,23,data/processed/Eurasian_Magpie/XC121053-130203-003picapica_chunk023.wav,3.0,XC121053-130203-003picapica.mp3
Eurasian_Magpie,XC121053-130203-003picapica,24,data/processed/Eurasian_Magpie/XC121053-130203-003picapica_chunk024.wav,3.0,XC121053-130203-003picapica.mp3
Eurasian_Magpie,XC121053-130203-003picapica,25,data/processed/Eurasian_Magpie/XC121053-130203-003picapica_chunk025.wav,3.0,XC121053-130203-003picapica.mp3
Eurasian_Magpie,XC121053-130203-003picapica,26,data/processed/Eurasian_Magpie/XC121053-130203-003picapica_chunk026.wav,3.0,XC121053-130203-003picapica.mp3
Eurasian_Magpie,XC121311-Pica_pica_Poland_Jarek_Matusiak_20130208-005,0,data/processed/Eurasian_Magpie/XC121311-Pica_pica_Poland_Jarek_Matusiak_20130208-005_chunk000.wav,3.0,XC121311-Pica_pica_Poland_Jarek_Matusiak_20130208-005 .mp3
Eurasian_Magpie,XC121311-Pica_pica_Poland_Jarek_Matusiak_20130208-005,1,data/processed/Eurasian_Magpie/XC121311-Pica_pica_Poland_Jarek_Matusiak_20130208-005_chunk001.wav,3.0,XC121311-Pica_pica_Poland_Jarek_Matusiak_20130208-005 .mp3
Eurasian_Magpie,XC121311-Pica_pica_Poland_Jarek_Matusiak_20130208-005,2,data/processed/Eurasian_Magpie/XC121311-Pica_pica_Poland_Jarek_Matusiak_20130208-005_chunk002.wav,3.0,XC121311-Pica_pica_Poland_Jarek_Matusiak_20130208-005 .mp3
Eurasian_Magpie,XC121311-Pica_pica_Poland_Jarek_Matusiak_20130208-005,3,data/processed/Eurasian_Magpie/XC121311-Pica_pica_Poland_Jarek_Matusiak_20130208-005_chunk003.wav,3.0,XC121311-Pica_pica_Poland_Jarek_Matusiak_20130208-005 .mp3
Eurasian_Magpie,XC121311-Pica_pica_Poland_Jarek_Matusiak_20130208-005,4,data/processed/Eurasian_Magpie/XC121311-Pica_pica_Poland_Jarek_Matusiak_20130208-005_chunk004.wav,3.0,XC121311-Pica_pica_Poland_Jarek_Matusiak_20130208-005 .mp3
Eurasian_Magpie,XC121311-Pica_pica_Poland_Jarek_Matusiak_20130208-005,5,data/processed/Eurasian_Magpie/XC121311-Pica_pica_Poland_Jarek_Matusiak_20130208-005_chunk005.wav,3.0,XC121311-Pica_pica_Poland_Jarek_Matusiak_20130208-005 .mp3
Eurasian_Magpie,XC121311-Pica_pica_Poland_Jarek_Matusiak_20130208-005,6,data/processed/Eurasian_Magpie/XC121311-Pica_pica_Poland_Jarek_Matusiak_20130208-005_chunk006.wav,3.0,XC121311-Pica_pica_Poland_Jarek_Matusiak_20130208-005 .mp3
Eurasian_Magpie,XC121311-Pica_pica_Poland_Jarek_Matusiak_20130208-005,7,data/processed/Eurasian_Magpie/XC121311-Pica_pica_Poland_Jarek_Matusiak_20130208-005_chunk007.wav,3.0,XC121311-Pica_pica_Poland_Jarek_Matusiak_20130208-005 .mp3
Eurasian_Magpie,XC121311-Pica_pica_Poland_Jarek_Matusiak_20130208-005,8,data/processed/Eurasian_Magpie/XC121311-Pica_pica_Poland_Jarek_Matusiak_20130208-005_chunk008.wav,3.0,XC121311-Pica_pica_Poland_Jarek_Matusiak_20130208-005 .mp3
Eurasian_Magpie,XC121311-Pica_pica_Poland_Jarek_Matusiak_20130208-005,9,data/processed/Eurasian_Magpie/XC121311-Pica_pica_Poland_Jarek_Matusiak_20130208-005_chunk009.wav,3.0,XC121311-Pica_pica_Poland_Jarek_Matusiak_20130208-005 .mp3
Eurasian_Magpie,XC121311-Pica_pica_Poland_Jarek_Matusiak_20130208-005,10,data/processed/Eurasian_Magpie/XC121311-Pica_pica_Poland_Jarek_Matusiak_20130208-005_chunk010.wav,3.0,XC121311-Pica_pica_Poland_Jarek_Matusiak_20130208-005 .mp3
Eurasian_Magpie,XC121311-Pica_pica_Poland_Jarek_Matusiak_20130208-005,11,data/processed/Eurasian_Magpie/XC121311-Pica_pica_Poland_Jarek_Matusiak_20130208-005_chunk011.wav,3.0,XC121311-Pica_pica_Poland_Jarek_Matusiak_20130208-005 .mp3
Eurasian_Magpie,XC121311-Pica_pica_Poland_Jarek_Matusiak_20130208-005,12,data/processed/Eurasian_Magpie/XC121311-Pica_pica_Poland_Jarek_Matusiak_20130208-005_chunk012.wav,3.0,XC121311-Pica_pica_Poland_Jarek_Matusiak_20130208-005 .mp3
Eurasian_Magpie,XC121311-Pica_pica_Poland_Jarek_Matusiak_20130208-005,13,data/processed/Eurasian_Magpie/XC121311-Pica_pica_Poland_Jarek_Matusiak_20130208-005_chunk013.wav,3.0,XC121311-Pica_pica_Poland_Jarek_Matusiak_20130208-005 .mp3
Eurasian_Magpie,XC121311-Pica_pica_Poland_Jarek_Matusiak_20130208-005,14,data/processed/Eurasian_Magpie/XC121311-Pica_pica_Poland_Jarek_Matusiak_20130208-005_chunk014.wav,3.0,XC121311-Pica_pica_Poland_Jarek_Matusiak_20130208-005 .mp3
Eurasian_Magpie,XC121311-Pica_pica_Poland_Jarek_Matusiak_20130208-005,15,data/processed/Eurasian_Magpie/XC121311-Pica_pica_Poland_Jarek_Matusiak_20130208-005_chunk015.wav,3.0,XC121311-Pica_pica_Poland_Jarek_Matusiak_20130208-005 .mp3
Eurasian_Magpie,XC121311-Pica_pica_Poland_Jarek_Matusiak_20130208-005,16,data/processed/Eurasian_Magpie/XC121311-Pica_pica_Poland_Jarek_Matusiak_20130208-005_chunk016.wav,3.0,XC121311-Pica_pica_Poland_Jarek_Matusiak_20130208-005 .mp3
Eurasian_Magpie,XC121311-Pica_pica_Poland_Jarek_Matusiak_20130208-005,17,data/processed/Eurasian_Magpie/XC121311-Pica_pica_Poland_Jarek_Matusiak_20130208-005_chunk017.wav,3.0,XC121311-Pica_pica_Poland_Jarek_Matusiak_20130208-005 .mp3
Eurasian_Magpie,XC121311-Pica_pica_Poland_Jarek_Matusiak_20130208-005,18,data/processed/Eurasian_Magpie/XC121311-Pica_pica_Poland_Jarek_Matusiak_20130208-005_chunk018.wav,3.0,XC121311-Pica_pica_Poland_Jarek_Matusiak_20130208-005 .mp3
Eurasian_Magpie,XC121311-Pica_pica_Poland_Jarek_Matusiak_20130208-005,19,data/processed/Eurasian_Magpie/XC121311-Pica_pica_Poland_Jarek_Matusiak_20130208-005_chunk019.wav,3.0,XC121311-Pica_pica_Poland_Jarek_Matusiak_20130208-005 .mp3
Eurasian_Magpie,XC121311-Pica_pica_Poland_Jarek_Matusiak_20130208-005,20,data/processed/Eurasian_Magpie/XC121311-Pica_pica_Poland_Jarek_Matusiak_20130208-005_chunk020.wav,3.0,XC121311-Pica_pica_Poland_Jarek_Matusiak_20130208-005 .mp3
Eurasian_Magpie,XC121311-Pica_pica_Poland_Jarek_Matusiak_20130208-005,21,data/processed/Eurasian_Magpie/XC121311-Pica_pica_Poland_Jarek_Matusiak_20130208-005_chunk021.wav,3.0,XC121311-Pica_pica_Poland_Jarek_Matusiak_20130208-005 .mp3
Eurasian_Magpie,XC121311-Pica_pica_Poland_Jarek_Matusiak_20130208-005,22,data/processed/Eurasian_Magpie/XC121311-Pica_pica_Poland_Jarek_Matusiak_20130208-005_chunk022.wav,3.0,XC121311-Pica_pica_Poland_Jarek_Matusiak_20130208-005 .mp3
Eurasian_Magpie,XC121311-Pica_pica_Poland_Jarek_Matusiak_20130208-005,23,data/processed/Eurasian_Magpie/XC121311-Pica_pica_Poland_Jarek_Matusiak_20130208-005_chunk023.wav,3.0,XC121311-Pica_pica_Poland_Jarek_Matusiak_20130208-005 .mp3
Eurasian_Magpie,XC121311-Pica_pica_Poland_Jarek_Matusiak_20130208-005,24,data/processed/Eurasian_Magpie/XC121311-Pica_pica_Poland_Jarek_Matusiak_20130208-005_chunk024.wav,3.0,XC121311-Pica_pica_Poland_Jarek_Matusiak_20130208-005 .mp3
Eurasian_Magpie,XC121311-Pica_pica_Poland_Jarek_Matusiak_20130208-005,25,data/processed/Eurasian_Magpie/XC121311-Pica_pica_Poland_Jarek_Matusiak_20130208-005_chunk025.wav,3.0,XC121311-Pica_pica_Poland_Jarek_Matusiak_20130208-005 .mp3
Eurasian_Magpie,XC121311-Pica_pica_Poland_Jarek_Matusiak_20130208-005,26,data/processed/Eurasian_Magpie/XC121311-Pica_pica_Poland_Jarek_Matusiak_20130208-005_chunk026.wav,3.0,XC121311-Pica_pica_Poland_Jarek_Matusiak_20130208-005 .mp3
Eurasian_Magpie,XC121311-Pica_pica_Poland_Jarek_Matusiak_20130208-005,27,data/processed/Eurasian_Magpie/XC121311-Pica_pica_Poland_Jarek_Matusiak_20130208-005_chunk027.wav,3.0,XC121311-Pica_pica_Poland_Jarek_Matusiak_20130208-005 .mp3
Eurasian_Magpie,XC121311-Pica_pica_Poland_Jarek_Matusiak_20130208-005,28,data/processed/Eurasian_Magpie/XC121311-Pica_pica_Poland_Jarek_Matusiak_20130208-005_chunk028.wav,3.0,XC121311-Pica_pica_Poland_Jarek_Matusiak_20130208-005 .mp3
Eurasian_Magpie,XC121311-Pica_pica_Poland_Jarek_Matusiak_20130208-005,29,data/processed/Eurasian_Magpie/XC121311-Pica_pica_Poland_Jarek_Matusiak_20130208-005_chunk029.wav,3.0,XC121311-Pica_pica_Poland_Jarek_Matusiak_20130208-005 .mp3
Eurasian_Magpie,XC121311-Pica_pica_Poland_Jarek_Matusiak_20130208-005,30,data/processed/Eurasian_Magpie/XC121311-Pica_pica_Poland_Jarek_Matusiak_20130208-005_chunk030.wav,3.0,XC121311-Pica_pica_Poland_Jarek_Matusiak_20130208-005 .mp3
Eurasian_Magpie,XC121311-Pica_pica_Poland_Jarek_Matusiak_20130208-005,31,data/processed/Eurasian_Magpie/XC121311-Pica_pica_Poland_Jarek_Matusiak_20130208-005_chunk031.wav,3.0,XC121311-Pica_pica_Poland_Jarek_Matusiak_20130208-005 .mp3
Eurasian_Magpie,XC121311-Pica_pica_Poland_Jarek_Matusiak_20130208-005,32,data/processed/Eurasian_Magpie/XC121311-Pica_pica_Poland_Jarek_Matusiak_20130208-005_chunk032.wav,3.0,XC121311-Pica_pica_Poland_Jarek_Matusiak_20130208-005 .mp3
Eurasian_Magpie,XC121311-Pica_pica_Poland_Jarek_Matusiak_20130208-005,33,data/processed/Eurasian_Magpie/XC121311-Pica_pica_Poland_Jarek_Matusiak_20130208-005_chunk033.wav,3.0,XC121311-Pica_pica_Poland_Jarek_Matusiak_20130208-005 .mp3
Eurasian_Magpie,XC121311-Pica_pica_Poland_Jarek_Matusiak_20130208-005,34,data/processed/Eurasian_Magpie/XC121311-Pica_pica_Poland_Jarek_Matusiak_20130208-005_chunk034.wav,3.0,XC121311-Pica_pica_Poland_Jarek_Matusiak_20130208-005 .mp3
Eurasian_Magpie,XC121311-Pica_pica_Poland_Jarek_Matusiak_20130208-005,35,data/processed/Eurasian_Magpie/XC121311-Pica_pica_Poland_Jarek_Matusiak_20130208-005_chunk035.wav,3.0,XC121311-Pica_pica_Poland_Jarek_Matusiak_20130208-005 .mp3
Eurasian_Magpie,XC121311-Pica_pica_Poland_Jarek_Matusiak_20130208-005,36,data/processed/Eurasian_Magpie/XC121311-Pica_pica_Poland_Jarek_Matusiak_20130208-005_chunk036.wav,3.0,XC121311-Pica_pica_Poland_Jarek_Matusiak_20130208-005 .mp3
Eurasian_Magpie,XC121311-Pica_pica_Poland_Jarek_Matusiak_20130208-005,37,data/processed/Eurasian_Magpie/XC121311-Pica_pica_Poland_Jarek_Matusiak_20130208-005_chunk037.wav,3.0,XC121311-Pica_pica_Poland_Jarek_Matusiak_20130208-005 .mp3
Eurasian_Magpie,XC121311-Pica_pica_Poland_Jarek_Matusiak_20130208-005,38,data/processed/Eurasian_Magpie/XC121311-Pica_pica_Poland_Jarek_Matusiak_20130208-005_chunk038.wav,3.0,XC121311-Pica_pica_Poland_Jarek_Matusiak_20130208-005 .mp3
Eurasian_Magpie,XC121311-Pica_pica_Poland_Jarek_Matusiak_20130208-005,39,data/processed/Eurasian_Magpie/XC121311-Pica_pica_Poland_Jarek_Matusiak_20130208-005_chunk039.wav,3.0,XC121311-Pica_pica_Poland_Jarek_Matusiak_20130208-005 .mp3
Eurasian_Magpie,XC121311-Pica_pica_Poland_Jarek_Matusiak_20130208-005,40,data/processed/Eurasian_Magpie/XC121311-Pica_pica_Poland_Jarek_Matusiak_20130208-005_chunk040.wav,3.0,XC121311-Pica_pica_Poland_Jarek_Matusiak_20130208-005 .mp3
Eurasian_Magpie,XC121311-Pica_pica_Poland_Jarek_Matusiak_20130208-005,41,data/processed/Eurasian_Magpie/XC121311-Pica_pica_Poland_Jarek_Matusiak_20130208-005_chunk041.wav,3.0,XC121311-Pica_pica_Poland_Jarek_Matusiak_20130208-005 .mp3
Eurasian_Magpie,XC121311-Pica_pica_Poland_Jarek_Matusiak_20130208-005,42,data/processed/Eurasian_Magpie/XC121311-Pica_pica_Poland_Jarek_Matusiak_20130208-005_chunk042.wav,3.0,XC121311-Pica_pica_Poland_Jarek_Matusiak_20130208-005 .mp3
Eurasian_Magpie,XC121311-Pica_pica_Poland_Jarek_Matusiak_20130208-005,43,data/processed/Eurasian_Magpie/XC121311-Pica_pica_Poland_Jarek_Matusiak_20130208-005_chunk043.wav,3.0,XC121311-Pica_pica_Poland_Jarek_Matusiak_20130208-005 .mp3
Eurasian_Magpie,XC121311-Pica_pica_Poland_Jarek_Matusiak_20130208-005,44,data/processed/Eurasian_Magpie/XC121311-Pica_pica_Poland_Jarek_Matusiak_20130208-005_chunk044.wav,3.0,XC121311-Pica_pica_Poland_Jarek_Matusiak_20130208-005 .mp3
Eurasian_Magpie,XC121311-Pica_pica_Poland_Jarek_Matusiak_20130208-005,45,data/processed/Eurasian_Magpie/XC121311-Pica_pica_Poland_Jarek_Matusiak_20130208-005_chunk045.wav,3.0,XC121311-Pica_pica_Poland_Jarek_Matusiak_20130208-005 .mp3
Eurasian_Magpie,XC121311-Pica_pica_Poland_Jarek_Matusiak_20130208-005,46,data/processed/Eurasian_Magpie/XC121311-Pica_pica_Poland_Jarek_Matusiak_20130208-005_chunk046.wav,3.0,XC121311-Pica_pica_Poland_Jarek_Matusiak_20130208-005 .mp3
Eurasian_Magpie,XC121311-Pica_pica_Poland_Jarek_Matusiak_20130208-005,47,data/processed/Eurasian_Magpie/XC121311-Pica_pica_Poland_Jarek_Matusiak_20130208-005_chunk047.wav,3.0,XC121311-Pica_pica_Poland_Jarek_Matusiak_20130208-005 .mp3
Eurasian_Magpie,XC121311-Pica_pica_Poland_Jarek_Matusiak_20130208-005,48,data/processed/Eurasian_Magpie/XC121311-Pica_pica_Poland_Jarek_Matusiak_20130208-005_chunk048.wav,3.0,XC121311-Pica_pica_Poland_Jarek_Matusiak_20130208-005 .mp3
Eurasian_Magpie,XC121311-Pica_pica_Poland_Jarek_Matusiak_20130208-005,49,data/processed/Eurasian_Magpie/XC121311-Pica_pica_Poland_Jarek_Matusiak_20130208-005_chunk049.wav,3.0,XC121311-Pica_pica_Poland_Jarek_Matusiak_20130208-005 .mp3
Eurasian_Magpie,XC121311-Pica_pica_Poland_Jarek_Matusiak_20130208-005,50,data/processed/Eurasian_Magpie/XC121311-Pica_pica_Poland_Jarek_Matusiak_20130208-005_chunk050.wav,3.0,XC121311-Pica_pica_Poland_Jarek_Matusiak_20130208-005 .mp3
Eurasian_Magpie,XC121311-Pica_pica_Poland_Jarek_Matusiak_20130208-005,51,data/processed/Eurasian_Magpie/XC121311-Pica_pica_Poland_Jarek_Matusiak_20130208-005_chunk051.wav,3.0,XC121311-Pica_pica_Poland_Jarek_Matusiak_20130208-005 .mp3
Eurasian_Magpie,XC121311-Pica_pica_Poland_Jarek_Matusiak_20130208-005,52,data/processed/Eurasian_Magpie/XC121311-Pica_pica_Poland_Jarek_Matusiak_20130208-005_chunk052.wav,3.0,XC121311-Pica_pica_Poland_Jarek_Matusiak_20130208-005 .mp3
Eurasian_Magpie,XC121311-Pica_pica_Poland_Jarek_Matusiak_20130208-005,53,data/processed/Eurasian_Magpie/XC121311-Pica_pica_Poland_Jarek_Matusiak_20130208-005_chunk053.wav,3.0,XC121311-Pica_pica_Poland_Jarek_Matusiak_20130208-005 .mp3
Eurasian_Magpie,XC121311-Pica_pica_Poland_Jarek_Matusiak_20130208-005,54,data/processed/Eurasian_Magpie/XC121311-Pica_pica_Poland_Jarek_Matusiak_20130208-005_chunk054.wav,3.0,XC121311-Pica_pica_Poland_Jarek_Matusiak_20130208-005 .mp3
Eurasian_Magpie,XC121311-Pica_pica_Poland_Jarek_Matusiak_20130208-005,55,data/processed/Eurasian_Magpie/XC121311-Pica_pica_Poland_Jarek_Matusiak_20130208-005_chunk055.wav,3.0,XC121311-Pica_pica_Poland_Jarek_Matusiak_20130208-005 .mp3
Eurasian_Magpie,XC121311-Pica_pica_Poland_Jarek_Matusiak_20130208-005,56,data/processed/Eurasian_Magpie/XC121311-Pica_pica_Poland_Jarek_Matusiak_20130208-005_chunk056.wav,3.0,XC121311-Pica_pica_Poland_Jarek_Matusiak_20130208-005 .mp3
Eurasian_Magpie,XC121311-Pica_pica_Poland_Jarek_Matusiak_20130208-005,57,data/processed/Eurasian_Magpie/XC121311-Pica_pica_Poland_Jarek_Matusiak_20130208-005_chunk057.wav,3.0,XC121311-Pica_pica_Poland_Jarek_Matusiak_20130208-005 .mp3
Eurasian_Magpie,XC121311-Pica_pica_Poland_Jarek_Matusiak_20130208-005,58,data/processed/Eurasian_Magpie/XC121311-Pica_pica_Poland_Jarek_Matusiak_20130208-005_chunk058.wav,3.0,XC121311-Pica_pica_Poland_Jarek_Matusiak_20130208-005 .mp3
Eurasian_Magpie,XC127473-pipic,0,data/processed/Eurasian_Magpie/XC127473-pipic_chunk000.wav,3.0,XC127473-pipic.mp3
Eurasian_Magpie,XC127473-pipic,1,data/processed/Eurasian_Magpie/XC127473-pipic_chunk001.wav,3.0,XC127473-pipic.mp3
Eurasian_Magpie,XC127473-pipic,2,data/processed/Eurasian_Magpie/XC127473-pipic_chunk002.wav,3.0,XC127473-pipic.mp3
Eurasian_Magpie,XC127473-pipic,3,data/processed/Eurasian_Magpie/XC127473-pipic_chunk003.wav,3.0,XC127473-pipic.mp3
Eurasian_Magpie,XC138213-STE-046,0,data/processed/Eurasian_Magpie/XC138213-STE-046_chunk000.wav,3.0,XC138213-STE-046 Pies jacassement crépusculaire rossignol paon.mp3
Eurasian_Magpie,XC138213-STE-046,1,data/processed/Eurasian_Magpie/XC138213-STE-046_chunk001.wav,3.0,XC138213-STE-046 Pies jacassement crépusculaire rossignol paon.mp3
Eurasian_Magpie,XC138213-STE-046,2,data/processed/Eurasian_Magpie/XC138213-STE-046_chunk002.wav,3.0,XC138213-STE-046 Pies jacassement crépusculaire rossignol paon.mp3
Eurasian_Magpie,XC138213-STE-046,3,data/processed/Eurasian_Magpie/XC138213-STE-046_chunk003.wav,3.0,XC138213-STE-046 Pies jacassement crépusculaire rossignol paon.mp3
Eurasian_Magpie,XC138213-STE-046,4,data/processed/Eurasian_Magpie/XC138213-STE-046_chunk004.wav,3.0,XC138213-STE-046 Pies jacassement crépusculaire rossignol paon.mp3
Eurasian_Magpie,XC138213-STE-046,5,data/processed/Eurasian_Magpie/XC138213-STE-046_chunk005.wav,3.0,XC138213-STE-046 Pies jacassement crépusculaire rossignol paon.mp3
Eurasian_Magpie,XC138213-STE-046,6,data/processed/Eurasian_Magpie/XC138213-STE-046_chunk006.wav,3.0,XC138213-STE-046 Pies jacassement crépusculaire rossignol paon.mp3
Eurasian_Magpie,XC138213-STE-046,7,data/processed/Eurasian_Magpie/XC138213-STE-046_chunk007.wav,3.0,XC138213-STE-046 Pies jacassement crépusculaire rossignol paon.mp3
Eurasian_Magpie,XC138213-STE-046,8,data/processed/Eurasian_Magpie/XC138213-STE-046_chunk008.wav,3.0,XC138213-STE-046 Pies jacassement crépusculaire rossignol paon.mp3
Eurasian_Magpie,XC138213-STE-046,9,data/processed/Eurasian_Magpie/XC138213-STE-046_chunk009.wav,3.0,XC138213-STE-046 Pies jacassement crépusculaire rossignol paon.mp3
Eurasian_Magpie,XC138213-STE-046,10,data/processed/Eurasian_Magpie/XC138213-STE-046_chunk010.wav,3.0,XC138213-STE-046 Pies jacassement crépusculaire rossignol paon.mp3
Eurasian_Magpie,XC138213-STE-046,11,data/processed/Eurasian_Magpie/XC138213-STE-046_chunk011.wav,3.0,XC138213-STE-046 Pies jacassement crépusculaire rossignol paon.mp3
Eurasian_Magpie,XC138213-STE-046,12,data/processed/Eurasian_Magpie/XC138213-STE-046_chunk012.wav,3.0,XC138213-STE-046 Pies jacassement crépusculaire rossignol paon.mp3
Eurasian_Magpie,XC138213-STE-046,13,data/processed/Eurasian_Magpie/XC138213-STE-046_chunk013.wav,3.0,XC138213-STE-046 Pies jacassement crépusculaire rossignol paon.mp3
Eurasian_Magpie,XC138213-STE-046,14,data/processed/Eurasian_Magpie/XC138213-STE-046_chunk014.wav,3.0,XC138213-STE-046 Pies jacassement crépusculaire rossignol paon.mp3
Eurasian_Magpie,XC138213-STE-046,15,data/processed/Eurasian_Magpie/XC138213-STE-046_chunk015.wav,3.0,XC138213-STE-046 Pies jacassement crépusculaire rossignol paon.mp3
Eurasian_Magpie,XC138213-STE-046,16,data/processed/Eurasian_Magpie/XC138213-STE-046_chunk016.wav,3.0,XC138213-STE-046 Pies jacassement crépusculaire rossignol paon.mp3
Eurasian_Magpie,XC138213-STE-046,17,data/processed/Eurasian_Magpie/XC138213-STE-046_chunk017.wav,3.0,XC138213-STE-046 Pies jacassement crépusculaire rossignol paon.mp3
Eurasian_Magpie,XC138213-STE-046,18,data/processed/Eurasian_Magpie/XC138213-STE-046_chunk018.wav,3.0,XC138213-STE-046 Pies jacassement crépusculaire rossignol paon.mp3
Eurasian_Magpie,XC138213-STE-046,19,data/processed/Eurasian_Magpie/XC138213-STE-046_chunk019.wav,3.0,XC138213-STE-046 Pies jacassement crépusculaire rossignol paon.mp3
Eurasian_Magpie,XC138213-STE-046,20,data/processed/Eurasian_Magpie/XC138213-STE-046_chunk020.wav,3.0,XC138213-STE-046 Pies jacassement crépusculaire rossignol paon.mp3
Eurasian_Magpie,XC138213-STE-046,21,data/processed/Eurasian_Magpie/XC138213-STE-046_chunk021.wav,3.0,XC138213-STE-046 Pies jacassement crépusculaire rossignol paon.mp3
Eurasian_Magpie,XC138213-STE-046,22,data/processed/Eurasian_Magpie/XC138213-STE-046_chunk022.wav,3.0,XC138213-STE-046 Pies jacassement crépusculaire rossignol paon.mp3
Eurasian_Magpie,XC138213-STE-046,23,data/processed/Eurasian_Magpie/XC138213-STE-046_chunk023.wav,3.0,XC138213-STE-046 Pies jacassement crépusculaire rossignol paon.mp3
Eurasian_Magpie,XC138213-STE-046,24,data/processed/Eurasian_Magpie/XC138213-STE-046_chunk024.wav,3.0,XC138213-STE-046 Pies jacassement crépusculaire rossignol paon.mp3
Eurasian_Magpie,XC138213-STE-046,25,data/processed/Eurasian_Magpie/XC138213-STE-046_chunk025.wav,3.0,XC138213-STE-046 Pies jacassement crépusculaire rossignol paon.mp3
Eurasian_Magpie,XC138213-STE-046,26,data/processed/Eurasian_Magpie/XC138213-STE-046_chunk026.wav,3.0,XC138213-STE-046 Pies jacassement crépusculaire rossignol paon.mp3
Eurasian_Magpie,XC138213-STE-046,27,data/processed/Eurasian_Magpie/XC138213-STE-046_chunk027.wav,3.0,XC138213-STE-046 Pies jacassement crépusculaire rossignol paon.mp3
Eurasian_Magpie,XC138213-STE-046,28,data/processed/Eurasian_Magpie/XC138213-STE-046_chunk028.wav,3.0,XC138213-STE-046 Pies jacassement crépusculaire rossignol paon.mp3
Eurasian_Magpie,XC138213-STE-046,29,data/processed/Eurasian_Magpie/XC138213-STE-046_chunk029.wav,3.0,XC138213-STE-046 Pies jacassement crépusculaire rossignol paon.mp3
Eurasian_Magpie,XC138213-STE-046,30,data/processed/Eurasian_Magpie/XC138213-STE-046_chunk030.wav,3.0,XC138213-STE-046 Pies jacassement crépusculaire rossignol paon.mp3
Eurasian_Magpie,XC138376-2013061405_0656_Pica,0,data/processed/Eurasian_Magpie/XC138376-2013061405_0656_Pica_chunk000.wav,3.0,XC138376-2013061405_0656_Pica pica_C_Vincennes.mp3
Eurasian_Magpie,XC138376-2013061405_0656_Pica,1,data/processed/Eurasian_Magpie/XC138376-2013061405_0656_Pica_chunk001.wav,3.0,XC138376-2013061405_0656_Pica pica_C_Vincennes.mp3
Eurasian_Magpie,XC138376-2013061405_0656_Pica,2,data/processed/Eurasian_Magpie/XC138376-2013061405_0656_Pica_chunk002.wav,3.0,XC138376-2013061405_0656_Pica pica_C_Vincennes.mp3
Eurasian_Magpie,XC138376-2013061405_0656_Pica,3,data/processed/Eurasian_Magpie/XC138376-2013061405_0656_Pica_chunk003.wav,3.0,XC138376-2013061405_0656_Pica pica_C_Vincennes.mp3
Eurasian_Magpie,XC138376-2013061405_0656_Pica,4,data/processed/Eurasian_Magpie/XC138376-2013061405_0656_Pica_chunk004.wav,3.0,XC138376-2013061405_0656_Pica pica_C_Vincennes.mp3
Eurasian_Magpie,XC138376-2013061405_0656_Pica,5,data/processed/Eurasian_Magpie/XC138376-2013061405_0656_Pica_chunk005.wav,3.0,XC138376-2013061405_0656_Pica pica_C_Vincennes.mp3
Eurasian_Magpie,XC138376-2013061405_0656_Pica,6,data/processed/Eurasian_Magpie/XC138376-2013061405_0656_Pica_chunk006.wav,3.0,XC138376-2013061405_0656_Pica pica_C_Vincennes.mp3
Eurasian_Magpie,XC138376-2013061405_0656_Pica,7,data/processed/Eurasian_Magpie/XC138376-2013061405_0656_Pica_chunk007.wav,3.0,XC138376-2013061405_0656_Pica pica_C_Vincennes.mp3
Eurasian_Magpie,XC138376-2013061405_0656_Pica,8,data/processed/Eurasian_Magpie/XC138376-2013061405_0656_Pica_chunk008.wav,3.0,XC138376-2013061405_0656_Pica pica_C_Vincennes.mp3
Eurasian_Magpie,XC138376-2013061405_0656_Pica,9,data/processed/Eurasian_Magpie/XC138376-2013061405_0656_Pica_chunk009.wav,3.0,XC138376-2013061405_0656_Pica pica_C_Vincennes.mp3
Eurasian_Magpie,XC138376-2013061405_0656_Pica,10,data/processed/Eurasian_Magpie/XC138376-2013061405_0656_Pica_chunk010.wav,3.0,XC138376-2013061405_0656_Pica pica_C_Vincennes.mp3
Eurasian_Magpie,XC138376-2013061405_0656_Pica,11,data/processed/Eurasian_Magpie/XC138376-2013061405_0656_Pica_chunk011.wav,3.0,XC138376-2013061405_0656_Pica pica_C_Vincennes.mp3
Eurasian_Magpie,XC138376-2013061405_0656_Pica,12,data/processed/Eurasian_Magpie/XC138376-2013061405_0656_Pica_chunk012.wav,3.0,XC138376-2013061405_0656_Pica pica_C_Vincennes.mp3
Eurasian_Magpie,XC141167-1995062901,0,data/processed/Eurasian_Magpie/XC141167-1995062901_chunk000.wav,3.0,XC141167-1995062901 Pica pica cri_F Deroussen.mp3
Eurasian_Magpie,XC141167-1995062901,1,data/processed/Eurasian_Magpie/XC141167-1995062901_chunk001.wav,3.0,XC141167-1995062901 Pica pica cri_F Deroussen.mp3
Eurasian_Magpie,XC141167-1995062901,2,data/processed/Eurasian_Magpie/XC141167-1995062901_chunk002.wav,3.0,XC141167-1995062901 Pica pica cri_F Deroussen.mp3
Eurasian_Magpie,XC141167-1995062901,3,data/processed/Eurasian_Magpie/XC141167-1995062901_chunk003.wav,3.0,XC141167-1995062901 Pica pica cri_F Deroussen.mp3
Eurasian_Magpie,XC141167-1995062901,4,data/processed/Eurasian_Magpie/XC141167-1995062901_chunk004.wav,3.0,XC141167-1995062901 Pica pica cri_F Deroussen.mp3
Eurasian_Magpie,XC141167-1995062901,5,data/processed/Eurasian_Magpie/XC141167-1995062901_chunk005.wav,3.0,XC141167-1995062901 Pica pica cri_F Deroussen.mp3
Eurasian_Magpie,XC141167-1995062901,6,data/processed/Eurasian_Magpie/XC141167-1995062901_chunk006.wav,3.0,XC141167-1995062901 Pica pica cri_F Deroussen.mp3
Eurasian_Magpie,XC141167-1995062901,7,data/processed/Eurasian_Magpie/XC141167-1995062901_chunk007.wav,3.0,XC141167-1995062901 Pica pica cri_F Deroussen.mp3
Eurasian_Magpie,XC141167-1995062901,8,data/processed/Eurasian_Magpie/XC141167-1995062901_chunk008.wav,3.0,XC141167-1995062901 Pica pica cri_F Deroussen.mp3
Eurasian_Magpie,XC142705-pie,0,data/processed/Eurasian_Magpie/XC142705-pie_chunk000.wav,3.0,XC142705-pie bavarde.mp3
Eurasian_Magpie,XC142705-pie,1,data/processed/Eurasian_Magpie/XC142705-pie_chunk001.wav,3.0,XC142705-pie bavarde.mp3
Eurasian_Magpie,XC142705-pie,2,data/processed/Eurasian_Magpie/XC142705-pie_chunk002.wav,3.0,XC142705-pie bavarde.mp3
Eurasian_Magpie,XC142705-pie,3,data/processed/Eurasian_Magpie/XC142705-pie_chunk003.wav,3.0,XC142705-pie bavarde.mp3
Eurasian_Magpie,XC142705-pie,4,data/processed/Eurasian_Magpie/XC142705-pie_chunk004.wav,3.0,XC142705-pie bavarde.mp3
Eurasian_Magpie,XC142705-pie,5,data/processed/Eurasian_Magpie/XC142705-pie_chunk005.wav,3.0,XC142705-pie bavarde.mp3
Eurasian_Magpie,XC142705-pie,6,data/processed/Eurasian_Magpie/XC142705-pie_chunk006.wav,3.0,XC142705-pie bavarde.mp3
Eurasian_Magpie,XC142705-pie,7,data/processed/Eurasian_Magpie/XC142705-pie_chunk007.wav,3.0,XC142705-pie bavarde.mp3
Eurasian_Magpie,XC142705-pie,8,data/processed/Eurasian_Magpie/XC142705-pie_chunk008.wav,3.0,XC142705-pie bavarde.mp3
Eurasian_Magpie,XC142705-pie,9,data/processed/Eurasian_Magpie/XC142705-pie_chunk009.wav,3.0,XC142705-pie bavarde.mp3
Eurasian_Magpie,XC142705-pie,10,data/processed/Eurasian_Magpie/XC142705-pie_chunk010.wav,3.0,XC142705-pie bavarde.mp3
Eurasian_Magpie,XC142705-pie,11,data/processed/Eurasian_Magpie/XC142705-pie_chunk011.wav,3.0,XC142705-pie bavarde.mp3
Eurasian_Magpie,XC142705-pie,12,data/processed/Eurasian_Magpie/XC142705-pie_chunk012.wav,3.0,XC142705-pie bavarde.mp3
Eurasian_Magpie,XC142705-pie,13,data/processed/Eurasian_Magpie/XC142705-pie_chunk013.wav,3.0,XC142705-pie bavarde.mp3
Eurasian_Magpie,XC142705-pie,14,data/processed/Eurasian_Magpie/XC142705-pie_chunk014.wav,3.0,XC142705-pie bavarde.mp3
Eurasian_Magpie,XC142705-pie,15,data/processed/Eurasian_Magpie/XC142705-pie_chunk015.wav,3.0,XC142705-pie bavarde.mp3
Eurasian_Magpie,XC142705-pie,16,data/processed/Eurasian_Magpie/XC142705-pie_chunk016.wav,3.0,XC142705-pie bavarde.mp3
Eurasian_Magpie,XC142705-pie,17,data/processed/Eurasian_Magpie/XC142705-pie_chunk017.wav,3.0,XC142705-pie bavarde.mp3
Eurasian_Magpie,XC142705-pie,18,data/processed/Eurasian_Magpie/XC142705-pie_chunk018.wav,3.0,XC142705-pie bavarde.mp3
Eurasian_Magpie,XC142705-pie,19,data/processed/Eurasian_Magpie/XC142705-pie_chunk019.wav,3.0,XC142705-pie bavarde.mp3
Eurasian_Magpie,XC142705-pie,20,data/processed/Eurasian_Magpie/XC142705-pie_chunk020.wav,3.0,XC142705-pie bavarde.mp3
Eurasian_Magpie,XC142705-pie,21,data/processed/Eurasian_Magpie/XC142705-pie_chunk021.wav,3.0,XC142705-pie bavarde.mp3
Eurasian_Magpie,XC142705-pie,22,data/processed/Eurasian_Magpie/XC142705-pie_chunk022.wav,3.0,XC142705-pie bavarde.mp3
Eurasian_Magpie,XC142705-pie,23,data/processed/Eurasian_Magpie/XC142705-pie_chunk023.wav,3.0,XC142705-pie bavarde.mp3
Eurasian_Magpie,XC142705-pie,24,data/processed/Eurasian_Magpie/XC142705-pie_chunk024.wav,3.0,XC142705-pie bavarde.mp3
Eurasian_Magpie,XC144944-gazza16,0,data/processed/Eurasian_Magpie/XC144944-gazza16_chunk000.wav,3.0,XC144944-gazza16.mp3
Eurasian_Magpie,XC144944-gazza16,1,data/processed/Eurasian_Magpie/XC144944-gazza16_chunk001.wav,3.0,XC144944-gazza16.mp3
Eurasian_Magpie,XC144944-gazza16,2,data/processed/Eurasian_Magpie/XC144944-gazza16_chunk002.wav,3.0,XC144944-gazza16.mp3
Eurasian_Magpie,XC145095-Ekster,0,data/processed/Eurasian_Magpie/XC145095-Ekster_chunk000.wav,3.0,XC145095-Ekster bactriana_20130511_03_roep.mp3
Eurasian_Magpie,XC145095-Ekster,1,data/processed/Eurasian_Magpie/XC145095-Ekster_chunk001.wav,3.0,XC145095-Ekster bactriana_20130511_03_roep.mp3
Eurasian_Magpie,XC145095-Ekster,2,data/processed/Eurasian_Magpie/XC145095-Ekster_chunk002.wav,3.0,XC145095-Ekster bactriana_20130511_03_roep.mp3
Eurasian_Magpie,XC147200-ElsterPevestorf30-8-13_18-21,0,data/processed/Eurasian_Magpie/XC147200-ElsterPevestorf30-8-13_18-21_chunk000.wav,3.0,XC147200-ElsterPevestorf30-8-13_18-21.mp3
Eurasian_Magpie,XC147200-ElsterPevestorf30-8-13_18-21,1,data/processed/Eurasian_Magpie/XC147200-ElsterPevestorf30-8-13_18-21_chunk001.wav,3.0,XC147200-ElsterPevestorf30-8-13_18-21.mp3
Eurasian_Magpie,XC147200-ElsterPevestorf30-8-13_18-21,2,data/processed/Eurasian_Magpie/XC147200-ElsterPevestorf30-8-13_18-21_chunk002.wav,3.0,XC147200-ElsterPevestorf30-8-13_18-21.mp3
Eurasian_Magpie,XC147200-ElsterPevestorf30-8-13_18-21,3,data/processed/Eurasian_Magpie/XC147200-ElsterPevestorf30-8-13_18-21_chunk003.wav,3.0,XC147200-ElsterPevestorf30-8-13_18-21.mp3
Eurasian_Magpie,XC147200-ElsterPevestorf30-8-13_18-21,4,data/processed/Eurasian_Magpie/XC147200-ElsterPevestorf30-8-13_18-21_chunk004.wav,3.0,XC147200-ElsterPevestorf30-8-13_18-21.mp3
Eurasian_Magpie,XC147200-ElsterPevestorf30-8-13_18-21,5,data/processed/Eurasian_Magpie/XC147200-ElsterPevestorf30-8-13_18-21_chunk005.wav,3.0,XC147200-ElsterPevestorf30-8-13_18-21.mp3
Eurasian_Magpie,XC147200-ElsterPevestorf30-8-13_18-21,6,data/processed/Eurasian_Magpie/XC147200-ElsterPevestorf30-8-13_18-21_chunk006.wav,3.0,XC147200-ElsterPevestorf30-8-13_18-21.mp3
Eurasian_Magpie,XC147200-ElsterPevestorf30-8-13_18-21,7,data/processed/Eurasian_Magpie/XC147200-ElsterPevestorf30-8-13_18-21_chunk007.wav,3.0,XC147200-ElsterPevestorf30-8-13_18-21.mp3
Eurasian_Magpie,XC147200-ElsterPevestorf30-8-13_18-21,8,data/processed/Eurasian_Magpie/XC147200-ElsterPevestorf30-8-13_18-21_chunk008.wav,3.0,XC147200-ElsterPevestorf30-8-13_18-21.mp3
Eurasian_Magpie,XC147200-ElsterPevestorf30-8-13_18-21,9,data/processed/Eurasian_Magpie/XC147200-ElsterPevestorf30-8-13_18-21_chunk009.wav,3.0,XC147200-ElsterPevestorf30-8-13_18-21.mp3
Eurasian_Magpie,XC147200-ElsterPevestorf30-8-13_18-21,10,data/processed/Eurasian_Magpie/XC147200-ElsterPevestorf30-8-13_18-21_chunk010.wav,3.0,XC147200-ElsterPevestorf30-8-13_18-21.mp3
Eurasian_Magpie,XC147200-ElsterPevestorf30-8-13_18-21,11,data/processed/Eurasian_Magpie/XC147200-ElsterPevestorf30-8-13_18-21_chunk011.wav,3.0,XC147200-ElsterPevestorf30-8-13_18-21.mp3
Eurasian_Magpie,XC147200-ElsterPevestorf30-8-13_18-21,12,data/processed/Eurasian_Magpie/XC147200-ElsterPevestorf30-8-13_18-21_chunk012.wav,3.0,XC147200-ElsterPevestorf30-8-13_18-21.mp3
Eurasian_Magpie,XC147200-ElsterPevestorf30-8-13_18-21,13,data/processed/Eurasian_Magpie/XC147200-ElsterPevestorf30-8-13_18-21_chunk013.wav,3.0,XC147200-ElsterPevestorf30-8-13_18-21.mp3
Eurasian_Magpie,XC147200-ElsterPevestorf30-8-13_18-21,14,data/processed/Eurasian_Magpie/XC147200-ElsterPevestorf30-8-13_18-21_chunk014.wav,3.0,XC147200-ElsterPevestorf30-8-13_18-21.mp3
Eurasian_Magpie,XC147200-ElsterPevestorf30-8-13_18-21,15,data/processed/Eurasian_Magpie/XC147200-ElsterPevestorf30-8-13_18-21_chunk015.wav,3.0,XC147200-ElsterPevestorf30-8-13_18-21.mp3
Eurasian_Magpie,XC147453-0913_090412-сорока,0,data/processed/Eurasian_Magpie/XC147453-0913_090412-сорока_chunk000.wav,3.0,XC147453-0913_090412-сорока А.mp3
Eurasian_Magpie,XC147453-0913_090412-сорока,1,data/processed/Eurasian_Magpie/XC147453-0913_090412-сорока_chunk001.wav,3.0,XC147453-0913_090412-сорока А.mp3
Eurasian_Magpie,XC147453-0913_090412-сорока,2,data/processed/Eurasian_Magpie/XC147453-0913_090412-сорока_chunk002.wav,3.0,XC147453-0913_090412-сорока А.mp3
Eurasian_Magpie,XC147453-0913_090412-сорока,3,data/processed/Eurasian_Magpie/XC147453-0913_090412-сорока_chunk003.wav,3.0,XC147453-0913_090412-сорока А.mp3
Eurasian_Magpie,XC147453-0913_090412-сорока,4,data/processed/Eurasian_Magpie/XC147453-0913_090412-сорока_chunk004.wav,3.0,XC147453-0913_090412-сорока А.mp3
Eurasian_Magpie,XC147453-0913_090412-сорока,5,data/processed/Eurasian_Magpie/XC147453-0913_090412-сорока_chunk005.wav,3.0,XC147453-0913_090412-сорока А.mp3
Eurasian_Magpie,XC147453-0913_090412-сорока,6,data/processed/Eurasian_Magpie/XC147453-0913_090412-сорока_chunk006.wav,3.0,XC147453-0913_090412-сорока А.mp3
Eurasian_Magpie,XC147453-0913_090412-сорока,7,data/processed/Eurasian_Magpie/XC147453-0913_090412-сорока_chunk007.wav,3.0,XC147453-0913_090412-сорока А.mp3
Eurasian_Magpie,XC147453-0913_090412-сорока,8,data/processed/Eurasian_Magpie/XC147453-0913_090412-сорока_chunk008.wav,3.0,XC147453-0913_090412-сорока А.mp3
Eurasian_Magpie,XC147913-Pica,0,data/processed/Eurasian_Magpie/XC147913-Pica_chunk000.wav,3.0,XC147913-Pica pica.mp3
Eurasian_Magpie,XC147913-Pica,1,data/processed/Eurasian_Magpie/XC147913-Pica_chunk001.wav,3.0,XC147913-Pica pica.mp3
Eurasian_Magpie,XC147913-Pica,2,data/processed/Eurasian_Magpie/XC147913-Pica_chunk002.wav,3.0,XC147913-Pica pica.mp3
Eurasian_Magpie,XC147913-Pica,3,data/processed/Eurasian_Magpie/XC147913-Pica_chunk003.wav,3.0,XC147913-Pica pica.mp3
Eurasian_Magpie,XC147913-Pica,4,data/processed/Eurasian_Magpie/XC147913-Pica_chunk004.wav,3.0,XC147913-Pica pica.mp3
Eurasian_Magpie,XC147913-Pica,5,data/processed/Eurasian_Magpie/XC147913-Pica_chunk005.wav,3.0,XC147913-Pica pica.mp3
Eurasian_Magpie,XC147913-Pica,6,data/processed/Eurasian_Magpie/XC147913-Pica_chunk006.wav,3.0,XC147913-Pica pica.mp3
Eurasian_Magpie,XC147913-Pica,7,data/processed/Eurasian_Magpie/XC147913-Pica_chunk007.wav,3.0,XC147913-Pica pica.mp3
Eurasian_Magpie,XC147913-Pica,8,data/processed/Eurasian_Magpie/XC147913-Pica_chunk008.wav,3.0,XC147913-Pica pica.mp3
Eurasian_Magpie,XC147913-Pica,9,data/processed/Eurasian_Magpie/XC147913-Pica_chunk009.wav,3.0,XC147913-Pica pica.mp3
Eurasian_Magpie,"XC148595-0923_142251-сорока,",0,"data/processed/Eurasian_Magpie/XC148595-0923_142251-сорока,_chunk000.wav",3.0,"XC148595-0923_142251-сорока, А.mp3"
Eurasian_Magpie,"XC148595-0923_142251-сорока,",1,"data/processed/Eurasian_Magpie/XC148595-0923_142251-сорока,_chunk001.wav",3.0,"XC148595-0923_142251-сорока, А.mp3"
Eurasian_Magpie,"XC148595-0923_142251-сорока,",2,"data/processed/Eurasian_Magpie/XC148595-0923_142251-сорока,_chunk002.wav",3.0,"XC148595-0923_142251-сорока, А.mp3"
Eurasian_Magpie,"XC148595-0923_142251-сорока,",3,"data/processed/Eurasian_Magpie/XC148595-0923_142251-сорока,_chunk003.wav",3.0,"XC148595-0923_142251-сорока, А.mp3"
Eurasian_Magpie,"XC148595-0923_142251-сорока,",4,"data/processed/Eurasian_Magpie/XC148595-0923_142251-сорока,_chunk004.wav",3.0,"XC148595-0923_142251-сорока, А.mp3"
Eurasian_Magpie,"XC148595-0923_142251-сорока,",5,"data/processed/Eurasian_Magpie/XC148595-0923_142251-сорока,_chunk005.wav",3.0,"XC148595-0923_142251-сорока, А.mp3"
Eurasian_Magpie,"XC148595-0923_142251-сорока,",6,"data/processed/Eurasian_Magpie/XC148595-0923_142251-сорока,_chunk006.wav",3.0,"XC148595-0923_142251-сорока, А.mp3"
Eurasian_Magpie,"XC148595-0923_142251-сорока,",7,"data/processed/Eurasian_Magpie/XC148595-0923_142251-сорока,_chunk007.wav",3.0,"XC148595-0923_142251-сорока, А.mp3"
Eurasian_Magpie,"XC148595-0923_142251-сорока,",8,"data/processed/Eurasian_Magpie/XC148595-0923_142251-сорока,_chunk008.wav",3.0,"XC148595-0923_142251-сорока, А.mp3"
Eurasian_Magpie,XC148889-ZOOM0025_skjæreCall,0,data/processed/Eurasian_Magpie/XC148889-ZOOM0025_skjæreCall_chunk000.wav,3.0,XC148889-ZOOM0025_skjæreCall.mp3
Eurasian_Magpie,XC148889-ZOOM0025_skjæreCall,1,data/processed/Eurasian_Magpie/XC148889-ZOOM0025_skjæreCall_chunk001.wav,3.0,XC148889-ZOOM0025_skjæreCall.mp3
Eurasian_Magpie,XC148889-ZOOM0025_skjæreCall,2,data/processed/Eurasian_Magpie/XC148889-ZOOM0025_skjæreCall_chunk002.wav,3.0,XC148889-ZOOM0025_skjæreCall.mp3
Eurasian_Magpie,"XC150041-1007_091649-сороки,Св",0,"data/processed/Eurasian_Magpie/XC150041-1007_091649-сороки,Св_chunk000.wav",3.0,"XC150041-1007_091649-сороки,Св.mp3"
Eurasian_Magpie,"XC150041-1007_091649-сороки,Св",1,"data/processed/Eurasian_Magpie/XC150041-1007_091649-сороки,Св_chunk001.wav",3.0,"XC150041-1007_091649-сороки,Св.mp3"
Eurasian_Magpie,"XC150041-1007_091649-сороки,Св",2,"data/processed/Eurasian_Magpie/XC150041-1007_091649-сороки,Св_chunk002.wav",3.0,"XC150041-1007_091649-сороки,Св.mp3"
Eurasian_Magpie,"XC150041-1007_091649-сороки,Св",3,"data/processed/Eurasian_Magpie/XC150041-1007_091649-сороки,Св_chunk003.wav",3.0,"XC150041-1007_091649-сороки,Св.mp3"
Eurasian_Magpie,"XC150041-1007_091649-сороки,Св",4,"data/processed/Eurasian_Magpie/XC150041-1007_091649-сороки,Св_chunk004.wav",3.0,"XC150041-1007_091649-сороки,Св.mp3"
Eurasian_Magpie,"XC150041-1007_091649-сороки,Св",5,"data/processed/Eurasian_Magpie/XC150041-1007_091649-сороки,Св_chunk005.wav",3.0,"XC150041-1007_091649-сороки,Св.mp3"
Eurasian_Magpie,"XC150041-1007_091649-сороки,Св",6,"data/processed/Eurasian_Magpie/XC150041-1007_091649-сороки,Св_chunk006.wav",3.0,"XC150041-1007_091649-сороки,Св.mp3"
Eurasian_Magpie,"XC150041-1007_091649-сороки,Св",7,"data/processed/Eurasian_Magpie/XC150041-1007_091649-сороки,Св_chunk007.wav",3.0,"XC150041-1007_091649-сороки,Св.mp3"
Eurasian_Magpie,"XC150041-1007_091649-сороки,Св",8,"data/processed/Eurasian_Magpie/XC150041-1007_091649-сороки,Св_chunk008.wav",3.0,"XC150041-1007_091649-сороки,Св.mp3"
Eurasian_Magpie,"XC150041-1007_091649-сороки,Св",9,"data/processed/Eurasian_Magpie/XC150041-1007_091649-сороки,Св_chunk009.wav",3.0,"XC150041-1007_091649-сороки,Св.mp3"
Eurasian_Magpie,"XC150041-1007_091649-сороки,Св",10,"data/processed/Eurasian_Magpie/XC150041-1007_091649-сороки,Св_chunk010.wav",3.0,"XC150041-1007_091649-сороки,Св.mp3"
Eurasian_Magpie,"XC150041-1007_091649-сороки,Св",11,"data/processed/Eurasian_Magpie/XC150041-1007_091649-сороки,Св_chunk011.wav",3.0,"XC150041-1007_091649-сороки,Св.mp3"
Eurasian_Magpie,"XC150041-1007_091649-сороки,Св",12,"data/processed/Eurasian_Magpie/XC150041-1007_091649-сороки,Св_chunk012.wav",3.0,"XC150041-1007_091649-сороки,Св.mp3"
Eurasian_Magpie,"XC150041-1007_091649-сороки,Св",13,"data/processed/Eurasian_Magpie/XC150041-1007_091649-сороки,Св_chunk013.wav",3.0,"XC150041-1007_091649-сороки,Св.mp3"
Eurasian_Magpie,"XC150041-1007_091649-сороки,Св",14,"data/processed/Eurasian_Magpie/XC150041-1007_091649-сороки,Св_chunk014.wav",3.0,"XC150041-1007_091649-сороки,Св.mp3"
Eurasian_Magpie,"XC150041-1007_091649-сороки,Св",15,"data/processed/Eurasian_Magpie/XC150041-1007_091649-сороки,Св_chunk015.wav",3.0,"XC150041-1007_091649-сороки,Св.mp3"
Eurasian_Magpie,"XC150041-1007_091649-сороки,Св",16,"data/processed/Eurasian_Magpie/XC150041-1007_091649-сороки,Св_chunk016.wav",3.0,"XC150041-1007_091649-сороки,Св.mp3"
Eurasian_Magpie,"XC150041-1007_091649-сороки,Св",17,"data/processed/Eurasian_Magpie/XC150041-1007_091649-сороки,Св_chunk017.wav",3.0,"XC150041-1007_091649-сороки,Св.mp3"
Eurasian_Magpie,"XC150041-1007_091649-сороки,Св",18,"data/processed/Eurasian_Magpie/XC150041-1007_091649-сороки,Св_chunk018.wav",3.0,"XC150041-1007_091649-сороки,Св.mp3"
Eurasian_Magpie,"XC150041-1007_091649-сороки,Св",19,"data/processed/Eurasian_Magpie/XC150041-1007_091649-сороки,Св_chunk019.wav",3.0,"XC150041-1007_091649-сороки,Св.mp3"
Eurasian_Magpie,"XC150041-1007_091649-сороки,Св",20,"data/processed/Eurasian_Magpie/XC150041-1007_091649-сороки,Св_chunk020.wav",3.0,"XC150041-1007_091649-сороки,Св.mp3"
Eurasian_Magpie,"XC150041-1007_091649-сороки,Св",21,"data/processed/Eurasian_Magpie/XC150041-1007_091649-сороки,Св_chunk021.wav",3.0,"XC150041-1007_091649-сороки,Св.mp3"
Eurasian_Magpie,"XC150041-1007_091649-сороки,Св",22,"data/processed/Eurasian_Magpie/XC150041-1007_091649-сороки,Св_chunk022.wav",3.0,"XC150041-1007_091649-сороки,Св.mp3"
Eurasian_Magpie,"XC150041-1007_091649-сороки,Св",23,"data/processed/Eurasian_Magpie/XC150041-1007_091649-сороки,Св_chunk023.wav",3.0,"XC150041-1007_091649-сороки,Св.mp3"
Eurasian_Magpie,"XC150041-1007_091649-сороки,Св",24,"data/processed/Eurasian_Magpie/XC150041-1007_091649-сороки,Св_chunk024.wav",3.0,"XC150041-1007_091649-сороки,Св.mp3"
Eurasian_Magpie,"XC150041-1007_091649-сороки,Св",25,"data/processed/Eurasian_Magpie/XC150041-1007_091649-сороки,Св_chunk025.wav",3.0,"XC150041-1007_091649-сороки,Св.mp3"
Eurasian_Magpie,"XC150041-1007_091649-сороки,Св",26,"data/processed/Eurasian_Magpie/XC150041-1007_091649-сороки,Св_chunk026.wav",3.0,"XC150041-1007_091649-сороки,Св.mp3"
Eurasian_Magpie,"XC150041-1007_091649-сороки,Св",27,"data/processed/Eurasian_Magpie/XC150041-1007_091649-сороки,Св_chunk027.wav",3.0,"XC150041-1007_091649-сороки,Св.mp3"
Eurasian_Magpie,"XC150041-1007_091649-сороки,Св",28,"data/processed/Eurasian_Magpie/XC150041-1007_091649-сороки,Св_chunk028.wav",3.0,"XC150041-1007_091649-сороки,Св.mp3"
Eurasian_Magpie,"XC150041-1007_091649-сороки,Св",29,"data/processed/Eurasian_Magpie/XC150041-1007_091649-сороки,Св_chunk029.wav",3.0,"XC150041-1007_091649-сороки,Св.mp3"
Eurasian_Magpie,"XC150041-1007_091649-сороки,Св",30,"data/processed/Eurasian_Magpie/XC150041-1007_091649-сороки,Св_chunk030.wav",3.0,"XC150041-1007_091649-сороки,Св.mp3"
Eurasian_Magpie,"XC150041-1007_091649-сороки,Св",31,"data/processed/Eurasian_Magpie/XC150041-1007_091649-сороки,Св_chunk031.wav",3.0,"XC150041-1007_091649-сороки,Св.mp3"
Eurasian_Magpie,"XC150041-1007_091649-сороки,Св",32,"data/processed/Eurasian_Magpie/XC150041-1007_091649-сороки,Св_chunk032.wav",3.0,"XC150041-1007_091649-сороки,Св.mp3"
Eurasian_Magpie,"XC150041-1007_091649-сороки,Св",33,"data/processed/Eurasian_Magpie/XC150041-1007_091649-сороки,Св_chunk033.wav",3.0,"XC150041-1007_091649-сороки,Св.mp3"
Eurasian_Magpie,"XC150041-1007_091649-сороки,Св",34,"data/processed/Eurasian_Magpie/XC150041-1007_091649-сороки,Св_chunk034.wav",3.0,"XC150041-1007_091649-сороки,Св.mp3"
Eurasian_Magpie,"XC150041-1007_091649-сороки,Св",35,"data/processed/Eurasian_Magpie/XC150041-1007_091649-сороки,Св_chunk035.wav",3.0,"XC150041-1007_091649-сороки,Св.mp3"
Eurasian_Magpie,"XC150041-1007_091649-сороки,Св",36,"data/processed/Eurasian_Magpie/XC150041-1007_091649-сороки,Св_chunk036.wav",3.0,"XC150041-1007_091649-сороки,Св.mp3"
Eurasian_Magpie,"XC150041-1007_091649-сороки,Св",37,"data/processed/Eurasian_Magpie/XC150041-1007_091649-сороки,Св_chunk037.wav",3.0,"XC150041-1007_091649-сороки,Св.mp3"
Eurasian_Magpie,"XC150041-1007_091649-сороки,Св",38,"data/processed/Eurasian_Magpie/XC150041-1007_091649-сороки,Св_chunk038.wav",3.0,"XC150041-1007_091649-сороки,Св.mp3"
Eurasian_Magpie,"XC150041-1007_091649-сороки,Св",39,"data/processed/Eurasian_Magpie/XC150041-1007_091649-сороки,Св_chunk039.wav",3.0,"XC150041-1007_091649-сороки,Св.mp3"
Eurasian_Magpie,"XC150041-1007_091649-сороки,Св",40,"data/processed/Eurasian_Magpie/XC150041-1007_091649-сороки,Св_chunk040.wav",3.0,"XC150041-1007_091649-сороки,Св.mp3"
Eurasian_Magpie,"XC150041-1007_091649-сороки,Св",41,"data/processed/Eurasian_Magpie/XC150041-1007_091649-сороки,Св_chunk041.wav",3.0,"XC150041-1007_091649-сороки,Св.mp3"
Eurasian_Magpie,"XC150041-1007_091649-сороки,Св",42,"data/processed/Eurasian_Magpie/XC150041-1007_091649-сороки,Св_chunk042.wav",3.0,"XC150041-1007_091649-сороки,Св.mp3"
Eurasian_Magpie,"XC150041-1007_091649-сороки,Св",43,"data/processed/Eurasian_Magpie/XC150041-1007_091649-сороки,Св_chunk043.wav",3.0,"XC150041-1007_091649-сороки,Св.mp3"
Eurasian_Magpie,"XC150041-1007_091649-сороки,Св",44,"data/processed/Eurasian_Magpie/XC150041-1007_091649-сороки,Св_chunk044.wav",3.0,"XC150041-1007_091649-сороки,Св.mp3"
Eurasian_Magpie,"XC150041-1007_091649-сороки,Св",45,"data/processed/Eurasian_Magpie/XC150041-1007_091649-сороки,Св_chunk045.wav",3.0,"XC150041-1007_091649-сороки,Св.mp3"
Eurasian_Magpie,XC151202-Picpic_Tutengy_20130930_141336_edited,0,data/processed/Eurasian_Magpie/XC151202-Picpic_Tutengy_20130930_141336_edited_chunk000.wav,3.0,XC151202-Picpic_Tutengy_20130930_141336_edited.mp3
Eurasian_Magpie,XC151202-Picpic_Tutengy_20130930_141336_edited,1,data/processed/Eurasian_Magpie/XC151202-Picpic_Tutengy_20130930_141336_edited_chunk001.wav,3.0,XC151202-Picpic_Tutengy_20130930_141336_edited.mp3
Eurasian_Magpie,XC151202-Picpic_Tutengy_20130930_141336_edited,2,data/processed/Eurasian_Magpie/XC151202-Picpic_Tutengy_20130930_141336_edited_chunk002.wav,3.0,XC151202-Picpic_Tutengy_20130930_141336_edited.mp3
Eurasian_Magpie,XC151202-Picpic_Tutengy_20130930_141336_edited,3,data/processed/Eurasian_Magpie/XC151202-Picpic_Tutengy_20130930_141336_edited_chunk003.wav,3.0,XC151202-Picpic_Tutengy_20130930_141336_edited.mp3
Eurasian_Magpie,XC151202-Picpic_Tutengy_20130930_141336_edited,4,data/processed/Eurasian_Magpie/XC151202-Picpic_Tutengy_20130930_141336_edited_chunk004.wav,3.0,XC151202-Picpic_Tutengy_20130930_141336_edited.mp3
Eurasian_Magpie,XC151202-Picpic_Tutengy_20130930_141336_edited,5,data/processed/Eurasian_Magpie/XC151202-Picpic_Tutengy_20130930_141336_edited_chunk005.wav,3.0,XC151202-Picpic_Tutengy_20130930_141336_edited.mp3
Eurasian_Magpie,XC151202-Picpic_Tutengy_20130930_141336_edited,6,data/processed/Eurasian_Magpie/XC151202-Picpic_Tutengy_20130930_141336_edited_chunk006.wav,3.0,XC151202-Picpic_Tutengy_20130930_141336_edited.mp3
Eurasian_Magpie,XC151202-Picpic_Tutengy_20130930_141336_edited,7,data/processed/Eurasian_Magpie/XC151202-Picpic_Tutengy_20130930_141336_edited_chunk007.wav,3.0,XC151202-Picpic_Tutengy_20130930_141336_edited.mp3
Eurasian_Magpie,XC151202-Picpic_Tutengy_20130930_141336_edited,8,data/processed/Eurasian_Magpie/XC151202-Picpic_Tutengy_20130930_141336_edited_chunk008.wav,3.0,XC151202-Picpic_Tutengy_20130930_141336_edited.mp3
Eurasian_Magpie,XC151202-Picpic_Tutengy_20130930_141336_edited,9,data/processed/Eurasian_Magpie/XC151202-Picpic_Tutengy_20130930_141336_edited_chunk009.wav,3.0,XC151202-Picpic_Tutengy_20130930_141336_edited.mp3
Eurasian_Magpie,XC151202-Picpic_Tutengy_20130930_141336_edited,10,data/processed/Eurasian_Magpie/XC151202-Picpic_Tutengy_20130930_141336_edited_chunk010.wav,3.0,XC151202-Picpic_Tutengy_20130930_141336_edited.mp3
Eurasian_Magpie,XC151202-Picpic_Tutengy_20130930_141336_edited,11,data/processed/Eurasian_Magpie/XC151202-Picpic_Tutengy_20130930_141336_edited_chunk011.wav,3.0,XC151202-Picpic_Tutengy_20130930_141336_edited.mp3
Eurasian_Magpie,XC151202-Picpic_Tutengy_20130930_141336_edited,12,data/processed/Eurasian_Magpie/XC151202-Picpic_Tutengy_20130930_141336_edited_chunk012.wav,3.0,XC151202-Picpic_Tutengy_20130930_141336_edited.mp3
Eurasian_Magpie,XC151202-Picpic_Tutengy_20130930_141336_edited,13,data/processed/Eurasian_Magpie/XC151202-Picpic_Tutengy_20130930_141336_edited_chunk013.wav,3.0,XC151202-Picpic_Tutengy_20130930_141336_edited.mp3
Eurasian_Magpie,"XC153294-1103_104840-сорока,",0,"data/processed/Eurasian_Magpie/XC153294-1103_104840-сорока,_chunk000.wav",3.0,"XC153294-1103_104840-сорока, В.mp3"
Eurasian_Magpie,"XC153294-1103_104840-сорока,",1,"data/processed/Eurasian_Magpie/XC153294-1103_104840-сорока,_chunk001.wav",3.0,"XC153294-1103_104840-сорока, В.mp3"
Eurasian_Magpie,"XC153294-1103_104840-сорока,",2,"data/processed/Eurasian_Magpie/XC153294-1103_104840-сорока,_chunk002.wav",3.0,"XC153294-1103_104840-сорока, В.mp3"
Eurasian_Magpie,"XC153294-1103_104840-сорока,",3,"data/processed/Eurasian_Magpie/XC153294-1103_104840-сорока,_chunk003.wav",3.0,"XC153294-1103_104840-сорока, В.mp3"
Eurasian_Magpie,"XC153294-1103_104840-сорока,",4,"data/processed/Eurasian_Magpie/XC153294-1103_104840-сорока,_chunk004.wav",3.0,"XC153294-1103_104840-сорока, В.mp3"
Eurasian_Magpie,"XC153294-1103_104840-сорока,",5,"data/processed/Eurasian_Magpie/XC153294-1103_104840-сорока,_chunk005.wav",3.0,"XC153294-1103_104840-сорока, В.mp3"
Eurasian_Magpie,"XC153294-1103_104840-сорока,",6,"data/processed/Eurasian_Magpie/XC153294-1103_104840-сорока,_chunk006.wav",3.0,"XC153294-1103_104840-сорока, В.mp3"
Eurasian_Magpie,"XC153294-1103_104840-сорока,",7,"data/processed/Eurasian_Magpie/XC153294-1103_104840-сорока,_chunk007.wav",3.0,"XC153294-1103_104840-сорока, В.mp3"
Eurasian_Magpie,XC153820-2013110101_1004_Pica,0,data/processed/Eurasian_Magpie/XC153820-2013110101_1004_Pica_chunk000.wav,3.0,XC153820-2013110101_1004_Pica pica_cris_F Deroussen.mp3
Eurasian_Magpie,XC153820-2013110101_1004_Pica,1,data/processed/Eurasian_Magpie/XC153820-2013110101_1004_Pica_chunk001.wav,3.0,XC153820-2013110101_1004_Pica pica_cris_F Deroussen.mp3
Eurasian_Magpie,XC153820-2013110101_1004_Pica,2,data/processed/Eurasian_Magpie/XC153820-2013110101_1004_Pica_chunk002.wav,3.0,XC153820-2013110101_1004_Pica pica_cris_F Deroussen.mp3
Eurasian_Magpie,XC153820-2013110101_1004_Pica,3,data/processed/Eurasian_Magpie/XC153820-2013110101_1004_Pica_chunk003.wav,3.0,XC153820-2013110101_1004_Pica pica_cris_F Deroussen.mp3
Eurasian_Magpie,XC153820-2013110101_1004_Pica,4,data/processed/Eurasian_Magpie/XC153820-2013110101_1004_Pica_chunk004.wav,3.0,XC153820-2013110101_1004_Pica pica_cris_F Deroussen.mp3
Eurasian_Magpie,XC153820-2013110101_1004_Pica,5,data/processed/Eurasian_Magpie/XC153820-2013110101_1004_Pica_chunk005.wav,3.0,XC153820-2013110101_1004_Pica pica_cris_F Deroussen.mp3
Eurasian_Magpie,XC153820-2013110101_1004_Pica,6,data/processed/Eurasian_Magpie/XC153820-2013110101_1004_Pica_chunk006.wav,3.0,XC153820-2013110101_1004_Pica pica_cris_F Deroussen.mp3
Eurasian_Magpie,XC153820-2013110101_1004_Pica,7,data/processed/Eurasian_Magpie/XC153820-2013110101_1004_Pica_chunk007.wav,3.0,XC153820-2013110101_1004_Pica pica_cris_F Deroussen.mp3
Eurasian_Magpie,XC153820-2013110101_1004_Pica,8,data/processed/Eurasian_Magpie/XC153820-2013110101_1004_Pica_chunk008.wav,3.0,XC153820-2013110101_1004_Pica pica_cris_F Deroussen.mp3
Eurasian_Magpie,XC153820-2013110101_1004_Pica,9,data/processed/Eurasian_Magpie/XC153820-2013110101_1004_Pica_chunk009.wav,3.0,XC153820-2013110101_1004_Pica pica_cris_F Deroussen.mp3
Eurasian_Magpie,XC153820-2013110101_1004_Pica,10,data/processed/Eurasian_Magpie/XC153820-2013110101_1004_Pica_chunk010.wav,3.0,XC153820-2013110101_1004_Pica pica_cris_F Deroussen.mp3
Eurasian_Magpie,XC153820-2013110101_1004_Pica,11,data/processed/Eurasian_Magpie/XC153820-2013110101_1004_Pica_chunk011.wav,3.0,XC153820-2013110101_1004_Pica pica_cris_F Deroussen.mp3
Eurasian_Magpie,XC155702-T06,0,data/processed/Eurasian_Magpie/XC155702-T06_chunk000.wav,3.0,XC155702-T06.mp3
Eurasian_Magpie,XC155702-T06,1,data/processed/Eurasian_Magpie/XC155702-T06_chunk001.wav,3.0,XC155702-T06.mp3
Eurasian_Magpie,XC155702-T06,2,data/processed/Eurasian_Magpie/XC155702-T06_chunk002.wav,3.0,XC155702-T06.mp3
Eurasian_Magpie,XC155702-T06,3,data/processed/Eurasian_Magpie/XC155702-T06_chunk003.wav,3.0,XC155702-T06.mp3
Eurasian_Magpie,XC155702-T06,4,data/processed/Eurasian_Magpie/XC155702-T06_chunk004.wav,3.0,XC155702-T06.mp3
Eurasian_Magpie,XC155702-T06,5,data/processed/Eurasian_Magpie/XC155702-T06_chunk005.wav,3.0,XC155702-T06.mp3
Eurasian_Magpie,XC155702-T06,6,data/processed/Eurasian_Magpie/XC155702-T06_chunk006.wav,3.0,XC155702-T06.mp3
Eurasian_Magpie,XC155702-T06,7,data/processed/Eurasian_Magpie/XC155702-T06_chunk007.wav,3.0,XC155702-T06.mp3
Eurasian_Magpie,XC155702-T06,8,data/processed/Eurasian_Magpie/XC155702-T06_chunk008.wav,3.0,XC155702-T06.mp3
Eurasian_Magpie,XC155702-T06,9,data/processed/Eurasian_Magpie/XC155702-T06_chunk009.wav,3.0,XC155702-T06.mp3
Eurasian_Magpie,XC155702-T06,10,data/processed/Eurasian_Magpie/XC155702-T06_chunk010.wav,3.0,XC155702-T06.mp3
Eurasian_Magpie,XC155702-T06,11,data/processed/Eurasian_Magpie/XC155702-T06_chunk011.wav,3.0,XC155702-T06.mp3
Eurasian_Magpie,XC155702-T06,12,data/processed/Eurasian_Magpie/XC155702-T06_chunk012.wav,3.0,XC155702-T06.mp3
Eurasian_Magpie,XC155702-T06,13,data/processed/Eurasian_Magpie/XC155702-T06_chunk013.wav,3.0,XC155702-T06.mp3
Eurasian_Magpie,XC155702-T06,14,data/processed/Eurasian_Magpie/XC155702-T06_chunk014.wav,3.0,XC155702-T06.mp3
Eurasian_Magpie,XC155702-T06,15,data/processed/Eurasian_Magpie/XC155702-T06_chunk015.wav,3.0,XC155702-T06.mp3
Eurasian_Magpie,XC155702-T06,16,data/processed/Eurasian_Magpie/XC155702-T06_chunk016.wav,3.0,XC155702-T06.mp3
Eurasian_Magpie,XC155702-T06,17,data/processed/Eurasian_Magpie/XC155702-T06_chunk017.wav,3.0,XC155702-T06.mp3
Eurasian_Magpie,XC155702-T06,18,data/processed/Eurasian_Magpie/XC155702-T06_chunk018.wav,3.0,XC155702-T06.mp3
Eurasian_Magpie,XC155702-T06,19,data/processed/Eurasian_Magpie/XC155702-T06_chunk019.wav,3.0,XC155702-T06.mp3
Eurasian_Magpie,XC155702-T06,20,data/processed/Eurasian_Magpie/XC155702-T06_chunk020.wav,3.0,XC155702-T06.mp3
Eurasian_Magpie,XC155702-T06,21,data/processed/Eurasian_Magpie/XC155702-T06_chunk021.wav,3.0,XC155702-T06.mp3
Eurasian_Magpie,XC155702-T06,22,data/processed/Eurasian_Magpie/XC155702-T06_chunk022.wav,3.0,XC155702-T06.mp3
Eurasian_Magpie,XC155702-T06,23,data/processed/Eurasian_Magpie/XC155702-T06_chunk023.wav,3.0,XC155702-T06.mp3
Eurasian_Magpie,XC155702-T06,24,data/processed/Eurasian_Magpie/XC155702-T06_chunk024.wav,3.0,XC155702-T06.mp3
Eurasian_Magpie,XC155702-T06,25,data/processed/Eurasian_Magpie/XC155702-T06_chunk025.wav,3.0,XC155702-T06.mp3
Eurasian_Magpie,XC160899-gazza17,0,data/processed/Eurasian_Magpie/XC160899-gazza17_chunk000.wav,3.0,XC160899-gazza17.mp3
Eurasian_Magpie,XC160899-gazza17,1,data/processed/Eurasian_Magpie/XC160899-gazza17_chunk001.wav,3.0,XC160899-gazza17.mp3
Eurasian_Magpie,XC160899-gazza17,2,data/processed/Eurasian_Magpie/XC160899-gazza17_chunk002.wav,3.0,XC160899-gazza17.mp3
Eurasian_Magpie,XC160899-gazza17,3,data/processed/Eurasian_Magpie/XC160899-gazza17_chunk003.wav,3.0,XC160899-gazza17.mp3
Eurasian_Magpie,XC160899-gazza17,4,data/processed/Eurasian_Magpie/XC160899-gazza17_chunk004.wav,3.0,XC160899-gazza17.mp3
Eurasian_Magpie,XC160899-gazza17,5,data/processed/Eurasian_Magpie/XC160899-gazza17_chunk005.wav,3.0,XC160899-gazza17.mp3
Eurasian_Magpie,XC160899-gazza17,6,data/processed/Eurasian_Magpie/XC160899-gazza17_chunk006.wav,3.0,XC160899-gazza17.mp3
Eurasian_Magpie,XC160899-gazza17,7,data/processed/Eurasian_Magpie/XC160899-gazza17_chunk007.wav,3.0,XC160899-gazza17.mp3
Eurasian_Magpie,XC160899-gazza17,8,data/processed/Eurasian_Magpie/XC160899-gazza17_chunk008.wav,3.0,XC160899-gazza17.mp3
Eurasian_Magpie,XC160899-gazza17,9,data/processed/Eurasian_Magpie/XC160899-gazza17_chunk009.wav,3.0,XC160899-gazza17.mp3
Eurasian_Magpie,XC160899-gazza17,10,data/processed/Eurasian_Magpie/XC160899-gazza17_chunk010.wav,3.0,XC160899-gazza17.mp3
Eurasian_Magpie,XC160899-gazza17,11,data/processed/Eurasian_Magpie/XC160899-gazza17_chunk011.wav,3.0,XC160899-gazza17.mp3
Eurasian_Magpie,XC160899-gazza17,12,data/processed/Eurasian_Magpie/XC160899-gazza17_chunk012.wav,3.0,XC160899-gazza17.mp3
Eurasian_Magpie,XC160899-gazza17,13,data/processed/Eurasian_Magpie/XC160899-gazza17_chunk013.wav,3.0,XC160899-gazza17.mp3
Eurasian_Magpie,XC160899-gazza17,14,data/processed/Eurasian_Magpie/XC160899-gazza17_chunk014.wav,3.0,XC160899-gazza17.mp3
Eurasian_Magpie,XC160899-gazza17,15,data/processed/Eurasian_Magpie/XC160899-gazza17_chunk015.wav,3.0,XC160899-gazza17.mp3
Eurasian_Magpie,XC160899-gazza17,16,data/processed/Eurasian_Magpie/XC160899-gazza17_chunk016.wav,3.0,XC160899-gazza17.mp3
Eurasian_Magpie,XC160899-gazza17,17,data/processed/Eurasian_Magpie/XC160899-gazza17_chunk017.wav,3.0,XC160899-gazza17.mp3
Eurasian_Magpie,XC160899-gazza17,18,data/processed/Eurasian_Magpie/XC160899-gazza17_chunk018.wav,3.0,XC160899-gazza17.mp3
Eurasian_Magpie,XC162527-PFR07789_1-10_130524_emagp-leucoptera-1-C,0,data/processed/Eurasian_Magpie/XC162527-PFR07789_1-10_130524_emagp-leucoptera-1-C_chunk000.wav,3.0,XC162527-PFR07789_1-10_130524_emagp-leucoptera-1-C.mp3
Eurasian_Magpie,XC162527-PFR07789_1-10_130524_emagp-leucoptera-1-C,1,data/processed/Eurasian_Magpie/XC162527-PFR07789_1-10_130524_emagp-leucoptera-1-C_chunk001.wav,3.0,XC162527-PFR07789_1-10_130524_emagp-leucoptera-1-C.mp3
Eurasian_Magpie,XC162527-PFR07789_1-10_130524_emagp-leucoptera-1-C,2,data/processed/Eurasian_Magpie/XC162527-PFR07789_1-10_130524_emagp-leucoptera-1-C_chunk002.wav,3.0,XC162527-PFR07789_1-10_130524_emagp-leucoptera-1-C.mp3
Eurasian_Magpie,XC162527-PFR07789_1-10_130524_emagp-leucoptera-1-C,3,data/processed/Eurasian_Magpie/XC162527-PFR07789_1-10_130524_emagp-leucoptera-1-C_chunk003.wav,3.0,XC162527-PFR07789_1-10_130524_emagp-leucoptera-1-C.mp3
Eurasian_Magpie,XC162527-PFR07789_1-10_130524_emagp-leucoptera-1-C,4,data/processed/Eurasian_Magpie/XC162527-PFR07789_1-10_130524_emagp-leucoptera-1-C_chunk004.wav,3.0,XC162527-PFR07789_1-10_130524_emagp-leucoptera-1-C.mp3
Eurasian_Magpie,XC162527-PFR07789_1-10_130524_emagp-leucoptera-1-C,5,data/processed/Eurasian_Magpie/XC162527-PFR07789_1-10_130524_emagp-leucoptera-1-C_chunk005.wav,3.0,XC162527-PFR07789_1-10_130524_emagp-leucoptera-1-C.mp3
Eurasian_Magpie,XC162527-PFR07789_1-10_130524_emagp-leucoptera-1-C,6,data/processed/Eurasian_Magpie/XC162527-PFR07789_1-10_130524_emagp-leucoptera-1-C_chunk006.wav,3.0,XC162527-PFR07789_1-10_130524_emagp-leucoptera-1-C.mp3
Eurasian_Magpie,XC162527-PFR07789_1-10_130524_emagp-leucoptera-1-C,7,data/processed/Eurasian_Magpie/XC162527-PFR07789_1-10_130524_emagp-leucoptera-1-C_chunk007.wav,3.0,XC162527-PFR07789_1-10_130524_emagp-leucoptera-1-C.mp3
Eurasian_Magpie,XC162527-PFR07789_1-10_130524_emagp-leucoptera-1-C,8,data/processed/Eurasian_Magpie/XC162527-PFR07789_1-10_130524_emagp-leucoptera-1-C_chunk008.wav,3.0,XC162527-PFR07789_1-10_130524_emagp-leucoptera-1-C.mp3
Eurasian_Magpie,XC162527-PFR07789_1-10_130524_emagp-leucoptera-1-C,9,data/processed/Eurasian_Magpie/XC162527-PFR07789_1-10_130524_emagp-leucoptera-1-C_chunk009.wav,3.0,XC162527-PFR07789_1-10_130524_emagp-leucoptera-1-C.mp3
Eurasian_Magpie,XC162527-PFR07789_1-10_130524_emagp-leucoptera-1-C,10,data/processed/Eurasian_Magpie/XC162527-PFR07789_1-10_130524_emagp-leucoptera-1-C_chunk010.wav,3.0,XC162527-PFR07789_1-10_130524_emagp-leucoptera-1-C.mp3
Eurasian_Magpie,XC162527-PFR07789_1-10_130524_emagp-leucoptera-1-C,11,data/processed/Eurasian_Magpie/XC162527-PFR07789_1-10_130524_emagp-leucoptera-1-C_chunk011.wav,3.0,XC162527-PFR07789_1-10_130524_emagp-leucoptera-1-C.mp3
Eurasian_Magpie,XC162527-PFR07789_1-10_130524_emagp-leucoptera-1-C,12,data/processed/Eurasian_Magpie/XC162527-PFR07789_1-10_130524_emagp-leucoptera-1-C_chunk012.wav,3.0,XC162527-PFR07789_1-10_130524_emagp-leucoptera-1-C.mp3
Eurasian_Magpie,XC162527-PFR07789_1-10_130524_emagp-leucoptera-1-C,13,data/processed/Eurasian_Magpie/XC162527-PFR07789_1-10_130524_emagp-leucoptera-1-C_chunk013.wav,3.0,XC162527-PFR07789_1-10_130524_emagp-leucoptera-1-C.mp3
Eurasian_Magpie,XC163456-FI-SFN-07-00063,0,data/processed/Eurasian_Magpie/XC163456-FI-SFN-07-00063_chunk000.wav,3.0,XC163456-FI-SFN-07-00063.mp3
Eurasian_Magpie,XC163456-FI-SFN-07-00063,1,data/processed/Eurasian_Magpie/XC163456-FI-SFN-07-00063_chunk001.wav,3.0,XC163456-FI-SFN-07-00063.mp3
Eurasian_Magpie,XC163456-FI-SFN-07-00063,2,data/processed/Eurasian_Magpie/XC163456-FI-SFN-07-00063_chunk002.wav,3.0,XC163456-FI-SFN-07-00063.mp3
Eurasian_Magpie,XC163456-FI-SFN-07-00063,3,data/processed/Eurasian_Magpie/XC163456-FI-SFN-07-00063_chunk003.wav,3.0,XC163456-FI-SFN-07-00063.mp3
Eurasian_Magpie,XC163456-FI-SFN-07-00063,4,data/processed/Eurasian_Magpie/XC163456-FI-SFN-07-00063_chunk004.wav,3.0,XC163456-FI-SFN-07-00063.mp3
Eurasian_Magpie,XC163456-FI-SFN-07-00063,5,data/processed/Eurasian_Magpie/XC163456-FI-SFN-07-00063_chunk005.wav,3.0,XC163456-FI-SFN-07-00063.mp3
Eurasian_Magpie,XC163456-FI-SFN-07-00063,6,data/processed/Eurasian_Magpie/XC163456-FI-SFN-07-00063_chunk006.wav,3.0,XC163456-FI-SFN-07-00063.mp3
Eurasian_Magpie,XC163456-FI-SFN-07-00063,7,data/processed/Eurasian_Magpie/XC163456-FI-SFN-07-00063_chunk007.wav,3.0,XC163456-FI-SFN-07-00063.mp3
Eurasian_Magpie,XC163456-FI-SFN-07-00063,8,data/processed/Eurasian_Magpie/XC163456-FI-SFN-07-00063_chunk008.wav,3.0,XC163456-FI-SFN-07-00063.mp3
Eurasian_Magpie,XC163456-FI-SFN-07-00063,9,data/processed/Eurasian_Magpie/XC163456-FI-SFN-07-00063_chunk009.wav,3.0,XC163456-FI-SFN-07-00063.mp3
Eurasian_Magpie,XC163456-FI-SFN-07-00063,10,data/processed/Eurasian_Magpie/XC163456-FI-SFN-07-00063_chunk010.wav,3.0,XC163456-FI-SFN-07-00063.mp3
Eurasian_Magpie,XC163456-FI-SFN-07-00063,11,data/processed/Eurasian_Magpie/XC163456-FI-SFN-07-00063_chunk011.wav,3.0,XC163456-FI-SFN-07-00063.mp3
Eurasian_Magpie,XC163456-FI-SFN-07-00063,12,data/processed/Eurasian_Magpie/XC163456-FI-SFN-07-00063_chunk012.wav,3.0,XC163456-FI-SFN-07-00063.mp3
Eurasian_Magpie,XC163456-FI-SFN-07-00063,13,data/processed/Eurasian_Magpie/XC163456-FI-SFN-07-00063_chunk013.wav,3.0,XC163456-FI-SFN-07-00063.mp3
Eurasian_Magpie,XC163456-FI-SFN-07-00063,14,data/processed/Eurasian_Magpie/XC163456-FI-SFN-07-00063_chunk014.wav,3.0,XC163456-FI-SFN-07-00063.mp3
Eurasian_Magpie,XC163456-FI-SFN-07-00063,15,data/processed/Eurasian_Magpie/XC163456-FI-SFN-07-00063_chunk015.wav,3.0,XC163456-FI-SFN-07-00063.mp3
Eurasian_Magpie,XC163456-FI-SFN-07-00063,16,data/processed/Eurasian_Magpie/XC163456-FI-SFN-07-00063_chunk016.wav,3.0,XC163456-FI-SFN-07-00063.mp3
Eurasian_Magpie,XC163456-FI-SFN-07-00063,17,data/processed/Eurasian_Magpie/XC163456-FI-SFN-07-00063_chunk017.wav,3.0,XC163456-FI-SFN-07-00063.mp3
Eurasian_Magpie,XC163456-FI-SFN-07-00063,18,data/processed/Eurasian_Magpie/XC163456-FI-SFN-07-00063_chunk018.wav,3.0,XC163456-FI-SFN-07-00063.mp3
Eurasian_Magpie,XC163456-FI-SFN-07-00063,19,data/processed/Eurasian_Magpie/XC163456-FI-SFN-07-00063_chunk019.wav,3.0,XC163456-FI-SFN-07-00063.mp3
Eurasian_Magpie,XC163456-FI-SFN-07-00063,20,data/processed/Eurasian_Magpie/XC163456-FI-SFN-07-00063_chunk020.wav,3.0,XC163456-FI-SFN-07-00063.mp3
Eurasian_Magpie,XC163456-FI-SFN-07-00063,21,data/processed/Eurasian_Magpie/XC163456-FI-SFN-07-00063_chunk021.wav,3.0,XC163456-FI-SFN-07-00063.mp3
Eurasian_Magpie,XC163456-FI-SFN-07-00063,22,data/processed/Eurasian_Magpie/XC163456-FI-SFN-07-00063_chunk022.wav,3.0,XC163456-FI-SFN-07-00063.mp3
Eurasian_Magpie,XC163456-FI-SFN-07-00063,23,data/processed/Eurasian_Magpie/XC163456-FI-SFN-07-00063_chunk023.wav,3.0,XC163456-FI-SFN-07-00063.mp3
Eurasian_Magpie,XC163456-FI-SFN-07-00063,24,data/processed/Eurasian_Magpie/XC163456-FI-SFN-07-00063_chunk024.wav,3.0,XC163456-FI-SFN-07-00063.mp3
Eurasian_Magpie,XC163456-FI-SFN-07-00063,25,data/processed/Eurasian_Magpie/XC163456-FI-SFN-07-00063_chunk025.wav,3.0,XC163456-FI-SFN-07-00063.mp3
Eurasian_Magpie,XC163456-FI-SFN-07-00063,26,data/processed/Eurasian_Magpie/XC163456-FI-SFN-07-00063_chunk026.wav,3.0,XC163456-FI-SFN-07-00063.mp3
Eurasian_Magpie,XC163456-FI-SFN-07-00063,27,data/processed/Eurasian_Magpie/XC163456-FI-SFN-07-00063_chunk027.wav,3.0,XC163456-FI-SFN-07-00063.mp3
Eurasian_Magpie,XC163456-FI-SFN-07-00063,28,data/processed/Eurasian_Magpie/XC163456-FI-SFN-07-00063_chunk028.wav,3.0,XC163456-FI-SFN-07-00063.mp3
Eurasian_Magpie,XC163456-FI-SFN-07-00063,29,data/processed/Eurasian_Magpie/XC163456-FI-SFN-07-00063_chunk029.wav,3.0,XC163456-FI-SFN-07-00063.mp3
Eurasian_Magpie,XC163456-FI-SFN-07-00063,30,data/processed/Eurasian_Magpie/XC163456-FI-SFN-07-00063_chunk030.wav,3.0,XC163456-FI-SFN-07-00063.mp3
Eurasian_Magpie,XC163456-FI-SFN-07-00063,31,data/processed/Eurasian_Magpie/XC163456-FI-SFN-07-00063_chunk031.wav,3.0,XC163456-FI-SFN-07-00063.mp3
Eurasian_Magpie,XC163456-FI-SFN-07-00063,32,data/processed/Eurasian_Magpie/XC163456-FI-SFN-07-00063_chunk032.wav,3.0,XC163456-FI-SFN-07-00063.mp3
Eurasian_Magpie,XC163456-FI-SFN-07-00063,33,data/processed/Eurasian_Magpie/XC163456-FI-SFN-07-00063_chunk033.wav,3.0,XC163456-FI-SFN-07-00063.mp3
Eurasian_Magpie,XC163456-FI-SFN-07-00063,34,data/processed/Eurasian_Magpie/XC163456-FI-SFN-07-00063_chunk034.wav,3.0,XC163456-FI-SFN-07-00063.mp3
Eurasian_Magpie,XC163456-FI-SFN-07-00063,35,data/processed/Eurasian_Magpie/XC163456-FI-SFN-07-00063_chunk035.wav,3.0,XC163456-FI-SFN-07-00063.mp3
Eurasian_Magpie,XC163456-FI-SFN-07-00063,36,data/processed/Eurasian_Magpie/XC163456-FI-SFN-07-00063_chunk036.wav,3.0,XC163456-FI-SFN-07-00063.mp3
Eurasian_Magpie,"XC168240-0227_124030,Чеб,бот,сорока,В",0,"data/processed/Eurasian_Magpie/XC168240-0227_124030,Чеб,бот,сорока,В_chunk000.wav",3.0,"XC168240-0227_124030,Чеб,бот,сорока,В.MP3"
Eurasian_Magpie,"XC168240-0227_124030,Чеб,бот,сорока,В",1,"data/processed/Eurasian_Magpie/XC168240-0227_124030,Чеб,бот,сорока,В_chunk001.wav",3.0,"XC168240-0227_124030,Чеб,бот,сорока,В.MP3"
Eurasian_Magpie,"XC168240-0227_124030,Чеб,бот,сорока,В",2,"data/processed/Eurasian_Magpie/XC168240-0227_124030,Чеб,бот,сорока,В_chunk002.wav",3.0,"XC168240-0227_124030,Чеб,бот,сорока,В.MP3"
Eurasian_Magpie,"XC168240-0227_124030,Чеб,бот,сорока,В",3,"data/processed/Eurasian_Magpie/XC168240-0227_124030,Чеб,бот,сорока,В_chunk003.wav",3.0,"XC168240-0227_124030,Чеб,бот,сорока,В.MP3"
Eurasian_Magpie,"XC168240-0227_124030,Чеб,бот,сорока,В",4,"data/processed/Eurasian_Magpie/XC168240-0227_124030,Чеб,бот,сорока,В_chunk004.wav",3.0,"XC168240-0227_124030,Чеб,бот,сорока,В.MP3"
Eurasian_Magpie,"XC168240-0227_124030,Чеб,бот,сорока,В",5,"data/processed/Eurasian_Magpie/XC168240-0227_124030,Чеб,бот,сорока,В_chunk005.wav",3.0,"XC168240-0227_124030,Чеб,бот,сорока,В.MP3"
Eurasian_Magpie,"XC168240-0227_124030,Чеб,бот,сорока,В",6,"data/processed/Eurasian_Magpie/XC168240-0227_124030,Чеб,бот,сорока,В_chunk006.wav",3.0,"XC168240-0227_124030,Чеб,бот,сорока,В.MP3"
Eurasian_Magpie,"XC168240-0227_124030,Чеб,бот,сорока,В",7,"data/processed/Eurasian_Magpie/XC168240-0227_124030,Чеб,бот,сорока,В_chunk007.wav",3.0,"XC168240-0227_124030,Чеб,бот,сорока,В.MP3"
Eurasian_Magpie,"XC168240-0227_124030,Чеб,бот,сорока,В",8,"data/processed/Eurasian_Magpie/XC168240-0227_124030,Чеб,бот,сорока,В_chunk008.wav",3.0,"XC168240-0227_124030,Чеб,бот,сорока,В.MP3"
Eurasian_Magpie,"XC168240-0227_124030,Чеб,бот,сорока,В",9,"data/processed/Eurasian_Magpie/XC168240-0227_124030,Чеб,бот,сорока,В_chunk009.wav",3.0,"XC168240-0227_124030,Чеб,бот,сорока,В.MP3"
Eurasian_Magpie,"XC168240-0227_124030,Чеб,бот,сорока,В",10,"data/processed/Eurasian_Magpie/XC168240-0227_124030,Чеб,бот,сорока,В_chunk010.wav",3.0,"XC168240-0227_124030,Чеб,бот,сорока,В.MP3"
Eurasian_Magpie,"XC168240-0227_124030,Чеб,бот,сорока,В",11,"data/processed/Eurasian_Magpie/XC168240-0227_124030,Чеб,бот,сорока,В_chunk011.wav",3.0,"XC168240-0227_124030,Чеб,бот,сорока,В.MP3"
Eurasian_Magpie,"XC168240-0227_124030,Чеб,бот,сорока,В",12,"data/processed/Eurasian_Magpie/XC168240-0227_124030,Чеб,бот,сорока,В_chunk012.wav",3.0,"XC168240-0227_124030,Чеб,бот,сорока,В.MP3"
Eurasian_Magpie,"XC168240-0227_124030,Чеб,бот,сорока,В",13,"data/processed/Eurasian_Magpie/XC168240-0227_124030,Чеб,бот,сорока,В_chunk013.wav",3.0,"XC168240-0227_124030,Чеб,бот,сорока,В.MP3"
Eurasian_Magpie,"XC168240-0227_124030,Чеб,бот,сорока,В",14,"data/processed/Eurasian_Magpie/XC168240-0227_124030,Чеб,бот,сорока,В_chunk014.wav",3.0,"XC168240-0227_124030,Чеб,бот,сорока,В.MP3"
Eurasian_Magpie,"XC168546-0301_173322,чеб,сорока,самец,В1",0,"data/processed/Eurasian_Magpie/XC168546-0301_173322,чеб,сорока,самец,В1_chunk000.wav",3.0,"XC168546-0301_173322,чеб,сорока,самец,В1.MP3"
Eurasian_Magpie,"XC168546-0301_173322,чеб,сорока,самец,В1",1,"data/processed/Eurasian_Magpie/XC168546-0301_173322,чеб,сорока,самец,В1_chunk001.wav",3.0,"XC168546-0301_173322,чеб,сорока,самец,В1.MP3"
Eurasian_Magpie,"XC168546-0301_173322,чеб,сорока,самец,В1",2,"data/processed/Eurasian_Magpie/XC168546-0301_173322,чеб,сорока,самец,В1_chunk002.wav",3.0,"XC168546-0301_173322,чеб,сорока,самец,В1.MP3"
Eurasian_Magpie,"XC168546-0301_173322,чеб,сорока,самец,В1",3,"data/processed/Eurasian_Magpie/XC168546-0301_173322,чеб,сорока,самец,В1_chunk003.wav",3.0,"XC168546-0301_173322,чеб,сорока,самец,В1.MP3"
Eurasian_Magpie,"XC168546-0301_173322,чеб,сорока,самец,В1",4,"data/processed/Eurasian_Magpie/XC168546-0301_173322,чеб,сорока,самец,В1_chunk004.wav",3.0,"XC168546-0301_173322,чеб,сорока,самец,В1.MP3"
Eurasian_Magpie,"XC168546-0301_173322,чеб,сорока,самец,В1",5,"data/processed/Eurasian_Magpie/XC168546-0301_173322,чеб,сорока,самец,В1_chunk005.wav",3.0,"XC168546-0301_173322,чеб,сорока,самец,В1.MP3"
Eurasian_Magpie,"XC168546-0301_173322,чеб,сорока,самец,В1",6,"data/processed/Eurasian_Magpie/XC168546-0301_173322,чеб,сорока,самец,В1_chunk006.wav",3.0,"XC168546-0301_173322,чеб,сорока,самец,В1.MP3"
Eurasian_Magpie,"XC168546-0301_173322,чеб,сорока,самец,В1",7,"data/processed/Eurasian_Magpie/XC168546-0301_173322,чеб,сорока,самец,В1_chunk007.wav",3.0,"XC168546-0301_173322,чеб,сорока,самец,В1.MP3"
Eurasian_Magpie,"XC168546-0301_173322,чеб,сорока,самец,В1",8,"data/processed/Eurasian_Magpie/XC168546-0301_173322,чеб,сорока,самец,В1_chunk008.wav",3.0,"XC168546-0301_173322,чеб,сорока,самец,В1.MP3"
Eurasian_Magpie,"XC168546-0301_173322,чеб,сорока,самец,В1",9,"data/processed/Eurasian_Magpie/XC168546-0301_173322,чеб,сорока,самец,В1_chunk009.wav",3.0,"XC168546-0301_173322,чеб,сорока,самец,В1.MP3"
Eurasian_Magpie,"XC168546-0301_173322,чеб,сорока,самец,В1",10,"data/processed/Eurasian_Magpie/XC168546-0301_173322,чеб,сорока,самец,В1_chunk010.wav",3.0,"XC168546-0301_173322,чеб,сорока,самец,В1.MP3"
Eurasian_Magpie,"XC168546-0301_173322,чеб,сорока,самец,В1",11,"data/processed/Eurasian_Magpie/XC168546-0301_173322,чеб,сорока,самец,В1_chunk011.wav",3.0,"XC168546-0301_173322,чеб,сорока,самец,В1.MP3"
Eurasian_Magpie,"XC168546-0301_173322,чеб,сорока,самец,В1",12,"data/processed/Eurasian_Magpie/XC168546-0301_173322,чеб,сорока,самец,В1_chunk012.wav",3.0,"XC168546-0301_173322,чеб,сорока,самец,В1.MP3"
Eurasian_Magpie,"XC168546-0301_173322,чеб,сорока,самец,В1",13,"data/processed/Eurasian_Magpie/XC168546-0301_173322,чеб,сорока,самец,В1_chunk013.wav",3.0,"XC168546-0301_173322,чеб,сорока,самец,В1.MP3"
Eurasian_Magpie,"XC168546-0301_173322,чеб,сорока,самец,В1",14,"data/processed/Eurasian_Magpie/XC168546-0301_173322,чеб,сорока,самец,В1_chunk014.wav",3.0,"XC168546-0301_173322,чеб,сорока,самец,В1.MP3"
Eurasian_Magpie,"XC168546-0301_173322,чеб,сорока,самец,В1",15,"data/processed/Eurasian_Magpie/XC168546-0301_173322,чеб,сорока,самец,В1_chunk015.wav",3.0,"XC168546-0301_173322,чеб,сорока,самец,В1.MP3"
Eurasian_Magpie,XC169493-ElsterBerl61-23-2-14_8-24,0,data/processed/Eurasian_Magpie/XC169493-ElsterBerl61-23-2-14_8-24_chunk000.wav,3.0,XC169493-ElsterBerl61-23-2-14_8-24.mp3
Eurasian_Magpie,XC169493-ElsterBerl61-23-2-14_8-24,1,data/processed/Eurasian_Magpie/XC169493-ElsterBerl61-23-2-14_8-24_chunk001.wav,3.0,XC169493-ElsterBerl61-23-2-14_8-24.mp3
Eurasian_Magpie,"XC170316-0309_104059,Чеб,берег",0,"data/processed/Eurasian_Magpie/XC170316-0309_104059,Чеб,берег_chunk000.wav",3.0,"XC170316-0309_104059,Чеб,берег Волги,сорока, В.MP3"
Eurasian_Magpie,"XC170316-0309_104059,Чеб,берег",1,"data/processed/Eurasian_Magpie/XC170316-0309_104059,Чеб,берег_chunk001.wav",3.0,"XC170316-0309_104059,Чеб,берег Волги,сорока, В.MP3"
Eurasian_Magpie,"XC170316-0309_104059,Чеб,берег",2,"data/processed/Eurasian_Magpie/XC170316-0309_104059,Чеб,берег_chunk002.wav",3.0,"XC170316-0309_104059,Чеб,берег Волги,сорока, В.MP3"
Eurasian_Magpie,"XC170316-0309_104059,Чеб,берег",3,"data/processed/Eurasian_Magpie/XC170316-0309_104059,Чеб,берег_chunk003.wav",3.0,"XC170316-0309_104059,Чеб,берег Волги,сорока, В.MP3"
Eurasian_Magpie,"XC170316-0309_104059,Чеб,берег",4,"data/processed/Eurasian_Magpie/XC170316-0309_104059,Чеб,берег_chunk004.wav",3.0,"XC170316-0309_104059,Чеб,берег Волги,сорока, В.MP3"
Eurasian_Magpie,"XC170316-0309_104059,Чеб,берег",5,"data/processed/Eurasian_Magpie/XC170316-0309_104059,Чеб,берег_chunk005.wav",3.0,"XC170316-0309_104059,Чеб,берег Волги,сорока, В.MP3"
Eurasian_Magpie,"XC170316-0309_104059,Чеб,берег",6,"data/processed/Eurasian_Magpie/XC170316-0309_104059,Чеб,берег_chunk006.wav",3.0,"XC170316-0309_104059,Чеб,берег Волги,сорока, В.MP3"
Eurasian_Magpie,"XC170316-0309_104059,Чеб,берег",7,"data/processed/Eurasian_Magpie/XC170316-0309_104059,Чеб,берег_chunk007.wav",3.0,"XC170316-0309_104059,Чеб,берег Волги,сорока, В.MP3"
Eurasian_Magpie,"XC170316-0309_104059,Чеб,берег",8,"data/processed/Eurasian_Magpie/XC170316-0309_104059,Чеб,берег_chunk008.wav",3.0,"XC170316-0309_104059,Чеб,берег Волги,сорока, В.MP3"
Eurasian_Magpie,XC170690-gazza_softcalls,0,data/processed/Eurasian_Magpie/XC170690-gazza_softcalls_chunk000.wav,3.0,XC170690-gazza_softcalls.mp3
Eurasian_Magpie,XC170690-gazza_softcalls,1,data/processed/Eurasian_Magpie/XC170690-gazza_softcalls_chunk001.wav,3.0,XC170690-gazza_softcalls.mp3
Eurasian_Magpie,XC170690-gazza_softcalls,2,data/processed/Eurasian_Magpie/XC170690-gazza_softcalls_chunk002.wav,3.0,XC170690-gazza_softcalls.mp3
Eurasian_Magpie,XC170690-gazza_softcalls,3,data/processed/Eurasian_Magpie/XC170690-gazza_softcalls_chunk003.wav,3.0,XC170690-gazza_softcalls.mp3
Eurasian_Magpie,XC170690-gazza_softcalls,4,data/processed/Eurasian_Magpie/XC170690-gazza_softcalls_chunk004.wav,3.0,XC170690-gazza_softcalls.mp3
Eurasian_Magpie,XC170690-gazza_softcalls,5,data/processed/Eurasian_Magpie/XC170690-gazza_softcalls_chunk005.wav,3.0,XC170690-gazza_softcalls.mp3
Eurasian_Magpie,XC170690-gazza_softcalls,6,data/processed/Eurasian_Magpie/XC170690-gazza_softcalls_chunk006.wav,3.0,XC170690-gazza_softcalls.mp3
Eurasian_Magpie,XC170690-gazza_softcalls,7,data/processed/Eurasian_Magpie/XC170690-gazza_softcalls_chunk007.wav,3.0,XC170690-gazza_softcalls.mp3
Eurasian_Magpie,XC170690-gazza_softcalls,8,data/processed/Eurasian_Magpie/XC170690-gazza_softcalls_chunk008.wav,3.0,XC170690-gazza_softcalls.mp3
Eurasian_Magpie,XC170690-gazza_softcalls,9,data/processed/Eurasian_Magpie/XC170690-gazza_softcalls_chunk009.wav,3.0,XC170690-gazza_softcalls.mp3
Eurasian_Magpie,XC170690-gazza_softcalls,10,data/processed/Eurasian_Magpie/XC170690-gazza_softcalls_chunk010.wav,3.0,XC170690-gazza_softcalls.mp3
Eurasian_Magpie,XC182445-P.,0,data/processed/Eurasian_Magpie/XC182445-P._chunk000.wav,3.0,"XC182445-P. p.bactriana 0427_192242,B.MP3"
Eurasian_Magpie,XC182445-P.,1,data/processed/Eurasian_Magpie/XC182445-P._chunk001.wav,3.0,"XC182445-P. p.bactriana 0427_192242,B.MP3"
Eurasian_Magpie,XC182445-P.,2,data/processed/Eurasian_Magpie/XC182445-P._chunk002.wav,3.0,"XC182445-P. p.bactriana 0427_192242,B.MP3"
Eurasian_Magpie,XC182445-P.,3,data/processed/Eurasian_Magpie/XC182445-P._chunk003.wav,3.0,"XC182445-P. p.bactriana 0427_192242,B.MP3"
Eurasian_Magpie,XC182445-P.,4,data/processed/Eurasian_Magpie/XC182445-P._chunk004.wav,3.0,"XC182445-P. p.bactriana 0427_192242,B.MP3"
Eurasian_Magpie,XC182445-P.,5,data/processed/Eurasian_Magpie/XC182445-P._chunk005.wav,3.0,"XC182445-P. p.bactriana 0427_192242,B.MP3"
Eurasian_Magpie,XC182445-P.,6,data/processed/Eurasian_Magpie/XC182445-P._chunk006.wav,3.0,"XC182445-P. p.bactriana 0427_192242,B.MP3"
Eurasian_Magpie,XC182445-P.,7,data/processed/Eurasian_Magpie/XC182445-P._chunk007.wav,3.0,"XC182445-P. p.bactriana 0427_192242,B.MP3"
Eurasian_Magpie,XC182445-P.,8,data/processed/Eurasian_Magpie/XC182445-P._chunk008.wav,3.0,"XC182445-P. p.bactriana 0427_192242,B.MP3"
Eurasian_Magpie,XC182445-P.,9,data/processed/Eurasian_Magpie/XC182445-P._chunk009.wav,3.0,"XC182445-P. p.bactriana 0427_192242,B.MP3"
Eurasian_Magpie,XC182445-P.,10,data/processed/Eurasian_Magpie/XC182445-P._chunk010.wav,3.0,"XC182445-P. p.bactriana 0427_192242,B.MP3"
Eurasian_Magpie,XC182445-P.,11,data/processed/Eurasian_Magpie/XC182445-P._chunk011.wav,3.0,"XC182445-P. p.bactriana 0427_192242,B.MP3"
Eurasian_Magpie,XC182445-P.,12,data/processed/Eurasian_Magpie/XC182445-P._chunk012.wav,3.0,"XC182445-P. p.bactriana 0427_192242,B.MP3"
Eurasian_Magpie,XC182445-P.,13,data/processed/Eurasian_Magpie/XC182445-P._chunk013.wav,3.0,"XC182445-P. p.bactriana 0427_192242,B.MP3"
Eurasian_Magpie,XC182490-P.p.bactriana,0,data/processed/Eurasian_Magpie/XC182490-P.p.bactriana_chunk000.wav,3.0,"XC182490-P.p.bactriana 0428_071628,A.MP3"
Eurasian_Magpie,XC182490-P.p.bactriana,1,data/processed/Eurasian_Magpie/XC182490-P.p.bactriana_chunk001.wav,3.0,"XC182490-P.p.bactriana 0428_071628,A.MP3"
Eurasian_Magpie,XC182490-P.p.bactriana,2,data/processed/Eurasian_Magpie/XC182490-P.p.bactriana_chunk002.wav,3.0,"XC182490-P.p.bactriana 0428_071628,A.MP3"
Eurasian_Magpie,XC182490-P.p.bactriana,3,data/processed/Eurasian_Magpie/XC182490-P.p.bactriana_chunk003.wav,3.0,"XC182490-P.p.bactriana 0428_071628,A.MP3"
Eurasian_Magpie,XC182490-P.p.bactriana,4,data/processed/Eurasian_Magpie/XC182490-P.p.bactriana_chunk004.wav,3.0,"XC182490-P.p.bactriana 0428_071628,A.MP3"
Eurasian_Magpie,XC182490-P.p.bactriana,5,data/processed/Eurasian_Magpie/XC182490-P.p.bactriana_chunk005.wav,3.0,"XC182490-P.p.bactriana 0428_071628,A.MP3"
Eurasian_Magpie,XC183308-P.,0,data/processed/Eurasian_Magpie/XC183308-P._chunk000.wav,3.0,"XC183308-P. p. bactriana 140502_086,A.MP3"
Eurasian_Magpie,XC183308-P.,1,data/processed/Eurasian_Magpie/XC183308-P._chunk001.wav,3.0,"XC183308-P. p. bactriana 140502_086,A.MP3"
Eurasian_Magpie,XC183308-P.,2,data/processed/Eurasian_Magpie/XC183308-P._chunk002.wav,3.0,"XC183308-P. p. bactriana 140502_086,A.MP3"
Eurasian_Magpie,XC183308-P.,3,data/processed/Eurasian_Magpie/XC183308-P._chunk003.wav,3.0,"XC183308-P. p. bactriana 140502_086,A.MP3"
Eurasian_Magpie,XC183308-P.,4,data/processed/Eurasian_Magpie/XC183308-P._chunk004.wav,3.0,"XC183308-P. p. bactriana 140502_086,A.MP3"
Eurasian_Magpie,XC183308-P.,5,data/processed/Eurasian_Magpie/XC183308-P._chunk005.wav,3.0,"XC183308-P. p. bactriana 140502_086,A.MP3"
Eurasian_Magpie,XC183308-P.,6,data/processed/Eurasian_Magpie/XC183308-P._chunk006.wav,3.0,"XC183308-P. p. bactriana 140502_086,A.MP3"
Eurasian_Magpie,XC183308-P.,7,data/processed/Eurasian_Magpie/XC183308-P._chunk007.wav,3.0,"XC183308-P. p. bactriana 140502_086,A.MP3"
Eurasian_Magpie,XC183308-P.,8,data/processed/Eurasian_Magpie/XC183308-P._chunk008.wav,3.0,"XC183308-P. p. bactriana 140502_086,A.MP3"
Eurasian_Magpie,XC183308-P.,9,data/processed/Eurasian_Magpie/XC183308-P._chunk009.wav,3.0,"XC183308-P. p. bactriana 140502_086,A.MP3"
Eurasian_Magpie,XC183308-P.,10,data/processed/Eurasian_Magpie/XC183308-P._chunk010.wav,3.0,"XC183308-P. p. bactriana 140502_086,A.MP3"
Eurasian_Magpie,XC183308-P.,11,data/processed/Eurasian_Magpie/XC183308-P._chunk011.wav,3.0,"XC183308-P. p. bactriana 140502_086,A.MP3"
Eurasian_Magpie,XC183308-P.,12,data/processed/Eurasian_Magpie/XC183308-P._chunk012.wav,3.0,"XC183308-P. p. bactriana 140502_086,A.MP3"
Eurasian_Magpie,XC183308-P.,13,data/processed/Eurasian_Magpie/XC183308-P._chunk013.wav,3.0,"XC183308-P. p. bactriana 140502_086,A.MP3"
Eurasian_Magpie,XC183308-P.,14,data/processed/Eurasian_Magpie/XC183308-P._chunk014.wav,3.0,"XC183308-P. p. bactriana 140502_086,A.MP3"
Eurasian_Magpie,XC183308-P.,15,data/processed/Eurasian_Magpie/XC183308-P._chunk015.wav,3.0,"XC183308-P. p. bactriana 140502_086,A.MP3"
Eurasian_Magpie,XC183308-P.,16,data/processed/Eurasian_Magpie/XC183308-P._chunk016.wav,3.0,"XC183308-P. p. bactriana 140502_086,A.MP3"
Eurasian_Magpie,XC183308-P.,17,data/processed/Eurasian_Magpie/XC183308-P._chunk017.wav,3.0,"XC183308-P. p. bactriana 140502_086,A.MP3"
Eurasian_Magpie,XC183308-P.,18,data/processed/Eurasian_Magpie/XC183308-P._chunk018.wav,3.0,"XC183308-P. p. bactriana 140502_086,A.MP3"
Eurasian_Magpie,XC183308-P.,19,data/processed/Eurasian_Magpie/XC183308-P._chunk019.wav,3.0,"XC183308-P. p. bactriana 140502_086,A.MP3"
Eurasian_Magpie,XC183308-P.,20,data/processed/Eurasian_Magpie/XC183308-P._chunk020.wav,3.0,"XC183308-P. p. bactriana 140502_086,A.MP3"
Eurasian_Magpie,XC183410-common-magpie1,0,data/processed/Eurasian_Magpie/XC183410-common-magpie1_chunk000.wav,3.0,XC183410-common-magpie1.mp3
Eurasian_Magpie,XC183410-common-magpie1,1,data/processed/Eurasian_Magpie/XC183410-common-magpie1_chunk001.wav,3.0,XC183410-common-magpie1.mp3
Eurasian_Magpie,XC183410-common-magpie1,2,data/processed/Eurasian_Magpie/XC183410-common-magpie1_chunk002.wav,3.0,XC183410-common-magpie1.mp3
Eurasian_Magpie,XC183410-common-magpie1,3,data/processed/Eurasian_Magpie/XC183410-common-magpie1_chunk003.wav,3.0,XC183410-common-magpie1.mp3
Eurasian_Magpie,XC183410-common-magpie1,4,data/processed/Eurasian_Magpie/XC183410-common-magpie1_chunk004.wav,3.0,XC183410-common-magpie1.mp3
Eurasian_Magpie,XC183411-common-magpie2,0,data/processed/Eurasian_Magpie/XC183411-common-magpie2_chunk000.wav,3.0,XC183411-common-magpie2.mp3
Eurasian_Magpie,XC183411-common-magpie2,1,data/processed/Eurasian_Magpie/XC183411-common-magpie2_chunk001.wav,3.0,XC183411-common-magpie2.mp3
Eurasian_Magpie,XC183411-common-magpie2,2,data/processed/Eurasian_Magpie/XC183411-common-magpie2_chunk002.wav,3.0,XC183411-common-magpie2.mp3
Eurasian_Magpie,XC183411-common-magpie2,3,data/processed/Eurasian_Magpie/XC183411-common-magpie2_chunk003.wav,3.0,XC183411-common-magpie2.mp3
Eurasian_Magpie,XC183411-common-magpie2,4,data/processed/Eurasian_Magpie/XC183411-common-magpie2_chunk004.wav,3.0,XC183411-common-magpie2.mp3
Eurasian_Magpie,XC183411-common-magpie2,5,data/processed/Eurasian_Magpie/XC183411-common-magpie2_chunk005.wav,3.0,XC183411-common-magpie2.mp3
Eurasian_Magpie,XC183411-common-magpie2,6,data/processed/Eurasian_Magpie/XC183411-common-magpie2_chunk006.wav,3.0,XC183411-common-magpie2.mp3
Eurasian_Magpie,XC183411-common-magpie2,7,data/processed/Eurasian_Magpie/XC183411-common-magpie2_chunk007.wav,3.0,XC183411-common-magpie2.mp3
Eurasian_Magpie,XC183411-common-magpie2,8,data/processed/Eurasian_Magpie/XC183411-common-magpie2_chunk008.wav,3.0,XC183411-common-magpie2.mp3
Eurasian_Magpie,XC183411-common-magpie2,9,data/processed/Eurasian_Magpie/XC183411-common-magpie2_chunk009.wav,3.0,XC183411-common-magpie2.mp3
Eurasian_Magpie,XC183411-common-magpie2,10,data/processed/Eurasian_Magpie/XC183411-common-magpie2_chunk010.wav,3.0,XC183411-common-magpie2.mp3
Eurasian_Magpie,XC183411-common-magpie2,11,data/processed/Eurasian_Magpie/XC183411-common-magpie2_chunk011.wav,3.0,XC183411-common-magpie2.mp3
Eurasian_Magpie,XC183411-common-magpie2,12,data/processed/Eurasian_Magpie/XC183411-common-magpie2_chunk012.wav,3.0,XC183411-common-magpie2.mp3
Eurasian_Magpie,XC183411-common-magpie2,13,data/processed/Eurasian_Magpie/XC183411-common-magpie2_chunk013.wav,3.0,XC183411-common-magpie2.mp3
Eurasian_Magpie,XC183411-common-magpie2,14,data/processed/Eurasian_Magpie/XC183411-common-magpie2_chunk014.wav,3.0,XC183411-common-magpie2.mp3
Eurasian_Magpie,XC183411-common-magpie2,15,data/processed/Eurasian_Magpie/XC183411-common-magpie2_chunk015.wav,3.0,XC183411-common-magpie2.mp3
Eurasian_Magpie,XC183411-common-magpie2,16,data/processed/Eurasian_Magpie/XC183411-common-magpie2_chunk016.wav,3.0,XC183411-common-magpie2.mp3
Eurasian_Magpie,XC183411-common-magpie2,17,data/processed/Eurasian_Magpie/XC183411-common-magpie2_chunk017.wav,3.0,XC183411-common-magpie2.mp3
Eurasian_Magpie,XC183411-common-magpie2,18,data/processed/Eurasian_Magpie/XC183411-common-magpie2_chunk018.wav,3.0,XC183411-common-magpie2.mp3
Eurasian_Magpie,XC183411-common-magpie2,19,data/processed/Eurasian_Magpie/XC183411-common-magpie2_chunk019.wav,3.0,XC183411-common-magpie2.mp3
Eurasian_Magpie,XC183412-common-magpie3,0,data/processed/Eurasian_Magpie/XC183412-common-magpie3_chunk000.wav,3.0,XC183412-common-magpie3.mp3
Eurasian_Magpie,XC183412-common-magpie3,1,data/processed/Eurasian_Magpie/XC183412-common-magpie3_chunk001.wav,3.0,XC183412-common-magpie3.mp3
Eurasian_Magpie,XC183757-elster1036,0,data/processed/Eurasian_Magpie/XC183757-elster1036_chunk000.wav,3.0,XC183757-elster1036.mp3
Eurasian_Magpie,XC183757-elster1036,1,data/processed/Eurasian_Magpie/XC183757-elster1036_chunk001.wav,3.0,XC183757-elster1036.mp3
Eurasian_Magpie,XC183757-elster1036,2,data/processed/Eurasian_Magpie/XC183757-elster1036_chunk002.wav,3.0,XC183757-elster1036.mp3
Eurasian_Magpie,XC183757-elster1036,3,data/processed/Eurasian_Magpie/XC183757-elster1036_chunk003.wav,3.0,XC183757-elster1036.mp3
Eurasian_Magpie,XC183757-elster1036,4,data/processed/Eurasian_Magpie/XC183757-elster1036_chunk004.wav,3.0,XC183757-elster1036.mp3
Eurasian_Magpie,XC183757-elster1036,5,data/processed/Eurasian_Magpie/XC183757-elster1036_chunk005.wav,3.0,XC183757-elster1036.mp3
Eurasian_Magpie,XC184168-Eurasian,0,data/processed/Eurasian_Magpie/XC184168-Eurasian_chunk000.wav,3.0,XC184168-Eurasian Magpie.mp3
Eurasian_Magpie,XC184168-Eurasian,1,data/processed/Eurasian_Magpie/XC184168-Eurasian_chunk001.wav,3.0,XC184168-Eurasian Magpie.mp3
Eurasian_Magpie,XC184168-Eurasian,2,data/processed/Eurasian_Magpie/XC184168-Eurasian_chunk002.wav,3.0,XC184168-Eurasian Magpie.mp3
Eurasian_Magpie,XC184168-Eurasian,3,data/processed/Eurasian_Magpie/XC184168-Eurasian_chunk003.wav,3.0,XC184168-Eurasian Magpie.mp3
Eurasian_Magpie,XC184168-Eurasian,4,data/processed/Eurasian_Magpie/XC184168-Eurasian_chunk004.wav,3.0,XC184168-Eurasian Magpie.mp3
Eurasian_Magpie,XC184254-P.,0,data/processed/Eurasian_Magpie/XC184254-P._chunk000.wav,3.0,"XC184254-P. p. bactriana 0515_063744,AAA1.MP3"
Eurasian_Magpie,XC184254-P.,1,data/processed/Eurasian_Magpie/XC184254-P._chunk001.wav,3.0,"XC184254-P. p. bactriana 0515_063744,AAA1.MP3"
Eurasian_Magpie,XC184254-P.,2,data/processed/Eurasian_Magpie/XC184254-P._chunk002.wav,3.0,"XC184254-P. p. bactriana 0515_063744,AAA1.MP3"
Eurasian_Magpie,XC184254-P.,3,data/processed/Eurasian_Magpie/XC184254-P._chunk003.wav,3.0,"XC184254-P. p. bactriana 0515_063744,AAA1.MP3"
Eurasian_Magpie,XC184254-P.,4,data/processed/Eurasian_Magpie/XC184254-P._chunk004.wav,3.0,"XC184254-P. p. bactriana 0515_063744,AAA1.MP3"
Eurasian_Magpie,XC184254-P.,5,data/processed/Eurasian_Magpie/XC184254-P._chunk005.wav,3.0,"XC184254-P. p. bactriana 0515_063744,AAA1.MP3"
Eurasian_Magpie,XC184254-P.,6,data/processed/Eurasian_Magpie/XC184254-P._chunk006.wav,3.0,"XC184254-P. p. bactriana 0515_063744,AAA1.MP3"
Eurasian_Magpie,XC184254-P.,7,data/processed/Eurasian_Magpie/XC184254-P._chunk007.wav,3.0,"XC184254-P. p. bactriana 0515_063744,AAA1.MP3"
Eurasian_Magpie,XC184254-P.,8,data/processed/Eurasian_Magpie/XC184254-P._chunk008.wav,3.0,"XC184254-P. p. bactriana 0515_063744,AAA1.MP3"
Eurasian_Magpie,XC184254-P.,9,data/processed/Eurasian_Magpie/XC184254-P._chunk009.wav,3.0,"XC184254-P. p. bactriana 0515_063744,AAA1.MP3"
Eurasian_Magpie,XC184254-P.,10,data/processed/Eurasian_Magpie/XC184254-P._chunk010.wav,3.0,"XC184254-P. p. bactriana 0515_063744,AAA1.MP3"
Eurasian_Magpie,XC184254-P.,11,data/processed/Eurasian_Magpie/XC184254-P._chunk011.wav,3.0,"XC184254-P. p. bactriana 0515_063744,AAA1.MP3"
Eurasian_Magpie,XC184254-P.,12,data/processed/Eurasian_Magpie/XC184254-P._chunk012.wav,3.0,"XC184254-P. p. bactriana 0515_063744,AAA1.MP3"
Eurasian_Magpie,XC184254-P.,13,data/processed/Eurasian_Magpie/XC184254-P._chunk013.wav,3.0,"XC184254-P. p. bactriana 0515_063744,AAA1.MP3"
Eurasian_Magpie,XC184254-P.,14,data/processed/Eurasian_Magpie/XC184254-P._chunk014.wav,3.0,"XC184254-P. p. bactriana 0515_063744,AAA1.MP3"
Eurasian_Magpie,XC184254-P.,15,data/processed/Eurasian_Magpie/XC184254-P._chunk015.wav,3.0,"XC184254-P. p. bactriana 0515_063744,AAA1.MP3"
Eurasian_Magpie,XC184254-P.,16,data/processed/Eurasian_Magpie/XC184254-P._chunk016.wav,3.0,"XC184254-P. p. bactriana 0515_063744,AAA1.MP3"
Eurasian_Magpie,XC184254-P.,17,data/processed/Eurasian_Magpie/XC184254-P._chunk017.wav,3.0,"XC184254-P. p. bactriana 0515_063744,AAA1.MP3"
Eurasian_Magpie,XC184254-P.,18,data/processed/Eurasian_Magpie/XC184254-P._chunk018.wav,3.0,"XC184254-P. p. bactriana 0515_063744,AAA1.MP3"
Eurasian_Magpie,XC184254-P.,19,data/processed/Eurasian_Magpie/XC184254-P._chunk019.wav,3.0,"XC184254-P. p. bactriana 0515_063744,AAA1.MP3"
Eurasian_Magpie,XC184254-P.,20,data/processed/Eurasian_Magpie/XC184254-P._chunk020.wav,3.0,"XC184254-P. p. bactriana 0515_063744,AAA1.MP3"
Eurasian_Magpie,XC184254-P.,21,data/processed/Eurasian_Magpie/XC184254-P._chunk021.wav,3.0,"XC184254-P. p. bactriana 0515_063744,AAA1.MP3"
Eurasian_Magpie,XC184254-P.,22,data/processed/Eurasian_Magpie/XC184254-P._chunk022.wav,3.0,"XC184254-P. p. bactriana 0515_063744,AAA1.MP3"
Eurasian_Magpie,XC184254-P.,23,data/processed/Eurasian_Magpie/XC184254-P._chunk023.wav,3.0,"XC184254-P. p. bactriana 0515_063744,AAA1.MP3"
Eurasian_Magpie,XC184254-P.,24,data/processed/Eurasian_Magpie/XC184254-P._chunk024.wav,3.0,"XC184254-P. p. bactriana 0515_063744,AAA1.MP3"
Eurasian_Magpie,XC184254-P.,25,data/processed/Eurasian_Magpie/XC184254-P._chunk025.wav,3.0,"XC184254-P. p. bactriana 0515_063744,AAA1.MP3"
Eurasian_Magpie,XC184254-P.,26,data/processed/Eurasian_Magpie/XC184254-P._chunk026.wav,3.0,"XC184254-P. p. bactriana 0515_063744,AAA1.MP3"
Eurasian_Magpie,XC184254-P.,27,data/processed/Eurasian_Magpie/XC184254-P._chunk027.wav,3.0,"XC184254-P. p. bactriana 0515_063744,AAA1.MP3"
Eurasian_Magpie,XC184254-P.,28,data/processed/Eurasian_Magpie/XC184254-P._chunk028.wav,3.0,"XC184254-P. p. bactriana 0515_063744,AAA1.MP3"
Eurasian_Magpie,XC184254-P.,29,data/processed/Eurasian_Magpie/XC184254-P._chunk029.wav,3.0,"XC184254-P. p. bactriana 0515_063744,AAA1.MP3"
Eurasian_Magpie,XC184254-P.,30,data/processed/Eurasian_Magpie/XC184254-P._chunk030.wav,3.0,"XC184254-P. p. bactriana 0515_063744,AAA1.MP3"
Eurasian_Magpie,XC184254-P.,31,data/processed/Eurasian_Magpie/XC184254-P._chunk031.wav,3.0,"XC184254-P. p. bactriana 0515_063744,AAA1.MP3"
Eurasian_Magpie,XC184254-P.,32,data/processed/Eurasian_Magpie/XC184254-P._chunk032.wav,3.0,"XC184254-P. p. bactriana 0515_063744,AAA1.MP3"
Eurasian_Magpie,XC184254-P.,33,data/processed/Eurasian_Magpie/XC184254-P._chunk033.wav,3.0,"XC184254-P. p. bactriana 0515_063744,AAA1.MP3"
Eurasian_Magpie,XC184254-P.,34,data/processed/Eurasian_Magpie/XC184254-P._chunk034.wav,3.0,"XC184254-P. p. bactriana 0515_063744,AAA1.MP3"
Eurasian_Magpie,XC184254-P.,35,data/processed/Eurasian_Magpie/XC184254-P._chunk035.wav,3.0,"XC184254-P. p. bactriana 0515_063744,AAA1.MP3"
Eurasian_Magpie,es0407,0,data/processed/Eurasian_Magpie/es0407_chunk000.wav,3.0,es0407 mp3.mp3
Eurasian_Magpie,es0407,1,data/processed/Eurasian_Magpie/es0407_chunk001.wav,3.0,es0407 mp3.mp3
Eurasian_Magpie,es0407,2,data/processed/Eurasian_Magpie/es0407_chunk002.wav,3.0,es0407 mp3.mp3
Eurasian_Magpie,es0407,3,data/processed/Eurasian_Magpie/es0407_chunk003.wav,3.0,es0407 mp3.mp3
Eurasian_Magpie,es0407,4,data/processed/Eurasian_Magpie/es0407_chunk004.wav,3.0,es0407 mp3.mp3
Eurasian_Magpie,es0407,5,data/processed/Eurasian_Magpie/es0407_chunk005.wav,3.0,es0407 mp3.mp3
Eurasian_Magpie,es0407,6,data/processed/Eurasian_Magpie/es0407_chunk006.wav,3.0,es0407 mp3.mp3
Eurasian_Magpie,es0407,7,data/processed/Eurasian_Magpie/es0407_chunk007.wav,3.0,es0407 mp3.mp3
Eurasian_Magpie,es0407,8,data/processed/Eurasian_Magpie/es0407_chunk008.wav,3.0,es0407 mp3.mp3
Eurasian_Magpie,es0407,9,data/processed/Eurasian_Magpie/es0407_chunk009.wav,3.0,es0407 mp3.mp3
Eurasian_Magpie,es0407,10,data/processed/Eurasian_Magpie/es0407_chunk010.wav,3.0,es0407 mp3.mp3
Eurasian_Magpie,es0407,11,data/processed/Eurasian_Magpie/es0407_chunk011.wav,3.0,es0407 mp3.mp3
Eurasian_Magpie,es0407,12,data/processed/Eurasian_Magpie/es0407_chunk012.wav,3.0,es0407 mp3.mp3
Eurasian_Magpie,es0407,13,data/processed/Eurasian_Magpie/es0407_chunk013.wav,3.0,es0407 mp3.mp3
Eurasian_Magpie,es0407,14,data/processed/Eurasian_Magpie/es0407_chunk014.wav,3.0,es0407 mp3.mp3
Eurasian_Magpie,es0407,15,data/processed/Eurasian_Magpie/es0407_chunk015.wav,3.0,es0407 mp3.mp3
Eurasian_Magpie,es0407,16,data/processed/Eurasian_Magpie/es0407_chunk016.wav,3.0,es0407 mp3.mp3
Eurasian_Magpie,es0407,17,data/processed/Eurasian_Magpie/es0407_chunk017.wav,3.0,es0407 mp3.mp3
Eurasian_Magpie,es0407,18,data/processed/Eurasian_Magpie/es0407_chunk018.wav,3.0,es0407 mp3.mp3
Eurasian_Magpie,magpie_20090328_073113,0,data/processed/Eurasian_Magpie/magpie_20090328_073113_chunk000.wav,3.0,magpie_20090328_073113.mp3
Eurasian_Magpie,magpie_20090328_073113,1,data/processed/Eurasian_Magpie/magpie_20090328_073113_chunk001.wav,3.0,magpie_20090328_073113.mp3
Carrion_Crow,07,0,data/processed/Carrion_Crow/07_chunk000.wav,3.0,"07 Corvus corone, les Sagnes (FRANCE), 07-05-11, 21h.mp3"
Carrion_Crow,07,1,data/processed/Carrion_Crow/07_chunk001.wav,3.0,"07 Corvus corone, les Sagnes (FRANCE), 07-05-11, 21h.mp3"
Carrion_Crow,07,2,data/processed/Carrion_Crow/07_chunk002.wav,3.0,"07 Corvus corone, les Sagnes (FRANCE), 07-05-11, 21h.mp3"
Carrion_Crow,07,3,data/processed/Carrion_Crow/07_chunk003.wav,3.0,"07 Corvus corone, les Sagnes (FRANCE), 07-05-11, 21h.mp3"
Carrion_Crow,07,4,data/processed/Carrion_Crow/07_chunk004.wav,3.0,"07 Corvus corone, les Sagnes (FRANCE), 07-05-11, 21h.mp3"
Carrion_Crow,2012_01_18_Corvuscorone_Collinist_07Uhr40,0,data/processed/Carrion_Crow/2012_01_18_Corvuscorone_Collinist_07Uhr40_chunk000.wav,3.0,2012_01_18_Corvuscorone_Collinist_07Uhr40.mp3
Carrion_Crow,2012_01_18_Corvuscorone_Collinist_07Uhr40,1,data/processed/Carrion_Crow/2012_01_18_Corvuscorone_Collinist_07Uhr40_chunk001.wav,3.0,2012_01_18_Corvuscorone_Collinist_07Uhr40.mp3
Carrion_Crow,2012_01_18_Corvuscorone_Collinist_07Uhr40,2,data/processed/Carrion_Crow/2012_01_18_Corvuscorone_Collinist_07Uhr40_chunk002.wav,3.0,2012_01_18_Corvuscorone_Collinist_07Uhr40.mp3
Carrion_Crow,2012_01_18_Corvuscorone_Collinist_07Uhr40,3,data/processed/Carrion_Crow/2012_01_18_Corvuscorone_Collinist_07Uhr40_chunk003.wav,3.0,2012_01_18_Corvuscorone_Collinist_07Uhr40.mp3
Carrion_Crow,2012_01_31_Corvuscorone_Collinist_07Uhr50,0,data/processed/Carrion_Crow/2012_01_31_Corvuscorone_Collinist_07Uhr50_chunk000.wav,3.0,2012_01_31_Corvuscorone_Collinist_07Uhr50.mp3
Carrion_Crow,2012_01_31_Corvuscorone_Collinist_07Uhr50,1,data/processed/Carrion_Crow/2012_01_31_Corvuscorone_Collinist_07Uhr50_chunk001.wav,3.0,2012_01_31_Corvuscorone_Collinist_07Uhr50.mp3
Carrion_Crow,2012_01_31_Corvuscorone_Collinist_07Uhr50,2,data/processed/Carrion_Crow/2012_01_31_Corvuscorone_Collinist_07Uhr50_chunk002.wav,3.0,2012_01_31_Corvuscorone_Collinist_07Uhr50.mp3
Carrion_Crow,2012_01_31_Corvuscorone_Collinist_07Uhr55,0,data/processed/Carrion_Crow/2012_01_31_Corvuscorone_Collinist_07Uhr55_chunk000.wav,3.0,2012_01_31_Corvuscorone_Collinist_07Uhr55.mp3
Carrion_Crow,2012_01_31_Corvuscorone_Collinist_07Uhr55,1,data/processed/Carrion_Crow/2012_01_31_Corvuscorone_Collinist_07Uhr55_chunk001.wav,3.0,2012_01_31_Corvuscorone_Collinist_07Uhr55.mp3
Carrion_Crow,2012_01_31_Corvuscorone_Collinist_07Uhr55,2,data/processed/Carrion_Crow/2012_01_31_Corvuscorone_Collinist_07Uhr55_chunk002.wav,3.0,2012_01_31_Corvuscorone_Collinist_07Uhr55.mp3
Carrion_Crow,2012_01_31_Corvuscorone_Collinist_07Uhr55,3,data/processed/Carrion_Crow/2012_01_31_Corvuscorone_Collinist_07Uhr55_chunk003.wav,3.0,2012_01_31_Corvuscorone_Collinist_07Uhr55.mp3
Carrion_Crow,2012_01_31_Corvuscorone_Collinist_07Uhr55,4,data/processed/Carrion_Crow/2012_01_31_Corvuscorone_Collinist_07Uhr55_chunk004.wav,3.0,2012_01_31_Corvuscorone_Collinist_07Uhr55.mp3
Carrion_Crow,2012_01_31_Corvuscorone_Collinist_07Uhr55,5,data/processed/Carrion_Crow/2012_01_31_Corvuscorone_Collinist_07Uhr55_chunk005.wav,3.0,2012_01_31_Corvuscorone_Collinist_07Uhr55.mp3
Carrion_Crow,2012_01_31_Corvuscorone_Collinist_07Uhr55,6,data/processed/Carrion_Crow/2012_01_31_Corvuscorone_Collinist_07Uhr55_chunk006.wav,3.0,2012_01_31_Corvuscorone_Collinist_07Uhr55.mp3
Carrion_Crow,2012_01_31_Corvuscorone_Collinist_07Uhr55,7,data/processed/Carrion_Crow/2012_01_31_Corvuscorone_Collinist_07Uhr55_chunk007.wav,3.0,2012_01_31_Corvuscorone_Collinist_07Uhr55.mp3
Carrion_Crow,2012_01_31_Corvuscorone_Collinist_07Uhr55,8,data/processed/Carrion_Crow/2012_01_31_Corvuscorone_Collinist_07Uhr55_chunk008.wav,3.0,2012_01_31_Corvuscorone_Collinist_07Uhr55.mp3
Carrion_Crow,2012_01_31_Corvuscorone_Collinist_07Uhr55,9,data/processed/Carrion_Crow/2012_01_31_Corvuscorone_Collinist_07Uhr55_chunk009.wav,3.0,2012_01_31_Corvuscorone_Collinist_07Uhr55.mp3
Carrion_Crow,2012_01_31_Corvuscorone_Collinist_07Uhr55,10,data/processed/Carrion_Crow/2012_01_31_Corvuscorone_Collinist_07Uhr55_chunk010.wav,3.0,2012_01_31_Corvuscorone_Collinist_07Uhr55.mp3
Carrion_Crow,2012_01_31_Corvuscorone_Collinist_07Uhr55,11,data/processed/Carrion_Crow/2012_01_31_Corvuscorone_Collinist_07Uhr55_chunk011.wav,3.0,2012_01_31_Corvuscorone_Collinist_07Uhr55.mp3
Carrion_Crow,2012_02_01_Corvuscorone_Collinist_07Uhr30,0,data/processed/Carrion_Crow/2012_02_01_Corvuscorone_Collinist_07Uhr30_chunk000.wav,3.0,2012_02_01_Corvuscorone_Collinist_07Uhr30.mp3
Carrion_Crow,2012_02_01_Corvuscorone_Collinist_07Uhr30,1,data/processed/Carrion_Crow/2012_02_01_Corvuscorone_Collinist_07Uhr30_chunk001.wav,3.0,2012_02_01_Corvuscorone_Collinist_07Uhr30.mp3
Carrion_Crow,2012_02_01_Corvuscorone_Collinist_07Uhr30,2,data/processed/Carrion_Crow/2012_02_01_Corvuscorone_Collinist_07Uhr30_chunk002.wav,3.0,2012_02_01_Corvuscorone_Collinist_07Uhr30.mp3
Carrion_Crow,2012_02_01_Corvuscorone_Collinist_07Uhr30,3,data/processed/Carrion_Crow/2012_02_01_Corvuscorone_Collinist_07Uhr30_chunk003.wav,3.0,2012_02_01_Corvuscorone_Collinist_07Uhr30.mp3
Carrion_Crow,2012_02_01_Corvuscorone_Collinist_07Uhr30,4,data/processed/Carrion_Crow/2012_02_01_Corvuscorone_Collinist_07Uhr30_chunk004.wav,3.0,2012_02_01_Corvuscorone_Collinist_07Uhr30.mp3
Carrion_Crow,2012_02_02_Corvuscorone_Collinist_07Uhr40,0,data/processed/Carrion_Crow/2012_02_02_Corvuscorone_Collinist_07Uhr40_chunk000.wav,3.0,2012_02_02_Corvuscorone_Collinist_07Uhr40.mp3
Carrion_Crow,2012_02_02_Corvuscorone_Collinist_07Uhr40,1,data/processed/Carrion_Crow/2012_02_02_Corvuscorone_Collinist_07Uhr40_chunk001.wav,3.0,2012_02_02_Corvuscorone_Collinist_07Uhr40.mp3
Carrion_Crow,2012_02_06_Corvuscorone_Collinist_07Uhr50,0,data/processed/Carrion_Crow/2012_02_06_Corvuscorone_Collinist_07Uhr50_chunk000.wav,3.0,2012_02_06_Corvuscorone_Collinist_07Uhr50.mp3
Carrion_Crow,2012_02_06_Corvuscorone_Collinist_07Uhr50,1,data/processed/Carrion_Crow/2012_02_06_Corvuscorone_Collinist_07Uhr50_chunk001.wav,3.0,2012_02_06_Corvuscorone_Collinist_07Uhr50.mp3
Carrion_Crow,2012_02_06_Corvuscorone_Collinist_07Uhr50,2,data/processed/Carrion_Crow/2012_02_06_Corvuscorone_Collinist_07Uhr50_chunk002.wav,3.0,2012_02_06_Corvuscorone_Collinist_07Uhr50.mp3
Carrion_Crow,2012_02_06_Corvuscorone_Collinist_07Uhr50,3,data/processed/Carrion_Crow/2012_02_06_Corvuscorone_Collinist_07Uhr50_chunk003.wav,3.0,2012_02_06_Corvuscorone_Collinist_07Uhr50.mp3
Carrion_Crow,2012_02_06_Corvuscorone_Collinist_07Uhr50,4,data/processed/Carrion_Crow/2012_02_06_Corvuscorone_Collinist_07Uhr50_chunk004.wav,3.0,2012_02_06_Corvuscorone_Collinist_07Uhr50.mp3
Carrion_Crow,2012_02_06_Corvuscorone_Collinist_07Uhr50,5,data/processed/Carrion_Crow/2012_02_06_Corvuscorone_Collinist_07Uhr50_chunk005.wav,3.0,2012_02_06_Corvuscorone_Collinist_07Uhr50.mp3
Carrion_Crow,2012_02_06_Corvuscorone_Collinist_07Uhr50,6,data/processed/Carrion_Crow/2012_02_06_Corvuscorone_Collinist_07Uhr50_chunk006.wav,3.0,2012_02_06_Corvuscorone_Collinist_07Uhr50.mp3
Carrion_Crow,2012_02_06_Corvuscorone_Collinist_07Uhr50,7,data/processed/Carrion_Crow/2012_02_06_Corvuscorone_Collinist_07Uhr50_chunk007.wav,3.0,2012_02_06_Corvuscorone_Collinist_07Uhr50.mp3
Carrion_Crow,2012_02_06_Corvuscorone_Collinist_07Uhr50,8,data/processed/Carrion_Crow/2012_02_06_Corvuscorone_Collinist_07Uhr50_chunk008.wav,3.0,2012_02_06_Corvuscorone_Collinist_07Uhr50.mp3
Carrion_Crow,2012_02_12_Corvus_corone_Collinist_07Uhr25,0,data/processed/Carrion_Crow/2012_02_12_Corvus_corone_Collinist_07Uhr25_chunk000.wav,3.0,2012_02_12_Corvus_corone_Collinist_07Uhr25.mp3
Carrion_Crow,2012_02_12_Corvus_corone_Collinist_07Uhr25,1,data/processed/Carrion_Crow/2012_02_12_Corvus_corone_Collinist_07Uhr25_chunk001.wav,3.0,2012_02_12_Corvus_corone_Collinist_07Uhr25.mp3
Carrion_Crow,2012_02_12_Corvus_corone_Collinist_07Uhr25,2,data/processed/Carrion_Crow/2012_02_12_Corvus_corone_Collinist_07Uhr25_chunk002.wav,3.0,2012_02_12_Corvus_corone_Collinist_07Uhr25.mp3
Carrion_Crow,2012_02_12_Corvus_corone_Collinist_07Uhr25,3,data/processed/Carrion_Crow/2012_02_12_Corvus_corone_Collinist_07Uhr25_chunk003.wav,3.0,2012_02_12_Corvus_corone_Collinist_07Uhr25.mp3
Carrion_Crow,2012_02_12_Corvus_corone_Collinist_07Uhr25,4,data/processed/Carrion_Crow/2012_02_12_Corvus_corone_Collinist_07Uhr25_chunk004.wav,3.0,2012_02_12_Corvus_corone_Collinist_07Uhr25.mp3
Carrion_Crow,2012_02_12_Corvus_corone_Collinist_07Uhr25,5,data/processed/Carrion_Crow/2012_02_12_Corvus_corone_Collinist_07Uhr25_chunk005.wav,3.0,2012_02_12_Corvus_corone_Collinist_07Uhr25.mp3
Carrion_Crow,2012_02_12_Corvus_corone_Collinist_07Uhr25,6,data/processed/Carrion_Crow/2012_02_12_Corvus_corone_Collinist_07Uhr25_chunk006.wav,3.0,2012_02_12_Corvus_corone_Collinist_07Uhr25.mp3
Carrion_Crow,2012_02_12_Corvus_corone_Collinist_07Uhr25,7,data/processed/Carrion_Crow/2012_02_12_Corvus_corone_Collinist_07Uhr25_chunk007.wav,3.0,2012_02_12_Corvus_corone_Collinist_07Uhr25.mp3
Carrion_Crow,2012_02_12_Corvus_corone_Collinist_07Uhr25,8,data/processed/Carrion_Crow/2012_02_12_Corvus_corone_Collinist_07Uhr25_chunk008.wav,3.0,2012_02_12_Corvus_corone_Collinist_07Uhr25.mp3
Carrion_Crow,2012_02_12_Corvus_corone_Collinist_07Uhr25,9,data/processed/Carrion_Crow/2012_02_12_Corvus_corone_Collinist_07Uhr25_chunk009.wav,3.0,2012_02_12_Corvus_corone_Collinist_07Uhr25.mp3
Carrion_Crow,2012_02_12_Corvus_corone_Collinist_07Uhr25,10,data/processed/Carrion_Crow/2012_02_12_Corvus_corone_Collinist_07Uhr25_chunk010.wav,3.0,2012_02_12_Corvus_corone_Collinist_07Uhr25.mp3
Carrion_Crow,2012_02_12_Corvus_corone_Collinist_07Uhr25,11,data/processed/Carrion_Crow/2012_02_12_Corvus_corone_Collinist_07Uhr25_chunk011.wav,3.0,2012_02_12_Corvus_corone_Collinist_07Uhr25.mp3
Carrion_Crow,2012_02_12_Corvus_corone_Collinist_07Uhr25,12,data/processed/Carrion_Crow/2012_02_12_Corvus_corone_Collinist_07Uhr25_chunk012.wav,3.0,2012_02_12_Corvus_corone_Collinist_07Uhr25.mp3
Carrion_Crow,2012_02_12_Corvus_corone_Collinist_07Uhr25,13,data/processed/Carrion_Crow/2012_02_12_Corvus_corone_Collinist_07Uhr25_chunk013.wav,3.0,2012_02_12_Corvus_corone_Collinist_07Uhr25.mp3
Carrion_Crow,2012_02_12_Corvus_corone_Collinist_07Uhr25,14,data/processed/Carrion_Crow/2012_02_12_Corvus_corone_Collinist_07Uhr25_chunk014.wav,3.0,2012_02_12_Corvus_corone_Collinist_07Uhr25.mp3
Carrion_Crow,2012_02_12_Corvus_corone_Collinist_07Uhr25,15,data/processed/Carrion_Crow/2012_02_12_Corvus_corone_Collinist_07Uhr25_chunk015.wav,3.0,2012_02_12_Corvus_corone_Collinist_07Uhr25.mp3
Carrion_Crow,2012_02_12_Corvus_corone_Collinist_07Uhr25,16,data/processed/Carrion_Crow/2012_02_12_Corvus_corone_Collinist_07Uhr25_chunk016.wav,3.0,2012_02_12_Corvus_corone_Collinist_07Uhr25.mp3
Carrion_Crow,2012_02_12_Corvus_corone_Collinist_07Uhr25,17,data/processed/Carrion_Crow/2012_02_12_Corvus_corone_Collinist_07Uhr25_chunk017.wav,3.0,2012_02_12_Corvus_corone_Collinist_07Uhr25.mp3
Carrion_Crow,2012_02_12_Corvus_corone_Collinist_07Uhr25,18,data/processed/Carrion_Crow/2012_02_12_Corvus_corone_Collinist_07Uhr25_chunk018.wav,3.0,2012_02_12_Corvus_corone_Collinist_07Uhr25.mp3
Carrion_Crow,2012_02_12_Corvus_corone_Collinist_07Uhr25,19,data/processed/Carrion_Crow/2012_02_12_Corvus_corone_Collinist_07Uhr25_chunk019.wav,3.0,2012_02_12_Corvus_corone_Collinist_07Uhr25.mp3
Carrion_Crow,2012_02_12_Corvus_corone_Collinist_07Uhr25,20,data/processed/Carrion_Crow/2012_02_12_Corvus_corone_Collinist_07Uhr25_chunk020.wav,3.0,2012_02_12_Corvus_corone_Collinist_07Uhr25.mp3
Carrion_Crow,2012_02_12_Corvus_corone_Collinist_07Uhr25,21,data/processed/Carrion_Crow/2012_02_12_Corvus_corone_Collinist_07Uhr25_chunk021.wav,3.0,2012_02_12_Corvus_corone_Collinist_07Uhr25.mp3
Carrion_Crow,2012_02_12_Corvus_corone_Collinist_07Uhr25,22,data/processed/Carrion_Crow/2012_02_12_Corvus_corone_Collinist_07Uhr25_chunk022.wav,3.0,2012_02_12_Corvus_corone_Collinist_07Uhr25.mp3
Carrion_Crow,2012_02_12_Corvus_corone_Collinist_07Uhr25,23,data/processed/Carrion_Crow/2012_02_12_Corvus_corone_Collinist_07Uhr25_chunk023.wav,3.0,2012_02_12_Corvus_corone_Collinist_07Uhr25.mp3
Carrion_Crow,2012_02_12_Corvus_corone_Collinist_07Uhr25,24,data/processed/Carrion_Crow/2012_02_12_Corvus_corone_Collinist_07Uhr25_chunk024.wav,3.0,2012_02_12_Corvus_corone_Collinist_07Uhr25.mp3
Carrion_Crow,2012_02_12_Corvus_corone_Collinist_07Uhr25,25,data/processed/Carrion_Crow/2012_02_12_Corvus_corone_Collinist_07Uhr25_chunk025.wav,3.0,2012_02_12_Corvus_corone_Collinist_07Uhr25.mp3
Carrion_Crow,2012_02_12_Corvus_corone_Collinist_07Uhr25,26,data/processed/Carrion_Crow/2012_02_12_Corvus_corone_Collinist_07Uhr25_chunk026.wav,3.0,2012_02_12_Corvus_corone_Collinist_07Uhr25.mp3
Carrion_Crow,2012_02_12_Corvus_corone_Collinist_07Uhr25,27,data/processed/Carrion_Crow/2012_02_12_Corvus_corone_Collinist_07Uhr25_chunk027.wav,3.0,2012_02_12_Corvus_corone_Collinist_07Uhr25.mp3
Carrion_Crow,2012_02_12_Corvus_corone_Collinist_07Uhr25,28,data/processed/Carrion_Crow/2012_02_12_Corvus_corone_Collinist_07Uhr25_chunk028.wav,3.0,2012_02_12_Corvus_corone_Collinist_07Uhr25.mp3
Carrion_Crow,2012_02_12_Corvus_corone_Collinist_07Uhr25,29,data/processed/Carrion_Crow/2012_02_12_Corvus_corone_Collinist_07Uhr25_chunk029.wav,3.0,2012_02_12_Corvus_corone_Collinist_07Uhr25.mp3
Carrion_Crow,2012_02_12_Corvus_corone_Collinist_07Uhr25,30,data/processed/Carrion_Crow/2012_02_12_Corvus_corone_Collinist_07Uhr25_chunk030.wav,3.0,2012_02_12_Corvus_corone_Collinist_07Uhr25.mp3
Carrion_Crow,2012_02_12_Corvus_corone_Collinist_07Uhr25,31,data/processed/Carrion_Crow/2012_02_12_Corvus_corone_Collinist_07Uhr25_chunk031.wav,3.0,2012_02_12_Corvus_corone_Collinist_07Uhr25.mp3
Carrion_Crow,2012_02_12_Corvus_corone_Collinist_07Uhr25,32,data/processed/Carrion_Crow/2012_02_12_Corvus_corone_Collinist_07Uhr25_chunk032.wav,3.0,2012_02_12_Corvus_corone_Collinist_07Uhr25.mp3
Carrion_Crow,2012_02_12_Corvus_corone_Collinist_07Uhr25,33,data/processed/Carrion_Crow/2012_02_12_Corvus_corone_Collinist_07Uhr25_chunk033.wav,3.0,2012_02_12_Corvus_corone_Collinist_07Uhr25.mp3
Carrion_Crow,2012_02_12_Corvus_corone_Collinist_07Uhr25,34,data/processed/Carrion_Crow/2012_02_12_Corvus_corone_Collinist_07Uhr25_chunk034.wav,3.0,2012_02_12_Corvus_corone_Collinist_07Uhr25.mp3
Carrion_Crow,2012_02_12_Corvus_corone_Collinist_07Uhr25,35,data/processed/Carrion_Crow/2012_02_12_Corvus_corone_Collinist_07Uhr25_chunk035.wav,3.0,2012_02_12_Corvus_corone_Collinist_07Uhr25.mp3
Carrion_Crow,2012_02_12_Corvus_corone_Collinist_07Uhr25,36,data/processed/Carrion_Crow/2012_02_12_Corvus_corone_Collinist_07Uhr25_chunk036.wav,3.0,2012_02_12_Corvus_corone_Collinist_07Uhr25.mp3
Carrion_Crow,2012_02_12_Corvus_corone_Collinist_07Uhr25,37,data/processed/Carrion_Crow/2012_02_12_Corvus_corone_Collinist_07Uhr25_chunk037.wav,3.0,2012_02_12_Corvus_corone_Collinist_07Uhr25.mp3
Carrion_Crow,2012_02_12_Corvus_corone_Collinist_07Uhr25,38,data/processed/Carrion_Crow/2012_02_12_Corvus_corone_Collinist_07Uhr25_chunk038.wav,3.0,2012_02_12_Corvus_corone_Collinist_07Uhr25.mp3
Carrion_Crow,2012_02_12_Corvus_corone_Collinist_07Uhr30,0,data/processed/Carrion_Crow/2012_02_12_Corvus_corone_Collinist_07Uhr30_chunk000.wav,3.0,2012_02_12_Corvus_corone_Collinist_07Uhr30.mp3
Carrion_Crow,2012_02_12_Corvus_corone_Collinist_07Uhr30,1,data/processed/Carrion_Crow/2012_02_12_Corvus_corone_Collinist_07Uhr30_chunk001.wav,3.0,2012_02_12_Corvus_corone_Collinist_07Uhr30.mp3
Carrion_Crow,2012_02_12_Corvus_corone_Collinist_07Uhr30,2,data/processed/Carrion_Crow/2012_02_12_Corvus_corone_Collinist_07Uhr30_chunk002.wav,3.0,2012_02_12_Corvus_corone_Collinist_07Uhr30.mp3
Carrion_Crow,2012_02_12_Corvus_corone_Collinist_07Uhr30,3,data/processed/Carrion_Crow/2012_02_12_Corvus_corone_Collinist_07Uhr30_chunk003.wav,3.0,2012_02_12_Corvus_corone_Collinist_07Uhr30.mp3
Carrion_Crow,2012_02_12_Corvus_corone_Collinist_07Uhr30,4,data/processed/Carrion_Crow/2012_02_12_Corvus_corone_Collinist_07Uhr30_chunk004.wav,3.0,2012_02_12_Corvus_corone_Collinist_07Uhr30.mp3
Carrion_Crow,2012_02_12_Corvus_corone_Collinist_07Uhr30,5,data/processed/Carrion_Crow/2012_02_12_Corvus_corone_Collinist_07Uhr30_chunk005.wav,3.0,2012_02_12_Corvus_corone_Collinist_07Uhr30.mp3
Carrion_Crow,2012_02_12_Corvus_corone_Collinist_07Uhr30,6,data/processed/Carrion_Crow/2012_02_12_Corvus_corone_Collinist_07Uhr30_chunk006.wav,3.0,2012_02_12_Corvus_corone_Collinist_07Uhr30.mp3
Carrion_Crow,2012_02_12_Corvus_corone_Collinist_07Uhr30,7,data/processed/Carrion_Crow/2012_02_12_Corvus_corone_Collinist_07Uhr30_chunk007.wav,3.0,2012_02_12_Corvus_corone_Collinist_07Uhr30.mp3
Carrion_Crow,2012_02_12_Corvus_corone_Collinist_07Uhr30,8,data/processed/Carrion_Crow/2012_02_12_Corvus_corone_Collinist_07Uhr30_chunk008.wav,3.0,2012_02_12_Corvus_corone_Collinist_07Uhr30.mp3
Carrion_Crow,2012_02_12_Corvus_corone_Collinist_07Uhr30,9,data/processed/Carrion_Crow/2012_02_12_Corvus_corone_Collinist_07Uhr30_chunk009.wav,3.0,2012_02_12_Corvus_corone_Collinist_07Uhr30.mp3
Carrion_Crow,2012_02_12_Corvus_corone_Collinist_07Uhr30,10,data/processed/Carrion_Crow/2012_02_12_Corvus_corone_Collinist_07Uhr30_chunk010.wav,3.0,2012_02_12_Corvus_corone_Collinist_07Uhr30.mp3
Carrion_Crow,2012_02_12_Corvus_corone_Collinist_07Uhr30,11,data/processed/Carrion_Crow/2012_02_12_Corvus_corone_Collinist_07Uhr30_chunk011.wav,3.0,2012_02_12_Corvus_corone_Collinist_07Uhr30.mp3
Carrion_Crow,2012_02_12_Corvus_corone_Collinist_07Uhr30,12,data/processed/Carrion_Crow/2012_02_12_Corvus_corone_Collinist_07Uhr30_chunk012.wav,3.0,2012_02_12_Corvus_corone_Collinist_07Uhr30.mp3
Carrion_Crow,2012_02_12_Corvus_corone_Collinist_07Uhr30,13,data/processed/Carrion_Crow/2012_02_12_Corvus_corone_Collinist_07Uhr30_chunk013.wav,3.0,2012_02_12_Corvus_corone_Collinist_07Uhr30.mp3
Carrion_Crow,2012_02_12_Corvus_corone_Collinist_07Uhr30,14,data/processed/Carrion_Crow/2012_02_12_Corvus_corone_Collinist_07Uhr30_chunk014.wav,3.0,2012_02_12_Corvus_corone_Collinist_07Uhr30.mp3
Carrion_Crow,2012_02_12_Corvus_corone_Collinist_08Uhr00,0,data/processed/Carrion_Crow/2012_02_12_Corvus_corone_Collinist_08Uhr00_chunk000.wav,3.0,2012_02_12_Corvus_corone_Collinist_08Uhr00.mp3
Carrion_Crow,2012_02_12_Corvus_corone_Collinist_08Uhr00,1,data/processed/Carrion_Crow/2012_02_12_Corvus_corone_Collinist_08Uhr00_chunk001.wav,3.0,2012_02_12_Corvus_corone_Collinist_08Uhr00.mp3
Carrion_Crow,2012_02_12_Corvus_corone_Collinist_08Uhr00,2,data/processed/Carrion_Crow/2012_02_12_Corvus_corone_Collinist_08Uhr00_chunk002.wav,3.0,2012_02_12_Corvus_corone_Collinist_08Uhr00.mp3
Carrion_Crow,2012_02_12_Corvus_corone_Collinist_08Uhr00,3,data/processed/Carrion_Crow/2012_02_12_Corvus_corone_Collinist_08Uhr00_chunk003.wav,3.0,2012_02_12_Corvus_corone_Collinist_08Uhr00.mp3
Carrion_Crow,2012_02_12_Corvus_corone_Collinist_08Uhr00,4,data/processed/Carrion_Crow/2012_02_12_Corvus_corone_Collinist_08Uhr00_chunk004.wav,3.0,2012_02_12_Corvus_corone_Collinist_08Uhr00.mp3
Carrion_Crow,2012_02_12_Corvus_corone_Collinist_08Uhr00,5,data/processed/Carrion_Crow/2012_02_12_Corvus_corone_Collinist_08Uhr00_chunk005.wav,3.0,2012_02_12_Corvus_corone_Collinist_08Uhr00.mp3
Carrion_Crow,2012_02_12_Corvus_corone_Collinist_08Uhr00,6,data/processed/Carrion_Crow/2012_02_12_Corvus_corone_Collinist_08Uhr00_chunk006.wav,3.0,2012_02_12_Corvus_corone_Collinist_08Uhr00.mp3
Carrion_Crow,2012_02_12_Corvus_corone_Collinist_08Uhr00,7,data/processed/Carrion_Crow/2012_02_12_Corvus_corone_Collinist_08Uhr00_chunk007.wav,3.0,2012_02_12_Corvus_corone_Collinist_08Uhr00.mp3
Carrion_Crow,2012_02_12_Corvus_corone_Collinist_08Uhr00,8,data/processed/Carrion_Crow/2012_02_12_Corvus_corone_Collinist_08Uhr00_chunk008.wav,3.0,2012_02_12_Corvus_corone_Collinist_08Uhr00.mp3
Carrion_Crow,2012_02_12_Corvus_corone_Collinist_08Uhr00,9,data/processed/Carrion_Crow/2012_02_12_Corvus_corone_Collinist_08Uhr00_chunk009.wav,3.0,2012_02_12_Corvus_corone_Collinist_08Uhr00.mp3
Carrion_Crow,2012_02_12_Corvus_corone_Collinist_08Uhr00,10,data/processed/Carrion_Crow/2012_02_12_Corvus_corone_Collinist_08Uhr00_chunk010.wav,3.0,2012_02_12_Corvus_corone_Collinist_08Uhr00.mp3
Carrion_Crow,2012_02_12_Corvus_corone_Collinist_08Uhr00,11,data/processed/Carrion_Crow/2012_02_12_Corvus_corone_Collinist_08Uhr00_chunk011.wav,3.0,2012_02_12_Corvus_corone_Collinist_08Uhr00.mp3
Carrion_Crow,2012_02_12_Corvus_corone_Collinist_08Uhr00,12,data/processed/Carrion_Crow/2012_02_12_Corvus_corone_Collinist_08Uhr00_chunk012.wav,3.0,2012_02_12_Corvus_corone_Collinist_08Uhr00.mp3
Carrion_Crow,2012_02_12_Corvus_corone_Collinist_08Uhr00,13,data/processed/Carrion_Crow/2012_02_12_Corvus_corone_Collinist_08Uhr00_chunk013.wav,3.0,2012_02_12_Corvus_corone_Collinist_08Uhr00.mp3
Carrion_Crow,2012_02_12_Corvus_corone_Collinist_08Uhr00,14,data/processed/Carrion_Crow/2012_02_12_Corvus_corone_Collinist_08Uhr00_chunk014.wav,3.0,2012_02_12_Corvus_corone_Collinist_08Uhr00.mp3
Carrion_Crow,2012_02_12_Corvus_corone_Collinist_08Uhr00,15,data/processed/Carrion_Crow/2012_02_12_Corvus_corone_Collinist_08Uhr00_chunk015.wav,3.0,2012_02_12_Corvus_corone_Collinist_08Uhr00.mp3
Carrion_Crow,2012_02_12_Corvus_corone_Collinist_08Uhr00,16,data/processed/Carrion_Crow/2012_02_12_Corvus_corone_Collinist_08Uhr00_chunk016.wav,3.0,2012_02_12_Corvus_corone_Collinist_08Uhr00.mp3
Carrion_Crow,2012_02_12_Corvus_corone_Collinist_08Uhr00,17,data/processed/Carrion_Crow/2012_02_12_Corvus_corone_Collinist_08Uhr00_chunk017.wav,3.0,2012_02_12_Corvus_corone_Collinist_08Uhr00.mp3
Carrion_Crow,2012_02_12_Corvus_corone_Collinist_08Uhr00,18,data/processed/Carrion_Crow/2012_02_12_Corvus_corone_Collinist_08Uhr00_chunk018.wav,3.0,2012_02_12_Corvus_corone_Collinist_08Uhr00.mp3
Carrion_Crow,2012_02_12_Corvus_corone_Collinist_08Uhr00,19,data/processed/Carrion_Crow/2012_02_12_Corvus_corone_Collinist_08Uhr00_chunk019.wav,3.0,2012_02_12_Corvus_corone_Collinist_08Uhr00.mp3
Carrion_Crow,2012_02_12_Corvus_corone_Collinist_08Uhr00,20,data/processed/Carrion_Crow/2012_02_12_Corvus_corone_Collinist_08Uhr00_chunk020.wav,3.0,2012_02_12_Corvus_corone_Collinist_08Uhr00.mp3
Carrion_Crow,2012_02_12_Corvus_corone_Collinist_08Uhr00,21,data/processed/Carrion_Crow/2012_02_12_Corvus_corone_Collinist_08Uhr00_chunk021.wav,3.0,2012_02_12_Corvus_corone_Collinist_08Uhr00.mp3
Carrion_Crow,2012_02_12_Corvus_corone_Collinist_08Uhr00,22,data/processed/Carrion_Crow/2012_02_12_Corvus_corone_Collinist_08Uhr00_chunk022.wav,3.0,2012_02_12_Corvus_corone_Collinist_08Uhr00.mp3
Carrion_Crow,2012_02_12_Corvus_corone_Collinist_08Uhr00,23,data/processed/Carrion_Crow/2012_02_12_Corvus_corone_Collinist_08Uhr00_chunk023.wav,3.0,2012_02_12_Corvus_corone_Collinist_08Uhr00.mp3
Carrion_Crow,2012_02_12_Corvus_corone_Collinist_08Uhr00,24,data/processed/Carrion_Crow/2012_02_12_Corvus_corone_Collinist_08Uhr00_chunk024.wav,3.0,2012_02_12_Corvus_corone_Collinist_08Uhr00.mp3
Carrion_Crow,2012_02_12_Corvus_corone_Collinist_08Uhr00,25,data/processed/Carrion_Crow/2012_02_12_Corvus_corone_Collinist_08Uhr00_chunk025.wav,3.0,2012_02_12_Corvus_corone_Collinist_08Uhr00.mp3
Carrion_Crow,2012_02_12_Corvus_corone_Collinist_08Uhr00,26,data/processed/Carrion_Crow/2012_02_12_Corvus_corone_Collinist_08Uhr00_chunk026.wav,3.0,2012_02_12_Corvus_corone_Collinist_08Uhr00.mp3
Carrion_Crow,A,0,data/processed/Carrion_Crow/A_chunk000.wav,3.0,A Rabenkraehe III.mp3
Carrion_Crow,A,1,data/processed/Carrion_Crow/A_chunk001.wav,3.0,A Rabenkraehe III.mp3
Carrion_Crow,A,2,data/processed/Carrion_Crow/A_chunk002.wav,3.0,A Rabenkraehe III.mp3
Carrion_Crow,A,3,data/processed/Carrion_Crow/A_chunk003.wav,3.0,A Rabenkraehe III.mp3
Carrion_Crow,A,4,data/processed/Carrion_Crow/A_chunk004.wav,3.0,A Rabenkraehe III.mp3
Carrion_Crow,A,5,data/processed/Carrion_Crow/A_chunk005.wav,3.0,A Rabenkraehe III.mp3
Carrion_Crow,A,6,data/processed/Carrion_Crow/A_chunk006.wav,3.0,A Rabenkraehe III.mp3
Carrion_Crow,A,7,data/processed/Carrion_Crow/A_chunk007.wav,3.0,A Rabenkraehe III.mp3
Carrion_Crow,A,8,data/processed/Carrion_Crow/A_chunk008.wav,3.0,A Rabenkraehe III.mp3
Carrion_Crow,A,9,data/processed/Carrion_Crow/A_chunk009.wav,3.0,A Rabenkraehe III.mp3
Carrion_Crow,A,10,data/processed/Carrion_Crow/A_chunk010.wav,3.0,A Rabenkraehe III.mp3
Carrion_Crow,A,11,data/processed/Carrion_Crow/A_chunk011.wav,3.0,A Rabenkraehe III.mp3
Carrion_Crow,A,12,data/processed/Carrion_Crow/A_chunk012.wav,3.0,A Rabenkraehe III.mp3
Carrion_Crow,A,13,data/processed/Carrion_Crow/A_chunk013.wav,3.0,A Rabenkraehe III.mp3
Carrion_Crow,A,14,data/processed/Carrion_Crow/A_chunk014.wav,3.0,A Rabenkraehe III.mp3
Carrion_Crow,CARRION,0,data/processed/Carrion_Crow/CARRION_chunk000.wav,3.0,CARRION CROW Wormley Herts 4410.mp3
Carrion_Crow,CARRION,1,data/processed/Carrion_Crow/CARRION_chunk001.wav,3.0,CARRION CROW Wormley Herts 4410.mp3
Carrion_Crow,CARRION,2,data/processed/Carrion_Crow/CARRION_chunk002.wav,3.0,CARRION CROW Wormley Herts 4410.mp3
Carrion_Crow,CORCOR20120827-000007,0,data/processed/Carrion_Crow/CORCOR20120827-000007_chunk000.wav,3.0,CORCOR20120827-000007.mp3
Carrion_Crow,CORCOR20120827-000007,1,data/processed/Carrion_Crow/CORCOR20120827-000007_chunk001.wav,3.0,CORCOR20120827-000007.mp3
Carrion_Crow,CORCOR20120827-000007,2,data/processed/Carrion_Crow/CORCOR20120827-000007_chunk002.wav,3.0,CORCOR20120827-000007.mp3
Carrion_Crow,CORCOR_100303_ChapErdre,0,data/processed/Carrion_Crow/CORCOR_100303_ChapErdre_chunk000.wav,3.0,CORCOR_100303_ChapErdre.mp3
Carrion_Crow,CORCOR_100303_ChapErdre,1,data/processed/Carrion_Crow/CORCOR_100303_ChapErdre_chunk001.wav,3.0,CORCOR_100303_ChapErdre.mp3
Carrion_Crow,CORCOR_100303_ChapErdre,2,data/processed/Carrion_Crow/CORCOR_100303_ChapErdre_chunk002.wav,3.0,CORCOR_100303_ChapErdre.mp3
Carrion_Crow,CORCOR_100303_ChapErdre,3,data/processed/Carrion_Crow/CORCOR_100303_ChapErdre_chunk003.wav,3.0,CORCOR_100303_ChapErdre.mp3
Carrion_Crow,Carrion,0,data/processed/Carrion_Crow/Carrion_chunk000.wav,3.0,Carrion Crow.mp3
Carrion_Crow,Carrion,1,data/processed/Carrion_Crow/Carrion_chunk001.wav,3.0,Carrion Crow.mp3
Carrion_Crow,Carrion,2,data/processed/Carrion_Crow/Carrion_chunk002.wav,3.0,Carrion Crow.mp3
Carrion_Crow,Carrion,3,data/processed/Carrion_Crow/Carrion_chunk003.wav,3.0,Carrion Crow.mp3
Carrion_Crow,Carrion,4,data/processed/Carrion_Crow/Carrion_chunk004.wav,3.0,Carrion Crow.mp3
Carrion_Crow,Carrion,5,data/processed/Carrion_Crow/Carrion_chunk005.wav,3.0,Carrion Crow.mp3
Carrion_Crow,Carrion,6,data/processed/Carrion_Crow/Carrion_chunk006.wav,3.0,Carrion Crow.mp3
Carrion_Crow,Carrion,7,data/processed/Carrion_Crow/Carrion_chunk007.wav,3.0,Carrion Crow.mp3
Carrion_Crow,Carrion,8,data/processed/Carrion_Crow/Carrion_chunk008.wav,3.0,Carrion Crow.mp3
Carrion_Crow,Carrion,9,data/processed/Carrion_Crow/Carrion_chunk009.wav,3.0,Carrion Crow.mp3
Carrion_Crow,Carrion,10,data/processed/Carrion_Crow/Carrion_chunk010.wav,3.0,Carrion Crow.mp3
Carrion_Crow,Carrion,11,data/processed/Carrion_Crow/Carrion_chunk011.wav,3.0,Carrion Crow.mp3
Carrion_Crow,Carrion,12,data/processed/Carrion_Crow/Carrion_chunk012.wav,3.0,Carrion Crow.mp3
Carrion_Crow,CarrionCrow-cornix-1-Hjalstaviken-1991-10-02,0,data/processed/Carrion_Crow/CarrionCrow-cornix-1-Hjalstaviken-1991-10-02_chunk000.wav,3.0,CarrionCrow-cornix-1-Hjalstaviken-1991-10-02.mp3
Carrion_Crow,CarrionCrow-cornix-1-Hjalstaviken-1991-10-02,1,data/processed/Carrion_Crow/CarrionCrow-cornix-1-Hjalstaviken-1991-10-02_chunk001.wav,3.0,CarrionCrow-cornix-1-Hjalstaviken-1991-10-02.mp3
Carrion_Crow,CarrionCrow-cornix-1-Hjalstaviken-1991-10-02,2,data/processed/Carrion_Crow/CarrionCrow-cornix-1-Hjalstaviken-1991-10-02_chunk002.wav,3.0,CarrionCrow-cornix-1-Hjalstaviken-1991-10-02.mp3
Carrion_Crow,CarrionCrow-cornix-1-Hjalstaviken-1991-10-02,3,data/processed/Carrion_Crow/CarrionCrow-cornix-1-Hjalstaviken-1991-10-02_chunk003.wav,3.0,CarrionCrow-cornix-1-Hjalstaviken-1991-10-02.mp3
Carrion_Crow,CarrionCrow-cornix-1-Hjalstaviken-1991-10-02,4,data/processed/Carrion_Crow/CarrionCrow-cornix-1-Hjalstaviken-1991-10-02_chunk004.wav,3.0,CarrionCrow-cornix-1-Hjalstaviken-1991-10-02.mp3
Carrion_Crow,CarrionCrow-cornix-1-Hjalstaviken-1991-10-02,5,data/processed/Carrion_Crow/CarrionCrow-cornix-1-Hjalstaviken-1991-10-02_chunk005.wav,3.0,CarrionCrow-cornix-1-Hjalstaviken-1991-10-02.mp3
Carrion_Crow,CarrionCrow-cornix-1-Hjalstaviken-1991-10-02,6,data/processed/Carrion_Crow/CarrionCrow-cornix-1-Hjalstaviken-1991-10-02_chunk006.wav,3.0,CarrionCrow-cornix-1-Hjalstaviken-1991-10-02.mp3
Carrion_Crow,CarrionCrow-cornix-1-Hjalstaviken-1991-10-02,7,data/processed/Carrion_Crow/CarrionCrow-cornix-1-Hjalstaviken-1991-10-02_chunk007.wav,3.0,CarrionCrow-cornix-1-Hjalstaviken-1991-10-02.mp3
Carrion_Crow,CarrionCrow24March2009DwingelderveldHolland,0,data/processed/Carrion_Crow/CarrionCrow24March2009DwingelderveldHolland_chunk000.wav,3.0,CarrionCrow24March2009DwingelderveldHolland.mp3
Carrion_Crow,CarrionCrow24March2009DwingelderveldHolland,1,data/processed/Carrion_Crow/CarrionCrow24March2009DwingelderveldHolland_chunk001.wav,3.0,CarrionCrow24March2009DwingelderveldHolland.mp3
Carrion_Crow,CarrionCrow24March2009DwingelderveldHolland,2,data/processed/Carrion_Crow/CarrionCrow24March2009DwingelderveldHolland_chunk002.wav,3.0,CarrionCrow24March2009DwingelderveldHolland.mp3
Carrion_Crow,CarrionCrow24March2009DwingelderveldHolland,3,data/processed/Carrion_Crow/CarrionCrow24March2009DwingelderveldHolland_chunk003.wav,3.0,CarrionCrow24March2009DwingelderveldHolland.mp3
Carrion_Crow,CarrionCrowsRainham,0,data/processed/Carrion_Crow/CarrionCrowsRainham_chunk000.wav,3.0,CarrionCrowsRainham.mp3
Carrion_Crow,CarrionCrowsRainham,1,data/processed/Carrion_Crow/CarrionCrowsRainham_chunk001.wav,3.0,CarrionCrowsRainham.mp3
Carrion_Crow,CarrionCrowsRainham,2,data/processed/Carrion_Crow/CarrionCrowsRainham_chunk002.wav,3.0,CarrionCrowsRainham.mp3
Carrion_Crow,CarrionCrowsRainham,3,data/processed/Carrion_Crow/CarrionCrowsRainham_chunk003.wav,3.0,CarrionCrowsRainham.mp3
Carrion_Crow,CarrionCrowsRainham,4,data/processed/Carrion_Crow/CarrionCrowsRainham_chunk004.wav,3.0,CarrionCrowsRainham.mp3
Carrion_Crow,CarrionCrowsRainham,5,data/processed/Carrion_Crow/CarrionCrowsRainham_chunk005.wav,3.0,CarrionCrowsRainham.mp3
Carrion_Crow,CarrionCrowsRainham,6,data/processed/Carrion_Crow/CarrionCrowsRainham_chunk006.wav,3.0,CarrionCrowsRainham.mp3
Carrion_Crow,CarrionCrowsRainham,7,data/processed/Carrion_Crow/CarrionCrowsRainham_chunk007.wav,3.0,CarrionCrowsRainham.mp3
Carrion_Crow,CarrionCrowsRainham,8,data/processed/Carrion_Crow/CarrionCrowsRainham_chunk008.wav,3.0,CarrionCrowsRainham.mp3
Carrion_Crow,CarrionCrowsRainham,9,data/processed/Carrion_Crow/CarrionCrowsRainham_chunk009.wav,3.0,CarrionCrowsRainham.mp3
Carrion_Crow,CarrionCrowsRainham,10,data/processed/Carrion_Crow/CarrionCrowsRainham_chunk010.wav,3.0,CarrionCrowsRainham.mp3
Carrion_Crow,CarrionCrowsRainham,11,data/processed/Carrion_Crow/CarrionCrowsRainham_chunk011.wav,3.0,CarrionCrowsRainham.mp3
Carrion_Crow,CarrionCrowsRainham,12,data/processed/Carrion_Crow/CarrionCrowsRainham_chunk012.wav,3.0,CarrionCrowsRainham.mp3
Carrion_Crow,CarrionCrowsRainham,13,data/processed/Carrion_Crow/CarrionCrowsRainham_chunk013.wav,3.0,CarrionCrowsRainham.mp3
Carrion_Crow,CarrionCrowsRainham,14,data/processed/Carrion_Crow/CarrionCrowsRainham_chunk014.wav,3.0,CarrionCrowsRainham.mp3
Carrion_Crow,CarrionCrowsRainham,15,data/processed/Carrion_Crow/CarrionCrowsRainham_chunk015.wav,3.0,CarrionCrowsRainham.mp3
Carrion_Crow,CarrionCrowsRainham,16,data/processed/Carrion_Crow/CarrionCrowsRainham_chunk016.wav,3.0,CarrionCrowsRainham.mp3
Carrion_Crow,CarrionCrowsRainham,17,data/processed/Carrion_Crow/CarrionCrowsRainham_chunk017.wav,3.0,CarrionCrowsRainham.mp3
Carrion_Crow,CarrionCrowsRainham,18,data/processed/Carrion_Crow/CarrionCrowsRainham_chunk018.wav,3.0,CarrionCrowsRainham.mp3
Carrion_Crow,CarrionCrowsRainham,19,data/processed/Carrion_Crow/CarrionCrowsRainham_chunk019.wav,3.0,CarrionCrowsRainham.mp3
Carrion_Crow,CarrionCrowsRainham,20,data/processed/Carrion_Crow/CarrionCrowsRainham_chunk020.wav,3.0,CarrionCrowsRainham.mp3
Carrion_Crow,CarrionCrowsRainham,21,data/processed/Carrion_Crow/CarrionCrowsRainham_chunk021.wav,3.0,CarrionCrowsRainham.mp3
Carrion_Crow,CarrionCrowsRainham,22,data/processed/Carrion_Crow/CarrionCrowsRainham_chunk022.wav,3.0,CarrionCrowsRainham.mp3
Carrion_Crow,CarrionCrowsRainham,23,data/processed/Carrion_Crow/CarrionCrowsRainham_chunk023.wav,3.0,CarrionCrowsRainham.mp3
Carrion_Crow,CarrionCrowsRainham,24,data/processed/Carrion_Crow/CarrionCrowsRainham_chunk024.wav,3.0,CarrionCrowsRainham.mp3
Carrion_Crow,CarrionCrowsRainham,25,data/processed/Carrion_Crow/CarrionCrowsRainham_chunk025.wav,3.0,CarrionCrowsRainham.mp3
Carrion_Crow,CarrionCrowsRainham,26,data/processed/Carrion_Crow/CarrionCrowsRainham_chunk026.wav,3.0,CarrionCrowsRainham.mp3
Carrion_Crow,CarrionCrowspark,0,data/processed/Carrion_Crow/CarrionCrowspark_chunk000.wav,3.0,CarrionCrowspark.mp3
Carrion_Crow,CarrionCrowspark,1,data/processed/Carrion_Crow/CarrionCrowspark_chunk001.wav,3.0,CarrionCrowspark.mp3
Carrion_Crow,CarrionCrowspark,2,data/processed/Carrion_Crow/CarrionCrowspark_chunk002.wav,3.0,CarrionCrowspark.mp3
Carrion_Crow,CarrionCrowspark,3,data/processed/Carrion_Crow/CarrionCrowspark_chunk003.wav,3.0,CarrionCrowspark.mp3
Carrion_Crow,CarrionCrowspark,4,data/processed/Carrion_Crow/CarrionCrowspark_chunk004.wav,3.0,CarrionCrowspark.mp3
Carrion_Crow,CarrionCrowspark,5,data/processed/Carrion_Crow/CarrionCrowspark_chunk005.wav,3.0,CarrionCrowspark.mp3
Carrion_Crow,CarrionCrowspark,6,data/processed/Carrion_Crow/CarrionCrowspark_chunk006.wav,3.0,CarrionCrowspark.mp3
Carrion_Crow,CarrionCrowspark,7,data/processed/Carrion_Crow/CarrionCrowspark_chunk007.wav,3.0,CarrionCrowspark.mp3
Carrion_Crow,CarrionCrowspark,8,data/processed/Carrion_Crow/CarrionCrowspark_chunk008.wav,3.0,CarrionCrowspark.mp3
Carrion_Crow,CarrionCrowspark,9,data/processed/Carrion_Crow/CarrionCrowspark_chunk009.wav,3.0,CarrionCrowspark.mp3
Carrion_Crow,CarrionCrowspark,10,data/processed/Carrion_Crow/CarrionCrowspark_chunk010.wav,3.0,CarrionCrowspark.mp3
Carrion_Crow,CarrionCrowspark,11,data/processed/Carrion_Crow/CarrionCrowspark_chunk011.wav,3.0,CarrionCrowspark.mp3
Carrion_Crow,CarrionCrowspark,12,data/processed/Carrion_Crow/CarrionCrowspark_chunk012.wav,3.0,CarrionCrowspark.mp3
Carrion_Crow,CarrionCrowspark,13,data/processed/Carrion_Crow/CarrionCrowspark_chunk013.wav,3.0,CarrionCrowspark.mp3
Carrion_Crow,CarrionCrowspark,14,data/processed/Carrion_Crow/CarrionCrowspark_chunk014.wav,3.0,CarrionCrowspark.mp3
Carrion_Crow,CarrionCrowspark,15,data/processed/Carrion_Crow/CarrionCrowspark_chunk015.wav,3.0,CarrionCrowspark.mp3
Carrion_Crow,CarrionCrowspark,16,data/processed/Carrion_Crow/CarrionCrowspark_chunk016.wav,3.0,CarrionCrowspark.mp3
Carrion_Crow,CarrionCrowspark,17,data/processed/Carrion_Crow/CarrionCrowspark_chunk017.wav,3.0,CarrionCrowspark.mp3
Carrion_Crow,CarrionCrowspark,18,data/processed/Carrion_Crow/CarrionCrowspark_chunk018.wav,3.0,CarrionCrowspark.mp3
Carrion_Crow,Carrion_Crow_-_,0,data/processed/Carrion_Crow/Carrion_Crow_-__chunk000.wav,3.0,Carrion_Crow_-_ call_-_Bosjes_van_Poot_02-11-2008.mp3
Carrion_Crow,Carrion_Crow_-_,1,data/processed/Carrion_Crow/Carrion_Crow_-__chunk001.wav,3.0,Carrion_Crow_-_ call_-_Bosjes_van_Poot_02-11-2008.mp3
Carrion_Crow,Carrion_Crow_-_,2,data/processed/Carrion_Crow/Carrion_Crow_-__chunk002.wav,3.0,Carrion_Crow_-_ call_-_Bosjes_van_Poot_02-11-2008.mp3
Carrion_Crow,Corv_corone_calls_collini01-02-2010,0,data/processed/Carrion_Crow/Corv_corone_calls_collini01-02-2010_chunk000.wav,3.0,Corv_corone_calls_collini01-02-2010.mp3
Carrion_Crow,Corv_corone_calls_collini01-02-2010,1,data/processed/Carrion_Crow/Corv_corone_calls_collini01-02-2010_chunk001.wav,3.0,Corv_corone_calls_collini01-02-2010.mp3
Carrion_Crow,Corv_corone_calls_collini01-02-2010,2,data/processed/Carrion_Crow/Corv_corone_calls_collini01-02-2010_chunk002.wav,3.0,Corv_corone_calls_collini01-02-2010.mp3
Carrion_Crow,Corv_corone_calls_collini01-02-2010,3,data/processed/Carrion_Crow/Corv_corone_calls_collini01-02-2010_chunk003.wav,3.0,Corv_corone_calls_collini01-02-2010.mp3
Carrion_Crow,Corv_corone_calls_collini01-02-2010,4,data/processed/Carrion_Crow/Corv_corone_calls_collini01-02-2010_chunk004.wav,3.0,Corv_corone_calls_collini01-02-2010.mp3
Carrion_Crow,Corv_corone_calls_collini01-02-2010,5,data/processed/Carrion_Crow/Corv_corone_calls_collini01-02-2010_chunk005.wav,3.0,Corv_corone_calls_collini01-02-2010.mp3
Carrion_Crow,Corv_corone_calls_collini01-02-2010,6,data/processed/Carrion_Crow/Corv_corone_calls_collini01-02-2010_chunk006.wav,3.0,Corv_corone_calls_collini01-02-2010.mp3
Carrion_Crow,Corv_corone_calls_collini25-01-2010,0,data/processed/Carrion_Crow/Corv_corone_calls_collini25-01-2010_chunk000.wav,3.0,Corv_corone_calls_collini25-01-2010.mp3
Carrion_Crow,Corv_corone_calls_collini25-01-2010,1,data/processed/Carrion_Crow/Corv_corone_calls_collini25-01-2010_chunk001.wav,3.0,Corv_corone_calls_collini25-01-2010.mp3
Carrion_Crow,Corv_corone_calls_collini25-01-2010,2,data/processed/Carrion_Crow/Corv_corone_calls_collini25-01-2010_chunk002.wav,3.0,Corv_corone_calls_collini25-01-2010.mp3
Carrion_Crow,Corv_corone_calls_collini25-01-2010,3,data/processed/Carrion_Crow/Corv_corone_calls_collini25-01-2010_chunk003.wav,3.0,Corv_corone_calls_collini25-01-2010.mp3
Carrion_Crow,Corv_corone_calls_collini25-01-2010,4,data/processed/Carrion_Crow/Corv_corone_calls_collini25-01-2010_chunk004.wav,3.0,Corv_corone_calls_collini25-01-2010.mp3
Carrion_Crow,Corv_corone_calls_collini25-01-2010,5,data/processed/Carrion_Crow/Corv_corone_calls_collini25-01-2010_chunk005.wav,3.0,Corv_corone_calls_collini25-01-2010.mp3
Carrion_Crow,Corv_corone_calls_collini25-01-2010,6,data/processed/Carrion_Crow/Corv_corone_calls_collini25-01-2010_chunk006.wav,3.0,Corv_corone_calls_collini25-01-2010.mp3
Carrion_Crow,Corv_corone_calls_collini25-01-2010,7,data/processed/Carrion_Crow/Corv_corone_calls_collini25-01-2010_chunk007.wav,3.0,Corv_corone_calls_collini25-01-2010.mp3
Carrion_Crow,Corv_corone_calls_collini25-01-2010,8,data/processed/Carrion_Crow/Corv_corone_calls_collini25-01-2010_chunk008.wav,3.0,Corv_corone_calls_collini25-01-2010.mp3
Carrion_Crow,Corv_corone_calls_collini25-01-2010,9,data/processed/Carrion_Crow/Corv_corone_calls_collini25-01-2010_chunk009.wav,3.0,Corv_corone_calls_collini25-01-2010.mp3
Carrion_Crow,Corv_corone_calls_collini25-01-2010,10,data/processed/Carrion_Crow/Corv_corone_calls_collini25-01-2010_chunk010.wav,3.0,Corv_corone_calls_collini25-01-2010.mp3
Carrion_Crow,Corv_corone_calls_collini25-01-2010,11,data/processed/Carrion_Crow/Corv_corone_calls_collini25-01-2010_chunk011.wav,3.0,Corv_corone_calls_collini25-01-2010.mp3
Carrion_Crow,Corv_corone_calls_collini25-01-2010,12,data/processed/Carrion_Crow/Corv_corone_calls_collini25-01-2010_chunk012.wav,3.0,Corv_corone_calls_collini25-01-2010.mp3
Carrion_Crow,Corv_corone_calls_collini25-01-2010,13,data/processed/Carrion_Crow/Corv_corone_calls_collini25-01-2010_chunk013.wav,3.0,Corv_corone_calls_collini25-01-2010.mp3
Carrion_Crow,Corv_corone_calls_collini25-01-2010,14,data/processed/Carrion_Crow/Corv_corone_calls_collini25-01-2010_chunk014.wav,3.0,Corv_corone_calls_collini25-01-2010.mp3
Carrion_Crow,Corv_corone_calls_collini25-01-2010,15,data/processed/Carrion_Crow/Corv_corone_calls_collini25-01-2010_chunk015.wav,3.0,Corv_corone_calls_collini25-01-2010.mp3
Carrion_Crow,Corv_corone_calls_collini25-01-2010,16,data/processed/Carrion_Crow/Corv_corone_calls_collini25-01-2010_chunk016.wav,3.0,Corv_corone_calls_collini25-01-2010.mp3
Carrion_Crow,Corv_corone_calls_collini25-01-2010,17,data/processed/Carrion_Crow/Corv_corone_calls_collini25-01-2010_chunk017.wav,3.0,Corv_corone_calls_collini25-01-2010.mp3
Carrion_Crow,Corv_corone_calls_collini25-01-2010,18,data/processed/Carrion_Crow/Corv_corone_calls_collini25-01-2010_chunk018.wav,3.0,Corv_corone_calls_collini25-01-2010.mp3
Carrion_Crow,Corv_corone_calls_collini25-01-2010,19,data/processed/Carrion_Crow/Corv_corone_calls_collini25-01-2010_chunk019.wav,3.0,Corv_corone_calls_collini25-01-2010.mp3
Carrion_Crow,Corv_corone_calls_collini25-01-2010,20,data/processed/Carrion_Crow/Corv_corone_calls_collini25-01-2010_chunk020.wav,3.0,Corv_corone_calls_collini25-01-2010.mp3
Carrion_Crow,Corv_corone_calls_collini25-01-2010,21,data/processed/Carrion_Crow/Corv_corone_calls_collini25-01-2010_chunk021.wav,3.0,Corv_corone_calls_collini25-01-2010.mp3
Carrion_Crow,Corv_corone_calls_collini25-01-2010,22,data/processed/Carrion_Crow/Corv_corone_calls_collini25-01-2010_chunk022.wav,3.0,Corv_corone_calls_collini25-01-2010.mp3
Carrion_Crow,Corv_corone_calls_collini25-01-2010,23,data/processed/Carrion_Crow/Corv_corone_calls_collini25-01-2010_chunk023.wav,3.0,Corv_corone_calls_collini25-01-2010.mp3
Carrion_Crow,Corv_corone_calls_collini25-01-2010,24,data/processed/Carrion_Crow/Corv_corone_calls_collini25-01-2010_chunk024.wav,3.0,Corv_corone_calls_collini25-01-2010.mp3
Carrion_Crow,Corv_corone_calls_collini25-01-2010,25,data/processed/Carrion_Crow/Corv_corone_calls_collini25-01-2010_chunk025.wav,3.0,Corv_corone_calls_collini25-01-2010.mp3
Carrion_Crow,Corv_corone_song_collini24-01-2010,0,data/processed/Carrion_Crow/Corv_corone_song_collini24-01-2010_chunk000.wav,3.0,Corv_corone_song_collini24-01-2010.mp3
Carrion_Crow,Corv_corone_song_collini24-01-2010,1,data/processed/Carrion_Crow/Corv_corone_song_collini24-01-2010_chunk001.wav,3.0,Corv_corone_song_collini24-01-2010.mp3
Carrion_Crow,Corv_corone_song_collini24-01-2010,2,data/processed/Carrion_Crow/Corv_corone_song_collini24-01-2010_chunk002.wav,3.0,Corv_corone_song_collini24-01-2010.mp3
Carrion_Crow,Corv_corone_song_collini24-01-2010,3,data/processed/Carrion_Crow/Corv_corone_song_collini24-01-2010_chunk003.wav,3.0,Corv_corone_song_collini24-01-2010.mp3
Carrion_Crow,Corv_corone_song_collini24-01-2010,4,data/processed/Carrion_Crow/Corv_corone_song_collini24-01-2010_chunk004.wav,3.0,Corv_corone_song_collini24-01-2010.mp3
Carrion_Crow,Corv_corone_song_collini24-01-2010,5,data/processed/Carrion_Crow/Corv_corone_song_collini24-01-2010_chunk005.wav,3.0,Corv_corone_song_collini24-01-2010.mp3
Carrion_Crow,Corv_corone_song_collini24-01-2010,6,data/processed/Carrion_Crow/Corv_corone_song_collini24-01-2010_chunk006.wav,3.0,Corv_corone_song_collini24-01-2010.mp3
Carrion_Crow,Corv_corone_song_collini24-01-2010,7,data/processed/Carrion_Crow/Corv_corone_song_collini24-01-2010_chunk007.wav,3.0,Corv_corone_song_collini24-01-2010.mp3
Carrion_Crow,Corv_corone_song_collini24-01-2010,8,data/processed/Carrion_Crow/Corv_corone_song_collini24-01-2010_chunk008.wav,3.0,Corv_corone_song_collini24-01-2010.mp3
Carrion_Crow,Corv_corone_song_collini24-01-2010,9,data/processed/Carrion_Crow/Corv_corone_song_collini24-01-2010_chunk009.wav,3.0,Corv_corone_song_collini24-01-2010.mp3
Carrion_Crow,Corv_corone_song_collini24-01-2010,10,data/processed/Carrion_Crow/Corv_corone_song_collini24-01-2010_chunk010.wav,3.0,Corv_corone_song_collini24-01-2010.mp3
Carrion_Crow,Corv_corone_song_collini24-01-2010,11,data/processed/Carrion_Crow/Corv_corone_song_collini24-01-2010_chunk011.wav,3.0,Corv_corone_song_collini24-01-2010.mp3
Carrion_Crow,Corv_corone_song_collini24-01-2010,12,data/processed/Carrion_Crow/Corv_corone_song_collini24-01-2010_chunk012.wav,3.0,Corv_corone_song_collini24-01-2010.mp3
Carrion_Crow,Corv_corone_song_collini24-01-2010,13,data/processed/Carrion_Crow/Corv_corone_song_collini24-01-2010_chunk013.wav,3.0,Corv_corone_song_collini24-01-2010.mp3
Carrion_Crow,Corv_corone_song_collini24-01-2010,14,data/processed/Carrion_Crow/Corv_corone_song_collini24-01-2010_chunk014.wav,3.0,Corv_corone_song_collini24-01-2010.mp3
Carrion_Crow,Corv_corone_song_collini24-01-2010,15,data/processed/Carrion_Crow/Corv_corone_song_collini24-01-2010_chunk015.wav,3.0,Corv_corone_song_collini24-01-2010.mp3
Carrion_Crow,Corv_corone_song_collini24-01-2010,16,data/processed/Carrion_Crow/Corv_corone_song_collini24-01-2010_chunk016.wav,3.0,Corv_corone_song_collini24-01-2010.mp3
Carrion_Crow,Corv_corone_song_collini24-01-2010,17,data/processed/Carrion_Crow/Corv_corone_song_collini24-01-2010_chunk017.wav,3.0,Corv_corone_song_collini24-01-2010.mp3
Carrion_Crow,Corv_corone_song_collini24-01-2010,18,data/processed/Carrion_Crow/Corv_corone_song_collini24-01-2010_chunk018.wav,3.0,Corv_corone_song_collini24-01-2010.mp3
Carrion_Crow,Corv_corone_song_collini24-01-2010,19,data/processed/Carrion_Crow/Corv_corone_song_collini24-01-2010_chunk019.wav,3.0,Corv_corone_song_collini24-01-2010.mp3
Carrion_Crow,Corv_corone_song_collini24-01-2010,20,data/processed/Carrion_Crow/Corv_corone_song_collini24-01-2010_chunk020.wav,3.0,Corv_corone_song_collini24-01-2010.mp3
Carrion_Crow,Corv_corone_song_collini24-01-2010,21,data/processed/Carrion_Crow/Corv_corone_song_collini24-01-2010_chunk021.wav,3.0,Corv_corone_song_collini24-01-2010.mp3
Carrion_Crow,Corv_corone_song_collini24-01-2010,22,data/processed/Carrion_Crow/Corv_corone_song_collini24-01-2010_chunk022.wav,3.0,Corv_corone_song_collini24-01-2010.mp3
Carrion_Crow,Corv_corone_song_collini24-01-2010,23,data/processed/Carrion_Crow/Corv_corone_song_collini24-01-2010_chunk023.wav,3.0,Corv_corone_song_collini24-01-2010.mp3
Carrion_Crow,Corv_corone_song_collini24-01-2010,24,data/processed/Carrion_Crow/Corv_corone_song_collini24-01-2010_chunk024.wav,3.0,Corv_corone_song_collini24-01-2010.mp3
Carrion_Crow,Corv_corone_song_collini24-01-2010,25,data/processed/Carrion_Crow/Corv_corone_song_collini24-01-2010_chunk025.wav,3.0,Corv_corone_song_collini24-01-2010.mp3
Carrion_Crow,Corv_corone_song_collini24-01-2010,26,data/processed/Carrion_Crow/Corv_corone_song_collini24-01-2010_chunk026.wav,3.0,Corv_corone_song_collini24-01-2010.mp3
Carrion_Crow,Corv_corone_song_collini24-01-2010,27,data/processed/Carrion_Crow/Corv_corone_song_collini24-01-2010_chunk027.wav,3.0,Corv_corone_song_collini24-01-2010.mp3
Carrion_Crow,Corvus-corone-Bettel-und-Alarmrufe-Collinistrasse-01-06-2010-9Uhr,0,data/processed/Carrion_Crow/Corvus-corone-Bettel-und-Alarmrufe-Collinistrasse-01-06-2010-9Uhr_chunk000.wav,3.0,Corvus-corone-Bettel-und-Alarmrufe-Collinistrasse-01-06-2010-9Uhr.mp3
Carrion_Crow,Corvus-corone-Bettel-und-Alarmrufe-Collinistrasse-01-06-2010-9Uhr,1,data/processed/Carrion_Crow/Corvus-corone-Bettel-und-Alarmrufe-Collinistrasse-01-06-2010-9Uhr_chunk001.wav,3.0,Corvus-corone-Bettel-und-Alarmrufe-Collinistrasse-01-06-2010-9Uhr.mp3
Carrion_Crow,Corvus-corone-Bettel-und-Alarmrufe-Collinistrasse-01-06-2010-9Uhr,2,data/processed/Carrion_Crow/Corvus-corone-Bettel-und-Alarmrufe-Collinistrasse-01-06-2010-9Uhr_chunk002.wav,3.0,Corvus-corone-Bettel-und-Alarmrufe-Collinistrasse-01-06-2010-9Uhr.mp3
Carrion_Crow,Corvus-corone-Bettel-und-Alarmrufe-Collinistrasse-01-06-2010-9Uhr,3,data/processed/Carrion_Crow/Corvus-corone-Bettel-und-Alarmrufe-Collinistrasse-01-06-2010-9Uhr_chunk003.wav,3.0,Corvus-corone-Bettel-und-Alarmrufe-Collinistrasse-01-06-2010-9Uhr.mp3
Carrion_Crow,Corvus-corone-Bettel-und-Alarmrufe-Collinistrasse-01-06-2010-9Uhr,4,data/processed/Carrion_Crow/Corvus-corone-Bettel-und-Alarmrufe-Collinistrasse-01-06-2010-9Uhr_chunk004.wav,3.0,Corvus-corone-Bettel-und-Alarmrufe-Collinistrasse-01-06-2010-9Uhr.mp3
Carrion_Crow,Corvus-corone-Bettel-und-Alarmrufe-Collinistrasse-01-06-2010-9Uhr,5,data/processed/Carrion_Crow/Corvus-corone-Bettel-und-Alarmrufe-Collinistrasse-01-06-2010-9Uhr_chunk005.wav,3.0,Corvus-corone-Bettel-und-Alarmrufe-Collinistrasse-01-06-2010-9Uhr.mp3
Carrion_Crow,Corvus-corone-Bettel-und-Alarmrufe-Collinistrasse-01-06-2010-9Uhr,6,data/processed/Carrion_Crow/Corvus-corone-Bettel-und-Alarmrufe-Collinistrasse-01-06-2010-9Uhr_chunk006.wav,3.0,Corvus-corone-Bettel-und-Alarmrufe-Collinistrasse-01-06-2010-9Uhr.mp3
Carrion_Crow,Corvus-corone-Bettel-und-Alarmrufe-Collinistrasse-01-06-2010-9Uhr,7,data/processed/Carrion_Crow/Corvus-corone-Bettel-und-Alarmrufe-Collinistrasse-01-06-2010-9Uhr_chunk007.wav,3.0,Corvus-corone-Bettel-und-Alarmrufe-Collinistrasse-01-06-2010-9Uhr.mp3
Carrion_Crow,Corvus-corone-Bettel-und-Alarmrufe-Collinistrasse-01-06-2010-9Uhr,8,data/processed/Carrion_Crow/Corvus-corone-Bettel-und-Alarmrufe-Collinistrasse-01-06-2010-9Uhr_chunk008.wav,3.0,Corvus-corone-Bettel-und-Alarmrufe-Collinistrasse-01-06-2010-9Uhr.mp3
Carrion_Crow,Corvus-corone-Bettel-und-Alarmrufe-Collinistrasse-01-06-2010-9Uhr,9,data/processed/Carrion_Crow/Corvus-corone-Bettel-und-Alarmrufe-Collinistrasse-01-06-2010-9Uhr_chunk009.wav,3.0,Corvus-corone-Bettel-und-Alarmrufe-Collinistrasse-01-06-2010-9Uhr.mp3
Carrion_Crow,Corvus-corone-Bettel-und-Alarmrufe-Collinistrasse-01-06-2010-9Uhr,10,data/processed/Carrion_Crow/Corvus-corone-Bettel-und-Alarmrufe-Collinistrasse-01-06-2010-9Uhr_chunk010.wav,3.0,Corvus-corone-Bettel-und-Alarmrufe-Collinistrasse-01-06-2010-9Uhr.mp3
Carrion_Crow,Corvus-corone-Collinistr-05-03-2010-6-10,0,data/processed/Carrion_Crow/Corvus-corone-Collinistr-05-03-2010-6-10_chunk000.wav,3.0,Corvus-corone-Collinistr-05-03-2010-6-10.mp3
Carrion_Crow,Corvus-corone-Collinistr-05-03-2010-6-10,1,data/processed/Carrion_Crow/Corvus-corone-Collinistr-05-03-2010-6-10_chunk001.wav,3.0,Corvus-corone-Collinistr-05-03-2010-6-10.mp3
Carrion_Crow,Corvus-corone-Collinistr-05-03-2010-6-10,2,data/processed/Carrion_Crow/Corvus-corone-Collinistr-05-03-2010-6-10_chunk002.wav,3.0,Corvus-corone-Collinistr-05-03-2010-6-10.mp3
Carrion_Crow,Corvus-corone-Collinistr-05-03-2010-6-10,3,data/processed/Carrion_Crow/Corvus-corone-Collinistr-05-03-2010-6-10_chunk003.wav,3.0,Corvus-corone-Collinistr-05-03-2010-6-10.mp3
Carrion_Crow,Corvus-corone-Collinistr-05-03-2010-6-10,4,data/processed/Carrion_Crow/Corvus-corone-Collinistr-05-03-2010-6-10_chunk004.wav,3.0,Corvus-corone-Collinistr-05-03-2010-6-10.mp3
Carrion_Crow,Corvus-corone-Collinistr-05-03-2010-6-10,5,data/processed/Carrion_Crow/Corvus-corone-Collinistr-05-03-2010-6-10_chunk005.wav,3.0,Corvus-corone-Collinistr-05-03-2010-6-10.mp3
Carrion_Crow,Corvus-corone-Collinistr-05-03-2010-6-10,6,data/processed/Carrion_Crow/Corvus-corone-Collinistr-05-03-2010-6-10_chunk006.wav,3.0,Corvus-corone-Collinistr-05-03-2010-6-10.mp3
Carrion_Crow,Corvus-corone-Collinistr-05-03-2010-6-35,0,data/processed/Carrion_Crow/Corvus-corone-Collinistr-05-03-2010-6-35_chunk000.wav,3.0,Corvus-corone-Collinistr-05-03-2010-6-35.mp3
Carrion_Crow,Corvus-corone-Collinistr-05-03-2010-6-35,1,data/processed/Carrion_Crow/Corvus-corone-Collinistr-05-03-2010-6-35_chunk001.wav,3.0,Corvus-corone-Collinistr-05-03-2010-6-35.mp3
Carrion_Crow,Corvus-corone-Collinistr-05-03-2010-6-35,2,data/processed/Carrion_Crow/Corvus-corone-Collinistr-05-03-2010-6-35_chunk002.wav,3.0,Corvus-corone-Collinistr-05-03-2010-6-35.mp3
Carrion_Crow,Corvus-corone-Collinistr-05-03-2010-6-35,3,data/processed/Carrion_Crow/Corvus-corone-Collinistr-05-03-2010-6-35_chunk003.wav,3.0,Corvus-corone-Collinistr-05-03-2010-6-35.mp3
Carrion_Crow,Corvus-corone-Collinistr-05-03-2010-6-35,4,data/processed/Carrion_Crow/Corvus-corone-Collinistr-05-03-2010-6-35_chunk004.wav,3.0,Corvus-corone-Collinistr-05-03-2010-6-35.mp3
Carrion_Crow,Corvus-corone-Collinistr-05-03-2010-6-35,5,data/processed/Carrion_Crow/Corvus-corone-Collinistr-05-03-2010-6-35_chunk005.wav,3.0,Corvus-corone-Collinistr-05-03-2010-6-35.mp3
Carrion_Crow,Corvus-corone-Collinistr-05-03-2010-6-35,6,data/processed/Carrion_Crow/Corvus-corone-Collinistr-05-03-2010-6-35_chunk006.wav,3.0,Corvus-corone-Collinistr-05-03-2010-6-35.mp3
Carrion_Crow,Corvus-corone-Collinistr-05-03-2010-6-35,7,data/processed/Carrion_Crow/Corvus-corone-Collinistr-05-03-2010-6-35_chunk007.wav,3.0,Corvus-corone-Collinistr-05-03-2010-6-35.mp3
Carrion_Crow,Corvus-corone-Collinistr-05-03-2010-6-35,8,data/processed/Carrion_Crow/Corvus-corone-Collinistr-05-03-2010-6-35_chunk008.wav,3.0,Corvus-corone-Collinistr-05-03-2010-6-35.mp3
Carrion_Crow,Corvus-corone-Collinistr-05-03-2010-6-35,9,data/processed/Carrion_Crow/Corvus-corone-Collinistr-05-03-2010-6-35_chunk009.wav,3.0,Corvus-corone-Collinistr-05-03-2010-6-35.mp3
Carrion_Crow,Corvus-corone-Collinistr-05-03-2010-6-35,10,data/processed/Carrion_Crow/Corvus-corone-Collinistr-05-03-2010-6-35_chunk010.wav,3.0,Corvus-corone-Collinistr-05-03-2010-6-35.mp3
Carrion_Crow,Corvus-corone-Collinistr-05-03-2010-6-35,11,data/processed/Carrion_Crow/Corvus-corone-Collinistr-05-03-2010-6-35_chunk011.wav,3.0,Corvus-corone-Collinistr-05-03-2010-6-35.mp3
Carrion_Crow,Corvus-corone-Collinistr-05-03-2010-6-35,12,data/processed/Carrion_Crow/Corvus-corone-Collinistr-05-03-2010-6-35_chunk012.wav,3.0,Corvus-corone-Collinistr-05-03-2010-6-35.mp3
Carrion_Crow,Corvus-corone-Collinistr-05-03-2010-6-35,13,data/processed/Carrion_Crow/Corvus-corone-Collinistr-05-03-2010-6-35_chunk013.wav,3.0,Corvus-corone-Collinistr-05-03-2010-6-35.mp3
Carrion_Crow,Corvus-corone-Collinistr-05-03-2010-6-40,0,data/processed/Carrion_Crow/Corvus-corone-Collinistr-05-03-2010-6-40_chunk000.wav,3.0,Corvus-corone-Collinistr-05-03-2010-6-40.mp3
Carrion_Crow,Corvus-corone-Collinistr-05-03-2010-6-40,1,data/processed/Carrion_Crow/Corvus-corone-Collinistr-05-03-2010-6-40_chunk001.wav,3.0,Corvus-corone-Collinistr-05-03-2010-6-40.mp3
Carrion_Crow,Corvus-corone-Collinistr-05-03-2010-6-40,2,data/processed/Carrion_Crow/Corvus-corone-Collinistr-05-03-2010-6-40_chunk002.wav,3.0,Corvus-corone-Collinistr-05-03-2010-6-40.mp3
Carrion_Crow,Corvus-corone-Collinistr-05-03-2010-6-40,3,data/processed/Carrion_Crow/Corvus-corone-Collinistr-05-03-2010-6-40_chunk003.wav,3.0,Corvus-corone-Collinistr-05-03-2010-6-40.mp3
Carrion_Crow,Corvus-corone-Collinistr-05-03-2010-6-40,4,data/processed/Carrion_Crow/Corvus-corone-Collinistr-05-03-2010-6-40_chunk004.wav,3.0,Corvus-corone-Collinistr-05-03-2010-6-40.mp3
Carrion_Crow,Corvus-corone-Collinistr-05-03-2010-6-40,5,data/processed/Carrion_Crow/Corvus-corone-Collinistr-05-03-2010-6-40_chunk005.wav,3.0,Corvus-corone-Collinistr-05-03-2010-6-40.mp3
Carrion_Crow,Corvus-corone-Collinistr-05-03-2010-6-40,6,data/processed/Carrion_Crow/Corvus-corone-Collinistr-05-03-2010-6-40_chunk006.wav,3.0,Corvus-corone-Collinistr-05-03-2010-6-40.mp3
Carrion_Crow,Corvus-corone-Collinistr-05-03-2010-6-40,7,data/processed/Carrion_Crow/Corvus-corone-Collinistr-05-03-2010-6-40_chunk007.wav,3.0,Corvus-corone-Collinistr-05-03-2010-6-40.mp3
Carrion_Crow,Crow-Carrion-101209-000,0,data/processed/Carrion_Crow/Crow-Carrion-101209-000_chunk000.wav,3.0,Crow-Carrion-101209-000.mp3
Carrion_Crow,Crow-Carrion-101209-000,1,data/processed/Carrion_Crow/Crow-Carrion-101209-000_chunk001.wav,3.0,Crow-Carrion-101209-000.mp3
Carrion_Crow,Crow-Carrion-101209-000,2,data/processed/Carrion_Crow/Crow-Carrion-101209-000_chunk002.wav,3.0,Crow-Carrion-101209-000.mp3
Carrion_Crow,Crow-Carrion-101209-000,3,data/processed/Carrion_Crow/Crow-Carrion-101209-000_chunk003.wav,3.0,Crow-Carrion-101209-000.mp3
Carrion_Crow,Crow-Carrion-101209-000,4,data/processed/Carrion_Crow/Crow-Carrion-101209-000_chunk004.wav,3.0,Crow-Carrion-101209-000.mp3
Carrion_Crow,Crow-Carrion-101209-000,5,data/processed/Carrion_Crow/Crow-Carrion-101209-000_chunk005.wav,3.0,Crow-Carrion-101209-000.mp3
Carrion_Crow,Crow-Carrion-101209-000,6,data/processed/Carrion_Crow/Crow-Carrion-101209-000_chunk006.wav,3.0,Crow-Carrion-101209-000.mp3
Carrion_Crow,Crow-Carrion-101209-000,7,data/processed/Carrion_Crow/Crow-Carrion-101209-000_chunk007.wav,3.0,Crow-Carrion-101209-000.mp3
Carrion_Crow,Crow-Carrion-101209-000,8,data/processed/Carrion_Crow/Crow-Carrion-101209-000_chunk008.wav,3.0,Crow-Carrion-101209-000.mp3
Carrion_Crow,Crow-Carrion-101209-000,9,data/processed/Carrion_Crow/Crow-Carrion-101209-000_chunk009.wav,3.0,Crow-Carrion-101209-000.mp3
Carrion_Crow,Crow-Carrion-101209-000,10,data/processed/Carrion_Crow/Crow-Carrion-101209-000_chunk010.wav,3.0,Crow-Carrion-101209-000.mp3
Carrion_Crow,Crow-Carrion-101209-000,11,data/processed/Carrion_Crow/Crow-Carrion-101209-000_chunk011.wav,3.0,Crow-Carrion-101209-000.mp3
Carrion_Crow,Crow-Carrion-101225-016,0,data/processed/Carrion_Crow/Crow-Carrion-101225-016_chunk000.wav,3.0,Crow-Carrion-101225-016.mp3
Carrion_Crow,Crow-Carrion-101225-016,1,data/processed/Carrion_Crow/Crow-Carrion-101225-016_chunk001.wav,3.0,Crow-Carrion-101225-016.mp3
Carrion_Crow,CrowMillCem,0,data/processed/Carrion_Crow/CrowMillCem_chunk000.wav,3.0,CrowMillCem.mp3
Carrion_Crow,CrowMillCem,1,data/processed/Carrion_Crow/CrowMillCem_chunk001.wav,3.0,CrowMillCem.mp3
Carrion_Crow,CrowMillCem,2,data/processed/Carrion_Crow/CrowMillCem_chunk002.wav,3.0,CrowMillCem.mp3
Carrion_Crow,CrowMillCem,3,data/processed/Carrion_Crow/CrowMillCem_chunk003.wav,3.0,CrowMillCem.mp3
Carrion_Crow,CrowMillCem,4,data/processed/Carrion_Crow/CrowMillCem_chunk004.wav,3.0,CrowMillCem.mp3
Carrion_Crow,CrowMillCem,5,data/processed/Carrion_Crow/CrowMillCem_chunk005.wav,3.0,CrowMillCem.mp3
Carrion_Crow,CrowMillCem,6,data/processed/Carrion_Crow/CrowMillCem_chunk006.wav,3.0,CrowMillCem.mp3
Carrion_Crow,CrowMillCem,7,data/processed/Carrion_Crow/CrowMillCem_chunk007.wav,3.0,CrowMillCem.mp3
Carrion_Crow,CrowMillCem,8,data/processed/Carrion_Crow/CrowMillCem_chunk008.wav,3.0,CrowMillCem.mp3
Carrion_Crow,CrowMillCem,9,data/processed/Carrion_Crow/CrowMillCem_chunk009.wav,3.0,CrowMillCem.mp3
Carrion_Crow,CrowMillCem,10,data/processed/Carrion_Crow/CrowMillCem_chunk010.wav,3.0,CrowMillCem.mp3
Carrion_Crow,CrowMillCem,11,data/processed/Carrion_Crow/CrowMillCem_chunk011.wav,3.0,CrowMillCem.mp3
Carrion_Crow,CrowMillCem,12,data/processed/Carrion_Crow/CrowMillCem_chunk012.wav,3.0,CrowMillCem.mp3
Carrion_Crow,CrowMillCem,13,data/processed/Carrion_Crow/CrowMillCem_chunk013.wav,3.0,CrowMillCem.mp3
Carrion_Crow,CrowMillCem,14,data/processed/Carrion_Crow/CrowMillCem_chunk014.wav,3.0,CrowMillCem.mp3
Carrion_Crow,Kraai_Blaan_120301-01xc,0,data/processed/Carrion_Crow/Kraai_Blaan_120301-01xc_chunk000.wav,3.0,Kraai_Blaan_120301-01xc.mp3
Carrion_Crow,Kraai_Blaan_120301-01xc,1,data/processed/Carrion_Crow/Kraai_Blaan_120301-01xc_chunk001.wav,3.0,Kraai_Blaan_120301-01xc.mp3
Carrion_Crow,Kraai_Blaan_120301-01xc,2,data/processed/Carrion_Crow/Kraai_Blaan_120301-01xc_chunk002.wav,3.0,Kraai_Blaan_120301-01xc.mp3
Carrion_Crow,Kraai_Blaan_120301-01xc,3,data/processed/Carrion_Crow/Kraai_Blaan_120301-01xc_chunk003.wav,3.0,Kraai_Blaan_120301-01xc.mp3
Carrion_Crow,Kraai_Blaan_120301-01xc,4,data/processed/Carrion_Crow/Kraai_Blaan_120301-01xc_chunk004.wav,3.0,Kraai_Blaan_120301-01xc.mp3
Carrion_Crow,Kraai_Blaan_120301-01xc,5,data/processed/Carrion_Crow/Kraai_Blaan_120301-01xc_chunk005.wav,3.0,Kraai_Blaan_120301-01xc.mp3
Carrion_Crow,Kraai_Blaan_120301-01xc,6,data/processed/Carrion_Crow/Kraai_Blaan_120301-01xc_chunk006.wav,3.0,Kraai_Blaan_120301-01xc.mp3
Carrion_Crow,Kraai_Blaan_120301-01xc,7,data/processed/Carrion_Crow/Kraai_Blaan_120301-01xc_chunk007.wav,3.0,Kraai_Blaan_120301-01xc.mp3
Carrion_Crow,Kraai_Blaan_120301-01xc,8,data/processed/Carrion_Crow/Kraai_Blaan_120301-01xc_chunk008.wav,3.0,Kraai_Blaan_120301-01xc.mp3
Carrion_Crow,Kraai_Blaan_120301-01xc,9,data/processed/Carrion_Crow/Kraai_Blaan_120301-01xc_chunk009.wav,3.0,Kraai_Blaan_120301-01xc.mp3
Carrion_Crow,Kraai_Blaan_120301-01xc,10,data/processed/Carrion_Crow/Kraai_Blaan_120301-01xc_chunk010.wav,3.0,Kraai_Blaan_120301-01xc.mp3
Carrion_Crow,Kraai_Blaan_120301-01xc,11,data/processed/Carrion_Crow/Kraai_Blaan_120301-01xc_chunk011.wav,3.0,Kraai_Blaan_120301-01xc.mp3
Carrion_Crow,Kraai_Blaan_120301-01xc,12,data/processed/Carrion_Crow/Kraai_Blaan_120301-01xc_chunk012.wav,3.0,Kraai_Blaan_120301-01xc.mp3
Carrion_Crow,Kraai_Blaan_120301-01xc,13,data/processed/Carrion_Crow/Kraai_Blaan_120301-01xc_chunk013.wav,3.0,Kraai_Blaan_120301-01xc.mp3
Carrion_Crow,Kraai_Blaan_120301-01xc,14,data/processed/Carrion_Crow/Kraai_Blaan_120301-01xc_chunk014.wav,3.0,Kraai_Blaan_120301-01xc.mp3
Carrion_Crow,Kraai_Blaan_120301-01xc,15,data/processed/Carrion_Crow/Kraai_Blaan_120301-01xc_chunk015.wav,3.0,Kraai_Blaan_120301-01xc.mp3
Carrion_Crow,Kraai_Blaan_120301-01xc,16,data/processed/Carrion_Crow/Kraai_Blaan_120301-01xc_chunk016.wav,3.0,Kraai_Blaan_120301-01xc.mp3
Carrion_Crow,Kraai_Blaan_120301-01xc,17,data/processed/Carrion_Crow/Kraai_Blaan_120301-01xc_chunk017.wav,3.0,Kraai_Blaan_120301-01xc.mp3
Carrion_Crow,Kraai_Blaan_120301-01xc,18,data/processed/Carrion_Crow/Kraai_Blaan_120301-01xc_chunk018.wav,3.0,Kraai_Blaan_120301-01xc.mp3
Carrion_Crow,Kraai_Blaan_120301-01xc,19,data/processed/Carrion_Crow/Kraai_Blaan_120301-01xc_chunk019.wav,3.0,Kraai_Blaan_120301-01xc.mp3
Carrion_Crow,Kraai_Blaan_120301-01xc,20,data/processed/Carrion_Crow/Kraai_Blaan_120301-01xc_chunk020.wav,3.0,Kraai_Blaan_120301-01xc.mp3
Carrion_Crow,Kraai_Blaan_120301-01xc,21,data/processed/Carrion_Crow/Kraai_Blaan_120301-01xc_chunk021.wav,3.0,Kraai_Blaan_120301-01xc.mp3
Carrion_Crow,Kraai_Blaan_120301-01xc,22,data/processed/Carrion_Crow/Kraai_Blaan_120301-01xc_chunk022.wav,3.0,Kraai_Blaan_120301-01xc.mp3
Carrion_Crow,Kraai_Waterp_100422_07xc,0,data/processed/Carrion_Crow/Kraai_Waterp_100422_07xc_chunk000.wav,3.0,Kraai_Waterp_100422_07xc.mp3
Carrion_Crow,Kraai_Waterp_100422_07xc,1,data/processed/Carrion_Crow/Kraai_Waterp_100422_07xc_chunk001.wav,3.0,Kraai_Waterp_100422_07xc.mp3
Carrion_Crow,Kraai_Waterp_100422_07xc,2,data/processed/Carrion_Crow/Kraai_Waterp_100422_07xc_chunk002.wav,3.0,Kraai_Waterp_100422_07xc.mp3
Carrion_Crow,Kraai_Waterp_100422_07xc,3,data/processed/Carrion_Crow/Kraai_Waterp_100422_07xc_chunk003.wav,3.0,Kraai_Waterp_100422_07xc.mp3
Carrion_Crow,Kraai_Waterp_100422_07xc,4,data/processed/Carrion_Crow/Kraai_Waterp_100422_07xc_chunk004.wav,3.0,Kraai_Waterp_100422_07xc.mp3
Carrion_Crow,Kraai_Waterp_100422_07xc,5,data/processed/Carrion_Crow/Kraai_Waterp_100422_07xc_chunk005.wav,3.0,Kraai_Waterp_100422_07xc.mp3
Carrion_Crow,Kraai_Waterp_100422_07xc,6,data/processed/Carrion_Crow/Kraai_Waterp_100422_07xc_chunk006.wav,3.0,Kraai_Waterp_100422_07xc.mp3
Carrion_Crow,Kraai_Waterp_100422_07xc,7,data/processed/Carrion_Crow/Kraai_Waterp_100422_07xc_chunk007.wav,3.0,Kraai_Waterp_100422_07xc.mp3
Carrion_Crow,Kraai_Waterp_100422_07xc,8,data/processed/Carrion_Crow/Kraai_Waterp_100422_07xc_chunk008.wav,3.0,Kraai_Waterp_100422_07xc.mp3
Carrion_Crow,Kraai_Waterp_100422_07xc,9,data/processed/Carrion_Crow/Kraai_Waterp_100422_07xc_chunk009.wav,3.0,Kraai_Waterp_100422_07xc.mp3
Carrion_Crow,Kraai_Waterp_100422_07xc,10,data/processed/Carrion_Crow/Kraai_Waterp_100422_07xc_chunk010.wav,3.0,Kraai_Waterp_100422_07xc.mp3
Carrion_Crow,Kraai_Waterp_100422_07xc,11,data/processed/Carrion_Crow/Kraai_Waterp_100422_07xc_chunk011.wav,3.0,Kraai_Waterp_100422_07xc.mp3
Carrion_Crow,Kraai_k33_120110-02xc,0,data/processed/Carrion_Crow/Kraai_k33_120110-02xc_chunk000.wav,3.0,Kraai_k33_120110-02xc.mp3
Carrion_Crow,Kraai_k33_120110-02xc,1,data/processed/Carrion_Crow/Kraai_k33_120110-02xc_chunk001.wav,3.0,Kraai_k33_120110-02xc.mp3
Carrion_Crow,Kraai_k33_120110-02xc,2,data/processed/Carrion_Crow/Kraai_k33_120110-02xc_chunk002.wav,3.0,Kraai_k33_120110-02xc.mp3
Carrion_Crow,Kraai_k33_120110-02xc,3,data/processed/Carrion_Crow/Kraai_k33_120110-02xc_chunk003.wav,3.0,Kraai_k33_120110-02xc.mp3
Carrion_Crow,Kraai_k33_120110-02xc,4,data/processed/Carrion_Crow/Kraai_k33_120110-02xc_chunk004.wav,3.0,Kraai_k33_120110-02xc.mp3
Carrion_Crow,Kraai_k33_120110-02xc,5,data/processed/Carrion_Crow/Kraai_k33_120110-02xc_chunk005.wav,3.0,Kraai_k33_120110-02xc.mp3
Carrion_Crow,Kraai_k33_120110-02xc,6,data/processed/Carrion_Crow/Kraai_k33_120110-02xc_chunk006.wav,3.0,Kraai_k33_120110-02xc.mp3
Carrion_Crow,Kraai_k33_120110-02xc,7,data/processed/Carrion_Crow/Kraai_k33_120110-02xc_chunk007.wav,3.0,Kraai_k33_120110-02xc.mp3
Carrion_Crow,Kraai_k33_120110-02xc,8,data/processed/Carrion_Crow/Kraai_k33_120110-02xc_chunk008.wav,3.0,Kraai_k33_120110-02xc.mp3
Carrion_Crow,Kraai_k33_120110-02xc,9,data/processed/Carrion_Crow/Kraai_k33_120110-02xc_chunk009.wav,3.0,Kraai_k33_120110-02xc.mp3
Carrion_Crow,Kraai_k33_120110-02xc,10,data/processed/Carrion_Crow/Kraai_k33_120110-02xc_chunk010.wav,3.0,Kraai_k33_120110-02xc.mp3
Carrion_Crow,Kraai_k33_120110-02xc,11,data/processed/Carrion_Crow/Kraai_k33_120110-02xc_chunk011.wav,3.0,Kraai_k33_120110-02xc.mp3
Carrion_Crow,Kraai_k33_120110-02xc,12,data/processed/Carrion_Crow/Kraai_k33_120110-02xc_chunk012.wav,3.0,Kraai_k33_120110-02xc.mp3
Carrion_Crow,Kraai_k33_120110-02xc,13,data/processed/Carrion_Crow/Kraai_k33_120110-02xc_chunk013.wav,3.0,Kraai_k33_120110-02xc.mp3
Carrion_Crow,Kraai_k33_120110-02xc,14,data/processed/Carrion_Crow/Kraai_k33_120110-02xc_chunk014.wav,3.0,Kraai_k33_120110-02xc.mp3
Carrion_Crow,Kraai_k33_120110-02xc,15,data/processed/Carrion_Crow/Kraai_k33_120110-02xc_chunk015.wav,3.0,Kraai_k33_120110-02xc.mp3
Carrion_Crow,Kraai_k33_120110-02xc,16,data/processed/Carrion_Crow/Kraai_k33_120110-02xc_chunk016.wav,3.0,Kraai_k33_120110-02xc.mp3
Carrion_Crow,KrakaFridene,0,data/processed/Carrion_Crow/KrakaFridene_chunk000.wav,3.0,KrakaFridene.mp3
Carrion_Crow,KrakaFridene,1,data/processed/Carrion_Crow/KrakaFridene_chunk001.wav,3.0,KrakaFridene.mp3
Carrion_Crow,R09_0002,0,data/processed/Carrion_Crow/R09_0002_chunk000.wav,3.0,R09_0002.mp3
Carrion_Crow,R09_0002,1,data/processed/Carrion_Crow/R09_0002_chunk001.wav,3.0,R09_0002.mp3
Carrion_Crow,R09_0002,2,data/processed/Carrion_Crow/R09_0002_chunk002.wav,3.0,R09_0002.mp3
Carrion_Crow,R09_0002,3,data/processed/Carrion_Crow/R09_0002_chunk003.wav,3.0,R09_0002.mp3
Carrion_Crow,R09_0002,4,data/processed/Carrion_Crow/R09_0002_chunk004.wav,3.0,R09_0002.mp3
Carrion_Crow,R09_0002,5,data/processed/Carrion_Crow/R09_0002_chunk005.wav,3.0,R09_0002.mp3
Carrion_Crow,R09_0002,6,data/processed/Carrion_Crow/R09_0002_chunk006.wav,3.0,R09_0002.mp3
Carrion_Crow,R09_0002,7,data/processed/Carrion_Crow/R09_0002_chunk007.wav,3.0,R09_0002.mp3
Carrion_Crow,R09_0002,8,data/processed/Carrion_Crow/R09_0002_chunk008.wav,3.0,R09_0002.mp3
Carrion_Crow,R09_0002,9,data/processed/Carrion_Crow/R09_0002_chunk009.wav,3.0,R09_0002.mp3
Carrion_Crow,R09_0002,10,data/processed/Carrion_Crow/R09_0002_chunk010.wav,3.0,R09_0002.mp3
Carrion_Crow,R09_0002,11,data/processed/Carrion_Crow/R09_0002_chunk011.wav,3.0,R09_0002.mp3
Carrion_Crow,R09_0002,12,data/processed/Carrion_Crow/R09_0002_chunk012.wav,3.0,R09_0002.mp3
Carrion_Crow,R09_0002,13,data/processed/Carrion_Crow/R09_0002_chunk013.wav,3.0,R09_0002.mp3
Carrion_Crow,R09_0002,14,data/processed/Carrion_Crow/R09_0002_chunk014.wav,3.0,R09_0002.mp3
Carrion_Crow,R09_0002,15,data/processed/Carrion_Crow/R09_0002_chunk015.wav,3.0,R09_0002.mp3
Carrion_Crow,R09_0002,16,data/processed/Carrion_Crow/R09_0002_chunk016.wav,3.0,R09_0002.mp3
Carrion_Crow,R09_0002,17,data/processed/Carrion_Crow/R09_0002_chunk017.wav,3.0,R09_0002.mp3
Carrion_Crow,R09_0002,18,data/processed/Carrion_Crow/R09_0002_chunk018.wav,3.0,R09_0002.mp3
Carrion_Crow,R09_0002,19,data/processed/Carrion_Crow/R09_0002_chunk019.wav,3.0,R09_0002.mp3
Carrion_Crow,R09_0002,20,data/processed/Carrion_Crow/R09_0002_chunk020.wav,3.0,R09_0002.mp3
Carrion_Crow,R09_0002,21,data/processed/Carrion_Crow/R09_0002_chunk021.wav,3.0,R09_0002.mp3
Carrion_Crow,R09_0002,22,data/processed/Carrion_Crow/R09_0002_chunk022.wav,3.0,R09_0002.mp3
Carrion_Crow,R09_0002,23,data/processed/Carrion_Crow/R09_0002_chunk023.wav,3.0,R09_0002.mp3
Carrion_Crow,R09_0002,24,data/processed/Carrion_Crow/R09_0002_chunk024.wav,3.0,R09_0002.mp3
Carrion_Crow,R09_0002,25,data/processed/Carrion_Crow/R09_0002_chunk025.wav,3.0,R09_0002.mp3
Carrion_Crow,R09_0002,26,data/processed/Carrion_Crow/R09_0002_chunk026.wav,3.0,R09_0002.mp3
Carrion_Crow,R09_0002,27,data/processed/Carrion_Crow/R09_0002_chunk027.wav,3.0,R09_0002.mp3
Carrion_Crow,R09_0002,28,data/processed/Carrion_Crow/R09_0002_chunk028.wav,3.0,R09_0002.mp3
Carrion_Crow,R09_0002,29,data/processed/Carrion_Crow/R09_0002_chunk029.wav,3.0,R09_0002.mp3
Carrion_Crow,R09_0002,30,data/processed/Carrion_Crow/R09_0002_chunk030.wav,3.0,R09_0002.mp3
Carrion_Crow,R09_0002,31,data/processed/Carrion_Crow/R09_0002_chunk031.wav,3.0,R09_0002.mp3
Carrion_Crow,R09_0002,32,data/processed/Carrion_Crow/R09_0002_chunk032.wav,3.0,R09_0002.mp3
Carrion_Crow,R09_0002,33,data/processed/Carrion_Crow/R09_0002_chunk033.wav,3.0,R09_0002.mp3
Carrion_Crow,R09_0002,34,data/processed/Carrion_Crow/R09_0002_chunk034.wav,3.0,R09_0002.mp3
Carrion_Crow,R09_0002,35,data/processed/Carrion_Crow/R09_0002_chunk035.wav,3.0,R09_0002.mp3
Carrion_Crow,R09_0002,36,data/processed/Carrion_Crow/R09_0002_chunk036.wav,3.0,R09_0002.mp3
Carrion_Crow,R09_0002,37,data/processed/Carrion_Crow/R09_0002_chunk037.wav,3.0,R09_0002.mp3
Carrion_Crow,R09_0002,38,data/processed/Carrion_Crow/R09_0002_chunk038.wav,3.0,R09_0002.mp3
Carrion_Crow,R09_0002,39,data/processed/Carrion_Crow/R09_0002_chunk039.wav,3.0,R09_0002.mp3
Carrion_Crow,R09_0002,40,data/processed/Carrion_Crow/R09_0002_chunk040.wav,3.0,R09_0002.mp3
Carrion_Crow,R09_0002,41,data/processed/Carrion_Crow/R09_0002_chunk041.wav,3.0,R09_0002.mp3
Carrion_Crow,R09_0002,42,data/processed/Carrion_Crow/R09_0002_chunk042.wav,3.0,R09_0002.mp3
Carrion_Crow,R09_0002,43,data/processed/Carrion_Crow/R09_0002_chunk043.wav,3.0,R09_0002.mp3
Carrion_Crow,R09_0002,44,data/processed/Carrion_Crow/R09_0002_chunk044.wav,3.0,R09_0002.mp3
Carrion_Crow,R09_0002,45,data/processed/Carrion_Crow/R09_0002_chunk045.wav,3.0,R09_0002.mp3
Carrion_Crow,R09_0002,46,data/processed/Carrion_Crow/R09_0002_chunk046.wav,3.0,R09_0002.mp3
Carrion_Crow,R09_0002,47,data/processed/Carrion_Crow/R09_0002_chunk047.wav,3.0,R09_0002.mp3
Carrion_Crow,R09_0002,48,data/processed/Carrion_Crow/R09_0002_chunk048.wav,3.0,R09_0002.mp3
Carrion_Crow,R09_0002,49,data/processed/Carrion_Crow/R09_0002_chunk049.wav,3.0,R09_0002.mp3
Carrion_Crow,R09_0002,50,data/processed/Carrion_Crow/R09_0002_chunk050.wav,3.0,R09_0002.mp3
Carrion_Crow,RabenkrBerl61-4-4-11_10-11,0,data/processed/Carrion_Crow/RabenkrBerl61-4-4-11_10-11_chunk000.wav,3.0,RabenkrBerl61-4-4-11_10-11.mp3
Carrion_Crow,RabenkrBerl61-4-4-11_10-11,1,data/processed/Carrion_Crow/RabenkrBerl61-4-4-11_10-11_chunk001.wav,3.0,RabenkrBerl61-4-4-11_10-11.mp3
Carrion_Crow,RabenkrBerl61-4-4-11_10-11,2,data/processed/Carrion_Crow/RabenkrBerl61-4-4-11_10-11_chunk002.wav,3.0,RabenkrBerl61-4-4-11_10-11.mp3
Carrion_Crow,RabenkrBerl61-4-4-11_10-11,3,data/processed/Carrion_Crow/RabenkrBerl61-4-4-11_10-11_chunk003.wav,3.0,RabenkrBerl61-4-4-11_10-11.mp3
Carrion_Crow,RabenkrBerl61-4-4-11_10-11,4,data/processed/Carrion_Crow/RabenkrBerl61-4-4-11_10-11_chunk004.wav,3.0,RabenkrBerl61-4-4-11_10-11.mp3
Carrion_Crow,RabenkrGartowerSee4-7-12_11-46,0,data/processed/Carrion_Crow/RabenkrGartowerSee4-7-12_11-46_chunk000.wav,3.0,RabenkrGartowerSee4-7-12_11-46.mp3
Carrion_Crow,RabenkrGartowerSee4-7-12_11-46,1,data/processed/Carrion_Crow/RabenkrGartowerSee4-7-12_11-46_chunk001.wav,3.0,RabenkrGartowerSee4-7-12_11-46.mp3
Carrion_Crow,RabenkrGartowerSee4-7-12_11-46,2,data/processed/Carrion_Crow/RabenkrGartowerSee4-7-12_11-46_chunk002.wav,3.0,RabenkrGartowerSee4-7-12_11-46.mp3
Carrion_Crow,RabenkrGartowerSee4-7-12_11-46,3,data/processed/Carrion_Crow/RabenkrGartowerSee4-7-12_11-46_chunk003.wav,3.0,RabenkrGartowerSee4-7-12_11-46.mp3
Carrion_Crow,RabenkrGartowerSee4-7-12_11-46,4,data/processed/Carrion_Crow/RabenkrGartowerSee4-7-12_11-46_chunk004.wav,3.0,RabenkrGartowerSee4-7-12_11-46.mp3
Carrion_Crow,RabenkrGartowerSee4-7-12_11-46,5,data/processed/Carrion_Crow/RabenkrGartowerSee4-7-12_11-46_chunk005.wav,3.0,RabenkrGartowerSee4-7-12_11-46.mp3
Carrion_Crow,RabenkrGartowerSee4-7-12_11-46,6,data/processed/Carrion_Crow/RabenkrGartowerSee4-7-12_11-46_chunk006.wav,3.0,RabenkrGartowerSee4-7-12_11-46.mp3
Carrion_Crow,RabenkrGartowerSee4-7-12_11-46,7,data/processed/Carrion_Crow/RabenkrGartowerSee4-7-12_11-46_chunk007.wav,3.0,RabenkrGartowerSee4-7-12_11-46.mp3
Carrion_Crow,RabenkrGartowerSee4-7-12_11-46,8,data/processed/Carrion_Crow/RabenkrGartowerSee4-7-12_11-46_chunk008.wav,3.0,RabenkrGartowerSee4-7-12_11-46.mp3
Carrion_Crow,RabenkrGartowerSee4-7-12_11-46,9,data/processed/Carrion_Crow/RabenkrGartowerSee4-7-12_11-46_chunk009.wav,3.0,RabenkrGartowerSee4-7-12_11-46.mp3
Carrion_Crow,RabenkrGartowerSee4-7-12_11-46,10,data/processed/Carrion_Crow/RabenkrGartowerSee4-7-12_11-46_chunk010.wav,3.0,RabenkrGartowerSee4-7-12_11-46.mp3
Carrion_Crow,RabenkrGartowerSee4-7-12_11-46,11,data/processed/Carrion_Crow/RabenkrGartowerSee4-7-12_11-46_chunk011.wav,3.0,RabenkrGartowerSee4-7-12_11-46.mp3
Carrion_Crow,RabenkrGartowerSee4-7-12_11-46,12,data/processed/Carrion_Crow/RabenkrGartowerSee4-7-12_11-46_chunk012.wav,3.0,RabenkrGartowerSee4-7-12_11-46.mp3
Carrion_Crow,RabenkrGartowerSee4-7-12_11-46,13,data/processed/Carrion_Crow/RabenkrGartowerSee4-7-12_11-46_chunk013.wav,3.0,RabenkrGartowerSee4-7-12_11-46.mp3
Carrion_Crow,RabenkrGartowerSee4-7-12_11-46,14,data/processed/Carrion_Crow/RabenkrGartowerSee4-7-12_11-46_chunk014.wav,3.0,RabenkrGartowerSee4-7-12_11-46.mp3
Carrion_Crow,RabenkrGartowerSee4-7-12_11-46,15,data/processed/Carrion_Crow/RabenkrGartowerSee4-7-12_11-46_chunk015.wav,3.0,RabenkrGartowerSee4-7-12_11-46.mp3
Carrion_Crow,RabenkrGartowerSee4-7-12_11-46,16,data/processed/Carrion_Crow/RabenkrGartowerSee4-7-12_11-46_chunk016.wav,3.0,RabenkrGartowerSee4-7-12_11-46.mp3
Carrion_Crow,RabenkrGartowerSee4-7-12_11-46,17,data/processed/Carrion_Crow/RabenkrGartowerSee4-7-12_11-46_chunk017.wav,3.0,RabenkrGartowerSee4-7-12_11-46.mp3
Carrion_Crow,RabenkrKahlbuethN12-3-11_8-30,0,data/processed/Carrion_Crow/RabenkrKahlbuethN12-3-11_8-30_chunk000.wav,3.0,RabenkrKahlbuethN12-3-11_8-30.mp3
Carrion_Crow,RabenkrKahlbuethN12-3-11_8-30,1,data/processed/Carrion_Crow/RabenkrKahlbuethN12-3-11_8-30_chunk001.wav,3.0,RabenkrKahlbuethN12-3-11_8-30.mp3
Carrion_Crow,RabenkrKahlbuethN12-3-11_8-30,2,data/processed/Carrion_Crow/RabenkrKahlbuethN12-3-11_8-30_chunk002.wav,3.0,RabenkrKahlbuethN12-3-11_8-30.mp3
Carrion_Crow,RabenkrKahlbuethN12-3-11_8-30,3,data/processed/Carrion_Crow/RabenkrKahlbuethN12-3-11_8-30_chunk003.wav,3.0,RabenkrKahlbuethN12-3-11_8-30.mp3
Carrion_Crow,RabenkraeheBerl61-13-11-11_7-34,0,data/processed/Carrion_Crow/RabenkraeheBerl61-13-11-11_7-34_chunk000.wav,3.0,RabenkraeheBerl61-13-11-11_7-34.mp3
Carrion_Crow,RabenkraeheBerl61-13-11-11_7-34,1,data/processed/Carrion_Crow/RabenkraeheBerl61-13-11-11_7-34_chunk001.wav,3.0,RabenkraeheBerl61-13-11-11_7-34.mp3
Carrion_Crow,RabenkrggfUhuWiemGeh8-4-12_16-54,0,data/processed/Carrion_Crow/RabenkrggfUhuWiemGeh8-4-12_16-54_chunk000.wav,3.0,RabenkrggfUhuWiemGeh8-4-12_16-54.mp3
Carrion_Crow,RabenkrggfUhuWiemGeh8-4-12_16-54,1,data/processed/Carrion_Crow/RabenkrggfUhuWiemGeh8-4-12_16-54_chunk001.wav,3.0,RabenkrggfUhuWiemGeh8-4-12_16-54.mp3
Carrion_Crow,RabenkrggfUhuWiemGeh8-4-12_16-54,2,data/processed/Carrion_Crow/RabenkrggfUhuWiemGeh8-4-12_16-54_chunk002.wav,3.0,RabenkrggfUhuWiemGeh8-4-12_16-54.mp3
Carrion_Crow,RabenkrggfUhuWiemGeh8-4-12_16-54,3,data/processed/Carrion_Crow/RabenkrggfUhuWiemGeh8-4-12_16-54_chunk003.wav,3.0,RabenkrggfUhuWiemGeh8-4-12_16-54.mp3
Carrion_Crow,RabenkrggfUhuWiemGeh8-4-12_16-54,4,data/processed/Carrion_Crow/RabenkrggfUhuWiemGeh8-4-12_16-54_chunk004.wav,3.0,RabenkrggfUhuWiemGeh8-4-12_16-54.mp3
Carrion_Crow,RabenkrggfUhuWiemGeh8-4-12_16-54,5,data/processed/Carrion_Crow/RabenkrggfUhuWiemGeh8-4-12_16-54_chunk005.wav,3.0,RabenkrggfUhuWiemGeh8-4-12_16-54.mp3
Carrion_Crow,RabenkrggfUhuWiemGeh8-4-12_16-54,6,data/processed/Carrion_Crow/RabenkrggfUhuWiemGeh8-4-12_16-54_chunk006.wav,3.0,RabenkrggfUhuWiemGeh8-4-12_16-54.mp3
Carrion_Crow,RabenkrggfUhuWiemGeh8-4-12_16-54,7,data/processed/Carrion_Crow/RabenkrggfUhuWiemGeh8-4-12_16-54_chunk007.wav,3.0,RabenkrggfUhuWiemGeh8-4-12_16-54.mp3
Carrion_Crow,RabenkrggfUhuWiemGeh8-4-12_16-54,8,data/processed/Carrion_Crow/RabenkrggfUhuWiemGeh8-4-12_16-54_chunk008.wav,3.0,RabenkrggfUhuWiemGeh8-4-12_16-54.mp3
Carrion_Crow,RabenkrggfUhuWiemGeh8-4-12_16-54,9,data/processed/Carrion_Crow/RabenkrggfUhuWiemGeh8-4-12_16-54_chunk009.wav,3.0,RabenkrggfUhuWiemGeh8-4-12_16-54.mp3
Carrion_Crow,RabenkrggfUhuWiemGeh8-4-12_16-54,10,data/processed/Carrion_Crow/RabenkrggfUhuWiemGeh8-4-12_16-54_chunk010.wav,3.0,RabenkrggfUhuWiemGeh8-4-12_16-54.mp3
Carrion_Crow,RabenkrggfUhuWiemGeh8-4-12_16-54,11,data/processed/Carrion_Crow/RabenkrggfUhuWiemGeh8-4-12_16-54_chunk011.wav,3.0,RabenkrggfUhuWiemGeh8-4-12_16-54.mp3
Carrion_Crow,RabenkrggfUhuWiemGeh8-4-12_16-54,12,data/processed/Carrion_Crow/RabenkrggfUhuWiemGeh8-4-12_16-54_chunk012.wav,3.0,RabenkrggfUhuWiemGeh8-4-12_16-54.mp3
Carrion_Crow,RabenkrggfUhuWiemGeh8-4-12_16-54,13,data/processed/Carrion_Crow/RabenkrggfUhuWiemGeh8-4-12_16-54_chunk013.wav,3.0,RabenkrggfUhuWiemGeh8-4-12_16-54.mp3
Carrion_Crow,RabenkrggfUhuWiemGeh8-4-12_16-54,14,data/processed/Carrion_Crow/RabenkrggfUhuWiemGeh8-4-12_16-54_chunk014.wav,3.0,RabenkrggfUhuWiemGeh8-4-12_16-54.mp3
Carrion_Crow,RabenkrggfUhuWiemGeh8-4-12_16-54,15,data/processed/Carrion_Crow/RabenkrggfUhuWiemGeh8-4-12_16-54_chunk015.wav,3.0,RabenkrggfUhuWiemGeh8-4-12_16-54.mp3
Carrion_Crow,RabenkrggfUhuWiemGeh8-4-12_16-54,16,data/processed/Carrion_Crow/RabenkrggfUhuWiemGeh8-4-12_16-54_chunk016.wav,3.0,RabenkrggfUhuWiemGeh8-4-12_16-54.mp3
Carrion_Crow,RabenkrggfUhuWiemGeh8-4-12_16-54,17,data/processed/Carrion_Crow/RabenkrggfUhuWiemGeh8-4-12_16-54_chunk017.wav,3.0,RabenkrggfUhuWiemGeh8-4-12_16-54.mp3
Carrion_Crow,Take335RabenkraeheKirschgartshausen2011_04_17_6Uhr30,0,data/processed/Carrion_Crow/Take335RabenkraeheKirschgartshausen2011_04_17_6Uhr30_chunk000.wav,3.0,Take335RabenkraeheKirschgartshausen2011_04_17_6Uhr30.mp3
Carrion_Crow,Take335RabenkraeheKirschgartshausen2011_04_17_6Uhr30,1,data/processed/Carrion_Crow/Take335RabenkraeheKirschgartshausen2011_04_17_6Uhr30_chunk001.wav,3.0,Take335RabenkraeheKirschgartshausen2011_04_17_6Uhr30.mp3
Carrion_Crow,Take335RabenkraeheKirschgartshausen2011_04_17_6Uhr30,2,data/processed/Carrion_Crow/Take335RabenkraeheKirschgartshausen2011_04_17_6Uhr30_chunk002.wav,3.0,Take335RabenkraeheKirschgartshausen2011_04_17_6Uhr30.mp3
Carrion_Crow,Take335RabenkraeheKirschgartshausen2011_04_17_6Uhr30,3,data/processed/Carrion_Crow/Take335RabenkraeheKirschgartshausen2011_04_17_6Uhr30_chunk003.wav,3.0,Take335RabenkraeheKirschgartshausen2011_04_17_6Uhr30.mp3
Carrion_Crow,Take530_2011_05_14_Rabenkraehe_Kirschgartshausen_9Uhr20,0,data/processed/Carrion_Crow/Take530_2011_05_14_Rabenkraehe_Kirschgartshausen_9Uhr20_chunk000.wav,3.0,Take530_2011_05_14_Rabenkraehe_Kirschgartshausen_9Uhr20.mp3
Carrion_Crow,Take530_2011_05_14_Rabenkraehe_Kirschgartshausen_9Uhr20,1,data/processed/Carrion_Crow/Take530_2011_05_14_Rabenkraehe_Kirschgartshausen_9Uhr20_chunk001.wav,3.0,Take530_2011_05_14_Rabenkraehe_Kirschgartshausen_9Uhr20.mp3
Carrion_Crow,Take530_2011_05_14_Rabenkraehe_Kirschgartshausen_9Uhr20,2,data/processed/Carrion_Crow/Take530_2011_05_14_Rabenkraehe_Kirschgartshausen_9Uhr20_chunk002.wav,3.0,Take530_2011_05_14_Rabenkraehe_Kirschgartshausen_9Uhr20.mp3
Carrion_Crow,Take530_2011_05_14_Rabenkraehe_Kirschgartshausen_9Uhr20,3,data/processed/Carrion_Crow/Take530_2011_05_14_Rabenkraehe_Kirschgartshausen_9Uhr20_chunk003.wav,3.0,Take530_2011_05_14_Rabenkraehe_Kirschgartshausen_9Uhr20.mp3
Carrion_Crow,Take530_2011_05_14_Rabenkraehe_Kirschgartshausen_9Uhr20,4,data/processed/Carrion_Crow/Take530_2011_05_14_Rabenkraehe_Kirschgartshausen_9Uhr20_chunk004.wav,3.0,Take530_2011_05_14_Rabenkraehe_Kirschgartshausen_9Uhr20.mp3
Carrion_Crow,XC112373-2012_10_18_T814_CarrionCrowAdult_Ostklippe_14Uhr00,0,data/processed/Carrion_Crow/XC112373-2012_10_18_T814_CarrionCrowAdult_Ostklippe_14Uhr00_chunk000.wav,3.0,XC112373-2012_10_18_T814_CarrionCrowAdult_Ostklippe_14Uhr00.mp3
Carrion_Crow,XC112373-2012_10_18_T814_CarrionCrowAdult_Ostklippe_14Uhr00,1,data/processed/Carrion_Crow/XC112373-2012_10_18_T814_CarrionCrowAdult_Ostklippe_14Uhr00_chunk001.wav,3.0,XC112373-2012_10_18_T814_CarrionCrowAdult_Ostklippe_14Uhr00.mp3
Carrion_Crow,XC113081-Zwartekraai,0,data/processed/Carrion_Crow/XC113081-Zwartekraai_chunk000.wav,3.0,XC113081-Zwartekraai.mp3
Carrion_Crow,XC113081-Zwartekraai,1,data/processed/Carrion_Crow/XC113081-Zwartekraai_chunk001.wav,3.0,XC113081-Zwartekraai.mp3
Carrion_Crow,XC113081-Zwartekraai,2,data/processed/Carrion_Crow/XC113081-Zwartekraai_chunk002.wav,3.0,XC113081-Zwartekraai.mp3
Carrion_Crow,XC113081-Zwartekraai,3,data/processed/Carrion_Crow/XC113081-Zwartekraai_chunk003.wav,3.0,XC113081-Zwartekraai.mp3
Carrion_Crow,XC113081-Zwartekraai,4,data/processed/Carrion_Crow/XC113081-Zwartekraai_chunk004.wav,3.0,XC113081-Zwartekraai.mp3
Carrion_Crow,XC113081-Zwartekraai,5,data/processed/Carrion_Crow/XC113081-Zwartekraai_chunk005.wav,3.0,XC113081-Zwartekraai.mp3
Carrion_Crow,XC113081-Zwartekraai,6,data/processed/Carrion_Crow/XC113081-Zwartekraai_chunk006.wav,3.0,XC113081-Zwartekraai.mp3
Carrion_Crow,XC113081-Zwartekraai,7,data/processed/Carrion_Crow/XC113081-Zwartekraai_chunk007.wav,3.0,XC113081-Zwartekraai.mp3
Carrion_Crow,XC115895-2012_12_28_Corvus-corone_Collinistr_07Uhr22,0,data/processed/Carrion_Crow/XC115895-2012_12_28_Corvus-corone_Collinistr_07Uhr22_chunk000.wav,3.0,XC115895-2012_12_28_Corvus-corone_Collinistr_07Uhr22.mp3
Carrion_Crow,XC115895-2012_12_28_Corvus-corone_Collinistr_07Uhr22,1,data/processed/Carrion_Crow/XC115895-2012_12_28_Corvus-corone_Collinistr_07Uhr22_chunk001.wav,3.0,XC115895-2012_12_28_Corvus-corone_Collinistr_07Uhr22.mp3
Carrion_Crow,XC115895-2012_12_28_Corvus-corone_Collinistr_07Uhr22,2,data/processed/Carrion_Crow/XC115895-2012_12_28_Corvus-corone_Collinistr_07Uhr22_chunk002.wav,3.0,XC115895-2012_12_28_Corvus-corone_Collinistr_07Uhr22.mp3
Carrion_Crow,XC115895-2012_12_28_Corvus-corone_Collinistr_07Uhr22,3,data/processed/Carrion_Crow/XC115895-2012_12_28_Corvus-corone_Collinistr_07Uhr22_chunk003.wav,3.0,XC115895-2012_12_28_Corvus-corone_Collinistr_07Uhr22.mp3
Carrion_Crow,XC115895-2012_12_28_Corvus-corone_Collinistr_07Uhr22,4,data/processed/Carrion_Crow/XC115895-2012_12_28_Corvus-corone_Collinistr_07Uhr22_chunk004.wav,3.0,XC115895-2012_12_28_Corvus-corone_Collinistr_07Uhr22.mp3
Carrion_Crow,XC115895-2012_12_28_Corvus-corone_Collinistr_07Uhr22,5,data/processed/Carrion_Crow/XC115895-2012_12_28_Corvus-corone_Collinistr_07Uhr22_chunk005.wav,3.0,XC115895-2012_12_28_Corvus-corone_Collinistr_07Uhr22.mp3
Carrion_Crow,XC115895-2012_12_28_Corvus-corone_Collinistr_07Uhr22,6,data/processed/Carrion_Crow/XC115895-2012_12_28_Corvus-corone_Collinistr_07Uhr22_chunk006.wav,3.0,XC115895-2012_12_28_Corvus-corone_Collinistr_07Uhr22.mp3
Carrion_Crow,XC115895-2012_12_28_Corvus-corone_Collinistr_07Uhr22,7,data/processed/Carrion_Crow/XC115895-2012_12_28_Corvus-corone_Collinistr_07Uhr22_chunk007.wav,3.0,XC115895-2012_12_28_Corvus-corone_Collinistr_07Uhr22.mp3
Carrion_Crow,XC115896-2012_12_28_Corvus-corone_Collinistr_07Uhr25,0,data/processed/Carrion_Crow/XC115896-2012_12_28_Corvus-corone_Collinistr_07Uhr25_chunk000.wav,3.0,XC115896-2012_12_28_Corvus-corone_Collinistr_07Uhr25.mp3
Carrion_Crow,XC115896-2012_12_28_Corvus-corone_Collinistr_07Uhr25,1,data/processed/Carrion_Crow/XC115896-2012_12_28_Corvus-corone_Collinistr_07Uhr25_chunk001.wav,3.0,XC115896-2012_12_28_Corvus-corone_Collinistr_07Uhr25.mp3
Carrion_Crow,XC115896-2012_12_28_Corvus-corone_Collinistr_07Uhr25,2,data/processed/Carrion_Crow/XC115896-2012_12_28_Corvus-corone_Collinistr_07Uhr25_chunk002.wav,3.0,XC115896-2012_12_28_Corvus-corone_Collinistr_07Uhr25.mp3
Carrion_Crow,XC115896-2012_12_28_Corvus-corone_Collinistr_07Uhr25,3,data/processed/Carrion_Crow/XC115896-2012_12_28_Corvus-corone_Collinistr_07Uhr25_chunk003.wav,3.0,XC115896-2012_12_28_Corvus-corone_Collinistr_07Uhr25.mp3
Carrion_Crow,XC115896-2012_12_28_Corvus-corone_Collinistr_07Uhr25,4,data/processed/Carrion_Crow/XC115896-2012_12_28_Corvus-corone_Collinistr_07Uhr25_chunk004.wav,3.0,XC115896-2012_12_28_Corvus-corone_Collinistr_07Uhr25.mp3
Carrion_Crow,XC115896-2012_12_28_Corvus-corone_Collinistr_07Uhr25,5,data/processed/Carrion_Crow/XC115896-2012_12_28_Corvus-corone_Collinistr_07Uhr25_chunk005.wav,3.0,XC115896-2012_12_28_Corvus-corone_Collinistr_07Uhr25.mp3
Carrion_Crow,XC116228-2012_12_23_CarrionCrow_Collinistr_06Uhr455,0,data/processed/Carrion_Crow/XC116228-2012_12_23_CarrionCrow_Collinistr_06Uhr455_chunk000.wav,3.0,XC116228-2012_12_23_CarrionCrow_Collinistr_06Uhr455.mp3
Carrion_Crow,XC116228-2012_12_23_CarrionCrow_Collinistr_06Uhr455,1,data/processed/Carrion_Crow/XC116228-2012_12_23_CarrionCrow_Collinistr_06Uhr455_chunk001.wav,3.0,XC116228-2012_12_23_CarrionCrow_Collinistr_06Uhr455.mp3
Carrion_Crow,XC117016-2907rklo,0,data/processed/Carrion_Crow/XC117016-2907rklo_chunk000.wav,3.0,XC117016-2907rklo mp3.mp3
Carrion_Crow,XC117016-2907rklo,1,data/processed/Carrion_Crow/XC117016-2907rklo_chunk001.wav,3.0,XC117016-2907rklo mp3.mp3
Carrion_Crow,XC117016-2907rklo,2,data/processed/Carrion_Crow/XC117016-2907rklo_chunk002.wav,3.0,XC117016-2907rklo mp3.mp3
Carrion_Crow,XC121359-RabenkrBerl61-3-2-13_9-26,0,data/processed/Carrion_Crow/XC121359-RabenkrBerl61-3-2-13_9-26_chunk000.wav,3.0,XC121359-RabenkrBerl61-3-2-13_9-26.mp3
Carrion_Crow,XC121359-RabenkrBerl61-3-2-13_9-26,1,data/processed/Carrion_Crow/XC121359-RabenkrBerl61-3-2-13_9-26_chunk001.wav,3.0,XC121359-RabenkrBerl61-3-2-13_9-26.mp3
Carrion_Crow,XC121359-RabenkrBerl61-3-2-13_9-26,2,data/processed/Carrion_Crow/XC121359-RabenkrBerl61-3-2-13_9-26_chunk002.wav,3.0,XC121359-RabenkrBerl61-3-2-13_9-26.mp3
Carrion_Crow,XC121359-RabenkrBerl61-3-2-13_9-26,3,data/processed/Carrion_Crow/XC121359-RabenkrBerl61-3-2-13_9-26_chunk003.wav,3.0,XC121359-RabenkrBerl61-3-2-13_9-26.mp3
Carrion_Crow,XC121359-RabenkrBerl61-3-2-13_9-26,4,data/processed/Carrion_Crow/XC121359-RabenkrBerl61-3-2-13_9-26_chunk004.wav,3.0,XC121359-RabenkrBerl61-3-2-13_9-26.mp3
Carrion_Crow,XC121359-RabenkrBerl61-3-2-13_9-26,5,data/processed/Carrion_Crow/XC121359-RabenkrBerl61-3-2-13_9-26_chunk005.wav,3.0,XC121359-RabenkrBerl61-3-2-13_9-26.mp3
Carrion_Crow,XC121367-3080raeq,0,data/processed/Carrion_Crow/XC121367-3080raeq_chunk000.wav,3.0,XC121367-3080raeq mp3.mp3
Carrion_Crow,XC121367-3080raeq,1,data/processed/Carrion_Crow/XC121367-3080raeq_chunk001.wav,3.0,XC121367-3080raeq mp3.mp3
Carrion_Crow,XC121367-3080raeq,2,data/processed/Carrion_Crow/XC121367-3080raeq_chunk002.wav,3.0,XC121367-3080raeq mp3.mp3
Carrion_Crow,XC121367-3080raeq,3,data/processed/Carrion_Crow/XC121367-3080raeq_chunk003.wav,3.0,XC121367-3080raeq mp3.mp3
Carrion_Crow,XC121367-3080raeq,4,data/processed/Carrion_Crow/XC121367-3080raeq_chunk004.wav,3.0,XC121367-3080raeq mp3.mp3
Carrion_Crow,XC121367-3080raeq,5,data/processed/Carrion_Crow/XC121367-3080raeq_chunk005.wav,3.0,XC121367-3080raeq mp3.mp3
Carrion_Crow,XC121367-3080raeq,6,data/processed/Carrion_Crow/XC121367-3080raeq_chunk006.wav,3.0,XC121367-3080raeq mp3.mp3
Carrion_Crow,XC121367-3080raeq,7,data/processed/Carrion_Crow/XC121367-3080raeq_chunk007.wav,3.0,XC121367-3080raeq mp3.mp3
Carrion_Crow,XC121367-3080raeq,8,data/processed/Carrion_Crow/XC121367-3080raeq_chunk008.wav,3.0,XC121367-3080raeq mp3.mp3
Carrion_Crow,XC121367-3080raeq,9,data/processed/Carrion_Crow/XC121367-3080raeq_chunk009.wav,3.0,XC121367-3080raeq mp3.mp3
Carrion_Crow,XC121367-3080raeq,10,data/processed/Carrion_Crow/XC121367-3080raeq_chunk010.wav,3.0,XC121367-3080raeq mp3.mp3
Carrion_Crow,XC121367-3080raeq,11,data/processed/Carrion_Crow/XC121367-3080raeq_chunk011.wav,3.0,XC121367-3080raeq mp3.mp3
Carrion_Crow,XC121367-3080raeq,12,data/processed/Carrion_Crow/XC121367-3080raeq_chunk012.wav,3.0,XC121367-3080raeq mp3.mp3
Carrion_Crow,XC121367-3080raeq,13,data/processed/Carrion_Crow/XC121367-3080raeq_chunk013.wav,3.0,XC121367-3080raeq mp3.mp3
Carrion_Crow,XC121367-3080raeq,14,data/processed/Carrion_Crow/XC121367-3080raeq_chunk014.wav,3.0,XC121367-3080raeq mp3.mp3
Carrion_Crow,XC121367-3080raeq,15,data/processed/Carrion_Crow/XC121367-3080raeq_chunk015.wav,3.0,XC121367-3080raeq mp3.mp3
Carrion_Crow,XC121367-3080raeq,16,data/processed/Carrion_Crow/XC121367-3080raeq_chunk016.wav,3.0,XC121367-3080raeq mp3.mp3
Carrion_Crow,XC121367-3080raeq,17,data/processed/Carrion_Crow/XC121367-3080raeq_chunk017.wav,3.0,XC121367-3080raeq mp3.mp3
Carrion_Crow,XC121367-3080raeq,18,data/processed/Carrion_Crow/XC121367-3080raeq_chunk018.wav,3.0,XC121367-3080raeq mp3.mp3
Carrion_Crow,XC121367-3080raeq,19,data/processed/Carrion_Crow/XC121367-3080raeq_chunk019.wav,3.0,XC121367-3080raeq mp3.mp3
Carrion_Crow,XC121367-3080raeq,20,data/processed/Carrion_Crow/XC121367-3080raeq_chunk020.wav,3.0,XC121367-3080raeq mp3.mp3
Carrion_Crow,XC121367-3080raeq,21,data/processed/Carrion_Crow/XC121367-3080raeq_chunk021.wav,3.0,XC121367-3080raeq mp3.mp3
Carrion_Crow,XC121394-3081raeq,0,data/processed/Carrion_Crow/XC121394-3081raeq_chunk000.wav,3.0,XC121394-3081raeq mp3.mp3
Carrion_Crow,XC121394-3081raeq,1,data/processed/Carrion_Crow/XC121394-3081raeq_chunk001.wav,3.0,XC121394-3081raeq mp3.mp3
Carrion_Crow,XC121394-3081raeq,2,data/processed/Carrion_Crow/XC121394-3081raeq_chunk002.wav,3.0,XC121394-3081raeq mp3.mp3
Carrion_Crow,XC121394-3081raeq,3,data/processed/Carrion_Crow/XC121394-3081raeq_chunk003.wav,3.0,XC121394-3081raeq mp3.mp3
Carrion_Crow,XC121394-3081raeq,4,data/processed/Carrion_Crow/XC121394-3081raeq_chunk004.wav,3.0,XC121394-3081raeq mp3.mp3
Carrion_Crow,XC121394-3081raeq,5,data/processed/Carrion_Crow/XC121394-3081raeq_chunk005.wav,3.0,XC121394-3081raeq mp3.mp3
Carrion_Crow,XC121394-3081raeq,6,data/processed/Carrion_Crow/XC121394-3081raeq_chunk006.wav,3.0,XC121394-3081raeq mp3.mp3
Carrion_Crow,XC121394-3081raeq,7,data/processed/Carrion_Crow/XC121394-3081raeq_chunk007.wav,3.0,XC121394-3081raeq mp3.mp3
Carrion_Crow,XC121394-3081raeq,8,data/processed/Carrion_Crow/XC121394-3081raeq_chunk008.wav,3.0,XC121394-3081raeq mp3.mp3
Carrion_Crow,XC121394-3081raeq,9,data/processed/Carrion_Crow/XC121394-3081raeq_chunk009.wav,3.0,XC121394-3081raeq mp3.mp3
Carrion_Crow,XC121394-3081raeq,10,data/processed/Carrion_Crow/XC121394-3081raeq_chunk010.wav,3.0,XC121394-3081raeq mp3.mp3
Carrion_Crow,XC121394-3081raeq,11,data/processed/Carrion_Crow/XC121394-3081raeq_chunk011.wav,3.0,XC121394-3081raeq mp3.mp3
Carrion_Crow,XC121394-3081raeq,12,data/processed/Carrion_Crow/XC121394-3081raeq_chunk012.wav,3.0,XC121394-3081raeq mp3.mp3
Carrion_Crow,XC121394-3081raeq,13,data/processed/Carrion_Crow/XC121394-3081raeq_chunk013.wav,3.0,XC121394-3081raeq mp3.mp3
Carrion_Crow,XC121395-3082raeq,0,data/processed/Carrion_Crow/XC121395-3082raeq_chunk000.wav,3.0,XC121395-3082raeq mp3(1).mp3
Carrion_Crow,XC121395-3082raeq,1,data/processed/Carrion_Crow/XC121395-3082raeq_chunk001.wav,3.0,XC121395-3082raeq mp3(1).mp3
Carrion_Crow,XC121395-3082raeq,2,data/processed/Carrion_Crow/XC121395-3082raeq_chunk002.wav,3.0,XC121395-3082raeq mp3(1).mp3
Carrion_Crow,XC121395-3082raeq,3,data/processed/Carrion_Crow/XC121395-3082raeq_chunk003.wav,3.0,XC121395-3082raeq mp3(1).mp3
Carrion_Crow,XC121395-3082raeq,4,data/processed/Carrion_Crow/XC121395-3082raeq_chunk004.wav,3.0,XC121395-3082raeq mp3(1).mp3
Carrion_Crow,XC121395-3082raeq,5,data/processed/Carrion_Crow/XC121395-3082raeq_chunk005.wav,3.0,XC121395-3082raeq mp3(1).mp3
Carrion_Crow,XC121395-3082raeq,6,data/processed/Carrion_Crow/XC121395-3082raeq_chunk006.wav,3.0,XC121395-3082raeq mp3(1).mp3
Carrion_Crow,XC121395-3082raeq,7,data/processed/Carrion_Crow/XC121395-3082raeq_chunk007.wav,3.0,XC121395-3082raeq mp3(1).mp3
Carrion_Crow,XC121395-3082raeq,8,data/processed/Carrion_Crow/XC121395-3082raeq_chunk008.wav,3.0,XC121395-3082raeq mp3(1).mp3
Carrion_Crow,XC121395-3082raeq,9,data/processed/Carrion_Crow/XC121395-3082raeq_chunk009.wav,3.0,XC121395-3082raeq mp3(1).mp3
Carrion_Crow,XC121395-3082raeq,10,data/processed/Carrion_Crow/XC121395-3082raeq_chunk010.wav,3.0,XC121395-3082raeq mp3(1).mp3
Carrion_Crow,XC121395-3082raeq,11,data/processed/Carrion_Crow/XC121395-3082raeq_chunk011.wav,3.0,XC121395-3082raeq mp3(1).mp3
Carrion_Crow,XC121395-3082raeq,12,data/processed/Carrion_Crow/XC121395-3082raeq_chunk012.wav,3.0,XC121395-3082raeq mp3(1).mp3
Carrion_Crow,XC121395-3082raeq,13,data/processed/Carrion_Crow/XC121395-3082raeq_chunk013.wav,3.0,XC121395-3082raeq mp3(1).mp3
Carrion_Crow,XC121395-3082raeq,14,data/processed/Carrion_Crow/XC121395-3082raeq_chunk014.wav,3.0,XC121395-3082raeq mp3(1).mp3
Carrion_Crow,XC121395-3082raeq,15,data/processed/Carrion_Crow/XC121395-3082raeq_chunk015.wav,3.0,XC121395-3082raeq mp3(1).mp3
Carrion_Crow,XC121395-3082raeq,16,data/processed/Carrion_Crow/XC121395-3082raeq_chunk016.wav,3.0,XC121395-3082raeq mp3(1).mp3
Carrion_Crow,XC121395-3082raeq,17,data/processed/Carrion_Crow/XC121395-3082raeq_chunk017.wav,3.0,XC121395-3082raeq mp3(1).mp3
Carrion_Crow,XC121395-3082raeq,18,data/processed/Carrion_Crow/XC121395-3082raeq_chunk018.wav,3.0,XC121395-3082raeq mp3(1).mp3
Carrion_Crow,XC121395-3082raeq,19,data/processed/Carrion_Crow/XC121395-3082raeq_chunk019.wav,3.0,XC121395-3082raeq mp3(1).mp3
Carrion_Crow,XC121395-3082raeq,20,data/processed/Carrion_Crow/XC121395-3082raeq_chunk020.wav,3.0,XC121395-3082raeq mp3(1).mp3
Carrion_Crow,XC121395-3082raeq,21,data/processed/Carrion_Crow/XC121395-3082raeq_chunk021.wav,3.0,XC121395-3082raeq mp3(1).mp3
Carrion_Crow,XC121395-3082raeq,22,data/processed/Carrion_Crow/XC121395-3082raeq_chunk022.wav,3.0,XC121395-3082raeq mp3(1).mp3
Carrion_Crow,XC121395-3082raeq,23,data/processed/Carrion_Crow/XC121395-3082raeq_chunk023.wav,3.0,XC121395-3082raeq mp3(1).mp3
Carrion_Crow,XC121395-3082raeq,24,data/processed/Carrion_Crow/XC121395-3082raeq_chunk024.wav,3.0,XC121395-3082raeq mp3(1).mp3
Carrion_Crow,XC121395-3082raeq,25,data/processed/Carrion_Crow/XC121395-3082raeq_chunk025.wav,3.0,XC121395-3082raeq mp3(1).mp3
Carrion_Crow,XC121395-3082raeq,26,data/processed/Carrion_Crow/XC121395-3082raeq_chunk026.wav,3.0,XC121395-3082raeq mp3(1).mp3
Carrion_Crow,XC121395-3082raeq,27,data/processed/Carrion_Crow/XC121395-3082raeq_chunk027.wav,3.0,XC121395-3082raeq mp3(1).mp3
Carrion_Crow,XC121395-3082raeq,28,data/processed/Carrion_Crow/XC121395-3082raeq_chunk028.wav,3.0,XC121395-3082raeq mp3(1).mp3
Carrion_Crow,XC121395-3082raeq,29,data/processed/Carrion_Crow/XC121395-3082raeq_chunk029.wav,3.0,XC121395-3082raeq mp3(1).mp3
Carrion_Crow,XC121395-3082raeq,30,data/processed/Carrion_Crow/XC121395-3082raeq_chunk030.wav,3.0,XC121395-3082raeq mp3(1).mp3
Carrion_Crow,XC121395-3082raeq,31,data/processed/Carrion_Crow/XC121395-3082raeq_chunk031.wav,3.0,XC121395-3082raeq mp3(1).mp3
Carrion_Crow,XC121395-3082raeq,32,data/processed/Carrion_Crow/XC121395-3082raeq_chunk032.wav,3.0,XC121395-3082raeq mp3(1).mp3
Carrion_Crow,XC121395-3082raeq,33,data/processed/Carrion_Crow/XC121395-3082raeq_chunk033.wav,3.0,XC121395-3082raeq mp3(1).mp3
Carrion_Crow,XC121395-3082raeq,34,data/processed/Carrion_Crow/XC121395-3082raeq_chunk034.wav,3.0,XC121395-3082raeq mp3(1).mp3
Carrion_Crow,XC121743-RabenkrRuesdS16-2-13_16-57,0,data/processed/Carrion_Crow/XC121743-RabenkrRuesdS16-2-13_16-57_chunk000.wav,3.0,XC121743-RabenkrRuesdS16-2-13_16-57.mp3
Carrion_Crow,XC121743-RabenkrRuesdS16-2-13_16-57,1,data/processed/Carrion_Crow/XC121743-RabenkrRuesdS16-2-13_16-57_chunk001.wav,3.0,XC121743-RabenkrRuesdS16-2-13_16-57.mp3
Carrion_Crow,XC121743-RabenkrRuesdS16-2-13_16-57,2,data/processed/Carrion_Crow/XC121743-RabenkrRuesdS16-2-13_16-57_chunk002.wav,3.0,XC121743-RabenkrRuesdS16-2-13_16-57.mp3
Carrion_Crow,XC121743-RabenkrRuesdS16-2-13_16-57,3,data/processed/Carrion_Crow/XC121743-RabenkrRuesdS16-2-13_16-57_chunk003.wav,3.0,XC121743-RabenkrRuesdS16-2-13_16-57.mp3
Carrion_Crow,XC121743-RabenkrRuesdS16-2-13_16-57,4,data/processed/Carrion_Crow/XC121743-RabenkrRuesdS16-2-13_16-57_chunk004.wav,3.0,XC121743-RabenkrRuesdS16-2-13_16-57.mp3
Carrion_Crow,XC121743-RabenkrRuesdS16-2-13_16-57,5,data/processed/Carrion_Crow/XC121743-RabenkrRuesdS16-2-13_16-57_chunk005.wav,3.0,XC121743-RabenkrRuesdS16-2-13_16-57.mp3
Carrion_Crow,XC121743-RabenkrRuesdS16-2-13_16-57,6,data/processed/Carrion_Crow/XC121743-RabenkrRuesdS16-2-13_16-57_chunk006.wav,3.0,XC121743-RabenkrRuesdS16-2-13_16-57.mp3
Carrion_Crow,XC121743-RabenkrRuesdS16-2-13_16-57,7,data/processed/Carrion_Crow/XC121743-RabenkrRuesdS16-2-13_16-57_chunk007.wav,3.0,XC121743-RabenkrRuesdS16-2-13_16-57.mp3
Carrion_Crow,XC121743-RabenkrRuesdS16-2-13_16-57,8,data/processed/Carrion_Crow/XC121743-RabenkrRuesdS16-2-13_16-57_chunk008.wav,3.0,XC121743-RabenkrRuesdS16-2-13_16-57.mp3
Carrion_Crow,XC121743-RabenkrRuesdS16-2-13_16-57,9,data/processed/Carrion_Crow/XC121743-RabenkrRuesdS16-2-13_16-57_chunk009.wav,3.0,XC121743-RabenkrRuesdS16-2-13_16-57.mp3
Carrion_Crow,XC121743-RabenkrRuesdS16-2-13_16-57,10,data/processed/Carrion_Crow/XC121743-RabenkrRuesdS16-2-13_16-57_chunk010.wav,3.0,XC121743-RabenkrRuesdS16-2-13_16-57.mp3
Carrion_Crow,XC121743-RabenkrRuesdS16-2-13_16-57,11,data/processed/Carrion_Crow/XC121743-RabenkrRuesdS16-2-13_16-57_chunk011.wav,3.0,XC121743-RabenkrRuesdS16-2-13_16-57.mp3
Carrion_Crow,XC121743-RabenkrRuesdS16-2-13_16-57,12,data/processed/Carrion_Crow/XC121743-RabenkrRuesdS16-2-13_16-57_chunk012.wav,3.0,XC121743-RabenkrRuesdS16-2-13_16-57.mp3
Carrion_Crow,XC121743-RabenkrRuesdS16-2-13_16-57,13,data/processed/Carrion_Crow/XC121743-RabenkrRuesdS16-2-13_16-57_chunk013.wav,3.0,XC121743-RabenkrRuesdS16-2-13_16-57.mp3
Carrion_Crow,XC121743-RabenkrRuesdS16-2-13_16-57,14,data/processed/Carrion_Crow/XC121743-RabenkrRuesdS16-2-13_16-57_chunk014.wav,3.0,XC121743-RabenkrRuesdS16-2-13_16-57.mp3
Carrion_Crow,XC121743-RabenkrRuesdS16-2-13_16-57,15,data/processed/Carrion_Crow/XC121743-RabenkrRuesdS16-2-13_16-57_chunk015.wav,3.0,XC121743-RabenkrRuesdS16-2-13_16-57.mp3
Carrion_Crow,XC121743-RabenkrRuesdS16-2-13_16-57,16,data/processed/Carrion_Crow/XC121743-RabenkrRuesdS16-2-13_16-57_chunk016.wav,3.0,XC121743-RabenkrRuesdS16-2-13_16-57.mp3
Carrion_Crow,XC121743-RabenkrRuesdS16-2-13_16-57,17,data/processed/Carrion_Crow/XC121743-RabenkrRuesdS16-2-13_16-57_chunk017.wav,3.0,XC121743-RabenkrRuesdS16-2-13_16-57.mp3
Carrion_Crow,XC121743-RabenkrRuesdS16-2-13_16-57,18,data/processed/Carrion_Crow/XC121743-RabenkrRuesdS16-2-13_16-57_chunk018.wav,3.0,XC121743-RabenkrRuesdS16-2-13_16-57.mp3
Carrion_Crow,XC121743-RabenkrRuesdS16-2-13_16-57,19,data/processed/Carrion_Crow/XC121743-RabenkrRuesdS16-2-13_16-57_chunk019.wav,3.0,XC121743-RabenkrRuesdS16-2-13_16-57.mp3
Carrion_Crow,XC121743-RabenkrRuesdS16-2-13_16-57,20,data/processed/Carrion_Crow/XC121743-RabenkrRuesdS16-2-13_16-57_chunk020.wav,3.0,XC121743-RabenkrRuesdS16-2-13_16-57.mp3
Carrion_Crow,XC121743-RabenkrRuesdS16-2-13_16-57,21,data/processed/Carrion_Crow/XC121743-RabenkrRuesdS16-2-13_16-57_chunk021.wav,3.0,XC121743-RabenkrRuesdS16-2-13_16-57.mp3
Carrion_Crow,XC121743-RabenkrRuesdS16-2-13_16-57,22,data/processed/Carrion_Crow/XC121743-RabenkrRuesdS16-2-13_16-57_chunk022.wav,3.0,XC121743-RabenkrRuesdS16-2-13_16-57.mp3
Carrion_Crow,XC121743-RabenkrRuesdS16-2-13_16-57,23,data/processed/Carrion_Crow/XC121743-RabenkrRuesdS16-2-13_16-57_chunk023.wav,3.0,XC121743-RabenkrRuesdS16-2-13_16-57.mp3
Carrion_Crow,XC121743-RabenkrRuesdS16-2-13_16-57,24,data/processed/Carrion_Crow/XC121743-RabenkrRuesdS16-2-13_16-57_chunk024.wav,3.0,XC121743-RabenkrRuesdS16-2-13_16-57.mp3
Carrion_Crow,XC121743-RabenkrRuesdS16-2-13_16-57,25,data/processed/Carrion_Crow/XC121743-RabenkrRuesdS16-2-13_16-57_chunk025.wav,3.0,XC121743-RabenkrRuesdS16-2-13_16-57.mp3
Carrion_Crow,XC121743-RabenkrRuesdS16-2-13_16-57,26,data/processed/Carrion_Crow/XC121743-RabenkrRuesdS16-2-13_16-57_chunk026.wav,3.0,XC121743-RabenkrRuesdS16-2-13_16-57.mp3
Carrion_Crow,XC121743-RabenkrRuesdS16-2-13_16-57,27,data/processed/Carrion_Crow/XC121743-RabenkrRuesdS16-2-13_16-57_chunk027.wav,3.0,XC121743-RabenkrRuesdS16-2-13_16-57.mp3
Carrion_Crow,XC121743-RabenkrRuesdS16-2-13_16-57,28,data/processed/Carrion_Crow/XC121743-RabenkrRuesdS16-2-13_16-57_chunk028.wav,3.0,XC121743-RabenkrRuesdS16-2-13_16-57.mp3
Carrion_Crow,XC121743-RabenkrRuesdS16-2-13_16-57,29,data/processed/Carrion_Crow/XC121743-RabenkrRuesdS16-2-13_16-57_chunk029.wav,3.0,XC121743-RabenkrRuesdS16-2-13_16-57.mp3
Carrion_Crow,XC122530-ggfRabenkräheBerl61-24-2-13_9-05,0,data/processed/Carrion_Crow/XC122530-ggfRabenkräheBerl61-24-2-13_9-05_chunk000.wav,3.0,XC122530-ggfRabenkräheBerl61-24-2-13_9-05.mp3
Carrion_Crow,XC122530-ggfRabenkräheBerl61-24-2-13_9-05,1,data/processed/Carrion_Crow/XC122530-ggfRabenkräheBerl61-24-2-13_9-05_chunk001.wav,3.0,XC122530-ggfRabenkräheBerl61-24-2-13_9-05.mp3
Carrion_Crow,XC122530-ggfRabenkräheBerl61-24-2-13_9-05,2,data/processed/Carrion_Crow/XC122530-ggfRabenkräheBerl61-24-2-13_9-05_chunk002.wav,3.0,XC122530-ggfRabenkräheBerl61-24-2-13_9-05.mp3
Carrion_Crow,XC122530-ggfRabenkräheBerl61-24-2-13_9-05,3,data/processed/Carrion_Crow/XC122530-ggfRabenkräheBerl61-24-2-13_9-05_chunk003.wav,3.0,XC122530-ggfRabenkräheBerl61-24-2-13_9-05.mp3
Carrion_Crow,XC122530-ggfRabenkräheBerl61-24-2-13_9-05,4,data/processed/Carrion_Crow/XC122530-ggfRabenkräheBerl61-24-2-13_9-05_chunk004.wav,3.0,XC122530-ggfRabenkräheBerl61-24-2-13_9-05.mp3
Carrion_Crow,XC122530-ggfRabenkräheBerl61-24-2-13_9-05,5,data/processed/Carrion_Crow/XC122530-ggfRabenkräheBerl61-24-2-13_9-05_chunk005.wav,3.0,XC122530-ggfRabenkräheBerl61-24-2-13_9-05.mp3
Carrion_Crow,XC122530-ggfRabenkräheBerl61-24-2-13_9-05,6,data/processed/Carrion_Crow/XC122530-ggfRabenkräheBerl61-24-2-13_9-05_chunk006.wav,3.0,XC122530-ggfRabenkräheBerl61-24-2-13_9-05.mp3
Carrion_Crow,XC122530-ggfRabenkräheBerl61-24-2-13_9-05,7,data/processed/Carrion_Crow/XC122530-ggfRabenkräheBerl61-24-2-13_9-05_chunk007.wav,3.0,XC122530-ggfRabenkräheBerl61-24-2-13_9-05.mp3
Carrion_Crow,XC122530-ggfRabenkräheBerl61-24-2-13_9-05,8,data/processed/Carrion_Crow/XC122530-ggfRabenkräheBerl61-24-2-13_9-05_chunk008.wav,3.0,XC122530-ggfRabenkräheBerl61-24-2-13_9-05.mp3
Carrion_Crow,XC122530-ggfRabenkräheBerl61-24-2-13_9-05,9,data/processed/Carrion_Crow/XC122530-ggfRabenkräheBerl61-24-2-13_9-05_chunk009.wav,3.0,XC122530-ggfRabenkräheBerl61-24-2-13_9-05.mp3
Carrion_Crow,XC124804-RabenkrRuesdMoorSE13-3-13_8-48,0,data/processed/Carrion_Crow/XC124804-RabenkrRuesdMoorSE13-3-13_8-48_chunk000.wav,3.0,XC124804-RabenkrRuesdMoorSE13-3-13_8-48.mp3
Carrion_Crow,XC124804-RabenkrRuesdMoorSE13-3-13_8-48,1,data/processed/Carrion_Crow/XC124804-RabenkrRuesdMoorSE13-3-13_8-48_chunk001.wav,3.0,XC124804-RabenkrRuesdMoorSE13-3-13_8-48.mp3
Carrion_Crow,XC124804-RabenkrRuesdMoorSE13-3-13_8-48,2,data/processed/Carrion_Crow/XC124804-RabenkrRuesdMoorSE13-3-13_8-48_chunk002.wav,3.0,XC124804-RabenkrRuesdMoorSE13-3-13_8-48.mp3
Carrion_Crow,XC124804-RabenkrRuesdMoorSE13-3-13_8-48,3,data/processed/Carrion_Crow/XC124804-RabenkrRuesdMoorSE13-3-13_8-48_chunk003.wav,3.0,XC124804-RabenkrRuesdMoorSE13-3-13_8-48.mp3
Carrion_Crow,XC124804-RabenkrRuesdMoorSE13-3-13_8-48,4,data/processed/Carrion_Crow/XC124804-RabenkrRuesdMoorSE13-3-13_8-48_chunk004.wav,3.0,XC124804-RabenkrRuesdMoorSE13-3-13_8-48.mp3
Carrion_Crow,XC124804-RabenkrRuesdMoorSE13-3-13_8-48,5,data/processed/Carrion_Crow/XC124804-RabenkrRuesdMoorSE13-3-13_8-48_chunk005.wav,3.0,XC124804-RabenkrRuesdMoorSE13-3-13_8-48.mp3
Carrion_Crow,XC131610-RabenkrFielSued25-4-13_18-20,0,data/processed/Carrion_Crow/XC131610-RabenkrFielSued25-4-13_18-20_chunk000.wav,3.0,XC131610-RabenkrFielSued25-4-13_18-20.mp3
Carrion_Crow,XC131610-RabenkrFielSued25-4-13_18-20,1,data/processed/Carrion_Crow/XC131610-RabenkrFielSued25-4-13_18-20_chunk001.wav,3.0,XC131610-RabenkrFielSued25-4-13_18-20.mp3
Carrion_Crow,XC132061-CORCOR20130502Dranse-Renaudier000046,0,data/processed/Carrion_Crow/XC132061-CORCOR20130502Dranse-Renaudier000046_chunk000.wav,3.0,XC132061-CORCOR20130502Dranse-Renaudier000046.mp3
Carrion_Crow,XC132061-CORCOR20130502Dranse-Renaudier000046,1,data/processed/Carrion_Crow/XC132061-CORCOR20130502Dranse-Renaudier000046_chunk001.wav,3.0,XC132061-CORCOR20130502Dranse-Renaudier000046.mp3
Carrion_Crow,XC132061-CORCOR20130502Dranse-Renaudier000046,2,data/processed/Carrion_Crow/XC132061-CORCOR20130502Dranse-Renaudier000046_chunk002.wav,3.0,XC132061-CORCOR20130502Dranse-Renaudier000046.mp3
Carrion_Crow,XC132061-CORCOR20130502Dranse-Renaudier000046,3,data/processed/Carrion_Crow/XC132061-CORCOR20130502Dranse-Renaudier000046_chunk003.wav,3.0,XC132061-CORCOR20130502Dranse-Renaudier000046.mp3
Carrion_Crow,XC132061-CORCOR20130502Dranse-Renaudier000046,4,data/processed/Carrion_Crow/XC132061-CORCOR20130502Dranse-Renaudier000046_chunk004.wav,3.0,XC132061-CORCOR20130502Dranse-Renaudier000046.mp3
Carrion_Crow,XC132061-CORCOR20130502Dranse-Renaudier000046,5,data/processed/Carrion_Crow/XC132061-CORCOR20130502Dranse-Renaudier000046_chunk005.wav,3.0,XC132061-CORCOR20130502Dranse-Renaudier000046.mp3
Carrion_Crow,XC132061-CORCOR20130502Dranse-Renaudier000046,6,data/processed/Carrion_Crow/XC132061-CORCOR20130502Dranse-Renaudier000046_chunk006.wav,3.0,XC132061-CORCOR20130502Dranse-Renaudier000046.mp3
Carrion_Crow,XC132061-CORCOR20130502Dranse-Renaudier000046,7,data/processed/Carrion_Crow/XC132061-CORCOR20130502Dranse-Renaudier000046_chunk007.wav,3.0,XC132061-CORCOR20130502Dranse-Renaudier000046.mp3
Carrion_Crow,XC132061-CORCOR20130502Dranse-Renaudier000046,8,data/processed/Carrion_Crow/XC132061-CORCOR20130502Dranse-Renaudier000046_chunk008.wav,3.0,XC132061-CORCOR20130502Dranse-Renaudier000046.mp3
Carrion_Crow,XC132061-CORCOR20130502Dranse-Renaudier000046,9,data/processed/Carrion_Crow/XC132061-CORCOR20130502Dranse-Renaudier000046_chunk009.wav,3.0,XC132061-CORCOR20130502Dranse-Renaudier000046.mp3
Carrion_Crow,XC135733-Kraai_Clingster_130530-04_xc,0,data/processed/Carrion_Crow/XC135733-Kraai_Clingster_130530-04_xc_chunk000.wav,3.0,XC135733-Kraai_Clingster_130530-04_xc.mp3
Carrion_Crow,XC135733-Kraai_Clingster_130530-04_xc,1,data/processed/Carrion_Crow/XC135733-Kraai_Clingster_130530-04_xc_chunk001.wav,3.0,XC135733-Kraai_Clingster_130530-04_xc.mp3
Carrion_Crow,XC135733-Kraai_Clingster_130530-04_xc,2,data/processed/Carrion_Crow/XC135733-Kraai_Clingster_130530-04_xc_chunk002.wav,3.0,XC135733-Kraai_Clingster_130530-04_xc.mp3
Carrion_Crow,XC135733-Kraai_Clingster_130530-04_xc,3,data/processed/Carrion_Crow/XC135733-Kraai_Clingster_130530-04_xc_chunk003.wav,3.0,XC135733-Kraai_Clingster_130530-04_xc.mp3
Carrion_Crow,XC135733-Kraai_Clingster_130530-04_xc,4,data/processed/Carrion_Crow/XC135733-Kraai_Clingster_130530-04_xc_chunk004.wav,3.0,XC135733-Kraai_Clingster_130530-04_xc.mp3
Carrion_Crow,XC135733-Kraai_Clingster_130530-04_xc,5,data/processed/Carrion_Crow/XC135733-Kraai_Clingster_130530-04_xc_chunk005.wav,3.0,XC135733-Kraai_Clingster_130530-04_xc.mp3
Carrion_Crow,XC135733-Kraai_Clingster_130530-04_xc,6,data/processed/Carrion_Crow/XC135733-Kraai_Clingster_130530-04_xc_chunk006.wav,3.0,XC135733-Kraai_Clingster_130530-04_xc.mp3
Carrion_Crow,XC135733-Kraai_Clingster_130530-04_xc,7,data/processed/Carrion_Crow/XC135733-Kraai_Clingster_130530-04_xc_chunk007.wav,3.0,XC135733-Kraai_Clingster_130530-04_xc.mp3
Carrion_Crow,XC135733-Kraai_Clingster_130530-04_xc,8,data/processed/Carrion_Crow/XC135733-Kraai_Clingster_130530-04_xc_chunk008.wav,3.0,XC135733-Kraai_Clingster_130530-04_xc.mp3
Carrion_Crow,XC135733-Kraai_Clingster_130530-04_xc,9,data/processed/Carrion_Crow/XC135733-Kraai_Clingster_130530-04_xc_chunk009.wav,3.0,XC135733-Kraai_Clingster_130530-04_xc.mp3
Carrion_Crow,XC135733-Kraai_Clingster_130530-04_xc,10,data/processed/Carrion_Crow/XC135733-Kraai_Clingster_130530-04_xc_chunk010.wav,3.0,XC135733-Kraai_Clingster_130530-04_xc.mp3
Carrion_Crow,XC135733-Kraai_Clingster_130530-04_xc,11,data/processed/Carrion_Crow/XC135733-Kraai_Clingster_130530-04_xc_chunk011.wav,3.0,XC135733-Kraai_Clingster_130530-04_xc.mp3
Carrion_Crow,XC135733-Kraai_Clingster_130530-04_xc,12,data/processed/Carrion_Crow/XC135733-Kraai_Clingster_130530-04_xc_chunk012.wav,3.0,XC135733-Kraai_Clingster_130530-04_xc.mp3
Carrion_Crow,XC135733-Kraai_Clingster_130530-04_xc,13,data/processed/Carrion_Crow/XC135733-Kraai_Clingster_130530-04_xc_chunk013.wav,3.0,XC135733-Kraai_Clingster_130530-04_xc.mp3
Carrion_Crow,XC135733-Kraai_Clingster_130530-04_xc,14,data/processed/Carrion_Crow/XC135733-Kraai_Clingster_130530-04_xc_chunk014.wav,3.0,XC135733-Kraai_Clingster_130530-04_xc.mp3
Carrion_Crow,XC135733-Kraai_Clingster_130530-04_xc,15,data/processed/Carrion_Crow/XC135733-Kraai_Clingster_130530-04_xc_chunk015.wav,3.0,XC135733-Kraai_Clingster_130530-04_xc.mp3
Carrion_Crow,XC135733-Kraai_Clingster_130530-04_xc,16,data/processed/Carrion_Crow/XC135733-Kraai_Clingster_130530-04_xc_chunk016.wav,3.0,XC135733-Kraai_Clingster_130530-04_xc.mp3
Carrion_Crow,XC135733-Kraai_Clingster_130530-04_xc,17,data/processed/Carrion_Crow/XC135733-Kraai_Clingster_130530-04_xc_chunk017.wav,3.0,XC135733-Kraai_Clingster_130530-04_xc.mp3
Carrion_Crow,XC135733-Kraai_Clingster_130530-04_xc,18,data/processed/Carrion_Crow/XC135733-Kraai_Clingster_130530-04_xc_chunk018.wav,3.0,XC135733-Kraai_Clingster_130530-04_xc.mp3
Carrion_Crow,XC135733-Kraai_Clingster_130530-04_xc,19,data/processed/Carrion_Crow/XC135733-Kraai_Clingster_130530-04_xc_chunk019.wav,3.0,XC135733-Kraai_Clingster_130530-04_xc.mp3
Carrion_Crow,XC135733-Kraai_Clingster_130530-04_xc,20,data/processed/Carrion_Crow/XC135733-Kraai_Clingster_130530-04_xc_chunk020.wav,3.0,XC135733-Kraai_Clingster_130530-04_xc.mp3
Carrion_Crow,XC135733-Kraai_Clingster_130530-04_xc,21,data/processed/Carrion_Crow/XC135733-Kraai_Clingster_130530-04_xc_chunk021.wav,3.0,XC135733-Kraai_Clingster_130530-04_xc.mp3
Carrion_Crow,XC135733-Kraai_Clingster_130530-04_xc,22,data/processed/Carrion_Crow/XC135733-Kraai_Clingster_130530-04_xc_chunk022.wav,3.0,XC135733-Kraai_Clingster_130530-04_xc.mp3
Carrion_Crow,XC135733-Kraai_Clingster_130530-04_xc,23,data/processed/Carrion_Crow/XC135733-Kraai_Clingster_130530-04_xc_chunk023.wav,3.0,XC135733-Kraai_Clingster_130530-04_xc.mp3
Carrion_Crow,XC135733-Kraai_Clingster_130530-04_xc,24,data/processed/Carrion_Crow/XC135733-Kraai_Clingster_130530-04_xc_chunk024.wav,3.0,XC135733-Kraai_Clingster_130530-04_xc.mp3
Carrion_Crow,XC135733-Kraai_Clingster_130530-04_xc,25,data/processed/Carrion_Crow/XC135733-Kraai_Clingster_130530-04_xc_chunk025.wav,3.0,XC135733-Kraai_Clingster_130530-04_xc.mp3
Carrion_Crow,XC135733-Kraai_Clingster_130530-04_xc,26,data/processed/Carrion_Crow/XC135733-Kraai_Clingster_130530-04_xc_chunk026.wav,3.0,XC135733-Kraai_Clingster_130530-04_xc.mp3
Carrion_Crow,XC135733-Kraai_Clingster_130530-04_xc,27,data/processed/Carrion_Crow/XC135733-Kraai_Clingster_130530-04_xc_chunk027.wav,3.0,XC135733-Kraai_Clingster_130530-04_xc.mp3
Carrion_Crow,XC135733-Kraai_Clingster_130530-04_xc,28,data/processed/Carrion_Crow/XC135733-Kraai_Clingster_130530-04_xc_chunk028.wav,3.0,XC135733-Kraai_Clingster_130530-04_xc.mp3
Carrion_Crow,XC135733-Kraai_Clingster_130530-04_xc,29,data/processed/Carrion_Crow/XC135733-Kraai_Clingster_130530-04_xc_chunk029.wav,3.0,XC135733-Kraai_Clingster_130530-04_xc.mp3
Carrion_Crow,XC135733-Kraai_Clingster_130530-04_xc,30,data/processed/Carrion_Crow/XC135733-Kraai_Clingster_130530-04_xc_chunk030.wav,3.0,XC135733-Kraai_Clingster_130530-04_xc.mp3
Carrion_Crow,XC135733-Kraai_Clingster_130530-04_xc,31,data/processed/Carrion_Crow/XC135733-Kraai_Clingster_130530-04_xc_chunk031.wav,3.0,XC135733-Kraai_Clingster_130530-04_xc.mp3
Carrion_Crow,XC135733-Kraai_Clingster_130530-04_xc,32,data/processed/Carrion_Crow/XC135733-Kraai_Clingster_130530-04_xc_chunk032.wav,3.0,XC135733-Kraai_Clingster_130530-04_xc.mp3
Carrion_Crow,XC135733-Kraai_Clingster_130530-04_xc,33,data/processed/Carrion_Crow/XC135733-Kraai_Clingster_130530-04_xc_chunk033.wav,3.0,XC135733-Kraai_Clingster_130530-04_xc.mp3
Carrion_Crow,XC135733-Kraai_Clingster_130530-04_xc,34,data/processed/Carrion_Crow/XC135733-Kraai_Clingster_130530-04_xc_chunk034.wav,3.0,XC135733-Kraai_Clingster_130530-04_xc.mp3
Carrion_Crow,XC135733-Kraai_Clingster_130530-04_xc,35,data/processed/Carrion_Crow/XC135733-Kraai_Clingster_130530-04_xc_chunk035.wav,3.0,XC135733-Kraai_Clingster_130530-04_xc.mp3
Carrion_Crow,XC135733-Kraai_Clingster_130530-04_xc,36,data/processed/Carrion_Crow/XC135733-Kraai_Clingster_130530-04_xc_chunk036.wav,3.0,XC135733-Kraai_Clingster_130530-04_xc.mp3
Carrion_Crow,XC135733-Kraai_Clingster_130530-04_xc,37,data/processed/Carrion_Crow/XC135733-Kraai_Clingster_130530-04_xc_chunk037.wav,3.0,XC135733-Kraai_Clingster_130530-04_xc.mp3
Carrion_Crow,XC135733-Kraai_Clingster_130530-04_xc,38,data/processed/Carrion_Crow/XC135733-Kraai_Clingster_130530-04_xc_chunk038.wav,3.0,XC135733-Kraai_Clingster_130530-04_xc.mp3
Carrion_Crow,XC135733-Kraai_Clingster_130530-04_xc,39,data/processed/Carrion_Crow/XC135733-Kraai_Clingster_130530-04_xc_chunk039.wav,3.0,XC135733-Kraai_Clingster_130530-04_xc.mp3
Carrion_Crow,XC135733-Kraai_Clingster_130530-04_xc,40,data/processed/Carrion_Crow/XC135733-Kraai_Clingster_130530-04_xc_chunk040.wav,3.0,XC135733-Kraai_Clingster_130530-04_xc.mp3
Carrion_Crow,XC135733-Kraai_Clingster_130530-04_xc,41,data/processed/Carrion_Crow/XC135733-Kraai_Clingster_130530-04_xc_chunk041.wav,3.0,XC135733-Kraai_Clingster_130530-04_xc.mp3
Carrion_Crow,XC135733-Kraai_Clingster_130530-04_xc,42,data/processed/Carrion_Crow/XC135733-Kraai_Clingster_130530-04_xc_chunk042.wav,3.0,XC135733-Kraai_Clingster_130530-04_xc.mp3
Carrion_Crow,XC135733-Kraai_Clingster_130530-04_xc,43,data/processed/Carrion_Crow/XC135733-Kraai_Clingster_130530-04_xc_chunk043.wav,3.0,XC135733-Kraai_Clingster_130530-04_xc.mp3
Carrion_Crow,XC135733-Kraai_Clingster_130530-04_xc,44,data/processed/Carrion_Crow/XC135733-Kraai_Clingster_130530-04_xc_chunk044.wav,3.0,XC135733-Kraai_Clingster_130530-04_xc.mp3
Carrion_Crow,XC135733-Kraai_Clingster_130530-04_xc,45,data/processed/Carrion_Crow/XC135733-Kraai_Clingster_130530-04_xc_chunk045.wav,3.0,XC135733-Kraai_Clingster_130530-04_xc.mp3
Carrion_Crow,XC135733-Kraai_Clingster_130530-04_xc,46,data/processed/Carrion_Crow/XC135733-Kraai_Clingster_130530-04_xc_chunk046.wav,3.0,XC135733-Kraai_Clingster_130530-04_xc.mp3
Carrion_Crow,XC135733-Kraai_Clingster_130530-04_xc,47,data/processed/Carrion_Crow/XC135733-Kraai_Clingster_130530-04_xc_chunk047.wav,3.0,XC135733-Kraai_Clingster_130530-04_xc.mp3
Carrion_Crow,XC135733-Kraai_Clingster_130530-04_xc,48,data/processed/Carrion_Crow/XC135733-Kraai_Clingster_130530-04_xc_chunk048.wav,3.0,XC135733-Kraai_Clingster_130530-04_xc.mp3
Carrion_Crow,XC135733-Kraai_Clingster_130530-04_xc,49,data/processed/Carrion_Crow/XC135733-Kraai_Clingster_130530-04_xc_chunk049.wav,3.0,XC135733-Kraai_Clingster_130530-04_xc.mp3
Carrion_Crow,XC135733-Kraai_Clingster_130530-04_xc,50,data/processed/Carrion_Crow/XC135733-Kraai_Clingster_130530-04_xc_chunk050.wav,3.0,XC135733-Kraai_Clingster_130530-04_xc.mp3
Carrion_Crow,XC135733-Kraai_Clingster_130530-04_xc,51,data/processed/Carrion_Crow/XC135733-Kraai_Clingster_130530-04_xc_chunk051.wav,3.0,XC135733-Kraai_Clingster_130530-04_xc.mp3
Carrion_Crow,XC135733-Kraai_Clingster_130530-04_xc,52,data/processed/Carrion_Crow/XC135733-Kraai_Clingster_130530-04_xc_chunk052.wav,3.0,XC135733-Kraai_Clingster_130530-04_xc.mp3
Carrion_Crow,XC135733-Kraai_Clingster_130530-04_xc,53,data/processed/Carrion_Crow/XC135733-Kraai_Clingster_130530-04_xc_chunk053.wav,3.0,XC135733-Kraai_Clingster_130530-04_xc.mp3
Carrion_Crow,XC135733-Kraai_Clingster_130530-04_xc,54,data/processed/Carrion_Crow/XC135733-Kraai_Clingster_130530-04_xc_chunk054.wav,3.0,XC135733-Kraai_Clingster_130530-04_xc.mp3
Carrion_Crow,XC135733-Kraai_Clingster_130530-04_xc,55,data/processed/Carrion_Crow/XC135733-Kraai_Clingster_130530-04_xc_chunk055.wav,3.0,XC135733-Kraai_Clingster_130530-04_xc.mp3
Carrion_Crow,XC135733-Kraai_Clingster_130530-04_xc,56,data/processed/Carrion_Crow/XC135733-Kraai_Clingster_130530-04_xc_chunk056.wav,3.0,XC135733-Kraai_Clingster_130530-04_xc.mp3
Carrion_Crow,XC135733-Kraai_Clingster_130530-04_xc,57,data/processed/Carrion_Crow/XC135733-Kraai_Clingster_130530-04_xc_chunk057.wav,3.0,XC135733-Kraai_Clingster_130530-04_xc.mp3
Carrion_Crow,XC135733-Kraai_Clingster_130530-04_xc,58,data/processed/Carrion_Crow/XC135733-Kraai_Clingster_130530-04_xc_chunk058.wav,3.0,XC135733-Kraai_Clingster_130530-04_xc.mp3
Carrion_Crow,XC135733-Kraai_Clingster_130530-04_xc,59,data/processed/Carrion_Crow/XC135733-Kraai_Clingster_130530-04_xc_chunk059.wav,3.0,XC135733-Kraai_Clingster_130530-04_xc.mp3
Carrion_Crow,XC135733-Kraai_Clingster_130530-04_xc,60,data/processed/Carrion_Crow/XC135733-Kraai_Clingster_130530-04_xc_chunk060.wav,3.0,XC135733-Kraai_Clingster_130530-04_xc.mp3
Carrion_Crow,XC135733-Kraai_Clingster_130530-04_xc,61,data/processed/Carrion_Crow/XC135733-Kraai_Clingster_130530-04_xc_chunk061.wav,3.0,XC135733-Kraai_Clingster_130530-04_xc.mp3
Carrion_Crow,XC135733-Kraai_Clingster_130530-04_xc,62,data/processed/Carrion_Crow/XC135733-Kraai_Clingster_130530-04_xc_chunk062.wav,3.0,XC135733-Kraai_Clingster_130530-04_xc.mp3
Carrion_Crow,XC135733-Kraai_Clingster_130530-04_xc,63,data/processed/Carrion_Crow/XC135733-Kraai_Clingster_130530-04_xc_chunk063.wav,3.0,XC135733-Kraai_Clingster_130530-04_xc.mp3
Carrion_Crow,XC135733-Kraai_Clingster_130530-04_xc,64,data/processed/Carrion_Crow/XC135733-Kraai_Clingster_130530-04_xc_chunk064.wav,3.0,XC135733-Kraai_Clingster_130530-04_xc.mp3
Carrion_Crow,XC135733-Kraai_Clingster_130530-04_xc,65,data/processed/Carrion_Crow/XC135733-Kraai_Clingster_130530-04_xc_chunk065.wav,3.0,XC135733-Kraai_Clingster_130530-04_xc.mp3
Carrion_Crow,XC135733-Kraai_Clingster_130530-04_xc,66,data/processed/Carrion_Crow/XC135733-Kraai_Clingster_130530-04_xc_chunk066.wav,3.0,XC135733-Kraai_Clingster_130530-04_xc.mp3
Carrion_Crow,XC135733-Kraai_Clingster_130530-04_xc,67,data/processed/Carrion_Crow/XC135733-Kraai_Clingster_130530-04_xc_chunk067.wav,3.0,XC135733-Kraai_Clingster_130530-04_xc.mp3
Carrion_Crow,XC135733-Kraai_Clingster_130530-04_xc,68,data/processed/Carrion_Crow/XC135733-Kraai_Clingster_130530-04_xc_chunk068.wav,3.0,XC135733-Kraai_Clingster_130530-04_xc.mp3
Carrion_Crow,XC135733-Kraai_Clingster_130530-04_xc,69,data/processed/Carrion_Crow/XC135733-Kraai_Clingster_130530-04_xc_chunk069.wav,3.0,XC135733-Kraai_Clingster_130530-04_xc.mp3
Carrion_Crow,XC135733-Kraai_Clingster_130530-04_xc,70,data/processed/Carrion_Crow/XC135733-Kraai_Clingster_130530-04_xc_chunk070.wav,3.0,XC135733-Kraai_Clingster_130530-04_xc.mp3
Carrion_Crow,XC135733-Kraai_Clingster_130530-04_xc,71,data/processed/Carrion_Crow/XC135733-Kraai_Clingster_130530-04_xc_chunk071.wav,3.0,XC135733-Kraai_Clingster_130530-04_xc.mp3
Carrion_Crow,XC135733-Kraai_Clingster_130530-04_xc,72,data/processed/Carrion_Crow/XC135733-Kraai_Clingster_130530-04_xc_chunk072.wav,3.0,XC135733-Kraai_Clingster_130530-04_xc.mp3
Carrion_Crow,XC135733-Kraai_Clingster_130530-04_xc,73,data/processed/Carrion_Crow/XC135733-Kraai_Clingster_130530-04_xc_chunk073.wav,3.0,XC135733-Kraai_Clingster_130530-04_xc.mp3
Carrion_Crow,XC135733-Kraai_Clingster_130530-04_xc,74,data/processed/Carrion_Crow/XC135733-Kraai_Clingster_130530-04_xc_chunk074.wav,3.0,XC135733-Kraai_Clingster_130530-04_xc.mp3
Carrion_Crow,XC135733-Kraai_Clingster_130530-04_xc,75,data/processed/Carrion_Crow/XC135733-Kraai_Clingster_130530-04_xc_chunk075.wav,3.0,XC135733-Kraai_Clingster_130530-04_xc.mp3
Carrion_Crow,XC135733-Kraai_Clingster_130530-04_xc,76,data/processed/Carrion_Crow/XC135733-Kraai_Clingster_130530-04_xc_chunk076.wav,3.0,XC135733-Kraai_Clingster_130530-04_xc.mp3
Carrion_Crow,XC135733-Kraai_Clingster_130530-04_xc,77,data/processed/Carrion_Crow/XC135733-Kraai_Clingster_130530-04_xc_chunk077.wav,3.0,XC135733-Kraai_Clingster_130530-04_xc.mp3
Carrion_Crow,XC135733-Kraai_Clingster_130530-04_xc,78,data/processed/Carrion_Crow/XC135733-Kraai_Clingster_130530-04_xc_chunk078.wav,3.0,XC135733-Kraai_Clingster_130530-04_xc.mp3
Carrion_Crow,XC135733-Kraai_Clingster_130530-04_xc,79,data/processed/Carrion_Crow/XC135733-Kraai_Clingster_130530-04_xc_chunk079.wav,3.0,XC135733-Kraai_Clingster_130530-04_xc.mp3
Carrion_Crow,XC135733-Kraai_Clingster_130530-04_xc,80,data/processed/Carrion_Crow/XC135733-Kraai_Clingster_130530-04_xc_chunk080.wav,3.0,XC135733-Kraai_Clingster_130530-04_xc.mp3
Carrion_Crow,XC135733-Kraai_Clingster_130530-04_xc,81,data/processed/Carrion_Crow/XC135733-Kraai_Clingster_130530-04_xc_chunk081.wav,3.0,XC135733-Kraai_Clingster_130530-04_xc.mp3
Carrion_Crow,XC135733-Kraai_Clingster_130530-04_xc,82,data/processed/Carrion_Crow/XC135733-Kraai_Clingster_130530-04_xc_chunk082.wav,3.0,XC135733-Kraai_Clingster_130530-04_xc.mp3
Carrion_Crow,XC135733-Kraai_Clingster_130530-04_xc,83,data/processed/Carrion_Crow/XC135733-Kraai_Clingster_130530-04_xc_chunk083.wav,3.0,XC135733-Kraai_Clingster_130530-04_xc.mp3
Carrion_Crow,XC135733-Kraai_Clingster_130530-04_xc,84,data/processed/Carrion_Crow/XC135733-Kraai_Clingster_130530-04_xc_chunk084.wav,3.0,XC135733-Kraai_Clingster_130530-04_xc.mp3
Carrion_Crow,XC135733-Kraai_Clingster_130530-04_xc,85,data/processed/Carrion_Crow/XC135733-Kraai_Clingster_130530-04_xc_chunk085.wav,3.0,XC135733-Kraai_Clingster_130530-04_xc.mp3
Carrion_Crow,XC135733-Kraai_Clingster_130530-04_xc,86,data/processed/Carrion_Crow/XC135733-Kraai_Clingster_130530-04_xc_chunk086.wav,3.0,XC135733-Kraai_Clingster_130530-04_xc.mp3
Carrion_Crow,XC135733-Kraai_Clingster_130530-04_xc,87,data/processed/Carrion_Crow/XC135733-Kraai_Clingster_130530-04_xc_chunk087.wav,3.0,XC135733-Kraai_Clingster_130530-04_xc.mp3
Carrion_Crow,XC135733-Kraai_Clingster_130530-04_xc,88,data/processed/Carrion_Crow/XC135733-Kraai_Clingster_130530-04_xc_chunk088.wav,3.0,XC135733-Kraai_Clingster_130530-04_xc.mp3
Carrion_Crow,XC135733-Kraai_Clingster_130530-04_xc,89,data/processed/Carrion_Crow/XC135733-Kraai_Clingster_130530-04_xc_chunk089.wav,3.0,XC135733-Kraai_Clingster_130530-04_xc.mp3
Carrion_Crow,XC135733-Kraai_Clingster_130530-04_xc,90,data/processed/Carrion_Crow/XC135733-Kraai_Clingster_130530-04_xc_chunk090.wav,3.0,XC135733-Kraai_Clingster_130530-04_xc.mp3
Carrion_Crow,XC135733-Kraai_Clingster_130530-04_xc,91,data/processed/Carrion_Crow/XC135733-Kraai_Clingster_130530-04_xc_chunk091.wav,3.0,XC135733-Kraai_Clingster_130530-04_xc.mp3
Carrion_Crow,XC135733-Kraai_Clingster_130530-04_xc,92,data/processed/Carrion_Crow/XC135733-Kraai_Clingster_130530-04_xc_chunk092.wav,3.0,XC135733-Kraai_Clingster_130530-04_xc.mp3
Carrion_Crow,XC135733-Kraai_Clingster_130530-04_xc,93,data/processed/Carrion_Crow/XC135733-Kraai_Clingster_130530-04_xc_chunk093.wav,3.0,XC135733-Kraai_Clingster_130530-04_xc.mp3
Carrion_Crow,XC135733-Kraai_Clingster_130530-04_xc,94,data/processed/Carrion_Crow/XC135733-Kraai_Clingster_130530-04_xc_chunk094.wav,3.0,XC135733-Kraai_Clingster_130530-04_xc.mp3
Carrion_Crow,XC135733-Kraai_Clingster_130530-04_xc,95,data/processed/Carrion_Crow/XC135733-Kraai_Clingster_130530-04_xc_chunk095.wav,3.0,XC135733-Kraai_Clingster_130530-04_xc.mp3
Carrion_Crow,XC135733-Kraai_Clingster_130530-04_xc,96,data/processed/Carrion_Crow/XC135733-Kraai_Clingster_130530-04_xc_chunk096.wav,3.0,XC135733-Kraai_Clingster_130530-04_xc.mp3
Carrion_Crow,XC135733-Kraai_Clingster_130530-04_xc,97,data/processed/Carrion_Crow/XC135733-Kraai_Clingster_130530-04_xc_chunk097.wav,3.0,XC135733-Kraai_Clingster_130530-04_xc.mp3
Carrion_Crow,XC135733-Kraai_Clingster_130530-04_xc,98,data/processed/Carrion_Crow/XC135733-Kraai_Clingster_130530-04_xc_chunk098.wav,3.0,XC135733-Kraai_Clingster_130530-04_xc.mp3
Carrion_Crow,XC135733-Kraai_Clingster_130530-04_xc,99,data/processed/Carrion_Crow/XC135733-Kraai_Clingster_130530-04_xc_chunk099.wav,3.0,XC135733-Kraai_Clingster_130530-04_xc.mp3
Carrion_Crow,XC135733-Kraai_Clingster_130530-04_xc,100,data/processed/Carrion_Crow/XC135733-Kraai_Clingster_130530-04_xc_chunk100.wav,3.0,XC135733-Kraai_Clingster_130530-04_xc.mp3
Carrion_Crow,XC138017-3821HNRH,0,data/processed/Carrion_Crow/XC138017-3821HNRH_chunk000.wav,3.0,XC138017-3821HNRH mp3.mp3
Carrion_Crow,XC138017-3821HNRH,1,data/processed/Carrion_Crow/XC138017-3821HNRH_chunk001.wav,3.0,XC138017-3821HNRH mp3.mp3
Carrion_Crow,XC138017-3821HNRH,2,data/processed/Carrion_Crow/XC138017-3821HNRH_chunk002.wav,3.0,XC138017-3821HNRH mp3.mp3
Carrion_Crow,XC138017-3821HNRH,3,data/processed/Carrion_Crow/XC138017-3821HNRH_chunk003.wav,3.0,XC138017-3821HNRH mp3.mp3
Carrion_Crow,XC138017-3821HNRH,4,data/processed/Carrion_Crow/XC138017-3821HNRH_chunk004.wav,3.0,XC138017-3821HNRH mp3.mp3
Carrion_Crow,XC138017-3821HNRH,5,data/processed/Carrion_Crow/XC138017-3821HNRH_chunk005.wav,3.0,XC138017-3821HNRH mp3.mp3
Carrion_Crow,XC138017-3821HNRH,6,data/processed/Carrion_Crow/XC138017-3821HNRH_chunk006.wav,3.0,XC138017-3821HNRH mp3.mp3
Carrion_Crow,XC138017-3821HNRH,7,data/processed/Carrion_Crow/XC138017-3821HNRH_chunk007.wav,3.0,XC138017-3821HNRH mp3.mp3
Carrion_Crow,XC138017-3821HNRH,8,data/processed/Carrion_Crow/XC138017-3821HNRH_chunk008.wav,3.0,XC138017-3821HNRH mp3.mp3
Carrion_Crow,XC138017-3821HNRH,9,data/processed/Carrion_Crow/XC138017-3821HNRH_chunk009.wav,3.0,XC138017-3821HNRH mp3.mp3
Carrion_Crow,XC138017-3821HNRH,10,data/processed/Carrion_Crow/XC138017-3821HNRH_chunk010.wav,3.0,XC138017-3821HNRH mp3.mp3
Carrion_Crow,XC138017-3821HNRH,11,data/processed/Carrion_Crow/XC138017-3821HNRH_chunk011.wav,3.0,XC138017-3821HNRH mp3.mp3
Carrion_Crow,XC138017-3821HNRH,12,data/processed/Carrion_Crow/XC138017-3821HNRH_chunk012.wav,3.0,XC138017-3821HNRH mp3.mp3
Carrion_Crow,XC138017-3821HNRH,13,data/processed/Carrion_Crow/XC138017-3821HNRH_chunk013.wav,3.0,XC138017-3821HNRH mp3.mp3
Carrion_Crow,XC138017-3821HNRH,14,data/processed/Carrion_Crow/XC138017-3821HNRH_chunk014.wav,3.0,XC138017-3821HNRH mp3.mp3
Carrion_Crow,XC138017-3821HNRH,15,data/processed/Carrion_Crow/XC138017-3821HNRH_chunk015.wav,3.0,XC138017-3821HNRH mp3.mp3
Carrion_Crow,XC138017-3821HNRH,16,data/processed/Carrion_Crow/XC138017-3821HNRH_chunk016.wav,3.0,XC138017-3821HNRH mp3.mp3
Carrion_Crow,XC138017-3821HNRH,17,data/processed/Carrion_Crow/XC138017-3821HNRH_chunk017.wav,3.0,XC138017-3821HNRH mp3.mp3
Carrion_Crow,XC138017-3821HNRH,18,data/processed/Carrion_Crow/XC138017-3821HNRH_chunk018.wav,3.0,XC138017-3821HNRH mp3.mp3
Carrion_Crow,XC138017-3821HNRH,19,data/processed/Carrion_Crow/XC138017-3821HNRH_chunk019.wav,3.0,XC138017-3821HNRH mp3.mp3
Carrion_Crow,XC138017-3821HNRH,20,data/processed/Carrion_Crow/XC138017-3821HNRH_chunk020.wav,3.0,XC138017-3821HNRH mp3.mp3
Carrion_Crow,XC138017-3821HNRH,21,data/processed/Carrion_Crow/XC138017-3821HNRH_chunk021.wav,3.0,XC138017-3821HNRH mp3.mp3
Carrion_Crow,XC138017-3821HNRH,22,data/processed/Carrion_Crow/XC138017-3821HNRH_chunk022.wav,3.0,XC138017-3821HNRH mp3.mp3
Carrion_Crow,XC138017-3821HNRH,23,data/processed/Carrion_Crow/XC138017-3821HNRH_chunk023.wav,3.0,XC138017-3821HNRH mp3.mp3
Carrion_Crow,XC138017-3821HNRH,24,data/processed/Carrion_Crow/XC138017-3821HNRH_chunk024.wav,3.0,XC138017-3821HNRH mp3.mp3
Carrion_Crow,XC138017-3821HNRH,25,data/processed/Carrion_Crow/XC138017-3821HNRH_chunk025.wav,3.0,XC138017-3821HNRH mp3.mp3
Carrion_Crow,XC138017-3821HNRH,26,data/processed/Carrion_Crow/XC138017-3821HNRH_chunk026.wav,3.0,XC138017-3821HNRH mp3.mp3
Carrion_Crow,XC138017-3821HNRH,27,data/processed/Carrion_Crow/XC138017-3821HNRH_chunk027.wav,3.0,XC138017-3821HNRH mp3.mp3
Carrion_Crow,XC138017-3821HNRH,28,data/processed/Carrion_Crow/XC138017-3821HNRH_chunk028.wav,3.0,XC138017-3821HNRH mp3.mp3
Carrion_Crow,XC138017-3821HNRH,29,data/processed/Carrion_Crow/XC138017-3821HNRH_chunk029.wav,3.0,XC138017-3821HNRH mp3.mp3
Carrion_Crow,XC138017-3821HNRH,30,data/processed/Carrion_Crow/XC138017-3821HNRH_chunk030.wav,3.0,XC138017-3821HNRH mp3.mp3
Carrion_Crow,XC138017-3821HNRH,31,data/processed/Carrion_Crow/XC138017-3821HNRH_chunk031.wav,3.0,XC138017-3821HNRH mp3.mp3
Carrion_Crow,XC138017-3821HNRH,32,data/processed/Carrion_Crow/XC138017-3821HNRH_chunk032.wav,3.0,XC138017-3821HNRH mp3.mp3
Carrion_Crow,XC138017-3821HNRH,33,data/processed/Carrion_Crow/XC138017-3821HNRH_chunk033.wav,3.0,XC138017-3821HNRH mp3.mp3
Carrion_Crow,XC138017-3821HNRH,34,data/processed/Carrion_Crow/XC138017-3821HNRH_chunk034.wav,3.0,XC138017-3821HNRH mp3.mp3
Carrion_Crow,XC138379-2013061410_0809_Corvus,0,data/processed/Carrion_Crow/XC138379-2013061410_0809_Corvus_chunk000.wav,3.0,XC138379-2013061410_0809_Corvus corone_jeune_Vincennes.mp3
Carrion_Crow,XC138379-2013061410_0809_Corvus,1,data/processed/Carrion_Crow/XC138379-2013061410_0809_Corvus_chunk001.wav,3.0,XC138379-2013061410_0809_Corvus corone_jeune_Vincennes.mp3
Carrion_Crow,XC138379-2013061410_0809_Corvus,2,data/processed/Carrion_Crow/XC138379-2013061410_0809_Corvus_chunk002.wav,3.0,XC138379-2013061410_0809_Corvus corone_jeune_Vincennes.mp3
Carrion_Crow,XC138379-2013061410_0809_Corvus,3,data/processed/Carrion_Crow/XC138379-2013061410_0809_Corvus_chunk003.wav,3.0,XC138379-2013061410_0809_Corvus corone_jeune_Vincennes.mp3
Carrion_Crow,XC138379-2013061410_0809_Corvus,4,data/processed/Carrion_Crow/XC138379-2013061410_0809_Corvus_chunk004.wav,3.0,XC138379-2013061410_0809_Corvus corone_jeune_Vincennes.mp3
Carrion_Crow,XC138379-2013061410_0809_Corvus,5,data/processed/Carrion_Crow/XC138379-2013061410_0809_Corvus_chunk005.wav,3.0,XC138379-2013061410_0809_Corvus corone_jeune_Vincennes.mp3
Carrion_Crow,XC138379-2013061410_0809_Corvus,6,data/processed/Carrion_Crow/XC138379-2013061410_0809_Corvus_chunk006.wav,3.0,XC138379-2013061410_0809_Corvus corone_jeune_Vincennes.mp3
Carrion_Crow,XC138379-2013061410_0809_Corvus,7,data/processed/Carrion_Crow/XC138379-2013061410_0809_Corvus_chunk007.wav,3.0,XC138379-2013061410_0809_Corvus corone_jeune_Vincennes.mp3
Carrion_Crow,XC139723-Corneille,0,data/processed/Carrion_Crow/XC139723-Corneille_chunk000.wav,3.0,XC139723-Corneille noire Pau 24 juin 13.mp3
Carrion_Crow,XC139723-Corneille,1,data/processed/Carrion_Crow/XC139723-Corneille_chunk001.wav,3.0,XC139723-Corneille noire Pau 24 juin 13.mp3
Carrion_Crow,XC139723-Corneille,2,data/processed/Carrion_Crow/XC139723-Corneille_chunk002.wav,3.0,XC139723-Corneille noire Pau 24 juin 13.mp3
Carrion_Crow,XC139723-Corneille,3,data/processed/Carrion_Crow/XC139723-Corneille_chunk003.wav,3.0,XC139723-Corneille noire Pau 24 juin 13.mp3
Carrion_Crow,XC139723-Corneille,4,data/processed/Carrion_Crow/XC139723-Corneille_chunk004.wav,3.0,XC139723-Corneille noire Pau 24 juin 13.mp3
Carrion_Crow,XC139723-Corneille,5,data/processed/Carrion_Crow/XC139723-Corneille_chunk005.wav,3.0,XC139723-Corneille noire Pau 24 juin 13.mp3
Carrion_Crow,XC139723-Corneille,6,data/processed/Carrion_Crow/XC139723-Corneille_chunk006.wav,3.0,XC139723-Corneille noire Pau 24 juin 13.mp3
Carrion_Crow,XC139723-Corneille,7,data/processed/Carrion_Crow/XC139723-Corneille_chunk007.wav,3.0,XC139723-Corneille noire Pau 24 juin 13.mp3
Carrion_Crow,XC139723-Corneille,8,data/processed/Carrion_Crow/XC139723-Corneille_chunk008.wav,3.0,XC139723-Corneille noire Pau 24 juin 13.mp3
Carrion_Crow,XC139723-Corneille,9,data/processed/Carrion_Crow/XC139723-Corneille_chunk009.wav,3.0,XC139723-Corneille noire Pau 24 juin 13.mp3
Carrion_Crow,XC139723-Corneille,10,data/processed/Carrion_Crow/XC139723-Corneille_chunk010.wav,3.0,XC139723-Corneille noire Pau 24 juin 13.mp3
Carrion_Crow,XC139723-Corneille,11,data/processed/Carrion_Crow/XC139723-Corneille_chunk011.wav,3.0,XC139723-Corneille noire Pau 24 juin 13.mp3
Carrion_Crow,XC139723-Corneille,12,data/processed/Carrion_Crow/XC139723-Corneille_chunk012.wav,3.0,XC139723-Corneille noire Pau 24 juin 13.mp3
Carrion_Crow,XC139723-Corneille,13,data/processed/Carrion_Crow/XC139723-Corneille_chunk013.wav,3.0,XC139723-Corneille noire Pau 24 juin 13.mp3
Carrion_Crow,XC139723-Corneille,14,data/processed/Carrion_Crow/XC139723-Corneille_chunk014.wav,3.0,XC139723-Corneille noire Pau 24 juin 13.mp3
Carrion_Crow,XC139723-Corneille,15,data/processed/Carrion_Crow/XC139723-Corneille_chunk015.wav,3.0,XC139723-Corneille noire Pau 24 juin 13.mp3
Carrion_Crow,XC139723-Corneille,16,data/processed/Carrion_Crow/XC139723-Corneille_chunk016.wav,3.0,XC139723-Corneille noire Pau 24 juin 13.mp3
Carrion_Crow,XC139723-Corneille,17,data/processed/Carrion_Crow/XC139723-Corneille_chunk017.wav,3.0,XC139723-Corneille noire Pau 24 juin 13.mp3
Carrion_Crow,XC144001-CORNEILLE,0,data/processed/Carrion_Crow/XC144001-CORNEILLE_chunk000.wav,3.0,XC144001-CORNEILLE NOIRE  juv excerçant sa voix enclos 28072013_1 et 3 6h45.mp3
Carrion_Crow,XC144001-CORNEILLE,1,data/processed/Carrion_Crow/XC144001-CORNEILLE_chunk001.wav,3.0,XC144001-CORNEILLE NOIRE  juv excerçant sa voix enclos 28072013_1 et 3 6h45.mp3
Carrion_Crow,XC144001-CORNEILLE,2,data/processed/Carrion_Crow/XC144001-CORNEILLE_chunk002.wav,3.0,XC144001-CORNEILLE NOIRE  juv excerçant sa voix enclos 28072013_1 et 3 6h45.mp3
Carrion_Crow,XC144001-CORNEILLE,3,data/processed/Carrion_Crow/XC144001-CORNEILLE_chunk003.wav,3.0,XC144001-CORNEILLE NOIRE  juv excerçant sa voix enclos 28072013_1 et 3 6h45.mp3
Carrion_Crow,XC144001-CORNEILLE,4,data/processed/Carrion_Crow/XC144001-CORNEILLE_chunk004.wav,3.0,XC144001-CORNEILLE NOIRE  juv excerçant sa voix enclos 28072013_1 et 3 6h45.mp3
Carrion_Crow,XC144001-CORNEILLE,5,data/processed/Carrion_Crow/XC144001-CORNEILLE_chunk005.wav,3.0,XC144001-CORNEILLE NOIRE  juv excerçant sa voix enclos 28072013_1 et 3 6h45.mp3
Carrion_Crow,XC144001-CORNEILLE,6,data/processed/Carrion_Crow/XC144001-CORNEILLE_chunk006.wav,3.0,XC144001-CORNEILLE NOIRE  juv excerçant sa voix enclos 28072013_1 et 3 6h45.mp3
Carrion_Crow,XC144001-CORNEILLE,7,data/processed/Carrion_Crow/XC144001-CORNEILLE_chunk007.wav,3.0,XC144001-CORNEILLE NOIRE  juv excerçant sa voix enclos 28072013_1 et 3 6h45.mp3
Carrion_Crow,XC144001-CORNEILLE,8,data/processed/Carrion_Crow/XC144001-CORNEILLE_chunk008.wav,3.0,XC144001-CORNEILLE NOIRE  juv excerçant sa voix enclos 28072013_1 et 3 6h45.mp3
Carrion_Crow,XC145543-Svart-kraka-(2013-07-04,0,data/processed/Carrion_Crow/XC145543-Svart-kraka-(2013-07-04_chunk000.wav,3.0,XC145543-Svart-kraka-(2013-07-04 06.22)-[0.26]-LS113389.mp3
Carrion_Crow,XC145543-Svart-kraka-(2013-07-04,1,data/processed/Carrion_Crow/XC145543-Svart-kraka-(2013-07-04_chunk001.wav,3.0,XC145543-Svart-kraka-(2013-07-04 06.22)-[0.26]-LS113389.mp3
Carrion_Crow,XC145543-Svart-kraka-(2013-07-04,2,data/processed/Carrion_Crow/XC145543-Svart-kraka-(2013-07-04_chunk002.wav,3.0,XC145543-Svart-kraka-(2013-07-04 06.22)-[0.26]-LS113389.mp3
Carrion_Crow,XC145543-Svart-kraka-(2013-07-04,3,data/processed/Carrion_Crow/XC145543-Svart-kraka-(2013-07-04_chunk003.wav,3.0,XC145543-Svart-kraka-(2013-07-04 06.22)-[0.26]-LS113389.mp3
Carrion_Crow,XC145543-Svart-kraka-(2013-07-04,4,data/processed/Carrion_Crow/XC145543-Svart-kraka-(2013-07-04_chunk004.wav,3.0,XC145543-Svart-kraka-(2013-07-04 06.22)-[0.26]-LS113389.mp3
Carrion_Crow,XC145543-Svart-kraka-(2013-07-04,5,data/processed/Carrion_Crow/XC145543-Svart-kraka-(2013-07-04_chunk005.wav,3.0,XC145543-Svart-kraka-(2013-07-04 06.22)-[0.26]-LS113389.mp3
Carrion_Crow,XC145543-Svart-kraka-(2013-07-04,6,data/processed/Carrion_Crow/XC145543-Svart-kraka-(2013-07-04_chunk006.wav,3.0,XC145543-Svart-kraka-(2013-07-04 06.22)-[0.26]-LS113389.mp3
Carrion_Crow,XC145543-Svart-kraka-(2013-07-04,7,data/processed/Carrion_Crow/XC145543-Svart-kraka-(2013-07-04_chunk007.wav,3.0,XC145543-Svart-kraka-(2013-07-04 06.22)-[0.26]-LS113389.mp3
Carrion_Crow,XC145543-Svart-kraka-(2013-07-04,8,data/processed/Carrion_Crow/XC145543-Svart-kraka-(2013-07-04_chunk008.wav,3.0,XC145543-Svart-kraka-(2013-07-04 06.22)-[0.26]-LS113389.mp3
Carrion_Crow,XC145544-Svart-kraka-(2013-07-04,0,data/processed/Carrion_Crow/XC145544-Svart-kraka-(2013-07-04_chunk000.wav,3.0,XC145544-Svart-kraka-(2013-07-04 06.14)-[0.05]-LS113385.mp3
Carrion_Crow,XC145544-Svart-kraka-(2013-07-04,1,data/processed/Carrion_Crow/XC145544-Svart-kraka-(2013-07-04_chunk001.wav,3.0,XC145544-Svart-kraka-(2013-07-04 06.14)-[0.05]-LS113385.mp3
Carrion_Crow,XC145642-Svartkraka-(2013-07-11,0,data/processed/Carrion_Crow/XC145642-Svartkraka-(2013-07-11_chunk000.wav,3.0,XC145642-Svartkraka-(2013-07-11 06.26)-[0.31]-LS113510.mp3
Carrion_Crow,XC145642-Svartkraka-(2013-07-11,1,data/processed/Carrion_Crow/XC145642-Svartkraka-(2013-07-11_chunk001.wav,3.0,XC145642-Svartkraka-(2013-07-11 06.26)-[0.31]-LS113510.mp3
Carrion_Crow,XC145642-Svartkraka-(2013-07-11,2,data/processed/Carrion_Crow/XC145642-Svartkraka-(2013-07-11_chunk002.wav,3.0,XC145642-Svartkraka-(2013-07-11 06.26)-[0.31]-LS113510.mp3
Carrion_Crow,XC145642-Svartkraka-(2013-07-11,3,data/processed/Carrion_Crow/XC145642-Svartkraka-(2013-07-11_chunk003.wav,3.0,XC145642-Svartkraka-(2013-07-11 06.26)-[0.31]-LS113510.mp3
Carrion_Crow,XC145642-Svartkraka-(2013-07-11,4,data/processed/Carrion_Crow/XC145642-Svartkraka-(2013-07-11_chunk004.wav,3.0,XC145642-Svartkraka-(2013-07-11 06.26)-[0.31]-LS113510.mp3
Carrion_Crow,XC145642-Svartkraka-(2013-07-11,5,data/processed/Carrion_Crow/XC145642-Svartkraka-(2013-07-11_chunk005.wav,3.0,XC145642-Svartkraka-(2013-07-11 06.26)-[0.31]-LS113510.mp3
Carrion_Crow,XC145642-Svartkraka-(2013-07-11,6,data/processed/Carrion_Crow/XC145642-Svartkraka-(2013-07-11_chunk006.wav,3.0,XC145642-Svartkraka-(2013-07-11 06.26)-[0.31]-LS113510.mp3
Carrion_Crow,XC145642-Svartkraka-(2013-07-11,7,data/processed/Carrion_Crow/XC145642-Svartkraka-(2013-07-11_chunk007.wav,3.0,XC145642-Svartkraka-(2013-07-11 06.26)-[0.31]-LS113510.mp3
Carrion_Crow,XC145642-Svartkraka-(2013-07-11,8,data/processed/Carrion_Crow/XC145642-Svartkraka-(2013-07-11_chunk008.wav,3.0,XC145642-Svartkraka-(2013-07-11 06.26)-[0.31]-LS113510.mp3
Carrion_Crow,XC145642-Svartkraka-(2013-07-11,9,data/processed/Carrion_Crow/XC145642-Svartkraka-(2013-07-11_chunk009.wav,3.0,XC145642-Svartkraka-(2013-07-11 06.26)-[0.31]-LS113510.mp3
Carrion_Crow,XC145642-Svartkraka-(2013-07-11,10,data/processed/Carrion_Crow/XC145642-Svartkraka-(2013-07-11_chunk010.wav,3.0,XC145642-Svartkraka-(2013-07-11 06.26)-[0.31]-LS113510.mp3
Carrion_Crow,XC148817-CarrionCrow21June2013NovosibirskRussia,0,data/processed/Carrion_Crow/XC148817-CarrionCrow21June2013NovosibirskRussia_chunk000.wav,3.0,XC148817-CarrionCrow21June2013NovosibirskRussia.mp3
Carrion_Crow,XC148817-CarrionCrow21June2013NovosibirskRussia,1,data/processed/Carrion_Crow/XC148817-CarrionCrow21June2013NovosibirskRussia_chunk001.wav,3.0,XC148817-CarrionCrow21June2013NovosibirskRussia.mp3
Carrion_Crow,XC294835-CarrionCrow_Japan_01262015_call,0,data/processed/Carrion_Crow/XC294835-CarrionCrow_Japan_01262015_call_chunk000.wav,3.0,XC294835-CarrionCrow_Japan_01262015_call.mp3
Carrion_Crow,XC294835-CarrionCrow_Japan_01262015_call,1,data/processed/Carrion_Crow/XC294835-CarrionCrow_Japan_01262015_call_chunk001.wav,3.0,XC294835-CarrionCrow_Japan_01262015_call.mp3
Carrion_Crow,XC294835-CarrionCrow_Japan_01262015_call,2,data/processed/Carrion_Crow/XC294835-CarrionCrow_Japan_01262015_call_chunk002.wav,3.0,XC294835-CarrionCrow_Japan_01262015_call.mp3
Carrion_Crow,XC294835-CarrionCrow_Japan_01262015_call,3,data/processed/Carrion_Crow/XC294835-CarrionCrow_Japan_01262015_call_chunk003.wav,3.0,XC294835-CarrionCrow_Japan_01262015_call.mp3
Carrion_Crow,XC294835-CarrionCrow_Japan_01262015_call,4,data/processed/Carrion_Crow/XC294835-CarrionCrow_Japan_01262015_call_chunk004.wav,3.0,XC294835-CarrionCrow_Japan_01262015_call.mp3
Carrion_Crow,XC294835-CarrionCrow_Japan_01262015_call,5,data/processed/Carrion_Crow/XC294835-CarrionCrow_Japan_01262015_call_chunk005.wav,3.0,XC294835-CarrionCrow_Japan_01262015_call.mp3
Carrion_Crow,XC454870-Carrion,0,data/processed/Carrion_Crow/XC454870-Carrion_chunk000.wav,3.0,XC454870-Carrion Crow & Hooded Cranes E Fields Feb 2 2019 PG1167.mp3
Carrion_Crow,XC454870-Carrion,1,data/processed/Carrion_Crow/XC454870-Carrion_chunk001.wav,3.0,XC454870-Carrion Crow & Hooded Cranes E Fields Feb 2 2019 PG1167.mp3
Carrion_Crow,XC454870-Carrion,2,data/processed/Carrion_Crow/XC454870-Carrion_chunk002.wav,3.0,XC454870-Carrion Crow & Hooded Cranes E Fields Feb 2 2019 PG1167.mp3
Carrion_Crow,XC454870-Carrion,3,data/processed/Carrion_Crow/XC454870-Carrion_chunk003.wav,3.0,XC454870-Carrion Crow & Hooded Cranes E Fields Feb 2 2019 PG1167.mp3
Carrion_Crow,XC454870-Carrion,4,data/processed/Carrion_Crow/XC454870-Carrion_chunk004.wav,3.0,XC454870-Carrion Crow & Hooded Cranes E Fields Feb 2 2019 PG1167.mp3
Carrion_Crow,XC454870-Carrion,5,data/processed/Carrion_Crow/XC454870-Carrion_chunk005.wav,3.0,XC454870-Carrion Crow & Hooded Cranes E Fields Feb 2 2019 PG1167.mp3
Carrion_Crow,XC454870-Carrion,6,data/processed/Carrion_Crow/XC454870-Carrion_chunk006.wav,3.0,XC454870-Carrion Crow & Hooded Cranes E Fields Feb 2 2019 PG1167.mp3
Carrion_Crow,XC454870-Carrion,7,data/processed/Carrion_Crow/XC454870-Carrion_chunk007.wav,3.0,XC454870-Carrion Crow & Hooded Cranes E Fields Feb 2 2019 PG1167.mp3
Carrion_Crow,ZwKraai_Meijendel_110410_antag_Buizerd,0,data/processed/Carrion_Crow/ZwKraai_Meijendel_110410_antag_Buizerd_chunk000.wav,3.0,ZwKraai_Meijendel_110410_antag_Buizerd.mp3
Carrion_Crow,ZwKraai_Meijendel_110410_antag_Buizerd,1,data/processed/Carrion_Crow/ZwKraai_Meijendel_110410_antag_Buizerd_chunk001.wav,3.0,ZwKraai_Meijendel_110410_antag_Buizerd.mp3
Carrion_Crow,ZwKraai_Meijendel_110410_calls,0,data/processed/Carrion_Crow/ZwKraai_Meijendel_110410_calls_chunk000.wav,3.0,ZwKraai_Meijendel_110410_calls.mp3
Carrion_Crow,ZwKraai_Meijendel_110410_calls,1,data/processed/Carrion_Crow/ZwKraai_Meijendel_110410_calls_chunk001.wav,3.0,ZwKraai_Meijendel_110410_calls.mp3
Carrion_Crow,ZwKraai_Meijendel_110410_calls,2,data/processed/Carrion_Crow/ZwKraai_Meijendel_110410_calls_chunk002.wav,3.0,ZwKraai_Meijendel_110410_calls.mp3
Carrion_Crow,ZwKraai_Meijendel_110410_calls,3,data/processed/Carrion_Crow/ZwKraai_Meijendel_110410_calls_chunk003.wav,3.0,ZwKraai_Meijendel_110410_calls.mp3
Carrion_Crow,ZwKraai_Meijendel_110410_calls,4,data/processed/Carrion_Crow/ZwKraai_Meijendel_110410_calls_chunk004.wav,3.0,ZwKraai_Meijendel_110410_calls.mp3
Carrion_Crow,ZwKraai_Meijendel_110410_calls,5,data/processed/Carrion_Crow/ZwKraai_Meijendel_110410_calls_chunk005.wav,3.0,ZwKraai_Meijendel_110410_calls.mp3
Carrion_Crow,ZwKraai_Meijendel_110410_calls,6,data/processed/Carrion_Crow/ZwKraai_Meijendel_110410_calls_chunk006.wav,3.0,ZwKraai_Meijendel_110410_calls.mp3
Carrion_Crow,ZwKraai_Meijendel_110410_calls,7,data/processed/Carrion_Crow/ZwKraai_Meijendel_110410_calls_chunk007.wav,3.0,ZwKraai_Meijendel_110410_calls.mp3
Carrion_Crow,ZwKraai_Meijendel_110410_calls,8,data/processed/Carrion_Crow/ZwKraai_Meijendel_110410_calls_chunk008.wav,3.0,ZwKraai_Meijendel_110410_calls.mp3
Carrion_Crow,ZwKraai_Meijendel_110410_calls,9,data/processed/Carrion_Crow/ZwKraai_Meijendel_110410_calls_chunk009.wav,3.0,ZwKraai_Meijendel_110410_calls.mp3
Carrion_Crow,ZwKraai_Meijendel_110410_calls,10,data/processed/Carrion_Crow/ZwKraai_Meijendel_110410_calls_chunk010.wav,3.0,ZwKraai_Meijendel_110410_calls.mp3
Carrion_Crow,ZwKraai_Meijendel_110410_calls,11,data/processed/Carrion_Crow/ZwKraai_Meijendel_110410_calls_chunk011.wav,3.0,ZwKraai_Meijendel_110410_calls.mp3
Carrion_Crow,ZwKraai_Meijendel_110410_calls,12,data/processed/Carrion_Crow/ZwKraai_Meijendel_110410_calls_chunk012.wav,3.0,ZwKraai_Meijendel_110410_calls.mp3
Carrion_Crow,ZwKraai_Meijendel_110410_calls,13,data/processed/Carrion_Crow/ZwKraai_Meijendel_110410_calls_chunk013.wav,3.0,ZwKraai_Meijendel_110410_calls.mp3
Carrion_Crow,ZwKraai_Meijendel_110410_calls,14,data/processed/Carrion_Crow/ZwKraai_Meijendel_110410_calls_chunk014.wav,3.0,ZwKraai_Meijendel_110410_calls.mp3
Carrion_Crow,ZwKraai_Meijendel_110410_calls,15,data/processed/Carrion_Crow/ZwKraai_Meijendel_110410_calls_chunk015.wav,3.0,ZwKraai_Meijendel_110410_calls.mp3
Carrion_Crow,ZwKraai_Meijendel_110410_calls,16,data/processed/Carrion_Crow/ZwKraai_Meijendel_110410_calls_chunk016.wav,3.0,ZwKraai_Meijendel_110410_calls.mp3
Carrion_Crow,ZwKraai_Meijendel_110410_calls,17,data/processed/Carrion_Crow/ZwKraai_Meijendel_110410_calls_chunk017.wav,3.0,ZwKraai_Meijendel_110410_calls.mp3
Carrion_Crow,ZwKraai_Meijendel_110410_calls,18,data/processed/Carrion_Crow/ZwKraai_Meijendel_110410_calls_chunk018.wav,3.0,ZwKraai_Meijendel_110410_calls.mp3
Carrion_Crow,ZwarteKraai_Meijendel_080709_1730,0,data/processed/Carrion_Crow/ZwarteKraai_Meijendel_080709_1730_chunk000.wav,3.0,ZwarteKraai_Meijendel_080709_1730.mp3
Carrion_Crow,ZwarteKraai_Meijendel_080709_1730,1,data/processed/Carrion_Crow/ZwarteKraai_Meijendel_080709_1730_chunk001.wav,3.0,ZwarteKraai_Meijendel_080709_1730.mp3
Carrion_Crow,ZwarteKraai_Meijendel_080709_1730,2,data/processed/Carrion_Crow/ZwarteKraai_Meijendel_080709_1730_chunk002.wav,3.0,ZwarteKraai_Meijendel_080709_1730.mp3
Carrion_Crow,ZwarteKraai_Meijendel_080709_1730,3,data/processed/Carrion_Crow/ZwarteKraai_Meijendel_080709_1730_chunk003.wav,3.0,ZwarteKraai_Meijendel_080709_1730.mp3
Carrion_Crow,ZwarteKraai_Meijendel_080709_1730,4,data/processed/Carrion_Crow/ZwarteKraai_Meijendel_080709_1730_chunk004.wav,3.0,ZwarteKraai_Meijendel_080709_1730.mp3
Carrion_Crow,ZwarteKraai_Meijendel_080709_1730,5,data/processed/Carrion_Crow/ZwarteKraai_Meijendel_080709_1730_chunk005.wav,3.0,ZwarteKraai_Meijendel_080709_1730.mp3
Carrion_Crow,ZwarteKraai_Meijendel_080709_1730,6,data/processed/Carrion_Crow/ZwarteKraai_Meijendel_080709_1730_chunk006.wav,3.0,ZwarteKraai_Meijendel_080709_1730.mp3
Carrion_Crow,ZwarteKraai_juv_Meijendel_080709_1730,0,data/processed/Carrion_Crow/ZwarteKraai_juv_Meijendel_080709_1730_chunk000.wav,3.0,ZwarteKraai_juv_Meijendel_080709_1730.mp3
Carrion_Crow,ZwarteKraai_juv_Meijendel_080709_1730,1,data/processed/Carrion_Crow/ZwarteKraai_juv_Meijendel_080709_1730_chunk001.wav,3.0,ZwarteKraai_juv_Meijendel_080709_1730.mp3
Carrion_Crow,ZwarteKraai_juv_Meijendel_080709_1730,2,data/processed/Carrion_Crow/ZwarteKraai_juv_Meijendel_080709_1730_chunk002.wav,3.0,ZwarteKraai_juv_Meijendel_080709_1730.mp3
Carrion_Crow,ZwarteKraai_juv_Meijendel_080709_1730,3,data/processed/Carrion_Crow/ZwarteKraai_juv_Meijendel_080709_1730_chunk003.wav,3.0,ZwarteKraai_juv_Meijendel_080709_1730.mp3
Carrion_Crow,ZwarteKraai_juv_Meijendel_080709_1730,4,data/processed/Carrion_Crow/ZwarteKraai_juv_Meijendel_080709_1730_chunk004.wav,3.0,ZwarteKraai_juv_Meijendel_080709_1730.mp3
Carrion_Crow,ZwarteKraai_juv_Meijendel_080709_1730,5,data/processed/Carrion_Crow/ZwarteKraai_juv_Meijendel_080709_1730_chunk005.wav,3.0,ZwarteKraai_juv_Meijendel_080709_1730.mp3
Carrion_Crow,ZwarteKraai_juv_Meijendel_080709_1730,6,data/processed/Carrion_Crow/ZwarteKraai_juv_Meijendel_080709_1730_chunk006.wav,3.0,ZwarteKraai_juv_Meijendel_080709_1730.mp3
Carrion_Crow,ZwarteKraai_juv_Meijendel_080709_1730,7,data/processed/Carrion_Crow/ZwarteKraai_juv_Meijendel_080709_1730_chunk007.wav,3.0,ZwarteKraai_juv_Meijendel_080709_1730.mp3
Carrion_Crow,rabenkr,0,data/processed/Carrion_Crow/rabenkr_chunk000.wav,3.0,rabenkr.mp3
Carrion_Crow,rabenkr,1,data/processed/Carrion_Crow/rabenkr_chunk001.wav,3.0,rabenkr.mp3
Carrion_Crow,rabenkr,2,data/processed/Carrion_Crow/rabenkr_chunk002.wav,3.0,rabenkr.mp3
Carrion_Crow,rabenkr,3,data/processed/Carrion_Crow/rabenkr_chunk003.wav,3.0,rabenkr.mp3
Carrion_Crow,rabenkr,4,data/processed/Carrion_Crow/rabenkr_chunk004.wav,3.0,rabenkr.mp3
Carrion_Crow,rabenkr,5,data/processed/Carrion_Crow/rabenkr_chunk005.wav,3.0,rabenkr.mp3
Carrion_Crow,rabenkr,6,data/processed/Carrion_Crow/rabenkr_chunk006.wav,3.0,rabenkr.mp3
Carrion_Crow,rabenkr,7,data/processed/Carrion_Crow/rabenkr_chunk007.wav,3.0,rabenkr.mp3
