species,xc_id,chunk_index,file_path,duration_sec,source_file
Vega_Gull,XC1025083-GULL_Mongolian_c_flight-Khurkh-V-1100m-060925-0424,0,data/processed/Vega_Gull/XC1025083-GULL_Mongolian_c_flight-Khurkh-V-1100m-060925-0424_chunk000.wav,3.0,XC1025083-GULL_Mongolian_c_flight-Khurkh-V-1100m-060925-0424.mp3
Vega_Gull,XC1025083-GULL_Mongolian_c_flight-Khurkh-V-1100m-060925-0424,1,data/processed/Vega_Gull/XC1025083-GULL_Mongolian_c_flight-Khurkh-V-1100m-060925-0424_chunk001.wav,3.0,XC1025083-GULL_Mongolian_c_flight-Khurkh-V-1100m-060925-0424.mp3
Vega_Gull,XC1025083-GULL_Mongolian_c_flight-Khurkh-V-1100m-060925-0424,2,data/processed/Vega_Gull/XC1025083-GULL_Mongolian_c_flight-Khurkh-V-1100m-060925-0424_chunk002.wav,3.0,XC1025083-GULL_Mongolian_c_flight-Khurkh-V-1100m-060925-0424.mp3
Vega_Gull,XC1029519-GULL_Mongolian-Khurkh-V-1100m-060925-0452,0,data/processed/Vega_Gull/XC1029519-GULL_Mongolian-Khurkh-V-1100m-060925-0452_chunk000.wav,3.0,XC1029519-GULL_Mongolian-Khurkh-V-1100m-060925-0452.mp3
Vega_Gull,XC1029519-GULL_Mongolian-Khurkh-V-1100m-060925-0452,1,data/processed/Vega_Gull/XC1029519-GULL_Mongolian-Khurkh-V-1100m-060925-0452_chunk001.wav,3.0,XC1029519-GULL_Mongolian-Khurkh-V-1100m-060925-0452.mp3
Vega_Gull,XC1029519-GULL_Mongolian-Khurkh-V-1100m-060925-0452,2,data/processed/Vega_Gull/XC1029519-GULL_Mongolian-Khurkh-V-1100m-060925-0452_chunk002.wav,3.0,XC1029519-GULL_Mongolian-Khurkh-V-1100m-060925-0452.mp3
Vega_Gull,XC1029519-GULL_Mongolian-Khurkh-V-1100m-060925-0452,3,data/processed/Vega_Gull/XC1029519-GULL_Mongolian-Khurkh-V-1100m-060925-0452_chunk003.wav,3.0,XC1029519-GULL_Mongolian-Khurkh-V-1100m-060925-0452.mp3
Vega_Gull,XC1029519-GULL_Mongolian-Khurkh-V-1100m-060925-0452,4,data/processed/Vega_Gull/XC1029519-GULL_Mongolian-Khurkh-V-1100m-060925-0452_chunk004.wav,3.0,XC1029519-GULL_Mongolian-Khurkh-V-1100m-060925-0452.mp3
Vega_Gull,XC1029519-GULL_Mongolian-Khurkh-V-1100m-060925-0452,5,data/processed/Vega_Gull/XC1029519-GULL_Mongolian-Khurkh-V-1100m-060925-0452_chunk005.wav,3.0,XC1029519-GULL_Mongolian-Khurkh-V-1100m-060925-0452.mp3
Vega_Gull,XC1029519-GULL_Mongolian-Khurkh-V-1100m-060925-0452,6,data/processed/Vega_Gull/XC1029519-GULL_Mongolian-Khurkh-V-1100m-060925-0452_chunk006.wav,3.0,XC1029519-GULL_Mongolian-Khurkh-V-1100m-060925-0452.mp3
Vega_Gull,XC1029519-GULL_Mongolian-Khurkh-V-1100m-060925-0452,7,data/processed/Vega_Gull/XC1029519-GULL_Mongolian-Khurkh-V-1100m-060925-0452_chunk007.wav,3.0,XC1029519-GULL_Mongolian-Khurkh-V-1100m-060925-0452.mp3
Vega_Gull,XC1029519-GULL_Mongolian-Khurkh-V-1100m-060925-0452,8,data/processed/Vega_Gull/XC1029519-GULL_Mongolian-Khurkh-V-1100m-060925-0452_chunk008.wav,3.0,XC1029519-GULL_Mongolian-Khurkh-V-1100m-060925-0452.mp3
Vega_Gull,XC1029519-GULL_Mongolian-Khurkh-V-1100m-060925-0452,9,data/processed/Vega_Gull/XC1029519-GULL_Mongolian-Khurkh-V-1100m-060925-0452_chunk009.wav,3.0,XC1029519-GULL_Mongolian-Khurkh-V-1100m-060925-0452.mp3
Vega_Gull,XC1029519-GULL_Mongolian-Khurkh-V-1100m-060925-0452,10,data/processed/Vega_Gull/XC1029519-GULL_Mongolian-Khurkh-V-1100m-060925-0452_chunk010.wav,3.0,XC1029519-GULL_Mongolian-Khurkh-V-1100m-060925-0452.mp3
Vega_Gull,XC1029519-GULL_Mongolian-Khurkh-V-1100m-060925-0452,11,data/processed/Vega_Gull/XC1029519-GULL_Mongolian-Khurkh-V-1100m-060925-0452_chunk011.wav,3.0,XC1029519-GULL_Mongolian-Khurkh-V-1100m-060925-0452.mp3
Vega_Gull,XC1029519-GULL_Mongolian-Khurkh-V-1100m-060925-0452,12,data/processed/Vega_Gull/XC1029519-GULL_Mongolian-Khurkh-V-1100m-060925-0452_chunk012.wav,3.0,XC1029519-GULL_Mongolian-Khurkh-V-1100m-060925-0452.mp3
Vega_Gull,XC1029519-GULL_Mongolian-Khurkh-V-1100m-060925-0452,13,data/processed/Vega_Gull/XC1029519-GULL_Mongolian-Khurkh-V-1100m-060925-0452_chunk013.wav,3.0,XC1029519-GULL_Mongolian-Khurkh-V-1100m-060925-0452.mp3
Vega_Gull,XC1029519-GULL_Mongolian-Khurkh-V-1100m-060925-0452,14,data/processed/Vega_Gull/XC1029519-GULL_Mongolian-Khurkh-V-1100m-060925-0452_chunk014.wav,3.0,XC1029519-GULL_Mongolian-Khurkh-V-1100m-060925-0452.mp3
Vega_Gull,XC1029519-GULL_Mongolian-Khurkh-V-1100m-060925-0452,15,data/processed/Vega_Gull/XC1029519-GULL_Mongolian-Khurkh-V-1100m-060925-0452_chunk015.wav,3.0,XC1029519-GULL_Mongolian-Khurkh-V-1100m-060925-0452.mp3
Vega_Gull,XC1029519-GULL_Mongolian-Khurkh-V-1100m-060925-0452,16,data/processed/Vega_Gull/XC1029519-GULL_Mongolian-Khurkh-V-1100m-060925-0452_chunk016.wav,3.0,XC1029519-GULL_Mongolian-Khurkh-V-1100m-060925-0452.mp3
Vega_Gull,XC1029519-GULL_Mongolian-Khurkh-V-1100m-060925-0452,17,data/processed/Vega_Gull/XC1029519-GULL_Mongolian-Khurkh-V-1100m-060925-0452_chunk017.wav,3.0,XC1029519-GULL_Mongolian-Khurkh-V-1100m-060925-0452.mp3
Vega_Gull,XC1029519-GULL_Mongolian-Khurkh-V-1100m-060925-0452,18,data/processed/Vega_Gull/XC1029519-GULL_Mongolian-Khurkh-V-1100m-060925-0452_chunk018.wav,3.0,XC1029519-GULL_Mongolian-Khurkh-V-1100m-060925-0452.mp3
Vega_Gull,XC1029519-GULL_Mongolian-Khurkh-V-1100m-060925-0452,19,data/processed/Vega_Gull/XC1029519-GULL_Mongolian-Khurkh-V-1100m-060925-0452_chunk019.wav,3.0,XC1029519-GULL_Mongolian-Khurkh-V-1100m-060925-0452.mp3
Vega_Gull,XC1029519-GULL_Mongolian-Khurkh-V-1100m-060925-0452,20,data/processed/Vega_Gull/XC1029519-GULL_Mongolian-Khurkh-V-1100m-060925-0452_chunk020.wav,3.0,XC1029519-GULL_Mongolian-Khurkh-V-1100m-060925-0452.mp3
Vega_Gull,XC1029519-GULL_Mongolian-Khurkh-V-1100m-060925-0452,21,data/processed/Vega_Gull/XC1029519-GULL_Mongolian-Khurkh-V-1100m-060925-0452_chunk021.wav,3.0,XC1029519-GULL_Mongolian-Khurkh-V-1100m-060925-0452.mp3
Vega_Gull,XC1029519-GULL_Mongolian-Khurkh-V-1100m-060925-0452,22,data/processed/Vega_Gull/XC1029519-GULL_Mongolian-Khurkh-V-1100m-060925-0452_chunk022.wav,3.0,XC1029519-GULL_Mongolian-Khurkh-V-1100m-060925-0452.mp3
Vega_Gull,XC1029519-GULL_Mongolian-Khurkh-V-1100m-060925-0452,23,data/processed/Vega_Gull/XC1029519-GULL_Mongolian-Khurkh-V-1100m-060925-0452_chunk023.wav,3.0,XC1029519-GULL_Mongolian-Khurkh-V-1100m-060925-0452.mp3
Vega_Gull,XC1029519-GULL_Mongolian-Khurkh-V-1100m-060925-0452,24,data/processed/Vega_Gull/XC1029519-GULL_Mongolian-Khurkh-V-1100m-060925-0452_chunk024.wav,3.0,XC1029519-GULL_Mongolian-Khurkh-V-1100m-060925-0452.mp3
Vega_Gull,XC1029519-GULL_Mongolian-Khurkh-V-1100m-060925-0452,25,data/processed/Vega_Gull/XC1029519-GULL_Mongolian-Khurkh-V-1100m-060925-0452_chunk025.wav,3.0,XC1029519-GULL_Mongolian-Khurkh-V-1100m-060925-0452.mp3
Vega_Gull,XC1029519-GULL_Mongolian-Khurkh-V-1100m-060925-0452,26,data/processed/Vega_Gull/XC1029519-GULL_Mongolian-Khurkh-V-1100m-060925-0452_chunk026.wav,3.0,XC1029519-GULL_Mongolian-Khurkh-V-1100m-060925-0452.mp3
Vega_Gull,XC1029519-GULL_Mongolian-Khurkh-V-1100m-060925-0452,27,data/processed/Vega_Gull/XC1029519-GULL_Mongolian-Khurkh-V-1100m-060925-0452_chunk027.wav,3.0,XC1029519-GULL_Mongolian-Khurkh-V-1100m-060925-0452.mp3
Vega_Gull,XC1029519-GULL_Mongolian-Khurkh-V-1100m-060925-0452,28,data/processed/Vega_Gull/XC1029519-GULL_Mongolian-Khurkh-V-1100m-060925-0452_chunk028.wav,3.0,XC1029519-GULL_Mongolian-Khurkh-V-1100m-060925-0452.mp3
Vega_Gull,XC1029519-GULL_Mongolian-Khurkh-V-1100m-060925-0452,29,data/processed/Vega_Gull/XC1029519-GULL_Mongolian-Khurkh-V-1100m-060925-0452_chunk029.wav,3.0,XC1029519-GULL_Mongolian-Khurkh-V-1100m-060925-0452.mp3
Vega_Gull,XC1029519-GULL_Mongolian-Khurkh-V-1100m-060925-0452,30,data/processed/Vega_Gull/XC1029519-GULL_Mongolian-Khurkh-V-1100m-060925-0452_chunk030.wav,3.0,XC1029519-GULL_Mongolian-Khurkh-V-1100m-060925-0452.mp3
Vega_Gull,XC1029519-GULL_Mongolian-Khurkh-V-1100m-060925-0452,31,data/processed/Vega_Gull/XC1029519-GULL_Mongolian-Khurkh-V-1100m-060925-0452_chunk031.wav,3.0,XC1029519-GULL_Mongolian-Khurkh-V-1100m-060925-0452.mp3
Vega_Gull,XC1029519-GULL_Mongolian-Khurkh-V-1100m-060925-0452,32,data/processed/Vega_Gull/XC1029519-GULL_Mongolian-Khurkh-V-1100m-060925-0452_chunk032.wav,3.0,XC1029519-GULL_Mongolian-Khurkh-V-1100m-060925-0452.mp3
Vega_Gull,XC1029519-GULL_Mongolian-Khurkh-V-1100m-060925-0452,33,data/processed/Vega_Gull/XC1029519-GULL_Mongolian-Khurkh-V-1100m-060925-0452_chunk033.wav,3.0,XC1029519-GULL_Mongolian-Khurkh-V-1100m-060925-0452.mp3
Vega_Gull,XC1029519-GULL_Mongolian-Khurkh-V-1100m-060925-0452,34,data/processed/Vega_Gull/XC1029519-GULL_Mongolian-Khurkh-V-1100m-060925-0452_chunk034.wav,3.0,XC1029519-GULL_Mongolian-Khurkh-V-1100m-060925-0452.mp3
Vega_Gull,XC1029519-GULL_Mongolian-Khurkh-V-1100m-060925-0452,35,data/processed/Vega_Gull/XC1029519-GULL_Mongolian-Khurkh-V-1100m-060925-0452_chunk035.wav,3.0,XC1029519-GULL_Mongolian-Khurkh-V-1100m-060925-0452.mp3
Vega_Gull,XC1029519-GULL_Mongolian-Khurkh-V-1100m-060925-0452,36,data/processed/Vega_Gull/XC1029519-GULL_Mongolian-Khurkh-V-1100m-060925-0452_chunk036.wav,3.0,XC1029519-GULL_Mongolian-Khurkh-V-1100m-060925-0452.mp3
Vega_Gull,XC1029519-GULL_Mongolian-Khurkh-V-1100m-060925-0452,37,data/processed/Vega_Gull/XC1029519-GULL_Mongolian-Khurkh-V-1100m-060925-0452_chunk037.wav,3.0,XC1029519-GULL_Mongolian-Khurkh-V-1100m-060925-0452.mp3
Vega_Gull,XC1029519-GULL_Mongolian-Khurkh-V-1100m-060925-0452,38,data/processed/Vega_Gull/XC1029519-GULL_Mongolian-Khurkh-V-1100m-060925-0452_chunk038.wav,3.0,XC1029519-GULL_Mongolian-Khurkh-V-1100m-060925-0452.mp3
Vega_Gull,XC1029519-GULL_Mongolian-Khurkh-V-1100m-060925-0452,39,data/processed/Vega_Gull/XC1029519-GULL_Mongolian-Khurkh-V-1100m-060925-0452_chunk039.wav,3.0,XC1029519-GULL_Mongolian-Khurkh-V-1100m-060925-0452.mp3
Vega_Gull,XC1029519-GULL_Mongolian-Khurkh-V-1100m-060925-0452,40,data/processed/Vega_Gull/XC1029519-GULL_Mongolian-Khurkh-V-1100m-060925-0452_chunk040.wav,3.0,XC1029519-GULL_Mongolian-Khurkh-V-1100m-060925-0452.mp3
Vega_Gull,XC1029519-GULL_Mongolian-Khurkh-V-1100m-060925-0452,41,data/processed/Vega_Gull/XC1029519-GULL_Mongolian-Khurkh-V-1100m-060925-0452_chunk041.wav,3.0,XC1029519-GULL_Mongolian-Khurkh-V-1100m-060925-0452.mp3
Vega_Gull,XC1029519-GULL_Mongolian-Khurkh-V-1100m-060925-0452,42,data/processed/Vega_Gull/XC1029519-GULL_Mongolian-Khurkh-V-1100m-060925-0452_chunk042.wav,3.0,XC1029519-GULL_Mongolian-Khurkh-V-1100m-060925-0452.mp3
Vega_Gull,XC1029519-GULL_Mongolian-Khurkh-V-1100m-060925-0452,43,data/processed/Vega_Gull/XC1029519-GULL_Mongolian-Khurkh-V-1100m-060925-0452_chunk043.wav,3.0,XC1029519-GULL_Mongolian-Khurkh-V-1100m-060925-0452.mp3
Vega_Gull,XC1029519-GULL_Mongolian-Khurkh-V-1100m-060925-0452,44,data/processed/Vega_Gull/XC1029519-GULL_Mongolian-Khurkh-V-1100m-060925-0452_chunk044.wav,3.0,XC1029519-GULL_Mongolian-Khurkh-V-1100m-060925-0452.mp3
Vega_Gull,XC1029519-GULL_Mongolian-Khurkh-V-1100m-060925-0452,45,data/processed/Vega_Gull/XC1029519-GULL_Mongolian-Khurkh-V-1100m-060925-0452_chunk045.wav,3.0,XC1029519-GULL_Mongolian-Khurkh-V-1100m-060925-0452.mp3
Vega_Gull,XC1029519-GULL_Mongolian-Khurkh-V-1100m-060925-0452,46,data/processed/Vega_Gull/XC1029519-GULL_Mongolian-Khurkh-V-1100m-060925-0452_chunk046.wav,3.0,XC1029519-GULL_Mongolian-Khurkh-V-1100m-060925-0452.mp3
Vega_Gull,XC1029519-GULL_Mongolian-Khurkh-V-1100m-060925-0452,47,data/processed/Vega_Gull/XC1029519-GULL_Mongolian-Khurkh-V-1100m-060925-0452_chunk047.wav,3.0,XC1029519-GULL_Mongolian-Khurkh-V-1100m-060925-0452.mp3
Vega_Gull,XC1029519-GULL_Mongolian-Khurkh-V-1100m-060925-0452,48,data/processed/Vega_Gull/XC1029519-GULL_Mongolian-Khurkh-V-1100m-060925-0452_chunk048.wav,3.0,XC1029519-GULL_Mongolian-Khurkh-V-1100m-060925-0452.mp3
Vega_Gull,XC1029519-GULL_Mongolian-Khurkh-V-1100m-060925-0452,49,data/processed/Vega_Gull/XC1029519-GULL_Mongolian-Khurkh-V-1100m-060925-0452_chunk049.wav,3.0,XC1029519-GULL_Mongolian-Khurkh-V-1100m-060925-0452.mp3
Vega_Gull,XC1029519-GULL_Mongolian-Khurkh-V-1100m-060925-0452,50,data/processed/Vega_Gull/XC1029519-GULL_Mongolian-Khurkh-V-1100m-060925-0452_chunk050.wav,3.0,XC1029519-GULL_Mongolian-Khurkh-V-1100m-060925-0452.mp3
Vega_Gull,XC1029519-GULL_Mongolian-Khurkh-V-1100m-060925-0452,51,data/processed/Vega_Gull/XC1029519-GULL_Mongolian-Khurkh-V-1100m-060925-0452_chunk051.wav,3.0,XC1029519-GULL_Mongolian-Khurkh-V-1100m-060925-0452.mp3
Vega_Gull,XC1029519-GULL_Mongolian-Khurkh-V-1100m-060925-0452,52,data/processed/Vega_Gull/XC1029519-GULL_Mongolian-Khurkh-V-1100m-060925-0452_chunk052.wav,3.0,XC1029519-GULL_Mongolian-Khurkh-V-1100m-060925-0452.mp3
Vega_Gull,XC1029519-GULL_Mongolian-Khurkh-V-1100m-060925-0452,53,data/processed/Vega_Gull/XC1029519-GULL_Mongolian-Khurkh-V-1100m-060925-0452_chunk053.wav,3.0,XC1029519-GULL_Mongolian-Khurkh-V-1100m-060925-0452.mp3
Vega_Gull,XC1029519-GULL_Mongolian-Khurkh-V-1100m-060925-0452,54,data/processed/Vega_Gull/XC1029519-GULL_Mongolian-Khurkh-V-1100m-060925-0452_chunk054.wav,3.0,XC1029519-GULL_Mongolian-Khurkh-V-1100m-060925-0452.mp3
Vega_Gull,XC1029519-GULL_Mongolian-Khurkh-V-1100m-060925-0452,55,data/processed/Vega_Gull/XC1029519-GULL_Mongolian-Khurkh-V-1100m-060925-0452_chunk055.wav,3.0,XC1029519-GULL_Mongolian-Khurkh-V-1100m-060925-0452.mp3
Vega_Gull,XC1029519-GULL_Mongolian-Khurkh-V-1100m-060925-0452,56,data/processed/Vega_Gull/XC1029519-GULL_Mongolian-Khurkh-V-1100m-060925-0452_chunk056.wav,3.0,XC1029519-GULL_Mongolian-Khurkh-V-1100m-060925-0452.mp3
Vega_Gull,XC1029519-GULL_Mongolian-Khurkh-V-1100m-060925-0452,57,data/processed/Vega_Gull/XC1029519-GULL_Mongolian-Khurkh-V-1100m-060925-0452_chunk057.wav,3.0,XC1029519-GULL_Mongolian-Khurkh-V-1100m-060925-0452.mp3
Vega_Gull,XC1029519-GULL_Mongolian-Khurkh-V-1100m-060925-0452,58,data/processed/Vega_Gull/XC1029519-GULL_Mongolian-Khurkh-V-1100m-060925-0452_chunk058.wav,3.0,XC1029519-GULL_Mongolian-Khurkh-V-1100m-060925-0452.mp3
Vega_Gull,XC1029519-GULL_Mongolian-Khurkh-V-1100m-060925-0452,59,data/processed/Vega_Gull/XC1029519-GULL_Mongolian-Khurkh-V-1100m-060925-0452_chunk059.wav,3.0,XC1029519-GULL_Mongolian-Khurkh-V-1100m-060925-0452.mp3
Vega_Gull,XC1029519-GULL_Mongolian-Khurkh-V-1100m-060925-0452,60,data/processed/Vega_Gull/XC1029519-GULL_Mongolian-Khurkh-V-1100m-060925-0452_chunk060.wav,3.0,XC1029519-GULL_Mongolian-Khurkh-V-1100m-060925-0452.mp3
Vega_Gull,XC1029519-GULL_Mongolian-Khurkh-V-1100m-060925-0452,61,data/processed/Vega_Gull/XC1029519-GULL_Mongolian-Khurkh-V-1100m-060925-0452_chunk061.wav,3.0,XC1029519-GULL_Mongolian-Khurkh-V-1100m-060925-0452.mp3
Vega_Gull,XC1029519-GULL_Mongolian-Khurkh-V-1100m-060925-0452,62,data/processed/Vega_Gull/XC1029519-GULL_Mongolian-Khurkh-V-1100m-060925-0452_chunk062.wav,3.0,XC1029519-GULL_Mongolian-Khurkh-V-1100m-060925-0452.mp3
Vega_Gull,XC1029519-GULL_Mongolian-Khurkh-V-1100m-060925-0452,63,data/processed/Vega_Gull/XC1029519-GULL_Mongolian-Khurkh-V-1100m-060925-0452_chunk063.wav,3.0,XC1029519-GULL_Mongolian-Khurkh-V-1100m-060925-0452.mp3
Vega_Gull,XC1029519-GULL_Mongolian-Khurkh-V-1100m-060925-0452,64,data/processed/Vega_Gull/XC1029519-GULL_Mongolian-Khurkh-V-1100m-060925-0452_chunk064.wav,3.0,XC1029519-GULL_Mongolian-Khurkh-V-1100m-060925-0452.mp3
Vega_Gull,XC1029519-GULL_Mongolian-Khurkh-V-1100m-060925-0452,65,data/processed/Vega_Gull/XC1029519-GULL_Mongolian-Khurkh-V-1100m-060925-0452_chunk065.wav,3.0,XC1029519-GULL_Mongolian-Khurkh-V-1100m-060925-0452.mp3
Vega_Gull,XC1029519-GULL_Mongolian-Khurkh-V-1100m-060925-0452,66,data/processed/Vega_Gull/XC1029519-GULL_Mongolian-Khurkh-V-1100m-060925-0452_chunk066.wav,3.0,XC1029519-GULL_Mongolian-Khurkh-V-1100m-060925-0452.mp3
Vega_Gull,XC1029519-GULL_Mongolian-Khurkh-V-1100m-060925-0452,67,data/processed/Vega_Gull/XC1029519-GULL_Mongolian-Khurkh-V-1100m-060925-0452_chunk067.wav,3.0,XC1029519-GULL_Mongolian-Khurkh-V-1100m-060925-0452.mp3
Vega_Gull,XC1029519-GULL_Mongolian-Khurkh-V-1100m-060925-0452,68,data/processed/Vega_Gull/XC1029519-GULL_Mongolian-Khurkh-V-1100m-060925-0452_chunk068.wav,3.0,XC1029519-GULL_Mongolian-Khurkh-V-1100m-060925-0452.mp3
Vega_Gull,XC1029519-GULL_Mongolian-Khurkh-V-1100m-060925-0452,69,data/processed/Vega_Gull/XC1029519-GULL_Mongolian-Khurkh-V-1100m-060925-0452_chunk069.wav,3.0,XC1029519-GULL_Mongolian-Khurkh-V-1100m-060925-0452.mp3
Vega_Gull,XC1029519-GULL_Mongolian-Khurkh-V-1100m-060925-0452,70,data/processed/Vega_Gull/XC1029519-GULL_Mongolian-Khurkh-V-1100m-060925-0452_chunk070.wav,3.0,XC1029519-GULL_Mongolian-Khurkh-V-1100m-060925-0452.mp3
Vega_Gull,XC1029519-GULL_Mongolian-Khurkh-V-1100m-060925-0452,71,data/processed/Vega_Gull/XC1029519-GULL_Mongolian-Khurkh-V-1100m-060925-0452_chunk071.wav,3.0,XC1029519-GULL_Mongolian-Khurkh-V-1100m-060925-0452.mp3
Vega_Gull,XC1029519-GULL_Mongolian-Khurkh-V-1100m-060925-0452,72,data/processed/Vega_Gull/XC1029519-GULL_Mongolian-Khurkh-V-1100m-060925-0452_chunk072.wav,3.0,XC1029519-GULL_Mongolian-Khurkh-V-1100m-060925-0452.mp3
Vega_Gull,XC1029519-GULL_Mongolian-Khurkh-V-1100m-060925-0452,73,data/processed/Vega_Gull/XC1029519-GULL_Mongolian-Khurkh-V-1100m-060925-0452_chunk073.wav,3.0,XC1029519-GULL_Mongolian-Khurkh-V-1100m-060925-0452.mp3
Vega_Gull,XC1029519-GULL_Mongolian-Khurkh-V-1100m-060925-0452,74,data/processed/Vega_Gull/XC1029519-GULL_Mongolian-Khurkh-V-1100m-060925-0452_chunk074.wav,3.0,XC1029519-GULL_Mongolian-Khurkh-V-1100m-060925-0452.mp3
Vega_Gull,XC1029519-GULL_Mongolian-Khurkh-V-1100m-060925-0452,75,data/processed/Vega_Gull/XC1029519-GULL_Mongolian-Khurkh-V-1100m-060925-0452_chunk075.wav,3.0,XC1029519-GULL_Mongolian-Khurkh-V-1100m-060925-0452.mp3
Vega_Gull,XC1029519-GULL_Mongolian-Khurkh-V-1100m-060925-0452,76,data/processed/Vega_Gull/XC1029519-GULL_Mongolian-Khurkh-V-1100m-060925-0452_chunk076.wav,3.0,XC1029519-GULL_Mongolian-Khurkh-V-1100m-060925-0452.mp3
Vega_Gull,XC1029519-GULL_Mongolian-Khurkh-V-1100m-060925-0452,77,data/processed/Vega_Gull/XC1029519-GULL_Mongolian-Khurkh-V-1100m-060925-0452_chunk077.wav,3.0,XC1029519-GULL_Mongolian-Khurkh-V-1100m-060925-0452.mp3
Vega_Gull,XC1029519-GULL_Mongolian-Khurkh-V-1100m-060925-0452,78,data/processed/Vega_Gull/XC1029519-GULL_Mongolian-Khurkh-V-1100m-060925-0452_chunk078.wav,3.0,XC1029519-GULL_Mongolian-Khurkh-V-1100m-060925-0452.mp3
Vega_Gull,XC1029519-GULL_Mongolian-Khurkh-V-1100m-060925-0452,79,data/processed/Vega_Gull/XC1029519-GULL_Mongolian-Khurkh-V-1100m-060925-0452_chunk079.wav,3.0,XC1029519-GULL_Mongolian-Khurkh-V-1100m-060925-0452.mp3
Vega_Gull,XC1029519-GULL_Mongolian-Khurkh-V-1100m-060925-0452,80,data/processed/Vega_Gull/XC1029519-GULL_Mongolian-Khurkh-V-1100m-060925-0452_chunk080.wav,3.0,XC1029519-GULL_Mongolian-Khurkh-V-1100m-060925-0452.mp3
Vega_Gull,XC1029519-GULL_Mongolian-Khurkh-V-1100m-060925-0452,81,data/processed/Vega_Gull/XC1029519-GULL_Mongolian-Khurkh-V-1100m-060925-0452_chunk081.wav,3.0,XC1029519-GULL_Mongolian-Khurkh-V-1100m-060925-0452.mp3
Vega_Gull,XC1029519-GULL_Mongolian-Khurkh-V-1100m-060925-0452,82,data/processed/Vega_Gull/XC1029519-GULL_Mongolian-Khurkh-V-1100m-060925-0452_chunk082.wav,3.0,XC1029519-GULL_Mongolian-Khurkh-V-1100m-060925-0452.mp3
Vega_Gull,XC1029519-GULL_Mongolian-Khurkh-V-1100m-060925-0452,83,data/processed/Vega_Gull/XC1029519-GULL_Mongolian-Khurkh-V-1100m-060925-0452_chunk083.wav,3.0,XC1029519-GULL_Mongolian-Khurkh-V-1100m-060925-0452.mp3
Vega_Gull,XC140809-Vega,0,data/processed/Vega_Gull/XC140809-Vega_chunk000.wav,3.0,XC140809-Vega Gull2013-5-25-2.mp3
Vega_Gull,XC140809-Vega,1,data/processed/Vega_Gull/XC140809-Vega_chunk001.wav,3.0,XC140809-Vega Gull2013-5-25-2.mp3
Vega_Gull,XC140809-Vega,2,data/processed/Vega_Gull/XC140809-Vega_chunk002.wav,3.0,XC140809-Vega Gull2013-5-25-2.mp3
Vega_Gull,XC140809-Vega,3,data/processed/Vega_Gull/XC140809-Vega_chunk003.wav,3.0,XC140809-Vega Gull2013-5-25-2.mp3
Vega_Gull,XC162570-PFR08864_1-10_130526_vegagull-mongolicus-FL-AD-SOC-AGO,0,data/processed/Vega_Gull/XC162570-PFR08864_1-10_130526_vegagull-mongolicus-FL-AD-SOC-AGO_chunk000.wav,3.0,XC162570-PFR08864_1-10_130526_vegagull-mongolicus-FL-AD-SOC-AGO.mp3
Vega_Gull,XC162570-PFR08864_1-10_130526_vegagull-mongolicus-FL-AD-SOC-AGO,1,data/processed/Vega_Gull/XC162570-PFR08864_1-10_130526_vegagull-mongolicus-FL-AD-SOC-AGO_chunk001.wav,3.0,XC162570-PFR08864_1-10_130526_vegagull-mongolicus-FL-AD-SOC-AGO.mp3
Vega_Gull,XC162570-PFR08864_1-10_130526_vegagull-mongolicus-FL-AD-SOC-AGO,2,data/processed/Vega_Gull/XC162570-PFR08864_1-10_130526_vegagull-mongolicus-FL-AD-SOC-AGO_chunk002.wav,3.0,XC162570-PFR08864_1-10_130526_vegagull-mongolicus-FL-AD-SOC-AGO.mp3
Vega_Gull,XC162570-PFR08864_1-10_130526_vegagull-mongolicus-FL-AD-SOC-AGO,3,data/processed/Vega_Gull/XC162570-PFR08864_1-10_130526_vegagull-mongolicus-FL-AD-SOC-AGO_chunk003.wav,3.0,XC162570-PFR08864_1-10_130526_vegagull-mongolicus-FL-AD-SOC-AGO.mp3
Vega_Gull,XC162570-PFR08864_1-10_130526_vegagull-mongolicus-FL-AD-SOC-AGO,4,data/processed/Vega_Gull/XC162570-PFR08864_1-10_130526_vegagull-mongolicus-FL-AD-SOC-AGO_chunk004.wav,3.0,XC162570-PFR08864_1-10_130526_vegagull-mongolicus-FL-AD-SOC-AGO.mp3
Vega_Gull,XC162570-PFR08864_1-10_130526_vegagull-mongolicus-FL-AD-SOC-AGO,5,data/processed/Vega_Gull/XC162570-PFR08864_1-10_130526_vegagull-mongolicus-FL-AD-SOC-AGO_chunk005.wav,3.0,XC162570-PFR08864_1-10_130526_vegagull-mongolicus-FL-AD-SOC-AGO.mp3
Vega_Gull,XC162570-PFR08864_1-10_130526_vegagull-mongolicus-FL-AD-SOC-AGO,6,data/processed/Vega_Gull/XC162570-PFR08864_1-10_130526_vegagull-mongolicus-FL-AD-SOC-AGO_chunk006.wav,3.0,XC162570-PFR08864_1-10_130526_vegagull-mongolicus-FL-AD-SOC-AGO.mp3
Vega_Gull,XC162570-PFR08864_1-10_130526_vegagull-mongolicus-FL-AD-SOC-AGO,7,data/processed/Vega_Gull/XC162570-PFR08864_1-10_130526_vegagull-mongolicus-FL-AD-SOC-AGO_chunk007.wav,3.0,XC162570-PFR08864_1-10_130526_vegagull-mongolicus-FL-AD-SOC-AGO.mp3
Vega_Gull,XC162594-PFR08987_2-10_130528_vegagull-mongolicus-1-C-LC-HAND,0,data/processed/Vega_Gull/XC162594-PFR08987_2-10_130528_vegagull-mongolicus-1-C-LC-HAND_chunk000.wav,3.0,XC162594-PFR08987_2-10_130528_vegagull-mongolicus-1-C-LC-HAND.mp3
Vega_Gull,XC162594-PFR08987_2-10_130528_vegagull-mongolicus-1-C-LC-HAND,1,data/processed/Vega_Gull/XC162594-PFR08987_2-10_130528_vegagull-mongolicus-1-C-LC-HAND_chunk001.wav,3.0,XC162594-PFR08987_2-10_130528_vegagull-mongolicus-1-C-LC-HAND.mp3
Vega_Gull,XC162594-PFR08987_2-10_130528_vegagull-mongolicus-1-C-LC-HAND,2,data/processed/Vega_Gull/XC162594-PFR08987_2-10_130528_vegagull-mongolicus-1-C-LC-HAND_chunk002.wav,3.0,XC162594-PFR08987_2-10_130528_vegagull-mongolicus-1-C-LC-HAND.mp3
Vega_Gull,XC162594-PFR08987_2-10_130528_vegagull-mongolicus-1-C-LC-HAND,3,data/processed/Vega_Gull/XC162594-PFR08987_2-10_130528_vegagull-mongolicus-1-C-LC-HAND_chunk003.wav,3.0,XC162594-PFR08987_2-10_130528_vegagull-mongolicus-1-C-LC-HAND.mp3
Vega_Gull,XC162594-PFR08987_2-10_130528_vegagull-mongolicus-1-C-LC-HAND,4,data/processed/Vega_Gull/XC162594-PFR08987_2-10_130528_vegagull-mongolicus-1-C-LC-HAND_chunk004.wav,3.0,XC162594-PFR08987_2-10_130528_vegagull-mongolicus-1-C-LC-HAND.mp3
Vega_Gull,XC162594-PFR08987_2-10_130528_vegagull-mongolicus-1-C-LC-HAND,5,data/processed/Vega_Gull/XC162594-PFR08987_2-10_130528_vegagull-mongolicus-1-C-LC-HAND_chunk005.wav,3.0,XC162594-PFR08987_2-10_130528_vegagull-mongolicus-1-C-LC-HAND.mp3
Vega_Gull,XC266265-Larus,0,data/processed/Vega_Gull/XC266265-Larus_chunk000.wav,3.0,"XC266265-Larus vegae mongolicus 150507_004,BB.MP3"
Vega_Gull,XC266265-Larus,1,data/processed/Vega_Gull/XC266265-Larus_chunk001.wav,3.0,"XC266265-Larus vegae mongolicus 150507_004,BB.MP3"
Vega_Gull,XC266265-Larus,2,data/processed/Vega_Gull/XC266265-Larus_chunk002.wav,3.0,"XC266265-Larus vegae mongolicus 150507_004,BB.MP3"
Vega_Gull,XC266265-Larus,3,data/processed/Vega_Gull/XC266265-Larus_chunk003.wav,3.0,"XC266265-Larus vegae mongolicus 150507_004,BB.MP3"
Vega_Gull,XC266265-Larus,4,data/processed/Vega_Gull/XC266265-Larus_chunk004.wav,3.0,"XC266265-Larus vegae mongolicus 150507_004,BB.MP3"
Vega_Gull,XC266265-Larus,5,data/processed/Vega_Gull/XC266265-Larus_chunk005.wav,3.0,"XC266265-Larus vegae mongolicus 150507_004,BB.MP3"
Vega_Gull,XC266265-Larus,6,data/processed/Vega_Gull/XC266265-Larus_chunk006.wav,3.0,"XC266265-Larus vegae mongolicus 150507_004,BB.MP3"
Vega_Gull,XC380820-170607_0031,0,data/processed/Vega_Gull/XC380820-170607_0031_chunk000.wav,3.0,XC380820-170607_0031 Larus v vegae red.mp3
Vega_Gull,XC380820-170607_0031,1,data/processed/Vega_Gull/XC380820-170607_0031_chunk001.wav,3.0,XC380820-170607_0031 Larus v vegae red.mp3
Vega_Gull,XC380820-170607_0031,2,data/processed/Vega_Gull/XC380820-170607_0031_chunk002.wav,3.0,XC380820-170607_0031 Larus v vegae red.mp3
Vega_Gull,XC380820-170607_0031,3,data/processed/Vega_Gull/XC380820-170607_0031_chunk003.wav,3.0,XC380820-170607_0031 Larus v vegae red.mp3
Vega_Gull,XC380820-170607_0031,4,data/processed/Vega_Gull/XC380820-170607_0031_chunk004.wav,3.0,XC380820-170607_0031 Larus v vegae red.mp3
Vega_Gull,XC380820-170607_0031,5,data/processed/Vega_Gull/XC380820-170607_0031_chunk005.wav,3.0,XC380820-170607_0031 Larus v vegae red.mp3
Vega_Gull,XC380820-170607_0031,6,data/processed/Vega_Gull/XC380820-170607_0031_chunk006.wav,3.0,XC380820-170607_0031 Larus v vegae red.mp3
Vega_Gull,XC380820-170607_0031,7,data/processed/Vega_Gull/XC380820-170607_0031_chunk007.wav,3.0,XC380820-170607_0031 Larus v vegae red.mp3
Vega_Gull,XC380820-170607_0031,8,data/processed/Vega_Gull/XC380820-170607_0031_chunk008.wav,3.0,XC380820-170607_0031 Larus v vegae red.mp3
Vega_Gull,XC380820-170607_0031,9,data/processed/Vega_Gull/XC380820-170607_0031_chunk009.wav,3.0,XC380820-170607_0031 Larus v vegae red.mp3
Vega_Gull,XC380820-170607_0031,10,data/processed/Vega_Gull/XC380820-170607_0031_chunk010.wav,3.0,XC380820-170607_0031 Larus v vegae red.mp3
Vega_Gull,XC380820-170607_0031,11,data/processed/Vega_Gull/XC380820-170607_0031_chunk011.wav,3.0,XC380820-170607_0031 Larus v vegae red.mp3
Vega_Gull,XC380820-170607_0031,12,data/processed/Vega_Gull/XC380820-170607_0031_chunk012.wav,3.0,XC380820-170607_0031 Larus v vegae red.mp3
Vega_Gull,XC380820-170607_0031,13,data/processed/Vega_Gull/XC380820-170607_0031_chunk013.wav,3.0,XC380820-170607_0031 Larus v vegae red.mp3
Vega_Gull,XC380820-170607_0031,14,data/processed/Vega_Gull/XC380820-170607_0031_chunk014.wav,3.0,XC380820-170607_0031 Larus v vegae red.mp3
Vega_Gull,XC380820-170607_0031,15,data/processed/Vega_Gull/XC380820-170607_0031_chunk015.wav,3.0,XC380820-170607_0031 Larus v vegae red.mp3
Vega_Gull,XC380820-170607_0031,16,data/processed/Vega_Gull/XC380820-170607_0031_chunk016.wav,3.0,XC380820-170607_0031 Larus v vegae red.mp3
Vega_Gull,XC380820-170607_0031,17,data/processed/Vega_Gull/XC380820-170607_0031_chunk017.wav,3.0,XC380820-170607_0031 Larus v vegae red.mp3
Vega_Gull,XC380820-170607_0031,18,data/processed/Vega_Gull/XC380820-170607_0031_chunk018.wav,3.0,XC380820-170607_0031 Larus v vegae red.mp3
Vega_Gull,XC380820-170607_0031,19,data/processed/Vega_Gull/XC380820-170607_0031_chunk019.wav,3.0,XC380820-170607_0031 Larus v vegae red.mp3
Vega_Gull,XC380820-170607_0031,20,data/processed/Vega_Gull/XC380820-170607_0031_chunk020.wav,3.0,XC380820-170607_0031 Larus v vegae red.mp3
Vega_Gull,XC380820-170607_0031,21,data/processed/Vega_Gull/XC380820-170607_0031_chunk021.wav,3.0,XC380820-170607_0031 Larus v vegae red.mp3
Vega_Gull,XC380820-170607_0031,22,data/processed/Vega_Gull/XC380820-170607_0031_chunk022.wav,3.0,XC380820-170607_0031 Larus v vegae red.mp3
Vega_Gull,XC380820-170607_0031,23,data/processed/Vega_Gull/XC380820-170607_0031_chunk023.wav,3.0,XC380820-170607_0031 Larus v vegae red.mp3
Vega_Gull,XC380820-170607_0031,24,data/processed/Vega_Gull/XC380820-170607_0031_chunk024.wav,3.0,XC380820-170607_0031 Larus v vegae red.mp3
Vega_Gull,XC380820-170607_0031,25,data/processed/Vega_Gull/XC380820-170607_0031_chunk025.wav,3.0,XC380820-170607_0031 Larus v vegae red.mp3
Vega_Gull,XC380820-170607_0031,26,data/processed/Vega_Gull/XC380820-170607_0031_chunk026.wav,3.0,XC380820-170607_0031 Larus v vegae red.mp3
Vega_Gull,XC380820-170607_0031,27,data/processed/Vega_Gull/XC380820-170607_0031_chunk027.wav,3.0,XC380820-170607_0031 Larus v vegae red.mp3
Vega_Gull,XC380820-170607_0031,28,data/processed/Vega_Gull/XC380820-170607_0031_chunk028.wav,3.0,XC380820-170607_0031 Larus v vegae red.mp3
Vega_Gull,XC380820-170607_0031,29,data/processed/Vega_Gull/XC380820-170607_0031_chunk029.wav,3.0,XC380820-170607_0031 Larus v vegae red.mp3
Vega_Gull,XC380820-170607_0031,30,data/processed/Vega_Gull/XC380820-170607_0031_chunk030.wav,3.0,XC380820-170607_0031 Larus v vegae red.mp3
Vega_Gull,XC380820-170607_0031,31,data/processed/Vega_Gull/XC380820-170607_0031_chunk031.wav,3.0,XC380820-170607_0031 Larus v vegae red.mp3
Vega_Gull,XC380820-170607_0031,32,data/processed/Vega_Gull/XC380820-170607_0031_chunk032.wav,3.0,XC380820-170607_0031 Larus v vegae red.mp3
Vega_Gull,XC380820-170607_0031,33,data/processed/Vega_Gull/XC380820-170607_0031_chunk033.wav,3.0,XC380820-170607_0031 Larus v vegae red.mp3
Vega_Gull,XC380820-170607_0031,34,data/processed/Vega_Gull/XC380820-170607_0031_chunk034.wav,3.0,XC380820-170607_0031 Larus v vegae red.mp3
Vega_Gull,XC380820-170607_0031,35,data/processed/Vega_Gull/XC380820-170607_0031_chunk035.wav,3.0,XC380820-170607_0031 Larus v vegae red.mp3
Vega_Gull,XC380820-170607_0031,36,data/processed/Vega_Gull/XC380820-170607_0031_chunk036.wav,3.0,XC380820-170607_0031 Larus v vegae red.mp3
Vega_Gull,XC380820-170607_0031,37,data/processed/Vega_Gull/XC380820-170607_0031_chunk037.wav,3.0,XC380820-170607_0031 Larus v vegae red.mp3
Vega_Gull,XC380820-170607_0031,38,data/processed/Vega_Gull/XC380820-170607_0031_chunk038.wav,3.0,XC380820-170607_0031 Larus v vegae red.mp3
Vega_Gull,XC380820-170607_0031,39,data/processed/Vega_Gull/XC380820-170607_0031_chunk039.wav,3.0,XC380820-170607_0031 Larus v vegae red.mp3
Vega_Gull,XC380820-170607_0031,40,data/processed/Vega_Gull/XC380820-170607_0031_chunk040.wav,3.0,XC380820-170607_0031 Larus v vegae red.mp3
Vega_Gull,XC396676-170709_0342_Herring_Gull_黑脊鷗_Larus_argentatus,0,data/processed/Vega_Gull/XC396676-170709_0342_Herring_Gull_黑脊鷗_Larus_argentatus_chunk000.wav,3.0,XC396676-170709_0342_Herring_Gull_黑脊鷗_Larus_argentatus.mp3
Vega_Gull,XC396676-170709_0342_Herring_Gull_黑脊鷗_Larus_argentatus,1,data/processed/Vega_Gull/XC396676-170709_0342_Herring_Gull_黑脊鷗_Larus_argentatus_chunk001.wav,3.0,XC396676-170709_0342_Herring_Gull_黑脊鷗_Larus_argentatus.mp3
Vega_Gull,XC396676-170709_0342_Herring_Gull_黑脊鷗_Larus_argentatus,2,data/processed/Vega_Gull/XC396676-170709_0342_Herring_Gull_黑脊鷗_Larus_argentatus_chunk002.wav,3.0,XC396676-170709_0342_Herring_Gull_黑脊鷗_Larus_argentatus.mp3
Vega_Gull,XC396676-170709_0342_Herring_Gull_黑脊鷗_Larus_argentatus,3,data/processed/Vega_Gull/XC396676-170709_0342_Herring_Gull_黑脊鷗_Larus_argentatus_chunk003.wav,3.0,XC396676-170709_0342_Herring_Gull_黑脊鷗_Larus_argentatus.mp3
Vega_Gull,XC396676-170709_0342_Herring_Gull_黑脊鷗_Larus_argentatus,4,data/processed/Vega_Gull/XC396676-170709_0342_Herring_Gull_黑脊鷗_Larus_argentatus_chunk004.wav,3.0,XC396676-170709_0342_Herring_Gull_黑脊鷗_Larus_argentatus.mp3
Vega_Gull,XC396676-170709_0342_Herring_Gull_黑脊鷗_Larus_argentatus,5,data/processed/Vega_Gull/XC396676-170709_0342_Herring_Gull_黑脊鷗_Larus_argentatus_chunk005.wav,3.0,XC396676-170709_0342_Herring_Gull_黑脊鷗_Larus_argentatus.mp3
Vega_Gull,XC396676-170709_0342_Herring_Gull_黑脊鷗_Larus_argentatus,6,data/processed/Vega_Gull/XC396676-170709_0342_Herring_Gull_黑脊鷗_Larus_argentatus_chunk006.wav,3.0,XC396676-170709_0342_Herring_Gull_黑脊鷗_Larus_argentatus.mp3
Vega_Gull,XC396676-170709_0342_Herring_Gull_黑脊鷗_Larus_argentatus,7,data/processed/Vega_Gull/XC396676-170709_0342_Herring_Gull_黑脊鷗_Larus_argentatus_chunk007.wav,3.0,XC396676-170709_0342_Herring_Gull_黑脊鷗_Larus_argentatus.mp3
Vega_Gull,XC396676-170709_0342_Herring_Gull_黑脊鷗_Larus_argentatus,8,data/processed/Vega_Gull/XC396676-170709_0342_Herring_Gull_黑脊鷗_Larus_argentatus_chunk008.wav,3.0,XC396676-170709_0342_Herring_Gull_黑脊鷗_Larus_argentatus.mp3
Vega_Gull,XC396676-170709_0342_Herring_Gull_黑脊鷗_Larus_argentatus,9,data/processed/Vega_Gull/XC396676-170709_0342_Herring_Gull_黑脊鷗_Larus_argentatus_chunk009.wav,3.0,XC396676-170709_0342_Herring_Gull_黑脊鷗_Larus_argentatus.mp3
Vega_Gull,XC412129-Larus_vegae_mongolicus-FL,0,data/processed/Vega_Gull/XC412129-Larus_vegae_mongolicus-FL_chunk000.wav,3.0,XC412129-Larus_vegae_mongolicus-FL mobbed by ComTern  RelictGullLake 29May17 6.41am LS111848a.mp3
Vega_Gull,XC412129-Larus_vegae_mongolicus-FL,1,data/processed/Vega_Gull/XC412129-Larus_vegae_mongolicus-FL_chunk001.wav,3.0,XC412129-Larus_vegae_mongolicus-FL mobbed by ComTern  RelictGullLake 29May17 6.41am LS111848a.mp3
Vega_Gull,XC412129-Larus_vegae_mongolicus-FL,2,data/processed/Vega_Gull/XC412129-Larus_vegae_mongolicus-FL_chunk002.wav,3.0,XC412129-Larus_vegae_mongolicus-FL mobbed by ComTern  RelictGullLake 29May17 6.41am LS111848a.mp3
Vega_Gull,XC412129-Larus_vegae_mongolicus-FL,3,data/processed/Vega_Gull/XC412129-Larus_vegae_mongolicus-FL_chunk003.wav,3.0,XC412129-Larus_vegae_mongolicus-FL mobbed by ComTern  RelictGullLake 29May17 6.41am LS111848a.mp3
Vega_Gull,XC412129-Larus_vegae_mongolicus-FL,4,data/processed/Vega_Gull/XC412129-Larus_vegae_mongolicus-FL_chunk004.wav,3.0,XC412129-Larus_vegae_mongolicus-FL mobbed by ComTern  RelictGullLake 29May17 6.41am LS111848a.mp3
Vega_Gull,XC412129-Larus_vegae_mongolicus-FL,5,data/processed/Vega_Gull/XC412129-Larus_vegae_mongolicus-FL_chunk005.wav,3.0,XC412129-Larus_vegae_mongolicus-FL mobbed by ComTern  RelictGullLake 29May17 6.41am LS111848a.mp3
Vega_Gull,XC412129-Larus_vegae_mongolicus-FL,6,data/processed/Vega_Gull/XC412129-Larus_vegae_mongolicus-FL_chunk006.wav,3.0,XC412129-Larus_vegae_mongolicus-FL mobbed by ComTern  RelictGullLake 29May17 6.41am LS111848a.mp3
Vega_Gull,XC412129-Larus_vegae_mongolicus-FL,7,data/processed/Vega_Gull/XC412129-Larus_vegae_mongolicus-FL_chunk007.wav,3.0,XC412129-Larus_vegae_mongolicus-FL mobbed by ComTern  RelictGullLake 29May17 6.41am LS111848a.mp3
Vega_Gull,XC412129-Larus_vegae_mongolicus-FL,8,data/processed/Vega_Gull/XC412129-Larus_vegae_mongolicus-FL_chunk008.wav,3.0,XC412129-Larus_vegae_mongolicus-FL mobbed by ComTern  RelictGullLake 29May17 6.41am LS111848a.mp3
Vega_Gull,XC412129-Larus_vegae_mongolicus-FL,9,data/processed/Vega_Gull/XC412129-Larus_vegae_mongolicus-FL_chunk009.wav,3.0,XC412129-Larus_vegae_mongolicus-FL mobbed by ComTern  RelictGullLake 29May17 6.41am LS111848a.mp3
Vega_Gull,XC412129-Larus_vegae_mongolicus-FL,10,data/processed/Vega_Gull/XC412129-Larus_vegae_mongolicus-FL_chunk010.wav,3.0,XC412129-Larus_vegae_mongolicus-FL mobbed by ComTern  RelictGullLake 29May17 6.41am LS111848a.mp3
Vega_Gull,XC412129-Larus_vegae_mongolicus-FL,11,data/processed/Vega_Gull/XC412129-Larus_vegae_mongolicus-FL_chunk011.wav,3.0,XC412129-Larus_vegae_mongolicus-FL mobbed by ComTern  RelictGullLake 29May17 6.41am LS111848a.mp3
Vega_Gull,XC412129-Larus_vegae_mongolicus-FL,12,data/processed/Vega_Gull/XC412129-Larus_vegae_mongolicus-FL_chunk012.wav,3.0,XC412129-Larus_vegae_mongolicus-FL mobbed by ComTern  RelictGullLake 29May17 6.41am LS111848a.mp3
Vega_Gull,XC412129-Larus_vegae_mongolicus-FL,13,data/processed/Vega_Gull/XC412129-Larus_vegae_mongolicus-FL_chunk013.wav,3.0,XC412129-Larus_vegae_mongolicus-FL mobbed by ComTern  RelictGullLake 29May17 6.41am LS111848a.mp3
Vega_Gull,XC412129-Larus_vegae_mongolicus-FL,14,data/processed/Vega_Gull/XC412129-Larus_vegae_mongolicus-FL_chunk014.wav,3.0,XC412129-Larus_vegae_mongolicus-FL mobbed by ComTern  RelictGullLake 29May17 6.41am LS111848a.mp3
Vega_Gull,XC412129-Larus_vegae_mongolicus-FL,15,data/processed/Vega_Gull/XC412129-Larus_vegae_mongolicus-FL_chunk015.wav,3.0,XC412129-Larus_vegae_mongolicus-FL mobbed by ComTern  RelictGullLake 29May17 6.41am LS111848a.mp3
Vega_Gull,XC412129-Larus_vegae_mongolicus-FL,16,data/processed/Vega_Gull/XC412129-Larus_vegae_mongolicus-FL_chunk016.wav,3.0,XC412129-Larus_vegae_mongolicus-FL mobbed by ComTern  RelictGullLake 29May17 6.41am LS111848a.mp3
Vega_Gull,XC412129-Larus_vegae_mongolicus-FL,17,data/processed/Vega_Gull/XC412129-Larus_vegae_mongolicus-FL_chunk017.wav,3.0,XC412129-Larus_vegae_mongolicus-FL mobbed by ComTern  RelictGullLake 29May17 6.41am LS111848a.mp3
Vega_Gull,XC412129-Larus_vegae_mongolicus-FL,18,data/processed/Vega_Gull/XC412129-Larus_vegae_mongolicus-FL_chunk018.wav,3.0,XC412129-Larus_vegae_mongolicus-FL mobbed by ComTern  RelictGullLake 29May17 6.41am LS111848a.mp3
Vega_Gull,XC412129-Larus_vegae_mongolicus-FL,19,data/processed/Vega_Gull/XC412129-Larus_vegae_mongolicus-FL_chunk019.wav,3.0,XC412129-Larus_vegae_mongolicus-FL mobbed by ComTern  RelictGullLake 29May17 6.41am LS111848a.mp3
Vega_Gull,XC412129-Larus_vegae_mongolicus-FL,20,data/processed/Vega_Gull/XC412129-Larus_vegae_mongolicus-FL_chunk020.wav,3.0,XC412129-Larus_vegae_mongolicus-FL mobbed by ComTern  RelictGullLake 29May17 6.41am LS111848a.mp3
Vega_Gull,XC481545-Larus_vegae_mongolicus-FL,0,data/processed/Vega_Gull/XC481545-Larus_vegae_mongolicus-FL_chunk000.wav,3.0,XC481545-Larus_vegae_mongolicus-FL ad flight Boon Tsagan Lake 31May19 6.02am LS117141a.mp3
Vega_Gull,XC481545-Larus_vegae_mongolicus-FL,1,data/processed/Vega_Gull/XC481545-Larus_vegae_mongolicus-FL_chunk001.wav,3.0,XC481545-Larus_vegae_mongolicus-FL ad flight Boon Tsagan Lake 31May19 6.02am LS117141a.mp3
Vega_Gull,XC481545-Larus_vegae_mongolicus-FL,2,data/processed/Vega_Gull/XC481545-Larus_vegae_mongolicus-FL_chunk002.wav,3.0,XC481545-Larus_vegae_mongolicus-FL ad flight Boon Tsagan Lake 31May19 6.02am LS117141a.mp3
Vega_Gull,XC481545-Larus_vegae_mongolicus-FL,3,data/processed/Vega_Gull/XC481545-Larus_vegae_mongolicus-FL_chunk003.wav,3.0,XC481545-Larus_vegae_mongolicus-FL ad flight Boon Tsagan Lake 31May19 6.02am LS117141a.mp3
Vega_Gull,XC481545-Larus_vegae_mongolicus-FL,4,data/processed/Vega_Gull/XC481545-Larus_vegae_mongolicus-FL_chunk004.wav,3.0,XC481545-Larus_vegae_mongolicus-FL ad flight Boon Tsagan Lake 31May19 6.02am LS117141a.mp3
Vega_Gull,XC481545-Larus_vegae_mongolicus-FL,5,data/processed/Vega_Gull/XC481545-Larus_vegae_mongolicus-FL_chunk005.wav,3.0,XC481545-Larus_vegae_mongolicus-FL ad flight Boon Tsagan Lake 31May19 6.02am LS117141a.mp3
Vega_Gull,XC481545-Larus_vegae_mongolicus-FL,6,data/processed/Vega_Gull/XC481545-Larus_vegae_mongolicus-FL_chunk006.wav,3.0,XC481545-Larus_vegae_mongolicus-FL ad flight Boon Tsagan Lake 31May19 6.02am LS117141a.mp3
Vega_Gull,XC481545-Larus_vegae_mongolicus-FL,7,data/processed/Vega_Gull/XC481545-Larus_vegae_mongolicus-FL_chunk007.wav,3.0,XC481545-Larus_vegae_mongolicus-FL ad flight Boon Tsagan Lake 31May19 6.02am LS117141a.mp3
Vega_Gull,XC481545-Larus_vegae_mongolicus-FL,8,data/processed/Vega_Gull/XC481545-Larus_vegae_mongolicus-FL_chunk008.wav,3.0,XC481545-Larus_vegae_mongolicus-FL ad flight Boon Tsagan Lake 31May19 6.02am LS117141a.mp3
Vega_Gull,XC481545-Larus_vegae_mongolicus-FL,9,data/processed/Vega_Gull/XC481545-Larus_vegae_mongolicus-FL_chunk009.wav,3.0,XC481545-Larus_vegae_mongolicus-FL ad flight Boon Tsagan Lake 31May19 6.02am LS117141a.mp3
Vega_Gull,XC481545-Larus_vegae_mongolicus-FL,10,data/processed/Vega_Gull/XC481545-Larus_vegae_mongolicus-FL_chunk010.wav,3.0,XC481545-Larus_vegae_mongolicus-FL ad flight Boon Tsagan Lake 31May19 6.02am LS117141a.mp3
Vega_Gull,XC481545-Larus_vegae_mongolicus-FL,11,data/processed/Vega_Gull/XC481545-Larus_vegae_mongolicus-FL_chunk011.wav,3.0,XC481545-Larus_vegae_mongolicus-FL ad flight Boon Tsagan Lake 31May19 6.02am LS117141a.mp3
Vega_Gull,XC481545-Larus_vegae_mongolicus-FL,12,data/processed/Vega_Gull/XC481545-Larus_vegae_mongolicus-FL_chunk012.wav,3.0,XC481545-Larus_vegae_mongolicus-FL ad flight Boon Tsagan Lake 31May19 6.02am LS117141a.mp3
Vega_Gull,XC481545-Larus_vegae_mongolicus-FL,13,data/processed/Vega_Gull/XC481545-Larus_vegae_mongolicus-FL_chunk013.wav,3.0,XC481545-Larus_vegae_mongolicus-FL ad flight Boon Tsagan Lake 31May19 6.02am LS117141a.mp3
Vega_Gull,XC481545-Larus_vegae_mongolicus-FL,14,data/processed/Vega_Gull/XC481545-Larus_vegae_mongolicus-FL_chunk014.wav,3.0,XC481545-Larus_vegae_mongolicus-FL ad flight Boon Tsagan Lake 31May19 6.02am LS117141a.mp3
Vega_Gull,XC481545-Larus_vegae_mongolicus-FL,15,data/processed/Vega_Gull/XC481545-Larus_vegae_mongolicus-FL_chunk015.wav,3.0,XC481545-Larus_vegae_mongolicus-FL ad flight Boon Tsagan Lake 31May19 6.02am LS117141a.mp3
Vega_Gull,XC481547-Larus_vegae_mongolicus-FL,0,data/processed/Vega_Gull/XC481547-Larus_vegae_mongolicus-FL_chunk000.wav,3.0,XC481547-Larus_vegae_mongolicus-FL calls Boon Tsagan Lake 31May19 5.36am LS117131a.mp3
Vega_Gull,XC481547-Larus_vegae_mongolicus-FL,1,data/processed/Vega_Gull/XC481547-Larus_vegae_mongolicus-FL_chunk001.wav,3.0,XC481547-Larus_vegae_mongolicus-FL calls Boon Tsagan Lake 31May19 5.36am LS117131a.mp3
Vega_Gull,XC481547-Larus_vegae_mongolicus-FL,2,data/processed/Vega_Gull/XC481547-Larus_vegae_mongolicus-FL_chunk002.wav,3.0,XC481547-Larus_vegae_mongolicus-FL calls Boon Tsagan Lake 31May19 5.36am LS117131a.mp3
Vega_Gull,XC481547-Larus_vegae_mongolicus-FL,3,data/processed/Vega_Gull/XC481547-Larus_vegae_mongolicus-FL_chunk003.wav,3.0,XC481547-Larus_vegae_mongolicus-FL calls Boon Tsagan Lake 31May19 5.36am LS117131a.mp3
Vega_Gull,XC481548-Larus_vegae_mongolicus-FL,0,data/processed/Vega_Gull/XC481548-Larus_vegae_mongolicus-FL_chunk000.wav,3.0,XC481548-Larus_vegae_mongolicus-FL calls Boon Tsagan Lake 31May19 5.52am LS117137b.mp3
Vega_Gull,XC481548-Larus_vegae_mongolicus-FL,1,data/processed/Vega_Gull/XC481548-Larus_vegae_mongolicus-FL_chunk001.wav,3.0,XC481548-Larus_vegae_mongolicus-FL calls Boon Tsagan Lake 31May19 5.52am LS117137b.mp3
Vega_Gull,XC481548-Larus_vegae_mongolicus-FL,2,data/processed/Vega_Gull/XC481548-Larus_vegae_mongolicus-FL_chunk002.wav,3.0,XC481548-Larus_vegae_mongolicus-FL calls Boon Tsagan Lake 31May19 5.52am LS117137b.mp3
Vega_Gull,XC481548-Larus_vegae_mongolicus-FL,3,data/processed/Vega_Gull/XC481548-Larus_vegae_mongolicus-FL_chunk003.wav,3.0,XC481548-Larus_vegae_mongolicus-FL calls Boon Tsagan Lake 31May19 5.52am LS117137b.mp3
Vega_Gull,XC481548-Larus_vegae_mongolicus-FL,4,data/processed/Vega_Gull/XC481548-Larus_vegae_mongolicus-FL_chunk004.wav,3.0,XC481548-Larus_vegae_mongolicus-FL calls Boon Tsagan Lake 31May19 5.52am LS117137b.mp3
Vega_Gull,XC481548-Larus_vegae_mongolicus-FL,5,data/processed/Vega_Gull/XC481548-Larus_vegae_mongolicus-FL_chunk005.wav,3.0,XC481548-Larus_vegae_mongolicus-FL calls Boon Tsagan Lake 31May19 5.52am LS117137b.mp3
Vega_Gull,XC481548-Larus_vegae_mongolicus-FL,6,data/processed/Vega_Gull/XC481548-Larus_vegae_mongolicus-FL_chunk006.wav,3.0,XC481548-Larus_vegae_mongolicus-FL calls Boon Tsagan Lake 31May19 5.52am LS117137b.mp3
Vega_Gull,XC481548-Larus_vegae_mongolicus-FL,7,data/processed/Vega_Gull/XC481548-Larus_vegae_mongolicus-FL_chunk007.wav,3.0,XC481548-Larus_vegae_mongolicus-FL calls Boon Tsagan Lake 31May19 5.52am LS117137b.mp3
Vega_Gull,XC481548-Larus_vegae_mongolicus-FL,8,data/processed/Vega_Gull/XC481548-Larus_vegae_mongolicus-FL_chunk008.wav,3.0,XC481548-Larus_vegae_mongolicus-FL calls Boon Tsagan Lake 31May19 5.52am LS117137b.mp3
Vega_Gull,XC481548-Larus_vegae_mongolicus-FL,9,data/processed/Vega_Gull/XC481548-Larus_vegae_mongolicus-FL_chunk009.wav,3.0,XC481548-Larus_vegae_mongolicus-FL calls Boon Tsagan Lake 31May19 5.52am LS117137b.mp3
Vega_Gull,XC481548-Larus_vegae_mongolicus-FL,10,data/processed/Vega_Gull/XC481548-Larus_vegae_mongolicus-FL_chunk010.wav,3.0,XC481548-Larus_vegae_mongolicus-FL calls Boon Tsagan Lake 31May19 5.52am LS117137b.mp3
Vega_Gull,XC481548-Larus_vegae_mongolicus-FL,11,data/processed/Vega_Gull/XC481548-Larus_vegae_mongolicus-FL_chunk011.wav,3.0,XC481548-Larus_vegae_mongolicus-FL calls Boon Tsagan Lake 31May19 5.52am LS117137b.mp3
Vega_Gull,XC481548-Larus_vegae_mongolicus-FL,12,data/processed/Vega_Gull/XC481548-Larus_vegae_mongolicus-FL_chunk012.wav,3.0,XC481548-Larus_vegae_mongolicus-FL calls Boon Tsagan Lake 31May19 5.52am LS117137b.mp3
Vega_Gull,XC481548-Larus_vegae_mongolicus-FL,13,data/processed/Vega_Gull/XC481548-Larus_vegae_mongolicus-FL_chunk013.wav,3.0,XC481548-Larus_vegae_mongolicus-FL calls Boon Tsagan Lake 31May19 5.52am LS117137b.mp3
Vega_Gull,XC481548-Larus_vegae_mongolicus-FL,14,data/processed/Vega_Gull/XC481548-Larus_vegae_mongolicus-FL_chunk014.wav,3.0,XC481548-Larus_vegae_mongolicus-FL calls Boon Tsagan Lake 31May19 5.52am LS117137b.mp3
Vega_Gull,XC481548-Larus_vegae_mongolicus-FL,15,data/processed/Vega_Gull/XC481548-Larus_vegae_mongolicus-FL_chunk015.wav,3.0,XC481548-Larus_vegae_mongolicus-FL calls Boon Tsagan Lake 31May19 5.52am LS117137b.mp3
Vega_Gull,XC481548-Larus_vegae_mongolicus-FL,16,data/processed/Vega_Gull/XC481548-Larus_vegae_mongolicus-FL_chunk016.wav,3.0,XC481548-Larus_vegae_mongolicus-FL calls Boon Tsagan Lake 31May19 5.52am LS117137b.mp3
Vega_Gull,XC481548-Larus_vegae_mongolicus-FL,17,data/processed/Vega_Gull/XC481548-Larus_vegae_mongolicus-FL_chunk017.wav,3.0,XC481548-Larus_vegae_mongolicus-FL calls Boon Tsagan Lake 31May19 5.52am LS117137b.mp3
Vega_Gull,XC481548-Larus_vegae_mongolicus-FL,18,data/processed/Vega_Gull/XC481548-Larus_vegae_mongolicus-FL_chunk018.wav,3.0,XC481548-Larus_vegae_mongolicus-FL calls Boon Tsagan Lake 31May19 5.52am LS117137b.mp3
Vega_Gull,XC481548-Larus_vegae_mongolicus-FL,19,data/processed/Vega_Gull/XC481548-Larus_vegae_mongolicus-FL_chunk019.wav,3.0,XC481548-Larus_vegae_mongolicus-FL calls Boon Tsagan Lake 31May19 5.52am LS117137b.mp3
Vega_Gull,XC481548-Larus_vegae_mongolicus-FL,20,data/processed/Vega_Gull/XC481548-Larus_vegae_mongolicus-FL_chunk020.wav,3.0,XC481548-Larus_vegae_mongolicus-FL calls Boon Tsagan Lake 31May19 5.52am LS117137b.mp3
Vega_Gull,XC481548-Larus_vegae_mongolicus-FL,21,data/processed/Vega_Gull/XC481548-Larus_vegae_mongolicus-FL_chunk021.wav,3.0,XC481548-Larus_vegae_mongolicus-FL calls Boon Tsagan Lake 31May19 5.52am LS117137b.mp3
Vega_Gull,XC481549-Larus_vegae_mongolicus-FL,0,data/processed/Vega_Gull/XC481549-Larus_vegae_mongolicus-FL_chunk000.wav,3.0,XC481549-Larus_vegae_mongolicus-FL colony {Pallas Gull] Boon Tsagan Lake 31May19 6.38am LS117148b.mp3
Vega_Gull,XC481549-Larus_vegae_mongolicus-FL,1,data/processed/Vega_Gull/XC481549-Larus_vegae_mongolicus-FL_chunk001.wav,3.0,XC481549-Larus_vegae_mongolicus-FL colony {Pallas Gull] Boon Tsagan Lake 31May19 6.38am LS117148b.mp3
Vega_Gull,XC481549-Larus_vegae_mongolicus-FL,2,data/processed/Vega_Gull/XC481549-Larus_vegae_mongolicus-FL_chunk002.wav,3.0,XC481549-Larus_vegae_mongolicus-FL colony {Pallas Gull] Boon Tsagan Lake 31May19 6.38am LS117148b.mp3
Vega_Gull,XC481549-Larus_vegae_mongolicus-FL,3,data/processed/Vega_Gull/XC481549-Larus_vegae_mongolicus-FL_chunk003.wav,3.0,XC481549-Larus_vegae_mongolicus-FL colony {Pallas Gull] Boon Tsagan Lake 31May19 6.38am LS117148b.mp3
Vega_Gull,XC481549-Larus_vegae_mongolicus-FL,4,data/processed/Vega_Gull/XC481549-Larus_vegae_mongolicus-FL_chunk004.wav,3.0,XC481549-Larus_vegae_mongolicus-FL colony {Pallas Gull] Boon Tsagan Lake 31May19 6.38am LS117148b.mp3
Vega_Gull,XC481549-Larus_vegae_mongolicus-FL,5,data/processed/Vega_Gull/XC481549-Larus_vegae_mongolicus-FL_chunk005.wav,3.0,XC481549-Larus_vegae_mongolicus-FL colony {Pallas Gull] Boon Tsagan Lake 31May19 6.38am LS117148b.mp3
Vega_Gull,XC481549-Larus_vegae_mongolicus-FL,6,data/processed/Vega_Gull/XC481549-Larus_vegae_mongolicus-FL_chunk006.wav,3.0,XC481549-Larus_vegae_mongolicus-FL colony {Pallas Gull] Boon Tsagan Lake 31May19 6.38am LS117148b.mp3
Vega_Gull,XC481549-Larus_vegae_mongolicus-FL,7,data/processed/Vega_Gull/XC481549-Larus_vegae_mongolicus-FL_chunk007.wav,3.0,XC481549-Larus_vegae_mongolicus-FL colony {Pallas Gull] Boon Tsagan Lake 31May19 6.38am LS117148b.mp3
Vega_Gull,XC481549-Larus_vegae_mongolicus-FL,8,data/processed/Vega_Gull/XC481549-Larus_vegae_mongolicus-FL_chunk008.wav,3.0,XC481549-Larus_vegae_mongolicus-FL colony {Pallas Gull] Boon Tsagan Lake 31May19 6.38am LS117148b.mp3
Vega_Gull,XC481549-Larus_vegae_mongolicus-FL,9,data/processed/Vega_Gull/XC481549-Larus_vegae_mongolicus-FL_chunk009.wav,3.0,XC481549-Larus_vegae_mongolicus-FL colony {Pallas Gull] Boon Tsagan Lake 31May19 6.38am LS117148b.mp3
Vega_Gull,XC481549-Larus_vegae_mongolicus-FL,10,data/processed/Vega_Gull/XC481549-Larus_vegae_mongolicus-FL_chunk010.wav,3.0,XC481549-Larus_vegae_mongolicus-FL colony {Pallas Gull] Boon Tsagan Lake 31May19 6.38am LS117148b.mp3
Vega_Gull,XC481549-Larus_vegae_mongolicus-FL,11,data/processed/Vega_Gull/XC481549-Larus_vegae_mongolicus-FL_chunk011.wav,3.0,XC481549-Larus_vegae_mongolicus-FL colony {Pallas Gull] Boon Tsagan Lake 31May19 6.38am LS117148b.mp3
Vega_Gull,XC481549-Larus_vegae_mongolicus-FL,12,data/processed/Vega_Gull/XC481549-Larus_vegae_mongolicus-FL_chunk012.wav,3.0,XC481549-Larus_vegae_mongolicus-FL colony {Pallas Gull] Boon Tsagan Lake 31May19 6.38am LS117148b.mp3
Vega_Gull,XC481549-Larus_vegae_mongolicus-FL,13,data/processed/Vega_Gull/XC481549-Larus_vegae_mongolicus-FL_chunk013.wav,3.0,XC481549-Larus_vegae_mongolicus-FL colony {Pallas Gull] Boon Tsagan Lake 31May19 6.38am LS117148b.mp3
Vega_Gull,XC481549-Larus_vegae_mongolicus-FL,14,data/processed/Vega_Gull/XC481549-Larus_vegae_mongolicus-FL_chunk014.wav,3.0,XC481549-Larus_vegae_mongolicus-FL colony {Pallas Gull] Boon Tsagan Lake 31May19 6.38am LS117148b.mp3
Vega_Gull,XC481549-Larus_vegae_mongolicus-FL,15,data/processed/Vega_Gull/XC481549-Larus_vegae_mongolicus-FL_chunk015.wav,3.0,XC481549-Larus_vegae_mongolicus-FL colony {Pallas Gull] Boon Tsagan Lake 31May19 6.38am LS117148b.mp3
Vega_Gull,XC481549-Larus_vegae_mongolicus-FL,16,data/processed/Vega_Gull/XC481549-Larus_vegae_mongolicus-FL_chunk016.wav,3.0,XC481549-Larus_vegae_mongolicus-FL colony {Pallas Gull] Boon Tsagan Lake 31May19 6.38am LS117148b.mp3
Vega_Gull,XC481549-Larus_vegae_mongolicus-FL,17,data/processed/Vega_Gull/XC481549-Larus_vegae_mongolicus-FL_chunk017.wav,3.0,XC481549-Larus_vegae_mongolicus-FL colony {Pallas Gull] Boon Tsagan Lake 31May19 6.38am LS117148b.mp3
Vega_Gull,XC481549-Larus_vegae_mongolicus-FL,18,data/processed/Vega_Gull/XC481549-Larus_vegae_mongolicus-FL_chunk018.wav,3.0,XC481549-Larus_vegae_mongolicus-FL colony {Pallas Gull] Boon Tsagan Lake 31May19 6.38am LS117148b.mp3
Vega_Gull,XC481549-Larus_vegae_mongolicus-FL,19,data/processed/Vega_Gull/XC481549-Larus_vegae_mongolicus-FL_chunk019.wav,3.0,XC481549-Larus_vegae_mongolicus-FL colony {Pallas Gull] Boon Tsagan Lake 31May19 6.38am LS117148b.mp3
Vega_Gull,XC481549-Larus_vegae_mongolicus-FL,20,data/processed/Vega_Gull/XC481549-Larus_vegae_mongolicus-FL_chunk020.wav,3.0,XC481549-Larus_vegae_mongolicus-FL colony {Pallas Gull] Boon Tsagan Lake 31May19 6.38am LS117148b.mp3
Vega_Gull,XC481549-Larus_vegae_mongolicus-FL,21,data/processed/Vega_Gull/XC481549-Larus_vegae_mongolicus-FL_chunk021.wav,3.0,XC481549-Larus_vegae_mongolicus-FL colony {Pallas Gull] Boon Tsagan Lake 31May19 6.38am LS117148b.mp3
Vega_Gull,XC481549-Larus_vegae_mongolicus-FL,22,data/processed/Vega_Gull/XC481549-Larus_vegae_mongolicus-FL_chunk022.wav,3.0,XC481549-Larus_vegae_mongolicus-FL colony {Pallas Gull] Boon Tsagan Lake 31May19 6.38am LS117148b.mp3
Vega_Gull,XC481549-Larus_vegae_mongolicus-FL,23,data/processed/Vega_Gull/XC481549-Larus_vegae_mongolicus-FL_chunk023.wav,3.0,XC481549-Larus_vegae_mongolicus-FL colony {Pallas Gull] Boon Tsagan Lake 31May19 6.38am LS117148b.mp3
Vega_Gull,XC481549-Larus_vegae_mongolicus-FL,24,data/processed/Vega_Gull/XC481549-Larus_vegae_mongolicus-FL_chunk024.wav,3.0,XC481549-Larus_vegae_mongolicus-FL colony {Pallas Gull] Boon Tsagan Lake 31May19 6.38am LS117148b.mp3
Vega_Gull,XC481549-Larus_vegae_mongolicus-FL,25,data/processed/Vega_Gull/XC481549-Larus_vegae_mongolicus-FL_chunk025.wav,3.0,XC481549-Larus_vegae_mongolicus-FL colony {Pallas Gull] Boon Tsagan Lake 31May19 6.38am LS117148b.mp3
Vega_Gull,XC481549-Larus_vegae_mongolicus-FL,26,data/processed/Vega_Gull/XC481549-Larus_vegae_mongolicus-FL_chunk026.wav,3.0,XC481549-Larus_vegae_mongolicus-FL colony {Pallas Gull] Boon Tsagan Lake 31May19 6.38am LS117148b.mp3
Vega_Gull,XC481549-Larus_vegae_mongolicus-FL,27,data/processed/Vega_Gull/XC481549-Larus_vegae_mongolicus-FL_chunk027.wav,3.0,XC481549-Larus_vegae_mongolicus-FL colony {Pallas Gull] Boon Tsagan Lake 31May19 6.38am LS117148b.mp3
Vega_Gull,XC481549-Larus_vegae_mongolicus-FL,28,data/processed/Vega_Gull/XC481549-Larus_vegae_mongolicus-FL_chunk028.wav,3.0,XC481549-Larus_vegae_mongolicus-FL colony {Pallas Gull] Boon Tsagan Lake 31May19 6.38am LS117148b.mp3
Vega_Gull,XC481549-Larus_vegae_mongolicus-FL,29,data/processed/Vega_Gull/XC481549-Larus_vegae_mongolicus-FL_chunk029.wav,3.0,XC481549-Larus_vegae_mongolicus-FL colony {Pallas Gull] Boon Tsagan Lake 31May19 6.38am LS117148b.mp3
Vega_Gull,XC481549-Larus_vegae_mongolicus-FL,30,data/processed/Vega_Gull/XC481549-Larus_vegae_mongolicus-FL_chunk030.wav,3.0,XC481549-Larus_vegae_mongolicus-FL colony {Pallas Gull] Boon Tsagan Lake 31May19 6.38am LS117148b.mp3
Vega_Gull,XC481549-Larus_vegae_mongolicus-FL,31,data/processed/Vega_Gull/XC481549-Larus_vegae_mongolicus-FL_chunk031.wav,3.0,XC481549-Larus_vegae_mongolicus-FL colony {Pallas Gull] Boon Tsagan Lake 31May19 6.38am LS117148b.mp3
Vega_Gull,XC481549-Larus_vegae_mongolicus-FL,32,data/processed/Vega_Gull/XC481549-Larus_vegae_mongolicus-FL_chunk032.wav,3.0,XC481549-Larus_vegae_mongolicus-FL colony {Pallas Gull] Boon Tsagan Lake 31May19 6.38am LS117148b.mp3
Vega_Gull,XC481549-Larus_vegae_mongolicus-FL,33,data/processed/Vega_Gull/XC481549-Larus_vegae_mongolicus-FL_chunk033.wav,3.0,XC481549-Larus_vegae_mongolicus-FL colony {Pallas Gull] Boon Tsagan Lake 31May19 6.38am LS117148b.mp3
Vega_Gull,XC481549-Larus_vegae_mongolicus-FL,34,data/processed/Vega_Gull/XC481549-Larus_vegae_mongolicus-FL_chunk034.wav,3.0,XC481549-Larus_vegae_mongolicus-FL colony {Pallas Gull] Boon Tsagan Lake 31May19 6.38am LS117148b.mp3
Vega_Gull,XC481549-Larus_vegae_mongolicus-FL,35,data/processed/Vega_Gull/XC481549-Larus_vegae_mongolicus-FL_chunk035.wav,3.0,XC481549-Larus_vegae_mongolicus-FL colony {Pallas Gull] Boon Tsagan Lake 31May19 6.38am LS117148b.mp3
Vega_Gull,XC481549-Larus_vegae_mongolicus-FL,36,data/processed/Vega_Gull/XC481549-Larus_vegae_mongolicus-FL_chunk036.wav,3.0,XC481549-Larus_vegae_mongolicus-FL colony {Pallas Gull] Boon Tsagan Lake 31May19 6.38am LS117148b.mp3
Vega_Gull,XC481549-Larus_vegae_mongolicus-FL,37,data/processed/Vega_Gull/XC481549-Larus_vegae_mongolicus-FL_chunk037.wav,3.0,XC481549-Larus_vegae_mongolicus-FL colony {Pallas Gull] Boon Tsagan Lake 31May19 6.38am LS117148b.mp3
Vega_Gull,XC481549-Larus_vegae_mongolicus-FL,38,data/processed/Vega_Gull/XC481549-Larus_vegae_mongolicus-FL_chunk038.wav,3.0,XC481549-Larus_vegae_mongolicus-FL colony {Pallas Gull] Boon Tsagan Lake 31May19 6.38am LS117148b.mp3
Vega_Gull,XC481549-Larus_vegae_mongolicus-FL,39,data/processed/Vega_Gull/XC481549-Larus_vegae_mongolicus-FL_chunk039.wav,3.0,XC481549-Larus_vegae_mongolicus-FL colony {Pallas Gull] Boon Tsagan Lake 31May19 6.38am LS117148b.mp3
Vega_Gull,XC481549-Larus_vegae_mongolicus-FL,40,data/processed/Vega_Gull/XC481549-Larus_vegae_mongolicus-FL_chunk040.wav,3.0,XC481549-Larus_vegae_mongolicus-FL colony {Pallas Gull] Boon Tsagan Lake 31May19 6.38am LS117148b.mp3
Vega_Gull,XC481549-Larus_vegae_mongolicus-FL,41,data/processed/Vega_Gull/XC481549-Larus_vegae_mongolicus-FL_chunk041.wav,3.0,XC481549-Larus_vegae_mongolicus-FL colony {Pallas Gull] Boon Tsagan Lake 31May19 6.38am LS117148b.mp3
Vega_Gull,XC481549-Larus_vegae_mongolicus-FL,42,data/processed/Vega_Gull/XC481549-Larus_vegae_mongolicus-FL_chunk042.wav,3.0,XC481549-Larus_vegae_mongolicus-FL colony {Pallas Gull] Boon Tsagan Lake 31May19 6.38am LS117148b.mp3
Vega_Gull,XC481549-Larus_vegae_mongolicus-FL,43,data/processed/Vega_Gull/XC481549-Larus_vegae_mongolicus-FL_chunk043.wav,3.0,XC481549-Larus_vegae_mongolicus-FL colony {Pallas Gull] Boon Tsagan Lake 31May19 6.38am LS117148b.mp3
Vega_Gull,XC481549-Larus_vegae_mongolicus-FL,44,data/processed/Vega_Gull/XC481549-Larus_vegae_mongolicus-FL_chunk044.wav,3.0,XC481549-Larus_vegae_mongolicus-FL colony {Pallas Gull] Boon Tsagan Lake 31May19 6.38am LS117148b.mp3
Vega_Gull,XC481549-Larus_vegae_mongolicus-FL,45,data/processed/Vega_Gull/XC481549-Larus_vegae_mongolicus-FL_chunk045.wav,3.0,XC481549-Larus_vegae_mongolicus-FL colony {Pallas Gull] Boon Tsagan Lake 31May19 6.38am LS117148b.mp3
Vega_Gull,XC481549-Larus_vegae_mongolicus-FL,46,data/processed/Vega_Gull/XC481549-Larus_vegae_mongolicus-FL_chunk046.wav,3.0,XC481549-Larus_vegae_mongolicus-FL colony {Pallas Gull] Boon Tsagan Lake 31May19 6.38am LS117148b.mp3
Vega_Gull,XC481549-Larus_vegae_mongolicus-FL,47,data/processed/Vega_Gull/XC481549-Larus_vegae_mongolicus-FL_chunk047.wav,3.0,XC481549-Larus_vegae_mongolicus-FL colony {Pallas Gull] Boon Tsagan Lake 31May19 6.38am LS117148b.mp3
Vega_Gull,XC481549-Larus_vegae_mongolicus-FL,48,data/processed/Vega_Gull/XC481549-Larus_vegae_mongolicus-FL_chunk048.wav,3.0,XC481549-Larus_vegae_mongolicus-FL colony {Pallas Gull] Boon Tsagan Lake 31May19 6.38am LS117148b.mp3
Vega_Gull,XC481549-Larus_vegae_mongolicus-FL,49,data/processed/Vega_Gull/XC481549-Larus_vegae_mongolicus-FL_chunk049.wav,3.0,XC481549-Larus_vegae_mongolicus-FL colony {Pallas Gull] Boon Tsagan Lake 31May19 6.38am LS117148b.mp3
Vega_Gull,XC481549-Larus_vegae_mongolicus-FL,50,data/processed/Vega_Gull/XC481549-Larus_vegae_mongolicus-FL_chunk050.wav,3.0,XC481549-Larus_vegae_mongolicus-FL colony {Pallas Gull] Boon Tsagan Lake 31May19 6.38am LS117148b.mp3
Vega_Gull,XC481549-Larus_vegae_mongolicus-FL,51,data/processed/Vega_Gull/XC481549-Larus_vegae_mongolicus-FL_chunk051.wav,3.0,XC481549-Larus_vegae_mongolicus-FL colony {Pallas Gull] Boon Tsagan Lake 31May19 6.38am LS117148b.mp3
Vega_Gull,XC481549-Larus_vegae_mongolicus-FL,52,data/processed/Vega_Gull/XC481549-Larus_vegae_mongolicus-FL_chunk052.wav,3.0,XC481549-Larus_vegae_mongolicus-FL colony {Pallas Gull] Boon Tsagan Lake 31May19 6.38am LS117148b.mp3
Vega_Gull,XC481549-Larus_vegae_mongolicus-FL,53,data/processed/Vega_Gull/XC481549-Larus_vegae_mongolicus-FL_chunk053.wav,3.0,XC481549-Larus_vegae_mongolicus-FL colony {Pallas Gull] Boon Tsagan Lake 31May19 6.38am LS117148b.mp3
Vega_Gull,XC481549-Larus_vegae_mongolicus-FL,54,data/processed/Vega_Gull/XC481549-Larus_vegae_mongolicus-FL_chunk054.wav,3.0,XC481549-Larus_vegae_mongolicus-FL colony {Pallas Gull] Boon Tsagan Lake 31May19 6.38am LS117148b.mp3
Vega_Gull,XC481549-Larus_vegae_mongolicus-FL,55,data/processed/Vega_Gull/XC481549-Larus_vegae_mongolicus-FL_chunk055.wav,3.0,XC481549-Larus_vegae_mongolicus-FL colony {Pallas Gull] Boon Tsagan Lake 31May19 6.38am LS117148b.mp3
Vega_Gull,XC481549-Larus_vegae_mongolicus-FL,56,data/processed/Vega_Gull/XC481549-Larus_vegae_mongolicus-FL_chunk056.wav,3.0,XC481549-Larus_vegae_mongolicus-FL colony {Pallas Gull] Boon Tsagan Lake 31May19 6.38am LS117148b.mp3
Vega_Gull,XC481549-Larus_vegae_mongolicus-FL,57,data/processed/Vega_Gull/XC481549-Larus_vegae_mongolicus-FL_chunk057.wav,3.0,XC481549-Larus_vegae_mongolicus-FL colony {Pallas Gull] Boon Tsagan Lake 31May19 6.38am LS117148b.mp3
Vega_Gull,XC481549-Larus_vegae_mongolicus-FL,58,data/processed/Vega_Gull/XC481549-Larus_vegae_mongolicus-FL_chunk058.wav,3.0,XC481549-Larus_vegae_mongolicus-FL colony {Pallas Gull] Boon Tsagan Lake 31May19 6.38am LS117148b.mp3
Vega_Gull,XC481549-Larus_vegae_mongolicus-FL,59,data/processed/Vega_Gull/XC481549-Larus_vegae_mongolicus-FL_chunk059.wav,3.0,XC481549-Larus_vegae_mongolicus-FL colony {Pallas Gull] Boon Tsagan Lake 31May19 6.38am LS117148b.mp3
Vega_Gull,XC481549-Larus_vegae_mongolicus-FL,60,data/processed/Vega_Gull/XC481549-Larus_vegae_mongolicus-FL_chunk060.wav,3.0,XC481549-Larus_vegae_mongolicus-FL colony {Pallas Gull] Boon Tsagan Lake 31May19 6.38am LS117148b.mp3
Vega_Gull,XC481549-Larus_vegae_mongolicus-FL,61,data/processed/Vega_Gull/XC481549-Larus_vegae_mongolicus-FL_chunk061.wav,3.0,XC481549-Larus_vegae_mongolicus-FL colony {Pallas Gull] Boon Tsagan Lake 31May19 6.38am LS117148b.mp3
Vega_Gull,XC481549-Larus_vegae_mongolicus-FL,62,data/processed/Vega_Gull/XC481549-Larus_vegae_mongolicus-FL_chunk062.wav,3.0,XC481549-Larus_vegae_mongolicus-FL colony {Pallas Gull] Boon Tsagan Lake 31May19 6.38am LS117148b.mp3
Vega_Gull,XC481549-Larus_vegae_mongolicus-FL,63,data/processed/Vega_Gull/XC481549-Larus_vegae_mongolicus-FL_chunk063.wav,3.0,XC481549-Larus_vegae_mongolicus-FL colony {Pallas Gull] Boon Tsagan Lake 31May19 6.38am LS117148b.mp3
Vega_Gull,XC481549-Larus_vegae_mongolicus-FL,64,data/processed/Vega_Gull/XC481549-Larus_vegae_mongolicus-FL_chunk064.wav,3.0,XC481549-Larus_vegae_mongolicus-FL colony {Pallas Gull] Boon Tsagan Lake 31May19 6.38am LS117148b.mp3
Vega_Gull,XC481549-Larus_vegae_mongolicus-FL,65,data/processed/Vega_Gull/XC481549-Larus_vegae_mongolicus-FL_chunk065.wav,3.0,XC481549-Larus_vegae_mongolicus-FL colony {Pallas Gull] Boon Tsagan Lake 31May19 6.38am LS117148b.mp3
Vega_Gull,XC481549-Larus_vegae_mongolicus-FL,66,data/processed/Vega_Gull/XC481549-Larus_vegae_mongolicus-FL_chunk066.wav,3.0,XC481549-Larus_vegae_mongolicus-FL colony {Pallas Gull] Boon Tsagan Lake 31May19 6.38am LS117148b.mp3
Vega_Gull,XC481549-Larus_vegae_mongolicus-FL,67,data/processed/Vega_Gull/XC481549-Larus_vegae_mongolicus-FL_chunk067.wav,3.0,XC481549-Larus_vegae_mongolicus-FL colony {Pallas Gull] Boon Tsagan Lake 31May19 6.38am LS117148b.mp3
Vega_Gull,XC481549-Larus_vegae_mongolicus-FL,68,data/processed/Vega_Gull/XC481549-Larus_vegae_mongolicus-FL_chunk068.wav,3.0,XC481549-Larus_vegae_mongolicus-FL colony {Pallas Gull] Boon Tsagan Lake 31May19 6.38am LS117148b.mp3
Vega_Gull,XC481549-Larus_vegae_mongolicus-FL,69,data/processed/Vega_Gull/XC481549-Larus_vegae_mongolicus-FL_chunk069.wav,3.0,XC481549-Larus_vegae_mongolicus-FL colony {Pallas Gull] Boon Tsagan Lake 31May19 6.38am LS117148b.mp3
Vega_Gull,XC481549-Larus_vegae_mongolicus-FL,70,data/processed/Vega_Gull/XC481549-Larus_vegae_mongolicus-FL_chunk070.wav,3.0,XC481549-Larus_vegae_mongolicus-FL colony {Pallas Gull] Boon Tsagan Lake 31May19 6.38am LS117148b.mp3
Vega_Gull,XC481549-Larus_vegae_mongolicus-FL,71,data/processed/Vega_Gull/XC481549-Larus_vegae_mongolicus-FL_chunk071.wav,3.0,XC481549-Larus_vegae_mongolicus-FL colony {Pallas Gull] Boon Tsagan Lake 31May19 6.38am LS117148b.mp3
Vega_Gull,XC481549-Larus_vegae_mongolicus-FL,72,data/processed/Vega_Gull/XC481549-Larus_vegae_mongolicus-FL_chunk072.wav,3.0,XC481549-Larus_vegae_mongolicus-FL colony {Pallas Gull] Boon Tsagan Lake 31May19 6.38am LS117148b.mp3
Vega_Gull,XC481549-Larus_vegae_mongolicus-FL,73,data/processed/Vega_Gull/XC481549-Larus_vegae_mongolicus-FL_chunk073.wav,3.0,XC481549-Larus_vegae_mongolicus-FL colony {Pallas Gull] Boon Tsagan Lake 31May19 6.38am LS117148b.mp3
Vega_Gull,XC481549-Larus_vegae_mongolicus-FL,74,data/processed/Vega_Gull/XC481549-Larus_vegae_mongolicus-FL_chunk074.wav,3.0,XC481549-Larus_vegae_mongolicus-FL colony {Pallas Gull] Boon Tsagan Lake 31May19 6.38am LS117148b.mp3
Vega_Gull,XC481549-Larus_vegae_mongolicus-FL,75,data/processed/Vega_Gull/XC481549-Larus_vegae_mongolicus-FL_chunk075.wav,3.0,XC481549-Larus_vegae_mongolicus-FL colony {Pallas Gull] Boon Tsagan Lake 31May19 6.38am LS117148b.mp3
Vega_Gull,XC481549-Larus_vegae_mongolicus-FL,76,data/processed/Vega_Gull/XC481549-Larus_vegae_mongolicus-FL_chunk076.wav,3.0,XC481549-Larus_vegae_mongolicus-FL colony {Pallas Gull] Boon Tsagan Lake 31May19 6.38am LS117148b.mp3
Vega_Gull,XC481549-Larus_vegae_mongolicus-FL,77,data/processed/Vega_Gull/XC481549-Larus_vegae_mongolicus-FL_chunk077.wav,3.0,XC481549-Larus_vegae_mongolicus-FL colony {Pallas Gull] Boon Tsagan Lake 31May19 6.38am LS117148b.mp3
Vega_Gull,XC481549-Larus_vegae_mongolicus-FL,78,data/processed/Vega_Gull/XC481549-Larus_vegae_mongolicus-FL_chunk078.wav,3.0,XC481549-Larus_vegae_mongolicus-FL colony {Pallas Gull] Boon Tsagan Lake 31May19 6.38am LS117148b.mp3
Vega_Gull,XC481549-Larus_vegae_mongolicus-FL,79,data/processed/Vega_Gull/XC481549-Larus_vegae_mongolicus-FL_chunk079.wav,3.0,XC481549-Larus_vegae_mongolicus-FL colony {Pallas Gull] Boon Tsagan Lake 31May19 6.38am LS117148b.mp3
Vega_Gull,XC481549-Larus_vegae_mongolicus-FL,80,data/processed/Vega_Gull/XC481549-Larus_vegae_mongolicus-FL_chunk080.wav,3.0,XC481549-Larus_vegae_mongolicus-FL colony {Pallas Gull] Boon Tsagan Lake 31May19 6.38am LS117148b.mp3
Vega_Gull,XC481549-Larus_vegae_mongolicus-FL,81,data/processed/Vega_Gull/XC481549-Larus_vegae_mongolicus-FL_chunk081.wav,3.0,XC481549-Larus_vegae_mongolicus-FL colony {Pallas Gull] Boon Tsagan Lake 31May19 6.38am LS117148b.mp3
Vega_Gull,XC481549-Larus_vegae_mongolicus-FL,82,data/processed/Vega_Gull/XC481549-Larus_vegae_mongolicus-FL_chunk082.wav,3.0,XC481549-Larus_vegae_mongolicus-FL colony {Pallas Gull] Boon Tsagan Lake 31May19 6.38am LS117148b.mp3
Vega_Gull,XC481549-Larus_vegae_mongolicus-FL,83,data/processed/Vega_Gull/XC481549-Larus_vegae_mongolicus-FL_chunk083.wav,3.0,XC481549-Larus_vegae_mongolicus-FL colony {Pallas Gull] Boon Tsagan Lake 31May19 6.38am LS117148b.mp3
Vega_Gull,XC481549-Larus_vegae_mongolicus-FL,84,data/processed/Vega_Gull/XC481549-Larus_vegae_mongolicus-FL_chunk084.wav,3.0,XC481549-Larus_vegae_mongolicus-FL colony {Pallas Gull] Boon Tsagan Lake 31May19 6.38am LS117148b.mp3
Vega_Gull,XC481549-Larus_vegae_mongolicus-FL,85,data/processed/Vega_Gull/XC481549-Larus_vegae_mongolicus-FL_chunk085.wav,3.0,XC481549-Larus_vegae_mongolicus-FL colony {Pallas Gull] Boon Tsagan Lake 31May19 6.38am LS117148b.mp3
Vega_Gull,XC481549-Larus_vegae_mongolicus-FL,86,data/processed/Vega_Gull/XC481549-Larus_vegae_mongolicus-FL_chunk086.wav,3.0,XC481549-Larus_vegae_mongolicus-FL colony {Pallas Gull] Boon Tsagan Lake 31May19 6.38am LS117148b.mp3
Vega_Gull,XC481549-Larus_vegae_mongolicus-FL,87,data/processed/Vega_Gull/XC481549-Larus_vegae_mongolicus-FL_chunk087.wav,3.0,XC481549-Larus_vegae_mongolicus-FL colony {Pallas Gull] Boon Tsagan Lake 31May19 6.38am LS117148b.mp3
Vega_Gull,XC481549-Larus_vegae_mongolicus-FL,88,data/processed/Vega_Gull/XC481549-Larus_vegae_mongolicus-FL_chunk088.wav,3.0,XC481549-Larus_vegae_mongolicus-FL colony {Pallas Gull] Boon Tsagan Lake 31May19 6.38am LS117148b.mp3
Vega_Gull,XC481549-Larus_vegae_mongolicus-FL,89,data/processed/Vega_Gull/XC481549-Larus_vegae_mongolicus-FL_chunk089.wav,3.0,XC481549-Larus_vegae_mongolicus-FL colony {Pallas Gull] Boon Tsagan Lake 31May19 6.38am LS117148b.mp3
Vega_Gull,XC481549-Larus_vegae_mongolicus-FL,90,data/processed/Vega_Gull/XC481549-Larus_vegae_mongolicus-FL_chunk090.wav,3.0,XC481549-Larus_vegae_mongolicus-FL colony {Pallas Gull] Boon Tsagan Lake 31May19 6.38am LS117148b.mp3
Vega_Gull,XC481549-Larus_vegae_mongolicus-FL,91,data/processed/Vega_Gull/XC481549-Larus_vegae_mongolicus-FL_chunk091.wav,3.0,XC481549-Larus_vegae_mongolicus-FL colony {Pallas Gull] Boon Tsagan Lake 31May19 6.38am LS117148b.mp3
Vega_Gull,XC481549-Larus_vegae_mongolicus-FL,92,data/processed/Vega_Gull/XC481549-Larus_vegae_mongolicus-FL_chunk092.wav,3.0,XC481549-Larus_vegae_mongolicus-FL colony {Pallas Gull] Boon Tsagan Lake 31May19 6.38am LS117148b.mp3
Vega_Gull,XC481549-Larus_vegae_mongolicus-FL,93,data/processed/Vega_Gull/XC481549-Larus_vegae_mongolicus-FL_chunk093.wav,3.0,XC481549-Larus_vegae_mongolicus-FL colony {Pallas Gull] Boon Tsagan Lake 31May19 6.38am LS117148b.mp3
Vega_Gull,XC481549-Larus_vegae_mongolicus-FL,94,data/processed/Vega_Gull/XC481549-Larus_vegae_mongolicus-FL_chunk094.wav,3.0,XC481549-Larus_vegae_mongolicus-FL colony {Pallas Gull] Boon Tsagan Lake 31May19 6.38am LS117148b.mp3
Vega_Gull,XC481549-Larus_vegae_mongolicus-FL,95,data/processed/Vega_Gull/XC481549-Larus_vegae_mongolicus-FL_chunk095.wav,3.0,XC481549-Larus_vegae_mongolicus-FL colony {Pallas Gull] Boon Tsagan Lake 31May19 6.38am LS117148b.mp3
Vega_Gull,XC481549-Larus_vegae_mongolicus-FL,96,data/processed/Vega_Gull/XC481549-Larus_vegae_mongolicus-FL_chunk096.wav,3.0,XC481549-Larus_vegae_mongolicus-FL colony {Pallas Gull] Boon Tsagan Lake 31May19 6.38am LS117148b.mp3
Vega_Gull,XC481549-Larus_vegae_mongolicus-FL,97,data/processed/Vega_Gull/XC481549-Larus_vegae_mongolicus-FL_chunk097.wav,3.0,XC481549-Larus_vegae_mongolicus-FL colony {Pallas Gull] Boon Tsagan Lake 31May19 6.38am LS117148b.mp3
Vega_Gull,XC481549-Larus_vegae_mongolicus-FL,98,data/processed/Vega_Gull/XC481549-Larus_vegae_mongolicus-FL_chunk098.wav,3.0,XC481549-Larus_vegae_mongolicus-FL colony {Pallas Gull] Boon Tsagan Lake 31May19 6.38am LS117148b.mp3
Vega_Gull,XC481549-Larus_vegae_mongolicus-FL,99,data/processed/Vega_Gull/XC481549-Larus_vegae_mongolicus-FL_chunk099.wav,3.0,XC481549-Larus_vegae_mongolicus-FL colony {Pallas Gull] Boon Tsagan Lake 31May19 6.38am LS117148b.mp3
Vega_Gull,XC481549-Larus_vegae_mongolicus-FL,100,data/processed/Vega_Gull/XC481549-Larus_vegae_mongolicus-FL_chunk100.wav,3.0,XC481549-Larus_vegae_mongolicus-FL colony {Pallas Gull] Boon Tsagan Lake 31May19 6.38am LS117148b.mp3
Vega_Gull,XC481549-Larus_vegae_mongolicus-FL,101,data/processed/Vega_Gull/XC481549-Larus_vegae_mongolicus-FL_chunk101.wav,3.0,XC481549-Larus_vegae_mongolicus-FL colony {Pallas Gull] Boon Tsagan Lake 31May19 6.38am LS117148b.mp3
Vega_Gull,XC481549-Larus_vegae_mongolicus-FL,102,data/processed/Vega_Gull/XC481549-Larus_vegae_mongolicus-FL_chunk102.wav,3.0,XC481549-Larus_vegae_mongolicus-FL colony {Pallas Gull] Boon Tsagan Lake 31May19 6.38am LS117148b.mp3
Vega_Gull,XC481549-Larus_vegae_mongolicus-FL,103,data/processed/Vega_Gull/XC481549-Larus_vegae_mongolicus-FL_chunk103.wav,3.0,XC481549-Larus_vegae_mongolicus-FL colony {Pallas Gull] Boon Tsagan Lake 31May19 6.38am LS117148b.mp3
Vega_Gull,XC481549-Larus_vegae_mongolicus-FL,104,data/processed/Vega_Gull/XC481549-Larus_vegae_mongolicus-FL_chunk104.wav,3.0,XC481549-Larus_vegae_mongolicus-FL colony {Pallas Gull] Boon Tsagan Lake 31May19 6.38am LS117148b.mp3
Vega_Gull,XC481549-Larus_vegae_mongolicus-FL,105,data/processed/Vega_Gull/XC481549-Larus_vegae_mongolicus-FL_chunk105.wav,3.0,XC481549-Larus_vegae_mongolicus-FL colony {Pallas Gull] Boon Tsagan Lake 31May19 6.38am LS117148b.mp3
Vega_Gull,XC481549-Larus_vegae_mongolicus-FL,106,data/processed/Vega_Gull/XC481549-Larus_vegae_mongolicus-FL_chunk106.wav,3.0,XC481549-Larus_vegae_mongolicus-FL colony {Pallas Gull] Boon Tsagan Lake 31May19 6.38am LS117148b.mp3
Vega_Gull,XC481549-Larus_vegae_mongolicus-FL,107,data/processed/Vega_Gull/XC481549-Larus_vegae_mongolicus-FL_chunk107.wav,3.0,XC481549-Larus_vegae_mongolicus-FL colony {Pallas Gull] Boon Tsagan Lake 31May19 6.38am LS117148b.mp3
Vega_Gull,XC481549-Larus_vegae_mongolicus-FL,108,data/processed/Vega_Gull/XC481549-Larus_vegae_mongolicus-FL_chunk108.wav,3.0,XC481549-Larus_vegae_mongolicus-FL colony {Pallas Gull] Boon Tsagan Lake 31May19 6.38am LS117148b.mp3
Vega_Gull,XC481549-Larus_vegae_mongolicus-FL,109,data/processed/Vega_Gull/XC481549-Larus_vegae_mongolicus-FL_chunk109.wav,3.0,XC481549-Larus_vegae_mongolicus-FL colony {Pallas Gull] Boon Tsagan Lake 31May19 6.38am LS117148b.mp3
Vega_Gull,XC481549-Larus_vegae_mongolicus-FL,110,data/processed/Vega_Gull/XC481549-Larus_vegae_mongolicus-FL_chunk110.wav,3.0,XC481549-Larus_vegae_mongolicus-FL colony {Pallas Gull] Boon Tsagan Lake 31May19 6.38am LS117148b.mp3
Vega_Gull,XC481549-Larus_vegae_mongolicus-FL,111,data/processed/Vega_Gull/XC481549-Larus_vegae_mongolicus-FL_chunk111.wav,3.0,XC481549-Larus_vegae_mongolicus-FL colony {Pallas Gull] Boon Tsagan Lake 31May19 6.38am LS117148b.mp3
Vega_Gull,XC481549-Larus_vegae_mongolicus-FL,112,data/processed/Vega_Gull/XC481549-Larus_vegae_mongolicus-FL_chunk112.wav,3.0,XC481549-Larus_vegae_mongolicus-FL colony {Pallas Gull] Boon Tsagan Lake 31May19 6.38am LS117148b.mp3
Vega_Gull,XC481549-Larus_vegae_mongolicus-FL,113,data/processed/Vega_Gull/XC481549-Larus_vegae_mongolicus-FL_chunk113.wav,3.0,XC481549-Larus_vegae_mongolicus-FL colony {Pallas Gull] Boon Tsagan Lake 31May19 6.38am LS117148b.mp3
Vega_Gull,XC481550-Larus_vegae_mongolicus-FL,0,data/processed/Vega_Gull/XC481550-Larus_vegae_mongolicus-FL_chunk000.wav,3.0,XC481550-Larus_vegae_mongolicus-FL colony Boon Tsagan Lake 31May19 6.07am LS117143a.mp3
Vega_Gull,XC481550-Larus_vegae_mongolicus-FL,1,data/processed/Vega_Gull/XC481550-Larus_vegae_mongolicus-FL_chunk001.wav,3.0,XC481550-Larus_vegae_mongolicus-FL colony Boon Tsagan Lake 31May19 6.07am LS117143a.mp3
Vega_Gull,XC481550-Larus_vegae_mongolicus-FL,2,data/processed/Vega_Gull/XC481550-Larus_vegae_mongolicus-FL_chunk002.wav,3.0,XC481550-Larus_vegae_mongolicus-FL colony Boon Tsagan Lake 31May19 6.07am LS117143a.mp3
Vega_Gull,XC481550-Larus_vegae_mongolicus-FL,3,data/processed/Vega_Gull/XC481550-Larus_vegae_mongolicus-FL_chunk003.wav,3.0,XC481550-Larus_vegae_mongolicus-FL colony Boon Tsagan Lake 31May19 6.07am LS117143a.mp3
Vega_Gull,XC481550-Larus_vegae_mongolicus-FL,4,data/processed/Vega_Gull/XC481550-Larus_vegae_mongolicus-FL_chunk004.wav,3.0,XC481550-Larus_vegae_mongolicus-FL colony Boon Tsagan Lake 31May19 6.07am LS117143a.mp3
Vega_Gull,XC481550-Larus_vegae_mongolicus-FL,5,data/processed/Vega_Gull/XC481550-Larus_vegae_mongolicus-FL_chunk005.wav,3.0,XC481550-Larus_vegae_mongolicus-FL colony Boon Tsagan Lake 31May19 6.07am LS117143a.mp3
Vega_Gull,XC481550-Larus_vegae_mongolicus-FL,6,data/processed/Vega_Gull/XC481550-Larus_vegae_mongolicus-FL_chunk006.wav,3.0,XC481550-Larus_vegae_mongolicus-FL colony Boon Tsagan Lake 31May19 6.07am LS117143a.mp3
Vega_Gull,XC481550-Larus_vegae_mongolicus-FL,7,data/processed/Vega_Gull/XC481550-Larus_vegae_mongolicus-FL_chunk007.wav,3.0,XC481550-Larus_vegae_mongolicus-FL colony Boon Tsagan Lake 31May19 6.07am LS117143a.mp3
Vega_Gull,XC481550-Larus_vegae_mongolicus-FL,8,data/processed/Vega_Gull/XC481550-Larus_vegae_mongolicus-FL_chunk008.wav,3.0,XC481550-Larus_vegae_mongolicus-FL colony Boon Tsagan Lake 31May19 6.07am LS117143a.mp3
Vega_Gull,XC481550-Larus_vegae_mongolicus-FL,9,data/processed/Vega_Gull/XC481550-Larus_vegae_mongolicus-FL_chunk009.wav,3.0,XC481550-Larus_vegae_mongolicus-FL colony Boon Tsagan Lake 31May19 6.07am LS117143a.mp3
Vega_Gull,XC481550-Larus_vegae_mongolicus-FL,10,data/processed/Vega_Gull/XC481550-Larus_vegae_mongolicus-FL_chunk010.wav,3.0,XC481550-Larus_vegae_mongolicus-FL colony Boon Tsagan Lake 31May19 6.07am LS117143a.mp3
Vega_Gull,XC481550-Larus_vegae_mongolicus-FL,11,data/processed/Vega_Gull/XC481550-Larus_vegae_mongolicus-FL_chunk011.wav,3.0,XC481550-Larus_vegae_mongolicus-FL colony Boon Tsagan Lake 31May19 6.07am LS117143a.mp3
Vega_Gull,XC481550-Larus_vegae_mongolicus-FL,12,data/processed/Vega_Gull/XC481550-Larus_vegae_mongolicus-FL_chunk012.wav,3.0,XC481550-Larus_vegae_mongolicus-FL colony Boon Tsagan Lake 31May19 6.07am LS117143a.mp3
Vega_Gull,XC481550-Larus_vegae_mongolicus-FL,13,data/processed/Vega_Gull/XC481550-Larus_vegae_mongolicus-FL_chunk013.wav,3.0,XC481550-Larus_vegae_mongolicus-FL colony Boon Tsagan Lake 31May19 6.07am LS117143a.mp3
Vega_Gull,XC481550-Larus_vegae_mongolicus-FL,14,data/processed/Vega_Gull/XC481550-Larus_vegae_mongolicus-FL_chunk014.wav,3.0,XC481550-Larus_vegae_mongolicus-FL colony Boon Tsagan Lake 31May19 6.07am LS117143a.mp3
Vega_Gull,XC481550-Larus_vegae_mongolicus-FL,15,data/processed/Vega_Gull/XC481550-Larus_vegae_mongolicus-FL_chunk015.wav,3.0,XC481550-Larus_vegae_mongolicus-FL colony Boon Tsagan Lake 31May19 6.07am LS117143a.mp3
Vega_Gull,XC481550-Larus_vegae_mongolicus-FL,16,data/processed/Vega_Gull/XC481550-Larus_vegae_mongolicus-FL_chunk016.wav,3.0,XC481550-Larus_vegae_mongolicus-FL colony Boon Tsagan Lake 31May19 6.07am LS117143a.mp3
Vega_Gull,XC481550-Larus_vegae_mongolicus-FL,17,data/processed/Vega_Gull/XC481550-Larus_vegae_mongolicus-FL_chunk017.wav,3.0,XC481550-Larus_vegae_mongolicus-FL colony Boon Tsagan Lake 31May19 6.07am LS117143a.mp3
Vega_Gull,XC481550-Larus_vegae_mongolicus-FL,18,data/processed/Vega_Gull/XC481550-Larus_vegae_mongolicus-FL_chunk018.wav,3.0,XC481550-Larus_vegae_mongolicus-FL colony Boon Tsagan Lake 31May19 6.07am LS117143a.mp3
Vega_Gull,XC481550-Larus_vegae_mongolicus-FL,19,data/processed/Vega_Gull/XC481550-Larus_vegae_mongolicus-FL_chunk019.wav,3.0,XC481550-Larus_vegae_mongolicus-FL colony Boon Tsagan Lake 31May19 6.07am LS117143a.mp3
Vega_Gull,XC481550-Larus_vegae_mongolicus-FL,20,data/processed/Vega_Gull/XC481550-Larus_vegae_mongolicus-FL_chunk020.wav,3.0,XC481550-Larus_vegae_mongolicus-FL colony Boon Tsagan Lake 31May19 6.07am LS117143a.mp3
Vega_Gull,XC481550-Larus_vegae_mongolicus-FL,21,data/processed/Vega_Gull/XC481550-Larus_vegae_mongolicus-FL_chunk021.wav,3.0,XC481550-Larus_vegae_mongolicus-FL colony Boon Tsagan Lake 31May19 6.07am LS117143a.mp3
Vega_Gull,XC481550-Larus_vegae_mongolicus-FL,22,data/processed/Vega_Gull/XC481550-Larus_vegae_mongolicus-FL_chunk022.wav,3.0,XC481550-Larus_vegae_mongolicus-FL colony Boon Tsagan Lake 31May19 6.07am LS117143a.mp3
Vega_Gull,XC481550-Larus_vegae_mongolicus-FL,23,data/processed/Vega_Gull/XC481550-Larus_vegae_mongolicus-FL_chunk023.wav,3.0,XC481550-Larus_vegae_mongolicus-FL colony Boon Tsagan Lake 31May19 6.07am LS117143a.mp3
Vega_Gull,XC481550-Larus_vegae_mongolicus-FL,24,data/processed/Vega_Gull/XC481550-Larus_vegae_mongolicus-FL_chunk024.wav,3.0,XC481550-Larus_vegae_mongolicus-FL colony Boon Tsagan Lake 31May19 6.07am LS117143a.mp3
Vega_Gull,XC481550-Larus_vegae_mongolicus-FL,25,data/processed/Vega_Gull/XC481550-Larus_vegae_mongolicus-FL_chunk025.wav,3.0,XC481550-Larus_vegae_mongolicus-FL colony Boon Tsagan Lake 31May19 6.07am LS117143a.mp3
Vega_Gull,XC481550-Larus_vegae_mongolicus-FL,26,data/processed/Vega_Gull/XC481550-Larus_vegae_mongolicus-FL_chunk026.wav,3.0,XC481550-Larus_vegae_mongolicus-FL colony Boon Tsagan Lake 31May19 6.07am LS117143a.mp3
Vega_Gull,XC481550-Larus_vegae_mongolicus-FL,27,data/processed/Vega_Gull/XC481550-Larus_vegae_mongolicus-FL_chunk027.wav,3.0,XC481550-Larus_vegae_mongolicus-FL colony Boon Tsagan Lake 31May19 6.07am LS117143a.mp3
Vega_Gull,XC481550-Larus_vegae_mongolicus-FL,28,data/processed/Vega_Gull/XC481550-Larus_vegae_mongolicus-FL_chunk028.wav,3.0,XC481550-Larus_vegae_mongolicus-FL colony Boon Tsagan Lake 31May19 6.07am LS117143a.mp3
Vega_Gull,XC481550-Larus_vegae_mongolicus-FL,29,data/processed/Vega_Gull/XC481550-Larus_vegae_mongolicus-FL_chunk029.wav,3.0,XC481550-Larus_vegae_mongolicus-FL colony Boon Tsagan Lake 31May19 6.07am LS117143a.mp3
Vega_Gull,XC481550-Larus_vegae_mongolicus-FL,30,data/processed/Vega_Gull/XC481550-Larus_vegae_mongolicus-FL_chunk030.wav,3.0,XC481550-Larus_vegae_mongolicus-FL colony Boon Tsagan Lake 31May19 6.07am LS117143a.mp3
Vega_Gull,XC481550-Larus_vegae_mongolicus-FL,31,data/processed/Vega_Gull/XC481550-Larus_vegae_mongolicus-FL_chunk031.wav,3.0,XC481550-Larus_vegae_mongolicus-FL colony Boon Tsagan Lake 31May19 6.07am LS117143a.mp3
Vega_Gull,XC481550-Larus_vegae_mongolicus-FL,32,data/processed/Vega_Gull/XC481550-Larus_vegae_mongolicus-FL_chunk032.wav,3.0,XC481550-Larus_vegae_mongolicus-FL colony Boon Tsagan Lake 31May19 6.07am LS117143a.mp3
Vega_Gull,XC481550-Larus_vegae_mongolicus-FL,33,data/processed/Vega_Gull/XC481550-Larus_vegae_mongolicus-FL_chunk033.wav,3.0,XC481550-Larus_vegae_mongolicus-FL colony Boon Tsagan Lake 31May19 6.07am LS117143a.mp3
Vega_Gull,XC481550-Larus_vegae_mongolicus-FL,34,data/processed/Vega_Gull/XC481550-Larus_vegae_mongolicus-FL_chunk034.wav,3.0,XC481550-Larus_vegae_mongolicus-FL colony Boon Tsagan Lake 31May19 6.07am LS117143a.mp3
Vega_Gull,XC481550-Larus_vegae_mongolicus-FL,35,data/processed/Vega_Gull/XC481550-Larus_vegae_mongolicus-FL_chunk035.wav,3.0,XC481550-Larus_vegae_mongolicus-FL colony Boon Tsagan Lake 31May19 6.07am LS117143a.mp3
Vega_Gull,XC481550-Larus_vegae_mongolicus-FL,36,data/processed/Vega_Gull/XC481550-Larus_vegae_mongolicus-FL_chunk036.wav,3.0,XC481550-Larus_vegae_mongolicus-FL colony Boon Tsagan Lake 31May19 6.07am LS117143a.mp3
Vega_Gull,XC481551-Larus_vegae_mongolicus-FL,0,data/processed/Vega_Gull/XC481551-Larus_vegae_mongolicus-FL_chunk000.wav,3.0,XC481551-Larus_vegae_mongolicus-FL colony Boon Tsagan Lake 31May19 6.17am LS117144b.mp3
Vega_Gull,XC481551-Larus_vegae_mongolicus-FL,1,data/processed/Vega_Gull/XC481551-Larus_vegae_mongolicus-FL_chunk001.wav,3.0,XC481551-Larus_vegae_mongolicus-FL colony Boon Tsagan Lake 31May19 6.17am LS117144b.mp3
Vega_Gull,XC481551-Larus_vegae_mongolicus-FL,2,data/processed/Vega_Gull/XC481551-Larus_vegae_mongolicus-FL_chunk002.wav,3.0,XC481551-Larus_vegae_mongolicus-FL colony Boon Tsagan Lake 31May19 6.17am LS117144b.mp3
Vega_Gull,XC481551-Larus_vegae_mongolicus-FL,3,data/processed/Vega_Gull/XC481551-Larus_vegae_mongolicus-FL_chunk003.wav,3.0,XC481551-Larus_vegae_mongolicus-FL colony Boon Tsagan Lake 31May19 6.17am LS117144b.mp3
Vega_Gull,XC481551-Larus_vegae_mongolicus-FL,4,data/processed/Vega_Gull/XC481551-Larus_vegae_mongolicus-FL_chunk004.wav,3.0,XC481551-Larus_vegae_mongolicus-FL colony Boon Tsagan Lake 31May19 6.17am LS117144b.mp3
Vega_Gull,XC481551-Larus_vegae_mongolicus-FL,5,data/processed/Vega_Gull/XC481551-Larus_vegae_mongolicus-FL_chunk005.wav,3.0,XC481551-Larus_vegae_mongolicus-FL colony Boon Tsagan Lake 31May19 6.17am LS117144b.mp3
Vega_Gull,XC481551-Larus_vegae_mongolicus-FL,6,data/processed/Vega_Gull/XC481551-Larus_vegae_mongolicus-FL_chunk006.wav,3.0,XC481551-Larus_vegae_mongolicus-FL colony Boon Tsagan Lake 31May19 6.17am LS117144b.mp3
Vega_Gull,XC481551-Larus_vegae_mongolicus-FL,7,data/processed/Vega_Gull/XC481551-Larus_vegae_mongolicus-FL_chunk007.wav,3.0,XC481551-Larus_vegae_mongolicus-FL colony Boon Tsagan Lake 31May19 6.17am LS117144b.mp3
Vega_Gull,XC481551-Larus_vegae_mongolicus-FL,8,data/processed/Vega_Gull/XC481551-Larus_vegae_mongolicus-FL_chunk008.wav,3.0,XC481551-Larus_vegae_mongolicus-FL colony Boon Tsagan Lake 31May19 6.17am LS117144b.mp3
Vega_Gull,XC481551-Larus_vegae_mongolicus-FL,9,data/processed/Vega_Gull/XC481551-Larus_vegae_mongolicus-FL_chunk009.wav,3.0,XC481551-Larus_vegae_mongolicus-FL colony Boon Tsagan Lake 31May19 6.17am LS117144b.mp3
Vega_Gull,XC481551-Larus_vegae_mongolicus-FL,10,data/processed/Vega_Gull/XC481551-Larus_vegae_mongolicus-FL_chunk010.wav,3.0,XC481551-Larus_vegae_mongolicus-FL colony Boon Tsagan Lake 31May19 6.17am LS117144b.mp3
Vega_Gull,XC481551-Larus_vegae_mongolicus-FL,11,data/processed/Vega_Gull/XC481551-Larus_vegae_mongolicus-FL_chunk011.wav,3.0,XC481551-Larus_vegae_mongolicus-FL colony Boon Tsagan Lake 31May19 6.17am LS117144b.mp3
Vega_Gull,XC481551-Larus_vegae_mongolicus-FL,12,data/processed/Vega_Gull/XC481551-Larus_vegae_mongolicus-FL_chunk012.wav,3.0,XC481551-Larus_vegae_mongolicus-FL colony Boon Tsagan Lake 31May19 6.17am LS117144b.mp3
Vega_Gull,XC481551-Larus_vegae_mongolicus-FL,13,data/processed/Vega_Gull/XC481551-Larus_vegae_mongolicus-FL_chunk013.wav,3.0,XC481551-Larus_vegae_mongolicus-FL colony Boon Tsagan Lake 31May19 6.17am LS117144b.mp3
Vega_Gull,XC481551-Larus_vegae_mongolicus-FL,14,data/processed/Vega_Gull/XC481551-Larus_vegae_mongolicus-FL_chunk014.wav,3.0,XC481551-Larus_vegae_mongolicus-FL colony Boon Tsagan Lake 31May19 6.17am LS117144b.mp3
Vega_Gull,XC481551-Larus_vegae_mongolicus-FL,15,data/processed/Vega_Gull/XC481551-Larus_vegae_mongolicus-FL_chunk015.wav,3.0,XC481551-Larus_vegae_mongolicus-FL colony Boon Tsagan Lake 31May19 6.17am LS117144b.mp3
Vega_Gull,XC481551-Larus_vegae_mongolicus-FL,16,data/processed/Vega_Gull/XC481551-Larus_vegae_mongolicus-FL_chunk016.wav,3.0,XC481551-Larus_vegae_mongolicus-FL colony Boon Tsagan Lake 31May19 6.17am LS117144b.mp3
Vega_Gull,XC481551-Larus_vegae_mongolicus-FL,17,data/processed/Vega_Gull/XC481551-Larus_vegae_mongolicus-FL_chunk017.wav,3.0,XC481551-Larus_vegae_mongolicus-FL colony Boon Tsagan Lake 31May19 6.17am LS117144b.mp3
Vega_Gull,XC481551-Larus_vegae_mongolicus-FL,18,data/processed/Vega_Gull/XC481551-Larus_vegae_mongolicus-FL_chunk018.wav,3.0,XC481551-Larus_vegae_mongolicus-FL colony Boon Tsagan Lake 31May19 6.17am LS117144b.mp3
Vega_Gull,XC481551-Larus_vegae_mongolicus-FL,19,data/processed/Vega_Gull/XC481551-Larus_vegae_mongolicus-FL_chunk019.wav,3.0,XC481551-Larus_vegae_mongolicus-FL colony Boon Tsagan Lake 31May19 6.17am LS117144b.mp3
Vega_Gull,XC481551-Larus_vegae_mongolicus-FL,20,data/processed/Vega_Gull/XC481551-Larus_vegae_mongolicus-FL_chunk020.wav,3.0,XC481551-Larus_vegae_mongolicus-FL colony Boon Tsagan Lake 31May19 6.17am LS117144b.mp3
Vega_Gull,XC481551-Larus_vegae_mongolicus-FL,21,data/processed/Vega_Gull/XC481551-Larus_vegae_mongolicus-FL_chunk021.wav,3.0,XC481551-Larus_vegae_mongolicus-FL colony Boon Tsagan Lake 31May19 6.17am LS117144b.mp3
Vega_Gull,XC481551-Larus_vegae_mongolicus-FL,22,data/processed/Vega_Gull/XC481551-Larus_vegae_mongolicus-FL_chunk022.wav,3.0,XC481551-Larus_vegae_mongolicus-FL colony Boon Tsagan Lake 31May19 6.17am LS117144b.mp3
Vega_Gull,XC481551-Larus_vegae_mongolicus-FL,23,data/processed/Vega_Gull/XC481551-Larus_vegae_mongolicus-FL_chunk023.wav,3.0,XC481551-Larus_vegae_mongolicus-FL colony Boon Tsagan Lake 31May19 6.17am LS117144b.mp3
Vega_Gull,XC481551-Larus_vegae_mongolicus-FL,24,data/processed/Vega_Gull/XC481551-Larus_vegae_mongolicus-FL_chunk024.wav,3.0,XC481551-Larus_vegae_mongolicus-FL colony Boon Tsagan Lake 31May19 6.17am LS117144b.mp3
Vega_Gull,XC481551-Larus_vegae_mongolicus-FL,25,data/processed/Vega_Gull/XC481551-Larus_vegae_mongolicus-FL_chunk025.wav,3.0,XC481551-Larus_vegae_mongolicus-FL colony Boon Tsagan Lake 31May19 6.17am LS117144b.mp3
Vega_Gull,XC481551-Larus_vegae_mongolicus-FL,26,data/processed/Vega_Gull/XC481551-Larus_vegae_mongolicus-FL_chunk026.wav,3.0,XC481551-Larus_vegae_mongolicus-FL colony Boon Tsagan Lake 31May19 6.17am LS117144b.mp3
Vega_Gull,XC481551-Larus_vegae_mongolicus-FL,27,data/processed/Vega_Gull/XC481551-Larus_vegae_mongolicus-FL_chunk027.wav,3.0,XC481551-Larus_vegae_mongolicus-FL colony Boon Tsagan Lake 31May19 6.17am LS117144b.mp3
Vega_Gull,XC481551-Larus_vegae_mongolicus-FL,28,data/processed/Vega_Gull/XC481551-Larus_vegae_mongolicus-FL_chunk028.wav,3.0,XC481551-Larus_vegae_mongolicus-FL colony Boon Tsagan Lake 31May19 6.17am LS117144b.mp3
Vega_Gull,XC481551-Larus_vegae_mongolicus-FL,29,data/processed/Vega_Gull/XC481551-Larus_vegae_mongolicus-FL_chunk029.wav,3.0,XC481551-Larus_vegae_mongolicus-FL colony Boon Tsagan Lake 31May19 6.17am LS117144b.mp3
Vega_Gull,XC481551-Larus_vegae_mongolicus-FL,30,data/processed/Vega_Gull/XC481551-Larus_vegae_mongolicus-FL_chunk030.wav,3.0,XC481551-Larus_vegae_mongolicus-FL colony Boon Tsagan Lake 31May19 6.17am LS117144b.mp3
Vega_Gull,XC481551-Larus_vegae_mongolicus-FL,31,data/processed/Vega_Gull/XC481551-Larus_vegae_mongolicus-FL_chunk031.wav,3.0,XC481551-Larus_vegae_mongolicus-FL colony Boon Tsagan Lake 31May19 6.17am LS117144b.mp3
Vega_Gull,XC481551-Larus_vegae_mongolicus-FL,32,data/processed/Vega_Gull/XC481551-Larus_vegae_mongolicus-FL_chunk032.wav,3.0,XC481551-Larus_vegae_mongolicus-FL colony Boon Tsagan Lake 31May19 6.17am LS117144b.mp3
Vega_Gull,XC481551-Larus_vegae_mongolicus-FL,33,data/processed/Vega_Gull/XC481551-Larus_vegae_mongolicus-FL_chunk033.wav,3.0,XC481551-Larus_vegae_mongolicus-FL colony Boon Tsagan Lake 31May19 6.17am LS117144b.mp3
Vega_Gull,XC481551-Larus_vegae_mongolicus-FL,34,data/processed/Vega_Gull/XC481551-Larus_vegae_mongolicus-FL_chunk034.wav,3.0,XC481551-Larus_vegae_mongolicus-FL colony Boon Tsagan Lake 31May19 6.17am LS117144b.mp3
Vega_Gull,XC481551-Larus_vegae_mongolicus-FL,35,data/processed/Vega_Gull/XC481551-Larus_vegae_mongolicus-FL_chunk035.wav,3.0,XC481551-Larus_vegae_mongolicus-FL colony Boon Tsagan Lake 31May19 6.17am LS117144b.mp3
Vega_Gull,XC481551-Larus_vegae_mongolicus-FL,36,data/processed/Vega_Gull/XC481551-Larus_vegae_mongolicus-FL_chunk036.wav,3.0,XC481551-Larus_vegae_mongolicus-FL colony Boon Tsagan Lake 31May19 6.17am LS117144b.mp3
Vega_Gull,XC481551-Larus_vegae_mongolicus-FL,37,data/processed/Vega_Gull/XC481551-Larus_vegae_mongolicus-FL_chunk037.wav,3.0,XC481551-Larus_vegae_mongolicus-FL colony Boon Tsagan Lake 31May19 6.17am LS117144b.mp3
Vega_Gull,XC481551-Larus_vegae_mongolicus-FL,38,data/processed/Vega_Gull/XC481551-Larus_vegae_mongolicus-FL_chunk038.wav,3.0,XC481551-Larus_vegae_mongolicus-FL colony Boon Tsagan Lake 31May19 6.17am LS117144b.mp3
Vega_Gull,XC481551-Larus_vegae_mongolicus-FL,39,data/processed/Vega_Gull/XC481551-Larus_vegae_mongolicus-FL_chunk039.wav,3.0,XC481551-Larus_vegae_mongolicus-FL colony Boon Tsagan Lake 31May19 6.17am LS117144b.mp3
Vega_Gull,XC481551-Larus_vegae_mongolicus-FL,40,data/processed/Vega_Gull/XC481551-Larus_vegae_mongolicus-FL_chunk040.wav,3.0,XC481551-Larus_vegae_mongolicus-FL colony Boon Tsagan Lake 31May19 6.17am LS117144b.mp3
Vega_Gull,XC481551-Larus_vegae_mongolicus-FL,41,data/processed/Vega_Gull/XC481551-Larus_vegae_mongolicus-FL_chunk041.wav,3.0,XC481551-Larus_vegae_mongolicus-FL colony Boon Tsagan Lake 31May19 6.17am LS117144b.mp3
Vega_Gull,XC481551-Larus_vegae_mongolicus-FL,42,data/processed/Vega_Gull/XC481551-Larus_vegae_mongolicus-FL_chunk042.wav,3.0,XC481551-Larus_vegae_mongolicus-FL colony Boon Tsagan Lake 31May19 6.17am LS117144b.mp3
Vega_Gull,XC481551-Larus_vegae_mongolicus-FL,43,data/processed/Vega_Gull/XC481551-Larus_vegae_mongolicus-FL_chunk043.wav,3.0,XC481551-Larus_vegae_mongolicus-FL colony Boon Tsagan Lake 31May19 6.17am LS117144b.mp3
Vega_Gull,XC481551-Larus_vegae_mongolicus-FL,44,data/processed/Vega_Gull/XC481551-Larus_vegae_mongolicus-FL_chunk044.wav,3.0,XC481551-Larus_vegae_mongolicus-FL colony Boon Tsagan Lake 31May19 6.17am LS117144b.mp3
Vega_Gull,XC481551-Larus_vegae_mongolicus-FL,45,data/processed/Vega_Gull/XC481551-Larus_vegae_mongolicus-FL_chunk045.wav,3.0,XC481551-Larus_vegae_mongolicus-FL colony Boon Tsagan Lake 31May19 6.17am LS117144b.mp3
Vega_Gull,XC481551-Larus_vegae_mongolicus-FL,46,data/processed/Vega_Gull/XC481551-Larus_vegae_mongolicus-FL_chunk046.wav,3.0,XC481551-Larus_vegae_mongolicus-FL colony Boon Tsagan Lake 31May19 6.17am LS117144b.mp3
Vega_Gull,XC481551-Larus_vegae_mongolicus-FL,47,data/processed/Vega_Gull/XC481551-Larus_vegae_mongolicus-FL_chunk047.wav,3.0,XC481551-Larus_vegae_mongolicus-FL colony Boon Tsagan Lake 31May19 6.17am LS117144b.mp3
Vega_Gull,XC481551-Larus_vegae_mongolicus-FL,48,data/processed/Vega_Gull/XC481551-Larus_vegae_mongolicus-FL_chunk048.wav,3.0,XC481551-Larus_vegae_mongolicus-FL colony Boon Tsagan Lake 31May19 6.17am LS117144b.mp3
Vega_Gull,XC481551-Larus_vegae_mongolicus-FL,49,data/processed/Vega_Gull/XC481551-Larus_vegae_mongolicus-FL_chunk049.wav,3.0,XC481551-Larus_vegae_mongolicus-FL colony Boon Tsagan Lake 31May19 6.17am LS117144b.mp3
Vega_Gull,XC481551-Larus_vegae_mongolicus-FL,50,data/processed/Vega_Gull/XC481551-Larus_vegae_mongolicus-FL_chunk050.wav,3.0,XC481551-Larus_vegae_mongolicus-FL colony Boon Tsagan Lake 31May19 6.17am LS117144b.mp3
Vega_Gull,XC481551-Larus_vegae_mongolicus-FL,51,data/processed/Vega_Gull/XC481551-Larus_vegae_mongolicus-FL_chunk051.wav,3.0,XC481551-Larus_vegae_mongolicus-FL colony Boon Tsagan Lake 31May19 6.17am LS117144b.mp3
Vega_Gull,XC481551-Larus_vegae_mongolicus-FL,52,data/processed/Vega_Gull/XC481551-Larus_vegae_mongolicus-FL_chunk052.wav,3.0,XC481551-Larus_vegae_mongolicus-FL colony Boon Tsagan Lake 31May19 6.17am LS117144b.mp3
Vega_Gull,XC481551-Larus_vegae_mongolicus-FL,53,data/processed/Vega_Gull/XC481551-Larus_vegae_mongolicus-FL_chunk053.wav,3.0,XC481551-Larus_vegae_mongolicus-FL colony Boon Tsagan Lake 31May19 6.17am LS117144b.mp3
Vega_Gull,XC481551-Larus_vegae_mongolicus-FL,54,data/processed/Vega_Gull/XC481551-Larus_vegae_mongolicus-FL_chunk054.wav,3.0,XC481551-Larus_vegae_mongolicus-FL colony Boon Tsagan Lake 31May19 6.17am LS117144b.mp3
Vega_Gull,XC481551-Larus_vegae_mongolicus-FL,55,data/processed/Vega_Gull/XC481551-Larus_vegae_mongolicus-FL_chunk055.wav,3.0,XC481551-Larus_vegae_mongolicus-FL colony Boon Tsagan Lake 31May19 6.17am LS117144b.mp3
Vega_Gull,XC481551-Larus_vegae_mongolicus-FL,56,data/processed/Vega_Gull/XC481551-Larus_vegae_mongolicus-FL_chunk056.wav,3.0,XC481551-Larus_vegae_mongolicus-FL colony Boon Tsagan Lake 31May19 6.17am LS117144b.mp3
Vega_Gull,XC481551-Larus_vegae_mongolicus-FL,57,data/processed/Vega_Gull/XC481551-Larus_vegae_mongolicus-FL_chunk057.wav,3.0,XC481551-Larus_vegae_mongolicus-FL colony Boon Tsagan Lake 31May19 6.17am LS117144b.mp3
Vega_Gull,XC481551-Larus_vegae_mongolicus-FL,58,data/processed/Vega_Gull/XC481551-Larus_vegae_mongolicus-FL_chunk058.wav,3.0,XC481551-Larus_vegae_mongolicus-FL colony Boon Tsagan Lake 31May19 6.17am LS117144b.mp3
Vega_Gull,XC481551-Larus_vegae_mongolicus-FL,59,data/processed/Vega_Gull/XC481551-Larus_vegae_mongolicus-FL_chunk059.wav,3.0,XC481551-Larus_vegae_mongolicus-FL colony Boon Tsagan Lake 31May19 6.17am LS117144b.mp3
Vega_Gull,XC481551-Larus_vegae_mongolicus-FL,60,data/processed/Vega_Gull/XC481551-Larus_vegae_mongolicus-FL_chunk060.wav,3.0,XC481551-Larus_vegae_mongolicus-FL colony Boon Tsagan Lake 31May19 6.17am LS117144b.mp3
Vega_Gull,XC481551-Larus_vegae_mongolicus-FL,61,data/processed/Vega_Gull/XC481551-Larus_vegae_mongolicus-FL_chunk061.wav,3.0,XC481551-Larus_vegae_mongolicus-FL colony Boon Tsagan Lake 31May19 6.17am LS117144b.mp3
Vega_Gull,XC481551-Larus_vegae_mongolicus-FL,62,data/processed/Vega_Gull/XC481551-Larus_vegae_mongolicus-FL_chunk062.wav,3.0,XC481551-Larus_vegae_mongolicus-FL colony Boon Tsagan Lake 31May19 6.17am LS117144b.mp3
Vega_Gull,XC481551-Larus_vegae_mongolicus-FL,63,data/processed/Vega_Gull/XC481551-Larus_vegae_mongolicus-FL_chunk063.wav,3.0,XC481551-Larus_vegae_mongolicus-FL colony Boon Tsagan Lake 31May19 6.17am LS117144b.mp3
Vega_Gull,XC481551-Larus_vegae_mongolicus-FL,64,data/processed/Vega_Gull/XC481551-Larus_vegae_mongolicus-FL_chunk064.wav,3.0,XC481551-Larus_vegae_mongolicus-FL colony Boon Tsagan Lake 31May19 6.17am LS117144b.mp3
Vega_Gull,XC481551-Larus_vegae_mongolicus-FL,65,data/processed/Vega_Gull/XC481551-Larus_vegae_mongolicus-FL_chunk065.wav,3.0,XC481551-Larus_vegae_mongolicus-FL colony Boon Tsagan Lake 31May19 6.17am LS117144b.mp3
Vega_Gull,XC481551-Larus_vegae_mongolicus-FL,66,data/processed/Vega_Gull/XC481551-Larus_vegae_mongolicus-FL_chunk066.wav,3.0,XC481551-Larus_vegae_mongolicus-FL colony Boon Tsagan Lake 31May19 6.17am LS117144b.mp3
Vega_Gull,XC481551-Larus_vegae_mongolicus-FL,67,data/processed/Vega_Gull/XC481551-Larus_vegae_mongolicus-FL_chunk067.wav,3.0,XC481551-Larus_vegae_mongolicus-FL colony Boon Tsagan Lake 31May19 6.17am LS117144b.mp3
Vega_Gull,XC481551-Larus_vegae_mongolicus-FL,68,data/processed/Vega_Gull/XC481551-Larus_vegae_mongolicus-FL_chunk068.wav,3.0,XC481551-Larus_vegae_mongolicus-FL colony Boon Tsagan Lake 31May19 6.17am LS117144b.mp3
Vega_Gull,XC481551-Larus_vegae_mongolicus-FL,69,data/processed/Vega_Gull/XC481551-Larus_vegae_mongolicus-FL_chunk069.wav,3.0,XC481551-Larus_vegae_mongolicus-FL colony Boon Tsagan Lake 31May19 6.17am LS117144b.mp3
Vega_Gull,XC481551-Larus_vegae_mongolicus-FL,70,data/processed/Vega_Gull/XC481551-Larus_vegae_mongolicus-FL_chunk070.wav,3.0,XC481551-Larus_vegae_mongolicus-FL colony Boon Tsagan Lake 31May19 6.17am LS117144b.mp3
Vega_Gull,XC481551-Larus_vegae_mongolicus-FL,71,data/processed/Vega_Gull/XC481551-Larus_vegae_mongolicus-FL_chunk071.wav,3.0,XC481551-Larus_vegae_mongolicus-FL colony Boon Tsagan Lake 31May19 6.17am LS117144b.mp3
Vega_Gull,XC481551-Larus_vegae_mongolicus-FL,72,data/processed/Vega_Gull/XC481551-Larus_vegae_mongolicus-FL_chunk072.wav,3.0,XC481551-Larus_vegae_mongolicus-FL colony Boon Tsagan Lake 31May19 6.17am LS117144b.mp3
Vega_Gull,XC481551-Larus_vegae_mongolicus-FL,73,data/processed/Vega_Gull/XC481551-Larus_vegae_mongolicus-FL_chunk073.wav,3.0,XC481551-Larus_vegae_mongolicus-FL colony Boon Tsagan Lake 31May19 6.17am LS117144b.mp3
Vega_Gull,XC481551-Larus_vegae_mongolicus-FL,74,data/processed/Vega_Gull/XC481551-Larus_vegae_mongolicus-FL_chunk074.wav,3.0,XC481551-Larus_vegae_mongolicus-FL colony Boon Tsagan Lake 31May19 6.17am LS117144b.mp3
Vega_Gull,XC481551-Larus_vegae_mongolicus-FL,75,data/processed/Vega_Gull/XC481551-Larus_vegae_mongolicus-FL_chunk075.wav,3.0,XC481551-Larus_vegae_mongolicus-FL colony Boon Tsagan Lake 31May19 6.17am LS117144b.mp3
Vega_Gull,XC481551-Larus_vegae_mongolicus-FL,76,data/processed/Vega_Gull/XC481551-Larus_vegae_mongolicus-FL_chunk076.wav,3.0,XC481551-Larus_vegae_mongolicus-FL colony Boon Tsagan Lake 31May19 6.17am LS117144b.mp3
Vega_Gull,XC481551-Larus_vegae_mongolicus-FL,77,data/processed/Vega_Gull/XC481551-Larus_vegae_mongolicus-FL_chunk077.wav,3.0,XC481551-Larus_vegae_mongolicus-FL colony Boon Tsagan Lake 31May19 6.17am LS117144b.mp3
Vega_Gull,XC481551-Larus_vegae_mongolicus-FL,78,data/processed/Vega_Gull/XC481551-Larus_vegae_mongolicus-FL_chunk078.wav,3.0,XC481551-Larus_vegae_mongolicus-FL colony Boon Tsagan Lake 31May19 6.17am LS117144b.mp3
Vega_Gull,XC481551-Larus_vegae_mongolicus-FL,79,data/processed/Vega_Gull/XC481551-Larus_vegae_mongolicus-FL_chunk079.wav,3.0,XC481551-Larus_vegae_mongolicus-FL colony Boon Tsagan Lake 31May19 6.17am LS117144b.mp3
Vega_Gull,XC481551-Larus_vegae_mongolicus-FL,80,data/processed/Vega_Gull/XC481551-Larus_vegae_mongolicus-FL_chunk080.wav,3.0,XC481551-Larus_vegae_mongolicus-FL colony Boon Tsagan Lake 31May19 6.17am LS117144b.mp3
Vega_Gull,XC481551-Larus_vegae_mongolicus-FL,81,data/processed/Vega_Gull/XC481551-Larus_vegae_mongolicus-FL_chunk081.wav,3.0,XC481551-Larus_vegae_mongolicus-FL colony Boon Tsagan Lake 31May19 6.17am LS117144b.mp3
Vega_Gull,XC481551-Larus_vegae_mongolicus-FL,82,data/processed/Vega_Gull/XC481551-Larus_vegae_mongolicus-FL_chunk082.wav,3.0,XC481551-Larus_vegae_mongolicus-FL colony Boon Tsagan Lake 31May19 6.17am LS117144b.mp3
Vega_Gull,XC481551-Larus_vegae_mongolicus-FL,83,data/processed/Vega_Gull/XC481551-Larus_vegae_mongolicus-FL_chunk083.wav,3.0,XC481551-Larus_vegae_mongolicus-FL colony Boon Tsagan Lake 31May19 6.17am LS117144b.mp3
Vega_Gull,XC481551-Larus_vegae_mongolicus-FL,84,data/processed/Vega_Gull/XC481551-Larus_vegae_mongolicus-FL_chunk084.wav,3.0,XC481551-Larus_vegae_mongolicus-FL colony Boon Tsagan Lake 31May19 6.17am LS117144b.mp3
Vega_Gull,XC481551-Larus_vegae_mongolicus-FL,85,data/processed/Vega_Gull/XC481551-Larus_vegae_mongolicus-FL_chunk085.wav,3.0,XC481551-Larus_vegae_mongolicus-FL colony Boon Tsagan Lake 31May19 6.17am LS117144b.mp3
Vega_Gull,XC481551-Larus_vegae_mongolicus-FL,86,data/processed/Vega_Gull/XC481551-Larus_vegae_mongolicus-FL_chunk086.wav,3.0,XC481551-Larus_vegae_mongolicus-FL colony Boon Tsagan Lake 31May19 6.17am LS117144b.mp3
Vega_Gull,XC481551-Larus_vegae_mongolicus-FL,87,data/processed/Vega_Gull/XC481551-Larus_vegae_mongolicus-FL_chunk087.wav,3.0,XC481551-Larus_vegae_mongolicus-FL colony Boon Tsagan Lake 31May19 6.17am LS117144b.mp3
Vega_Gull,XC481551-Larus_vegae_mongolicus-FL,88,data/processed/Vega_Gull/XC481551-Larus_vegae_mongolicus-FL_chunk088.wav,3.0,XC481551-Larus_vegae_mongolicus-FL colony Boon Tsagan Lake 31May19 6.17am LS117144b.mp3
Vega_Gull,XC481551-Larus_vegae_mongolicus-FL,89,data/processed/Vega_Gull/XC481551-Larus_vegae_mongolicus-FL_chunk089.wav,3.0,XC481551-Larus_vegae_mongolicus-FL colony Boon Tsagan Lake 31May19 6.17am LS117144b.mp3
Vega_Gull,XC481551-Larus_vegae_mongolicus-FL,90,data/processed/Vega_Gull/XC481551-Larus_vegae_mongolicus-FL_chunk090.wav,3.0,XC481551-Larus_vegae_mongolicus-FL colony Boon Tsagan Lake 31May19 6.17am LS117144b.mp3
Vega_Gull,XC481551-Larus_vegae_mongolicus-FL,91,data/processed/Vega_Gull/XC481551-Larus_vegae_mongolicus-FL_chunk091.wav,3.0,XC481551-Larus_vegae_mongolicus-FL colony Boon Tsagan Lake 31May19 6.17am LS117144b.mp3
Vega_Gull,XC481551-Larus_vegae_mongolicus-FL,92,data/processed/Vega_Gull/XC481551-Larus_vegae_mongolicus-FL_chunk092.wav,3.0,XC481551-Larus_vegae_mongolicus-FL colony Boon Tsagan Lake 31May19 6.17am LS117144b.mp3
Vega_Gull,XC481551-Larus_vegae_mongolicus-FL,93,data/processed/Vega_Gull/XC481551-Larus_vegae_mongolicus-FL_chunk093.wav,3.0,XC481551-Larus_vegae_mongolicus-FL colony Boon Tsagan Lake 31May19 6.17am LS117144b.mp3
Vega_Gull,XC481551-Larus_vegae_mongolicus-FL,94,data/processed/Vega_Gull/XC481551-Larus_vegae_mongolicus-FL_chunk094.wav,3.0,XC481551-Larus_vegae_mongolicus-FL colony Boon Tsagan Lake 31May19 6.17am LS117144b.mp3
Vega_Gull,XC481551-Larus_vegae_mongolicus-FL,95,data/processed/Vega_Gull/XC481551-Larus_vegae_mongolicus-FL_chunk095.wav,3.0,XC481551-Larus_vegae_mongolicus-FL colony Boon Tsagan Lake 31May19 6.17am LS117144b.mp3
Vega_Gull,XC481551-Larus_vegae_mongolicus-FL,96,data/processed/Vega_Gull/XC481551-Larus_vegae_mongolicus-FL_chunk096.wav,3.0,XC481551-Larus_vegae_mongolicus-FL colony Boon Tsagan Lake 31May19 6.17am LS117144b.mp3
Vega_Gull,XC481551-Larus_vegae_mongolicus-FL,97,data/processed/Vega_Gull/XC481551-Larus_vegae_mongolicus-FL_chunk097.wav,3.0,XC481551-Larus_vegae_mongolicus-FL colony Boon Tsagan Lake 31May19 6.17am LS117144b.mp3
Vega_Gull,XC481551-Larus_vegae_mongolicus-FL,98,data/processed/Vega_Gull/XC481551-Larus_vegae_mongolicus-FL_chunk098.wav,3.0,XC481551-Larus_vegae_mongolicus-FL colony Boon Tsagan Lake 31May19 6.17am LS117144b.mp3
Vega_Gull,XC481551-Larus_vegae_mongolicus-FL,99,data/processed/Vega_Gull/XC481551-Larus_vegae_mongolicus-FL_chunk099.wav,3.0,XC481551-Larus_vegae_mongolicus-FL colony Boon Tsagan Lake 31May19 6.17am LS117144b.mp3
Vega_Gull,XC481551-Larus_vegae_mongolicus-FL,100,data/processed/Vega_Gull/XC481551-Larus_vegae_mongolicus-FL_chunk100.wav,3.0,XC481551-Larus_vegae_mongolicus-FL colony Boon Tsagan Lake 31May19 6.17am LS117144b.mp3
Vega_Gull,XC481551-Larus_vegae_mongolicus-FL,101,data/processed/Vega_Gull/XC481551-Larus_vegae_mongolicus-FL_chunk101.wav,3.0,XC481551-Larus_vegae_mongolicus-FL colony Boon Tsagan Lake 31May19 6.17am LS117144b.mp3
Vega_Gull,XC481551-Larus_vegae_mongolicus-FL,102,data/processed/Vega_Gull/XC481551-Larus_vegae_mongolicus-FL_chunk102.wav,3.0,XC481551-Larus_vegae_mongolicus-FL colony Boon Tsagan Lake 31May19 6.17am LS117144b.mp3
Vega_Gull,XC481551-Larus_vegae_mongolicus-FL,103,data/processed/Vega_Gull/XC481551-Larus_vegae_mongolicus-FL_chunk103.wav,3.0,XC481551-Larus_vegae_mongolicus-FL colony Boon Tsagan Lake 31May19 6.17am LS117144b.mp3
Vega_Gull,XC481551-Larus_vegae_mongolicus-FL,104,data/processed/Vega_Gull/XC481551-Larus_vegae_mongolicus-FL_chunk104.wav,3.0,XC481551-Larus_vegae_mongolicus-FL colony Boon Tsagan Lake 31May19 6.17am LS117144b.mp3
Vega_Gull,XC481551-Larus_vegae_mongolicus-FL,105,data/processed/Vega_Gull/XC481551-Larus_vegae_mongolicus-FL_chunk105.wav,3.0,XC481551-Larus_vegae_mongolicus-FL colony Boon Tsagan Lake 31May19 6.17am LS117144b.mp3
Vega_Gull,XC481551-Larus_vegae_mongolicus-FL,106,data/processed/Vega_Gull/XC481551-Larus_vegae_mongolicus-FL_chunk106.wav,3.0,XC481551-Larus_vegae_mongolicus-FL colony Boon Tsagan Lake 31May19 6.17am LS117144b.mp3
Vega_Gull,XC481551-Larus_vegae_mongolicus-FL,107,data/processed/Vega_Gull/XC481551-Larus_vegae_mongolicus-FL_chunk107.wav,3.0,XC481551-Larus_vegae_mongolicus-FL colony Boon Tsagan Lake 31May19 6.17am LS117144b.mp3
Vega_Gull,XC481551-Larus_vegae_mongolicus-FL,108,data/processed/Vega_Gull/XC481551-Larus_vegae_mongolicus-FL_chunk108.wav,3.0,XC481551-Larus_vegae_mongolicus-FL colony Boon Tsagan Lake 31May19 6.17am LS117144b.mp3
Vega_Gull,XC481551-Larus_vegae_mongolicus-FL,109,data/processed/Vega_Gull/XC481551-Larus_vegae_mongolicus-FL_chunk109.wav,3.0,XC481551-Larus_vegae_mongolicus-FL colony Boon Tsagan Lake 31May19 6.17am LS117144b.mp3
Vega_Gull,XC481551-Larus_vegae_mongolicus-FL,110,data/processed/Vega_Gull/XC481551-Larus_vegae_mongolicus-FL_chunk110.wav,3.0,XC481551-Larus_vegae_mongolicus-FL colony Boon Tsagan Lake 31May19 6.17am LS117144b.mp3
Vega_Gull,XC481551-Larus_vegae_mongolicus-FL,111,data/processed/Vega_Gull/XC481551-Larus_vegae_mongolicus-FL_chunk111.wav,3.0,XC481551-Larus_vegae_mongolicus-FL colony Boon Tsagan Lake 31May19 6.17am LS117144b.mp3
Vega_Gull,XC481551-Larus_vegae_mongolicus-FL,112,data/processed/Vega_Gull/XC481551-Larus_vegae_mongolicus-FL_chunk112.wav,3.0,XC481551-Larus_vegae_mongolicus-FL colony Boon Tsagan Lake 31May19 6.17am LS117144b.mp3
Vega_Gull,XC481551-Larus_vegae_mongolicus-FL,113,data/processed/Vega_Gull/XC481551-Larus_vegae_mongolicus-FL_chunk113.wav,3.0,XC481551-Larus_vegae_mongolicus-FL colony Boon Tsagan Lake 31May19 6.17am LS117144b.mp3
Vega_Gull,XC481551-Larus_vegae_mongolicus-FL,114,data/processed/Vega_Gull/XC481551-Larus_vegae_mongolicus-FL_chunk114.wav,3.0,XC481551-Larus_vegae_mongolicus-FL colony Boon Tsagan Lake 31May19 6.17am LS117144b.mp3
Vega_Gull,XC481551-Larus_vegae_mongolicus-FL,115,data/processed/Vega_Gull/XC481551-Larus_vegae_mongolicus-FL_chunk115.wav,3.0,XC481551-Larus_vegae_mongolicus-FL colony Boon Tsagan Lake 31May19 6.17am LS117144b.mp3
Vega_Gull,XC481551-Larus_vegae_mongolicus-FL,116,data/processed/Vega_Gull/XC481551-Larus_vegae_mongolicus-FL_chunk116.wav,3.0,XC481551-Larus_vegae_mongolicus-FL colony Boon Tsagan Lake 31May19 6.17am LS117144b.mp3
Vega_Gull,XC481551-Larus_vegae_mongolicus-FL,117,data/processed/Vega_Gull/XC481551-Larus_vegae_mongolicus-FL_chunk117.wav,3.0,XC481551-Larus_vegae_mongolicus-FL colony Boon Tsagan Lake 31May19 6.17am LS117144b.mp3
Vega_Gull,XC481551-Larus_vegae_mongolicus-FL,118,data/processed/Vega_Gull/XC481551-Larus_vegae_mongolicus-FL_chunk118.wav,3.0,XC481551-Larus_vegae_mongolicus-FL colony Boon Tsagan Lake 31May19 6.17am LS117144b.mp3
Vega_Gull,XC481551-Larus_vegae_mongolicus-FL,119,data/processed/Vega_Gull/XC481551-Larus_vegae_mongolicus-FL_chunk119.wav,3.0,XC481551-Larus_vegae_mongolicus-FL colony Boon Tsagan Lake 31May19 6.17am LS117144b.mp3
Vega_Gull,XC481551-Larus_vegae_mongolicus-FL,120,data/processed/Vega_Gull/XC481551-Larus_vegae_mongolicus-FL_chunk120.wav,3.0,XC481551-Larus_vegae_mongolicus-FL colony Boon Tsagan Lake 31May19 6.17am LS117144b.mp3
Vega_Gull,XC481551-Larus_vegae_mongolicus-FL,121,data/processed/Vega_Gull/XC481551-Larus_vegae_mongolicus-FL_chunk121.wav,3.0,XC481551-Larus_vegae_mongolicus-FL colony Boon Tsagan Lake 31May19 6.17am LS117144b.mp3
Vega_Gull,XC481551-Larus_vegae_mongolicus-FL,122,data/processed/Vega_Gull/XC481551-Larus_vegae_mongolicus-FL_chunk122.wav,3.0,XC481551-Larus_vegae_mongolicus-FL colony Boon Tsagan Lake 31May19 6.17am LS117144b.mp3
Vega_Gull,XC481551-Larus_vegae_mongolicus-FL,123,data/processed/Vega_Gull/XC481551-Larus_vegae_mongolicus-FL_chunk123.wav,3.0,XC481551-Larus_vegae_mongolicus-FL colony Boon Tsagan Lake 31May19 6.17am LS117144b.mp3
Vega_Gull,XC481551-Larus_vegae_mongolicus-FL,124,data/processed/Vega_Gull/XC481551-Larus_vegae_mongolicus-FL_chunk124.wav,3.0,XC481551-Larus_vegae_mongolicus-FL colony Boon Tsagan Lake 31May19 6.17am LS117144b.mp3
Vega_Gull,XC481551-Larus_vegae_mongolicus-FL,125,data/processed/Vega_Gull/XC481551-Larus_vegae_mongolicus-FL_chunk125.wav,3.0,XC481551-Larus_vegae_mongolicus-FL colony Boon Tsagan Lake 31May19 6.17am LS117144b.mp3
Vega_Gull,XC481551-Larus_vegae_mongolicus-FL,126,data/processed/Vega_Gull/XC481551-Larus_vegae_mongolicus-FL_chunk126.wav,3.0,XC481551-Larus_vegae_mongolicus-FL colony Boon Tsagan Lake 31May19 6.17am LS117144b.mp3
Vega_Gull,XC481551-Larus_vegae_mongolicus-FL,127,data/processed/Vega_Gull/XC481551-Larus_vegae_mongolicus-FL_chunk127.wav,3.0,XC481551-Larus_vegae_mongolicus-FL colony Boon Tsagan Lake 31May19 6.17am LS117144b.mp3
Vega_Gull,XC487193-Goeland,0,data/processed/Vega_Gull/XC487193-Goeland_chunk000.wav,3.0,XC487193-Goeland de Mongolie cris de vol et long call.mp3
Vega_Gull,XC487193-Goeland,1,data/processed/Vega_Gull/XC487193-Goeland_chunk001.wav,3.0,XC487193-Goeland de Mongolie cris de vol et long call.mp3
Vega_Gull,XC487193-Goeland,2,data/processed/Vega_Gull/XC487193-Goeland_chunk002.wav,3.0,XC487193-Goeland de Mongolie cris de vol et long call.mp3
Vega_Gull,XC487193-Goeland,3,data/processed/Vega_Gull/XC487193-Goeland_chunk003.wav,3.0,XC487193-Goeland de Mongolie cris de vol et long call.mp3
Vega_Gull,XC487193-Goeland,4,data/processed/Vega_Gull/XC487193-Goeland_chunk004.wav,3.0,XC487193-Goeland de Mongolie cris de vol et long call.mp3
Vega_Gull,XC487193-Goeland,5,data/processed/Vega_Gull/XC487193-Goeland_chunk005.wav,3.0,XC487193-Goeland de Mongolie cris de vol et long call.mp3
Vega_Gull,XC487193-Goeland,6,data/processed/Vega_Gull/XC487193-Goeland_chunk006.wav,3.0,XC487193-Goeland de Mongolie cris de vol et long call.mp3
Vega_Gull,XC487193-Goeland,7,data/processed/Vega_Gull/XC487193-Goeland_chunk007.wav,3.0,XC487193-Goeland de Mongolie cris de vol et long call.mp3
Vega_Gull,XC487193-Goeland,8,data/processed/Vega_Gull/XC487193-Goeland_chunk008.wav,3.0,XC487193-Goeland de Mongolie cris de vol et long call.mp3
Vega_Gull,XC487193-Goeland,9,data/processed/Vega_Gull/XC487193-Goeland_chunk009.wav,3.0,XC487193-Goeland de Mongolie cris de vol et long call.mp3
Vega_Gull,XC487193-Goeland,10,data/processed/Vega_Gull/XC487193-Goeland_chunk010.wav,3.0,XC487193-Goeland de Mongolie cris de vol et long call.mp3
Vega_Gull,XC487193-Goeland,11,data/processed/Vega_Gull/XC487193-Goeland_chunk011.wav,3.0,XC487193-Goeland de Mongolie cris de vol et long call.mp3
Vega_Gull,XC487193-Goeland,12,data/processed/Vega_Gull/XC487193-Goeland_chunk012.wav,3.0,XC487193-Goeland de Mongolie cris de vol et long call.mp3
Vega_Gull,XC487193-Goeland,13,data/processed/Vega_Gull/XC487193-Goeland_chunk013.wav,3.0,XC487193-Goeland de Mongolie cris de vol et long call.mp3
Vega_Gull,XC495373-190718_MongolianGull_2_calls_EightLakesArea_OC,0,data/processed/Vega_Gull/XC495373-190718_MongolianGull_2_calls_EightLakesArea_OC_chunk000.wav,3.0,XC495373-190718_MongolianGull_2_calls_EightLakesArea_OC.mp3
Vega_Gull,XC495373-190718_MongolianGull_2_calls_EightLakesArea_OC,1,data/processed/Vega_Gull/XC495373-190718_MongolianGull_2_calls_EightLakesArea_OC_chunk001.wav,3.0,XC495373-190718_MongolianGull_2_calls_EightLakesArea_OC.mp3
Vega_Gull,XC495373-190718_MongolianGull_2_calls_EightLakesArea_OC,2,data/processed/Vega_Gull/XC495373-190718_MongolianGull_2_calls_EightLakesArea_OC_chunk002.wav,3.0,XC495373-190718_MongolianGull_2_calls_EightLakesArea_OC.mp3
Vega_Gull,XC495373-190718_MongolianGull_2_calls_EightLakesArea_OC,3,data/processed/Vega_Gull/XC495373-190718_MongolianGull_2_calls_EightLakesArea_OC_chunk003.wav,3.0,XC495373-190718_MongolianGull_2_calls_EightLakesArea_OC.mp3
Vega_Gull,XC495373-190718_MongolianGull_2_calls_EightLakesArea_OC,4,data/processed/Vega_Gull/XC495373-190718_MongolianGull_2_calls_EightLakesArea_OC_chunk004.wav,3.0,XC495373-190718_MongolianGull_2_calls_EightLakesArea_OC.mp3
Vega_Gull,XC495373-190718_MongolianGull_2_calls_EightLakesArea_OC,5,data/processed/Vega_Gull/XC495373-190718_MongolianGull_2_calls_EightLakesArea_OC_chunk005.wav,3.0,XC495373-190718_MongolianGull_2_calls_EightLakesArea_OC.mp3
Vega_Gull,XC495373-190718_MongolianGull_2_calls_EightLakesArea_OC,6,data/processed/Vega_Gull/XC495373-190718_MongolianGull_2_calls_EightLakesArea_OC_chunk006.wav,3.0,XC495373-190718_MongolianGull_2_calls_EightLakesArea_OC.mp3
Vega_Gull,XC495373-190718_MongolianGull_2_calls_EightLakesArea_OC,7,data/processed/Vega_Gull/XC495373-190718_MongolianGull_2_calls_EightLakesArea_OC_chunk007.wav,3.0,XC495373-190718_MongolianGull_2_calls_EightLakesArea_OC.mp3
Vega_Gull,XC495373-190718_MongolianGull_2_calls_EightLakesArea_OC,8,data/processed/Vega_Gull/XC495373-190718_MongolianGull_2_calls_EightLakesArea_OC_chunk008.wav,3.0,XC495373-190718_MongolianGull_2_calls_EightLakesArea_OC.mp3
Vega_Gull,XC495373-190718_MongolianGull_2_calls_EightLakesArea_OC,9,data/processed/Vega_Gull/XC495373-190718_MongolianGull_2_calls_EightLakesArea_OC_chunk009.wav,3.0,XC495373-190718_MongolianGull_2_calls_EightLakesArea_OC.mp3
Vega_Gull,XC495373-190718_MongolianGull_2_calls_EightLakesArea_OC,10,data/processed/Vega_Gull/XC495373-190718_MongolianGull_2_calls_EightLakesArea_OC_chunk010.wav,3.0,XC495373-190718_MongolianGull_2_calls_EightLakesArea_OC.mp3
Vega_Gull,XC495373-190718_MongolianGull_2_calls_EightLakesArea_OC,11,data/processed/Vega_Gull/XC495373-190718_MongolianGull_2_calls_EightLakesArea_OC_chunk011.wav,3.0,XC495373-190718_MongolianGull_2_calls_EightLakesArea_OC.mp3
Vega_Gull,XC495373-190718_MongolianGull_2_calls_EightLakesArea_OC,12,data/processed/Vega_Gull/XC495373-190718_MongolianGull_2_calls_EightLakesArea_OC_chunk012.wav,3.0,XC495373-190718_MongolianGull_2_calls_EightLakesArea_OC.mp3
Vega_Gull,XC495373-190718_MongolianGull_2_calls_EightLakesArea_OC,13,data/processed/Vega_Gull/XC495373-190718_MongolianGull_2_calls_EightLakesArea_OC_chunk013.wav,3.0,XC495373-190718_MongolianGull_2_calls_EightLakesArea_OC.mp3
Vega_Gull,XC495375-190718_MongolianGull_calls_EightLakesArea_OC,0,data/processed/Vega_Gull/XC495375-190718_MongolianGull_calls_EightLakesArea_OC_chunk000.wav,3.0,XC495375-190718_MongolianGull_calls_EightLakesArea_OC.mp3
Vega_Gull,XC495375-190718_MongolianGull_calls_EightLakesArea_OC,1,data/processed/Vega_Gull/XC495375-190718_MongolianGull_calls_EightLakesArea_OC_chunk001.wav,3.0,XC495375-190718_MongolianGull_calls_EightLakesArea_OC.mp3
Vega_Gull,XC495375-190718_MongolianGull_calls_EightLakesArea_OC,2,data/processed/Vega_Gull/XC495375-190718_MongolianGull_calls_EightLakesArea_OC_chunk002.wav,3.0,XC495375-190718_MongolianGull_calls_EightLakesArea_OC.mp3
Vega_Gull,XC495375-190718_MongolianGull_calls_EightLakesArea_OC,3,data/processed/Vega_Gull/XC495375-190718_MongolianGull_calls_EightLakesArea_OC_chunk003.wav,3.0,XC495375-190718_MongolianGull_calls_EightLakesArea_OC.mp3
Vega_Gull,XC495375-190718_MongolianGull_calls_EightLakesArea_OC,4,data/processed/Vega_Gull/XC495375-190718_MongolianGull_calls_EightLakesArea_OC_chunk004.wav,3.0,XC495375-190718_MongolianGull_calls_EightLakesArea_OC.mp3
Vega_Gull,XC495375-190718_MongolianGull_calls_EightLakesArea_OC,5,data/processed/Vega_Gull/XC495375-190718_MongolianGull_calls_EightLakesArea_OC_chunk005.wav,3.0,XC495375-190718_MongolianGull_calls_EightLakesArea_OC.mp3
Vega_Gull,XC495375-190718_MongolianGull_calls_EightLakesArea_OC,6,data/processed/Vega_Gull/XC495375-190718_MongolianGull_calls_EightLakesArea_OC_chunk006.wav,3.0,XC495375-190718_MongolianGull_calls_EightLakesArea_OC.mp3
Vega_Gull,XC495375-190718_MongolianGull_calls_EightLakesArea_OC,7,data/processed/Vega_Gull/XC495375-190718_MongolianGull_calls_EightLakesArea_OC_chunk007.wav,3.0,XC495375-190718_MongolianGull_calls_EightLakesArea_OC.mp3
Vega_Gull,XC495375-190718_MongolianGull_calls_EightLakesArea_OC,8,data/processed/Vega_Gull/XC495375-190718_MongolianGull_calls_EightLakesArea_OC_chunk008.wav,3.0,XC495375-190718_MongolianGull_calls_EightLakesArea_OC.mp3
Vega_Gull,XC495375-190718_MongolianGull_calls_EightLakesArea_OC,9,data/processed/Vega_Gull/XC495375-190718_MongolianGull_calls_EightLakesArea_OC_chunk009.wav,3.0,XC495375-190718_MongolianGull_calls_EightLakesArea_OC.mp3
Vega_Gull,XC495375-190718_MongolianGull_calls_EightLakesArea_OC,10,data/processed/Vega_Gull/XC495375-190718_MongolianGull_calls_EightLakesArea_OC_chunk010.wav,3.0,XC495375-190718_MongolianGull_calls_EightLakesArea_OC.mp3
Vega_Gull,XC495375-190718_MongolianGull_calls_EightLakesArea_OC,11,data/processed/Vega_Gull/XC495375-190718_MongolianGull_calls_EightLakesArea_OC_chunk011.wav,3.0,XC495375-190718_MongolianGull_calls_EightLakesArea_OC.mp3
Vega_Gull,XC526935-Mongolian,0,data/processed/Vega_Gull/XC526935-Mongolian_chunk000.wav,3.0,XC526935-Mongolian Gull Bayan Nuur 5170529_3152.mp3
Vega_Gull,XC526935-Mongolian,1,data/processed/Vega_Gull/XC526935-Mongolian_chunk001.wav,3.0,XC526935-Mongolian Gull Bayan Nuur 5170529_3152.mp3
Vega_Gull,XC526935-Mongolian,2,data/processed/Vega_Gull/XC526935-Mongolian_chunk002.wav,3.0,XC526935-Mongolian Gull Bayan Nuur 5170529_3152.mp3
Vega_Gull,XC526935-Mongolian,3,data/processed/Vega_Gull/XC526935-Mongolian_chunk003.wav,3.0,XC526935-Mongolian Gull Bayan Nuur 5170529_3152.mp3
Vega_Gull,XC526935-Mongolian,4,data/processed/Vega_Gull/XC526935-Mongolian_chunk004.wav,3.0,XC526935-Mongolian Gull Bayan Nuur 5170529_3152.mp3
Vega_Gull,XC526937-Mongolian,0,data/processed/Vega_Gull/XC526937-Mongolian_chunk000.wav,3.0,XC526937-Mongolian Gull Bayan Nuur 7170529_3152.mp3
Vega_Gull,XC526937-Mongolian,1,data/processed/Vega_Gull/XC526937-Mongolian_chunk001.wav,3.0,XC526937-Mongolian Gull Bayan Nuur 7170529_3152.mp3
Vega_Gull,XC526937-Mongolian,2,data/processed/Vega_Gull/XC526937-Mongolian_chunk002.wav,3.0,XC526937-Mongolian Gull Bayan Nuur 7170529_3152.mp3
Vega_Gull,XC526937-Mongolian,3,data/processed/Vega_Gull/XC526937-Mongolian_chunk003.wav,3.0,XC526937-Mongolian Gull Bayan Nuur 7170529_3152.mp3
Vega_Gull,XC526937-Mongolian,4,data/processed/Vega_Gull/XC526937-Mongolian_chunk004.wav,3.0,XC526937-Mongolian Gull Bayan Nuur 7170529_3152.mp3
Vega_Gull,XC526937-Mongolian,5,data/processed/Vega_Gull/XC526937-Mongolian_chunk005.wav,3.0,XC526937-Mongolian Gull Bayan Nuur 7170529_3152.mp3
Vega_Gull,XC526937-Mongolian,6,data/processed/Vega_Gull/XC526937-Mongolian_chunk006.wav,3.0,XC526937-Mongolian Gull Bayan Nuur 7170529_3152.mp3
Vega_Gull,XC526937-Mongolian,7,data/processed/Vega_Gull/XC526937-Mongolian_chunk007.wav,3.0,XC526937-Mongolian Gull Bayan Nuur 7170529_3152.mp3
Vega_Gull,XC526937-Mongolian,8,data/processed/Vega_Gull/XC526937-Mongolian_chunk008.wav,3.0,XC526937-Mongolian Gull Bayan Nuur 7170529_3152.mp3
Vega_Gull,XC526937-Mongolian,9,data/processed/Vega_Gull/XC526937-Mongolian_chunk009.wav,3.0,XC526937-Mongolian Gull Bayan Nuur 7170529_3152.mp3
Vega_Gull,XC676031-Larus,0,data/processed/Vega_Gull/XC676031-Larus_chunk000.wav,3.0,"XC676031-Larus vegae 210709_001k.Тас Юрях, AB alarm.MP3"
Vega_Gull,XC676031-Larus,1,data/processed/Vega_Gull/XC676031-Larus_chunk001.wav,3.0,"XC676031-Larus vegae 210709_001k.Тас Юрях, AB alarm.MP3"
Vega_Gull,XC676031-Larus,2,data/processed/Vega_Gull/XC676031-Larus_chunk002.wav,3.0,"XC676031-Larus vegae 210709_001k.Тас Юрях, AB alarm.MP3"
Vega_Gull,XC676031-Larus,3,data/processed/Vega_Gull/XC676031-Larus_chunk003.wav,3.0,"XC676031-Larus vegae 210709_001k.Тас Юрях, AB alarm.MP3"
Vega_Gull,XC676031-Larus,4,data/processed/Vega_Gull/XC676031-Larus_chunk004.wav,3.0,"XC676031-Larus vegae 210709_001k.Тас Юрях, AB alarm.MP3"
Vega_Gull,XC676031-Larus,5,data/processed/Vega_Gull/XC676031-Larus_chunk005.wav,3.0,"XC676031-Larus vegae 210709_001k.Тас Юрях, AB alarm.MP3"
Vega_Gull,XC676031-Larus,6,data/processed/Vega_Gull/XC676031-Larus_chunk006.wav,3.0,"XC676031-Larus vegae 210709_001k.Тас Юрях, AB alarm.MP3"
Vega_Gull,XC676031-Larus,7,data/processed/Vega_Gull/XC676031-Larus_chunk007.wav,3.0,"XC676031-Larus vegae 210709_001k.Тас Юрях, AB alarm.MP3"
Vega_Gull,XC676031-Larus,8,data/processed/Vega_Gull/XC676031-Larus_chunk008.wav,3.0,"XC676031-Larus vegae 210709_001k.Тас Юрях, AB alarm.MP3"
Vega_Gull,XC676031-Larus,9,data/processed/Vega_Gull/XC676031-Larus_chunk009.wav,3.0,"XC676031-Larus vegae 210709_001k.Тас Юрях, AB alarm.MP3"
Vega_Gull,XC676031-Larus,10,data/processed/Vega_Gull/XC676031-Larus_chunk010.wav,3.0,"XC676031-Larus vegae 210709_001k.Тас Юрях, AB alarm.MP3"
Vega_Gull,XC676031-Larus,11,data/processed/Vega_Gull/XC676031-Larus_chunk011.wav,3.0,"XC676031-Larus vegae 210709_001k.Тас Юрях, AB alarm.MP3"
Vega_Gull,XC676031-Larus,12,data/processed/Vega_Gull/XC676031-Larus_chunk012.wav,3.0,"XC676031-Larus vegae 210709_001k.Тас Юрях, AB alarm.MP3"
Vega_Gull,XC676031-Larus,13,data/processed/Vega_Gull/XC676031-Larus_chunk013.wav,3.0,"XC676031-Larus vegae 210709_001k.Тас Юрях, AB alarm.MP3"
Vega_Gull,XC676031-Larus,14,data/processed/Vega_Gull/XC676031-Larus_chunk014.wav,3.0,"XC676031-Larus vegae 210709_001k.Тас Юрях, AB alarm.MP3"
Vega_Gull,XC676031-Larus,15,data/processed/Vega_Gull/XC676031-Larus_chunk015.wav,3.0,"XC676031-Larus vegae 210709_001k.Тас Юрях, AB alarm.MP3"
Vega_Gull,XC676032-Larus,0,data/processed/Vega_Gull/XC676032-Larus_chunk000.wav,3.0,"XC676032-Larus vegae 210709_001k.Тас Юрях, B.MP3"
Vega_Gull,XC676032-Larus,1,data/processed/Vega_Gull/XC676032-Larus_chunk001.wav,3.0,"XC676032-Larus vegae 210709_001k.Тас Юрях, B.MP3"
Vega_Gull,XC676032-Larus,2,data/processed/Vega_Gull/XC676032-Larus_chunk002.wav,3.0,"XC676032-Larus vegae 210709_001k.Тас Юрях, B.MP3"
Vega_Gull,XC676032-Larus,3,data/processed/Vega_Gull/XC676032-Larus_chunk003.wav,3.0,"XC676032-Larus vegae 210709_001k.Тас Юрях, B.MP3"
Vega_Gull,XC676032-Larus,4,data/processed/Vega_Gull/XC676032-Larus_chunk004.wav,3.0,"XC676032-Larus vegae 210709_001k.Тас Юрях, B.MP3"
Vega_Gull,XC676032-Larus,5,data/processed/Vega_Gull/XC676032-Larus_chunk005.wav,3.0,"XC676032-Larus vegae 210709_001k.Тас Юрях, B.MP3"
Vega_Gull,XC676032-Larus,6,data/processed/Vega_Gull/XC676032-Larus_chunk006.wav,3.0,"XC676032-Larus vegae 210709_001k.Тас Юрях, B.MP3"
Vega_Gull,XC676032-Larus,7,data/processed/Vega_Gull/XC676032-Larus_chunk007.wav,3.0,"XC676032-Larus vegae 210709_001k.Тас Юрях, B.MP3"
Vega_Gull,XC676032-Larus,8,data/processed/Vega_Gull/XC676032-Larus_chunk008.wav,3.0,"XC676032-Larus vegae 210709_001k.Тас Юрях, B.MP3"
Vega_Gull,XC751056-Vegatrut,0,data/processed/Vega_Gull/XC751056-Vegatrut_chunk000.wav,3.0,XC751056-Vegatrut Khurkh 2022-08-29 B.mp3
Vega_Gull,XC751056-Vegatrut,1,data/processed/Vega_Gull/XC751056-Vegatrut_chunk001.wav,3.0,XC751056-Vegatrut Khurkh 2022-08-29 B.mp3
Vega_Gull,XC751056-Vegatrut,2,data/processed/Vega_Gull/XC751056-Vegatrut_chunk002.wav,3.0,XC751056-Vegatrut Khurkh 2022-08-29 B.mp3
Vega_Gull,XC765771-Goéland-de-Mongolie-chant,0,data/processed/Vega_Gull/XC765771-Goéland-de-Mongolie-chant_chunk000.wav,3.0,XC765771-Goéland-de-Mongolie-chant.mp3
Vega_Gull,XC765771-Goéland-de-Mongolie-chant,1,data/processed/Vega_Gull/XC765771-Goéland-de-Mongolie-chant_chunk001.wav,3.0,XC765771-Goéland-de-Mongolie-chant.mp3
Vega_Gull,XC765771-Goéland-de-Mongolie-chant,2,data/processed/Vega_Gull/XC765771-Goéland-de-Mongolie-chant_chunk002.wav,3.0,XC765771-Goéland-de-Mongolie-chant.mp3
Vega_Gull,XC766044-Goéland-de-Mongolie-cris-2,0,data/processed/Vega_Gull/XC766044-Goéland-de-Mongolie-cris-2_chunk000.wav,3.0,XC766044-Goéland-de-Mongolie-cris-2.mp3
Vega_Gull,XC766044-Goéland-de-Mongolie-cris-2,1,data/processed/Vega_Gull/XC766044-Goéland-de-Mongolie-cris-2_chunk001.wav,3.0,XC766044-Goéland-de-Mongolie-cris-2.mp3
Vega_Gull,XC766044-Goéland-de-Mongolie-cris-2,2,data/processed/Vega_Gull/XC766044-Goéland-de-Mongolie-cris-2_chunk002.wav,3.0,XC766044-Goéland-de-Mongolie-cris-2.mp3
Vega_Gull,XC766044-Goéland-de-Mongolie-cris-2,3,data/processed/Vega_Gull/XC766044-Goéland-de-Mongolie-cris-2_chunk003.wav,3.0,XC766044-Goéland-de-Mongolie-cris-2.mp3
Vega_Gull,XC766044-Goéland-de-Mongolie-cris-2,4,data/processed/Vega_Gull/XC766044-Goéland-de-Mongolie-cris-2_chunk004.wav,3.0,XC766044-Goéland-de-Mongolie-cris-2.mp3
Vega_Gull,XC766045-Goéland-de-Mongolie-cris-hénisssants-courts-et-complexes-+,0,data/processed/Vega_Gull/XC766045-Goéland-de-Mongolie-cris-hénisssants-courts-et-complexes-+_chunk000.wav,3.0,XC766045-Goéland-de-Mongolie-cris-hénisssants-courts-et-complexes-+.mp3
Vega_Gull,XC766045-Goéland-de-Mongolie-cris-hénisssants-courts-et-complexes-+,1,data/processed/Vega_Gull/XC766045-Goéland-de-Mongolie-cris-hénisssants-courts-et-complexes-+_chunk001.wav,3.0,XC766045-Goéland-de-Mongolie-cris-hénisssants-courts-et-complexes-+.mp3
Vega_Gull,XC766045-Goéland-de-Mongolie-cris-hénisssants-courts-et-complexes-+,2,data/processed/Vega_Gull/XC766045-Goéland-de-Mongolie-cris-hénisssants-courts-et-complexes-+_chunk002.wav,3.0,XC766045-Goéland-de-Mongolie-cris-hénisssants-courts-et-complexes-+.mp3
Vega_Gull,XC766045-Goéland-de-Mongolie-cris-hénisssants-courts-et-complexes-+,3,data/processed/Vega_Gull/XC766045-Goéland-de-Mongolie-cris-hénisssants-courts-et-complexes-+_chunk003.wav,3.0,XC766045-Goéland-de-Mongolie-cris-hénisssants-courts-et-complexes-+.mp3
Vega_Gull,XC766045-Goéland-de-Mongolie-cris-hénisssants-courts-et-complexes-+,4,data/processed/Vega_Gull/XC766045-Goéland-de-Mongolie-cris-hénisssants-courts-et-complexes-+_chunk004.wav,3.0,XC766045-Goéland-de-Mongolie-cris-hénisssants-courts-et-complexes-+.mp3
Vega_Gull,XC766045-Goéland-de-Mongolie-cris-hénisssants-courts-et-complexes-+,5,data/processed/Vega_Gull/XC766045-Goéland-de-Mongolie-cris-hénisssants-courts-et-complexes-+_chunk005.wav,3.0,XC766045-Goéland-de-Mongolie-cris-hénisssants-courts-et-complexes-+.mp3
Vega_Gull,XC766045-Goéland-de-Mongolie-cris-hénisssants-courts-et-complexes-+,6,data/processed/Vega_Gull/XC766045-Goéland-de-Mongolie-cris-hénisssants-courts-et-complexes-+_chunk006.wav,3.0,XC766045-Goéland-de-Mongolie-cris-hénisssants-courts-et-complexes-+.mp3
Vega_Gull,XC766045-Goéland-de-Mongolie-cris-hénisssants-courts-et-complexes-+,7,data/processed/Vega_Gull/XC766045-Goéland-de-Mongolie-cris-hénisssants-courts-et-complexes-+_chunk007.wav,3.0,XC766045-Goéland-de-Mongolie-cris-hénisssants-courts-et-complexes-+.mp3
Vega_Gull,XC766045-Goéland-de-Mongolie-cris-hénisssants-courts-et-complexes-+,8,data/processed/Vega_Gull/XC766045-Goéland-de-Mongolie-cris-hénisssants-courts-et-complexes-+_chunk008.wav,3.0,XC766045-Goéland-de-Mongolie-cris-hénisssants-courts-et-complexes-+.mp3
Vega_Gull,XC766045-Goéland-de-Mongolie-cris-hénisssants-courts-et-complexes-+,9,data/processed/Vega_Gull/XC766045-Goéland-de-Mongolie-cris-hénisssants-courts-et-complexes-+_chunk009.wav,3.0,XC766045-Goéland-de-Mongolie-cris-hénisssants-courts-et-complexes-+.mp3
Vega_Gull,XC766045-Goéland-de-Mongolie-cris-hénisssants-courts-et-complexes-+,10,data/processed/Vega_Gull/XC766045-Goéland-de-Mongolie-cris-hénisssants-courts-et-complexes-+_chunk010.wav,3.0,XC766045-Goéland-de-Mongolie-cris-hénisssants-courts-et-complexes-+.mp3
Vega_Gull,XC766045-Goéland-de-Mongolie-cris-hénisssants-courts-et-complexes-+,11,data/processed/Vega_Gull/XC766045-Goéland-de-Mongolie-cris-hénisssants-courts-et-complexes-+_chunk011.wav,3.0,XC766045-Goéland-de-Mongolie-cris-hénisssants-courts-et-complexes-+.mp3
Vega_Gull,XC766045-Goéland-de-Mongolie-cris-hénisssants-courts-et-complexes-+,12,data/processed/Vega_Gull/XC766045-Goéland-de-Mongolie-cris-hénisssants-courts-et-complexes-+_chunk012.wav,3.0,XC766045-Goéland-de-Mongolie-cris-hénisssants-courts-et-complexes-+.mp3
Vega_Gull,XC766045-Goéland-de-Mongolie-cris-hénisssants-courts-et-complexes-+,13,data/processed/Vega_Gull/XC766045-Goéland-de-Mongolie-cris-hénisssants-courts-et-complexes-+_chunk013.wav,3.0,XC766045-Goéland-de-Mongolie-cris-hénisssants-courts-et-complexes-+.mp3
Vega_Gull,XC766045-Goéland-de-Mongolie-cris-hénisssants-courts-et-complexes-+,14,data/processed/Vega_Gull/XC766045-Goéland-de-Mongolie-cris-hénisssants-courts-et-complexes-+_chunk014.wav,3.0,XC766045-Goéland-de-Mongolie-cris-hénisssants-courts-et-complexes-+.mp3
Vega_Gull,XC766045-Goéland-de-Mongolie-cris-hénisssants-courts-et-complexes-+,15,data/processed/Vega_Gull/XC766045-Goéland-de-Mongolie-cris-hénisssants-courts-et-complexes-+_chunk015.wav,3.0,XC766045-Goéland-de-Mongolie-cris-hénisssants-courts-et-complexes-+.mp3
Vega_Gull,XC766045-Goéland-de-Mongolie-cris-hénisssants-courts-et-complexes-+,16,data/processed/Vega_Gull/XC766045-Goéland-de-Mongolie-cris-hénisssants-courts-et-complexes-+_chunk016.wav,3.0,XC766045-Goéland-de-Mongolie-cris-hénisssants-courts-et-complexes-+.mp3
Vega_Gull,XC766045-Goéland-de-Mongolie-cris-hénisssants-courts-et-complexes-+,17,data/processed/Vega_Gull/XC766045-Goéland-de-Mongolie-cris-hénisssants-courts-et-complexes-+_chunk017.wav,3.0,XC766045-Goéland-de-Mongolie-cris-hénisssants-courts-et-complexes-+.mp3
Vega_Gull,XC766045-Goéland-de-Mongolie-cris-hénisssants-courts-et-complexes-+,18,data/processed/Vega_Gull/XC766045-Goéland-de-Mongolie-cris-hénisssants-courts-et-complexes-+_chunk018.wav,3.0,XC766045-Goéland-de-Mongolie-cris-hénisssants-courts-et-complexes-+.mp3
Vega_Gull,XC766046-Goéland-de-Mongolie-cris,0,data/processed/Vega_Gull/XC766046-Goéland-de-Mongolie-cris_chunk000.wav,3.0,XC766046-Goéland-de-Mongolie-cris.mp3
Vega_Gull,XC766046-Goéland-de-Mongolie-cris,1,data/processed/Vega_Gull/XC766046-Goéland-de-Mongolie-cris_chunk001.wav,3.0,XC766046-Goéland-de-Mongolie-cris.mp3
Vega_Gull,XC766046-Goéland-de-Mongolie-cris,2,data/processed/Vega_Gull/XC766046-Goéland-de-Mongolie-cris_chunk002.wav,3.0,XC766046-Goéland-de-Mongolie-cris.mp3
Vega_Gull,XC766046-Goéland-de-Mongolie-cris,3,data/processed/Vega_Gull/XC766046-Goéland-de-Mongolie-cris_chunk003.wav,3.0,XC766046-Goéland-de-Mongolie-cris.mp3
Vega_Gull,XC766046-Goéland-de-Mongolie-cris,4,data/processed/Vega_Gull/XC766046-Goéland-de-Mongolie-cris_chunk004.wav,3.0,XC766046-Goéland-de-Mongolie-cris.mp3
Vega_Gull,XC766046-Goéland-de-Mongolie-cris,5,data/processed/Vega_Gull/XC766046-Goéland-de-Mongolie-cris_chunk005.wav,3.0,XC766046-Goéland-de-Mongolie-cris.mp3
Vega_Gull,XC766046-Goéland-de-Mongolie-cris,6,data/processed/Vega_Gull/XC766046-Goéland-de-Mongolie-cris_chunk006.wav,3.0,XC766046-Goéland-de-Mongolie-cris.mp3
Vega_Gull,XC766048-Goéland-de-Mongolie-et-Ichtyaète-envol-d-un-groupe-+-3,0,data/processed/Vega_Gull/XC766048-Goéland-de-Mongolie-et-Ichtyaète-envol-d-un-groupe-+-3_chunk000.wav,3.0,XC766048-Goéland-de-Mongolie-et-Ichtyaète-envol-d-un-groupe-+-3.mp3
Vega_Gull,XC766048-Goéland-de-Mongolie-et-Ichtyaète-envol-d-un-groupe-+-3,1,data/processed/Vega_Gull/XC766048-Goéland-de-Mongolie-et-Ichtyaète-envol-d-un-groupe-+-3_chunk001.wav,3.0,XC766048-Goéland-de-Mongolie-et-Ichtyaète-envol-d-un-groupe-+-3.mp3
Vega_Gull,XC766048-Goéland-de-Mongolie-et-Ichtyaète-envol-d-un-groupe-+-3,2,data/processed/Vega_Gull/XC766048-Goéland-de-Mongolie-et-Ichtyaète-envol-d-un-groupe-+-3_chunk002.wav,3.0,XC766048-Goéland-de-Mongolie-et-Ichtyaète-envol-d-un-groupe-+-3.mp3
Vega_Gull,XC766048-Goéland-de-Mongolie-et-Ichtyaète-envol-d-un-groupe-+-3,3,data/processed/Vega_Gull/XC766048-Goéland-de-Mongolie-et-Ichtyaète-envol-d-un-groupe-+-3_chunk003.wav,3.0,XC766048-Goéland-de-Mongolie-et-Ichtyaète-envol-d-un-groupe-+-3.mp3
Vega_Gull,XC766048-Goéland-de-Mongolie-et-Ichtyaète-envol-d-un-groupe-+-3,4,data/processed/Vega_Gull/XC766048-Goéland-de-Mongolie-et-Ichtyaète-envol-d-un-groupe-+-3_chunk004.wav,3.0,XC766048-Goéland-de-Mongolie-et-Ichtyaète-envol-d-un-groupe-+-3.mp3
Vega_Gull,XC766048-Goéland-de-Mongolie-et-Ichtyaète-envol-d-un-groupe-+-3,5,data/processed/Vega_Gull/XC766048-Goéland-de-Mongolie-et-Ichtyaète-envol-d-un-groupe-+-3_chunk005.wav,3.0,XC766048-Goéland-de-Mongolie-et-Ichtyaète-envol-d-un-groupe-+-3.mp3
Vega_Gull,XC766048-Goéland-de-Mongolie-et-Ichtyaète-envol-d-un-groupe-+-3,6,data/processed/Vega_Gull/XC766048-Goéland-de-Mongolie-et-Ichtyaète-envol-d-un-groupe-+-3_chunk006.wav,3.0,XC766048-Goéland-de-Mongolie-et-Ichtyaète-envol-d-un-groupe-+-3.mp3
Vega_Gull,XC766048-Goéland-de-Mongolie-et-Ichtyaète-envol-d-un-groupe-+-3,7,data/processed/Vega_Gull/XC766048-Goéland-de-Mongolie-et-Ichtyaète-envol-d-un-groupe-+-3_chunk007.wav,3.0,XC766048-Goéland-de-Mongolie-et-Ichtyaète-envol-d-un-groupe-+-3.mp3
Vega_Gull,XC766048-Goéland-de-Mongolie-et-Ichtyaète-envol-d-un-groupe-+-3,8,data/processed/Vega_Gull/XC766048-Goéland-de-Mongolie-et-Ichtyaète-envol-d-un-groupe-+-3_chunk008.wav,3.0,XC766048-Goéland-de-Mongolie-et-Ichtyaète-envol-d-un-groupe-+-3.mp3
Vega_Gull,XC766048-Goéland-de-Mongolie-et-Ichtyaète-envol-d-un-groupe-+-3,9,data/processed/Vega_Gull/XC766048-Goéland-de-Mongolie-et-Ichtyaète-envol-d-un-groupe-+-3_chunk009.wav,3.0,XC766048-Goéland-de-Mongolie-et-Ichtyaète-envol-d-un-groupe-+-3.mp3
Vega_Gull,XC766048-Goéland-de-Mongolie-et-Ichtyaète-envol-d-un-groupe-+-3,10,data/processed/Vega_Gull/XC766048-Goéland-de-Mongolie-et-Ichtyaète-envol-d-un-groupe-+-3_chunk010.wav,3.0,XC766048-Goéland-de-Mongolie-et-Ichtyaète-envol-d-un-groupe-+-3.mp3
Vega_Gull,XC766048-Goéland-de-Mongolie-et-Ichtyaète-envol-d-un-groupe-+-3,11,data/processed/Vega_Gull/XC766048-Goéland-de-Mongolie-et-Ichtyaète-envol-d-un-groupe-+-3_chunk011.wav,3.0,XC766048-Goéland-de-Mongolie-et-Ichtyaète-envol-d-un-groupe-+-3.mp3
Vega_Gull,XC766048-Goéland-de-Mongolie-et-Ichtyaète-envol-d-un-groupe-+-3,12,data/processed/Vega_Gull/XC766048-Goéland-de-Mongolie-et-Ichtyaète-envol-d-un-groupe-+-3_chunk012.wav,3.0,XC766048-Goéland-de-Mongolie-et-Ichtyaète-envol-d-un-groupe-+-3.mp3
Vega_Gull,XC766048-Goéland-de-Mongolie-et-Ichtyaète-envol-d-un-groupe-+-3,13,data/processed/Vega_Gull/XC766048-Goéland-de-Mongolie-et-Ichtyaète-envol-d-un-groupe-+-3_chunk013.wav,3.0,XC766048-Goéland-de-Mongolie-et-Ichtyaète-envol-d-un-groupe-+-3.mp3
Vega_Gull,XC766049-Goéland-de-Mongolie-et-Ichtyaète-envol-d-un-groupe-+-4,0,data/processed/Vega_Gull/XC766049-Goéland-de-Mongolie-et-Ichtyaète-envol-d-un-groupe-+-4_chunk000.wav,3.0,XC766049-Goéland-de-Mongolie-et-Ichtyaète-envol-d-un-groupe-+-4.mp3
Vega_Gull,XC766049-Goéland-de-Mongolie-et-Ichtyaète-envol-d-un-groupe-+-4,1,data/processed/Vega_Gull/XC766049-Goéland-de-Mongolie-et-Ichtyaète-envol-d-un-groupe-+-4_chunk001.wav,3.0,XC766049-Goéland-de-Mongolie-et-Ichtyaète-envol-d-un-groupe-+-4.mp3
Vega_Gull,XC766049-Goéland-de-Mongolie-et-Ichtyaète-envol-d-un-groupe-+-4,2,data/processed/Vega_Gull/XC766049-Goéland-de-Mongolie-et-Ichtyaète-envol-d-un-groupe-+-4_chunk002.wav,3.0,XC766049-Goéland-de-Mongolie-et-Ichtyaète-envol-d-un-groupe-+-4.mp3
Vega_Gull,XC766049-Goéland-de-Mongolie-et-Ichtyaète-envol-d-un-groupe-+-4,3,data/processed/Vega_Gull/XC766049-Goéland-de-Mongolie-et-Ichtyaète-envol-d-un-groupe-+-4_chunk003.wav,3.0,XC766049-Goéland-de-Mongolie-et-Ichtyaète-envol-d-un-groupe-+-4.mp3
Vega_Gull,XC766049-Goéland-de-Mongolie-et-Ichtyaète-envol-d-un-groupe-+-4,4,data/processed/Vega_Gull/XC766049-Goéland-de-Mongolie-et-Ichtyaète-envol-d-un-groupe-+-4_chunk004.wav,3.0,XC766049-Goéland-de-Mongolie-et-Ichtyaète-envol-d-un-groupe-+-4.mp3
Vega_Gull,XC766049-Goéland-de-Mongolie-et-Ichtyaète-envol-d-un-groupe-+-4,5,data/processed/Vega_Gull/XC766049-Goéland-de-Mongolie-et-Ichtyaète-envol-d-un-groupe-+-4_chunk005.wav,3.0,XC766049-Goéland-de-Mongolie-et-Ichtyaète-envol-d-un-groupe-+-4.mp3
Vega_Gull,XC766049-Goéland-de-Mongolie-et-Ichtyaète-envol-d-un-groupe-+-4,6,data/processed/Vega_Gull/XC766049-Goéland-de-Mongolie-et-Ichtyaète-envol-d-un-groupe-+-4_chunk006.wav,3.0,XC766049-Goéland-de-Mongolie-et-Ichtyaète-envol-d-un-groupe-+-4.mp3
Vega_Gull,XC766049-Goéland-de-Mongolie-et-Ichtyaète-envol-d-un-groupe-+-4,7,data/processed/Vega_Gull/XC766049-Goéland-de-Mongolie-et-Ichtyaète-envol-d-un-groupe-+-4_chunk007.wav,3.0,XC766049-Goéland-de-Mongolie-et-Ichtyaète-envol-d-un-groupe-+-4.mp3
Vega_Gull,XC766049-Goéland-de-Mongolie-et-Ichtyaète-envol-d-un-groupe-+-4,8,data/processed/Vega_Gull/XC766049-Goéland-de-Mongolie-et-Ichtyaète-envol-d-un-groupe-+-4_chunk008.wav,3.0,XC766049-Goéland-de-Mongolie-et-Ichtyaète-envol-d-un-groupe-+-4.mp3
Vega_Gull,XC766049-Goéland-de-Mongolie-et-Ichtyaète-envol-d-un-groupe-+-4,9,data/processed/Vega_Gull/XC766049-Goéland-de-Mongolie-et-Ichtyaète-envol-d-un-groupe-+-4_chunk009.wav,3.0,XC766049-Goéland-de-Mongolie-et-Ichtyaète-envol-d-un-groupe-+-4.mp3
Vega_Gull,XC766049-Goéland-de-Mongolie-et-Ichtyaète-envol-d-un-groupe-+-4,10,data/processed/Vega_Gull/XC766049-Goéland-de-Mongolie-et-Ichtyaète-envol-d-un-groupe-+-4_chunk010.wav,3.0,XC766049-Goéland-de-Mongolie-et-Ichtyaète-envol-d-un-groupe-+-4.mp3
Vega_Gull,XC766049-Goéland-de-Mongolie-et-Ichtyaète-envol-d-un-groupe-+-4,11,data/processed/Vega_Gull/XC766049-Goéland-de-Mongolie-et-Ichtyaète-envol-d-un-groupe-+-4_chunk011.wav,3.0,XC766049-Goéland-de-Mongolie-et-Ichtyaète-envol-d-un-groupe-+-4.mp3
Vega_Gull,XC766049-Goéland-de-Mongolie-et-Ichtyaète-envol-d-un-groupe-+-4,12,data/processed/Vega_Gull/XC766049-Goéland-de-Mongolie-et-Ichtyaète-envol-d-un-groupe-+-4_chunk012.wav,3.0,XC766049-Goéland-de-Mongolie-et-Ichtyaète-envol-d-un-groupe-+-4.mp3
Vega_Gull,XC766049-Goéland-de-Mongolie-et-Ichtyaète-envol-d-un-groupe-+-4,13,data/processed/Vega_Gull/XC766049-Goéland-de-Mongolie-et-Ichtyaète-envol-d-un-groupe-+-4_chunk013.wav,3.0,XC766049-Goéland-de-Mongolie-et-Ichtyaète-envol-d-un-groupe-+-4.mp3
Vega_Gull,XC766049-Goéland-de-Mongolie-et-Ichtyaète-envol-d-un-groupe-+-4,14,data/processed/Vega_Gull/XC766049-Goéland-de-Mongolie-et-Ichtyaète-envol-d-un-groupe-+-4_chunk014.wav,3.0,XC766049-Goéland-de-Mongolie-et-Ichtyaète-envol-d-un-groupe-+-4.mp3
Vega_Gull,XC766049-Goéland-de-Mongolie-et-Ichtyaète-envol-d-un-groupe-+-4,15,data/processed/Vega_Gull/XC766049-Goéland-de-Mongolie-et-Ichtyaète-envol-d-un-groupe-+-4_chunk015.wav,3.0,XC766049-Goéland-de-Mongolie-et-Ichtyaète-envol-d-un-groupe-+-4.mp3
Vega_Gull,XC766049-Goéland-de-Mongolie-et-Ichtyaète-envol-d-un-groupe-+-4,16,data/processed/Vega_Gull/XC766049-Goéland-de-Mongolie-et-Ichtyaète-envol-d-un-groupe-+-4_chunk016.wav,3.0,XC766049-Goéland-de-Mongolie-et-Ichtyaète-envol-d-un-groupe-+-4.mp3
Vega_Gull,XC766049-Goéland-de-Mongolie-et-Ichtyaète-envol-d-un-groupe-+-4,17,data/processed/Vega_Gull/XC766049-Goéland-de-Mongolie-et-Ichtyaète-envol-d-un-groupe-+-4_chunk017.wav,3.0,XC766049-Goéland-de-Mongolie-et-Ichtyaète-envol-d-un-groupe-+-4.mp3
Vega_Gull,XC766051-Goéland-de-Mongolie-immature-+,0,data/processed/Vega_Gull/XC766051-Goéland-de-Mongolie-immature-+_chunk000.wav,3.0,XC766051-Goéland-de-Mongolie-immature-+.mp3
Vega_Gull,XC766051-Goéland-de-Mongolie-immature-+,1,data/processed/Vega_Gull/XC766051-Goéland-de-Mongolie-immature-+_chunk001.wav,3.0,XC766051-Goéland-de-Mongolie-immature-+.mp3
Vega_Gull,XC766051-Goéland-de-Mongolie-immature-+,2,data/processed/Vega_Gull/XC766051-Goéland-de-Mongolie-immature-+_chunk002.wav,3.0,XC766051-Goéland-de-Mongolie-immature-+.mp3
Vega_Gull,XC766051-Goéland-de-Mongolie-immature-+,3,data/processed/Vega_Gull/XC766051-Goéland-de-Mongolie-immature-+_chunk003.wav,3.0,XC766051-Goéland-de-Mongolie-immature-+.mp3
Vega_Gull,XC766051-Goéland-de-Mongolie-immature-+,4,data/processed/Vega_Gull/XC766051-Goéland-de-Mongolie-immature-+_chunk004.wav,3.0,XC766051-Goéland-de-Mongolie-immature-+.mp3
Vega_Gull,XC766051-Goéland-de-Mongolie-immature-+,5,data/processed/Vega_Gull/XC766051-Goéland-de-Mongolie-immature-+_chunk005.wav,3.0,XC766051-Goéland-de-Mongolie-immature-+.mp3
Vega_Gull,XC766051-Goéland-de-Mongolie-immature-+,6,data/processed/Vega_Gull/XC766051-Goéland-de-Mongolie-immature-+_chunk006.wav,3.0,XC766051-Goéland-de-Mongolie-immature-+.mp3
Vega_Gull,XC766051-Goéland-de-Mongolie-immature-+,7,data/processed/Vega_Gull/XC766051-Goéland-de-Mongolie-immature-+_chunk007.wav,3.0,XC766051-Goéland-de-Mongolie-immature-+.mp3
Vega_Gull,XC766051-Goéland-de-Mongolie-immature-+,8,data/processed/Vega_Gull/XC766051-Goéland-de-Mongolie-immature-+_chunk008.wav,3.0,XC766051-Goéland-de-Mongolie-immature-+.mp3
Vega_Gull,XC766051-Goéland-de-Mongolie-immature-+,9,data/processed/Vega_Gull/XC766051-Goéland-de-Mongolie-immature-+_chunk009.wav,3.0,XC766051-Goéland-de-Mongolie-immature-+.mp3
Vega_Gull,XC766051-Goéland-de-Mongolie-immature-+,10,data/processed/Vega_Gull/XC766051-Goéland-de-Mongolie-immature-+_chunk010.wav,3.0,XC766051-Goéland-de-Mongolie-immature-+.mp3
Vega_Gull,XC766051-Goéland-de-Mongolie-immature-+,11,data/processed/Vega_Gull/XC766051-Goéland-de-Mongolie-immature-+_chunk011.wav,3.0,XC766051-Goéland-de-Mongolie-immature-+.mp3
Vega_Gull,XC766051-Goéland-de-Mongolie-immature-+,12,data/processed/Vega_Gull/XC766051-Goéland-de-Mongolie-immature-+_chunk012.wav,3.0,XC766051-Goéland-de-Mongolie-immature-+.mp3
Vega_Gull,XC766052-Goéland-de-Mongolie-immature-cris-+,0,data/processed/Vega_Gull/XC766052-Goéland-de-Mongolie-immature-cris-+_chunk000.wav,3.0,XC766052-Goéland-de-Mongolie-immature-cris-+.mp3
Vega_Gull,XC766052-Goéland-de-Mongolie-immature-cris-+,1,data/processed/Vega_Gull/XC766052-Goéland-de-Mongolie-immature-cris-+_chunk001.wav,3.0,XC766052-Goéland-de-Mongolie-immature-cris-+.mp3
Vega_Gull,XC766052-Goéland-de-Mongolie-immature-cris-+,2,data/processed/Vega_Gull/XC766052-Goéland-de-Mongolie-immature-cris-+_chunk002.wav,3.0,XC766052-Goéland-de-Mongolie-immature-cris-+.mp3
Vega_Gull,XC766052-Goéland-de-Mongolie-immature-cris-+,3,data/processed/Vega_Gull/XC766052-Goéland-de-Mongolie-immature-cris-+_chunk003.wav,3.0,XC766052-Goéland-de-Mongolie-immature-cris-+.mp3
Vega_Gull,XC766052-Goéland-de-Mongolie-immature-cris-+,4,data/processed/Vega_Gull/XC766052-Goéland-de-Mongolie-immature-cris-+_chunk004.wav,3.0,XC766052-Goéland-de-Mongolie-immature-cris-+.mp3
Vega_Gull,XC766052-Goéland-de-Mongolie-immature-cris-+,5,data/processed/Vega_Gull/XC766052-Goéland-de-Mongolie-immature-cris-+_chunk005.wav,3.0,XC766052-Goéland-de-Mongolie-immature-cris-+.mp3
Vega_Gull,XC766052-Goéland-de-Mongolie-immature-cris-+,6,data/processed/Vega_Gull/XC766052-Goéland-de-Mongolie-immature-cris-+_chunk006.wav,3.0,XC766052-Goéland-de-Mongolie-immature-cris-+.mp3
Vega_Gull,XC766052-Goéland-de-Mongolie-immature-cris-+,7,data/processed/Vega_Gull/XC766052-Goéland-de-Mongolie-immature-cris-+_chunk007.wav,3.0,XC766052-Goéland-de-Mongolie-immature-cris-+.mp3
Vega_Gull,XC766052-Goéland-de-Mongolie-immature-cris-+,8,data/processed/Vega_Gull/XC766052-Goéland-de-Mongolie-immature-cris-+_chunk008.wav,3.0,XC766052-Goéland-de-Mongolie-immature-cris-+.mp3
Vega_Gull,XC766052-Goéland-de-Mongolie-immature-cris-+,9,data/processed/Vega_Gull/XC766052-Goéland-de-Mongolie-immature-cris-+_chunk009.wav,3.0,XC766052-Goéland-de-Mongolie-immature-cris-+.mp3
Vega_Gull,XC766052-Goéland-de-Mongolie-immature-cris-+,10,data/processed/Vega_Gull/XC766052-Goéland-de-Mongolie-immature-cris-+_chunk010.wav,3.0,XC766052-Goéland-de-Mongolie-immature-cris-+.mp3
Vega_Gull,XC766052-Goéland-de-Mongolie-immature-cris-+,11,data/processed/Vega_Gull/XC766052-Goéland-de-Mongolie-immature-cris-+_chunk011.wav,3.0,XC766052-Goéland-de-Mongolie-immature-cris-+.mp3
Vega_Gull,XC766052-Goéland-de-Mongolie-immature-cris-+,12,data/processed/Vega_Gull/XC766052-Goéland-de-Mongolie-immature-cris-+_chunk012.wav,3.0,XC766052-Goéland-de-Mongolie-immature-cris-+.mp3
Vega_Gull,XC766052-Goéland-de-Mongolie-immature-cris-+,13,data/processed/Vega_Gull/XC766052-Goéland-de-Mongolie-immature-cris-+_chunk013.wav,3.0,XC766052-Goéland-de-Mongolie-immature-cris-+.mp3
Vega_Gull,XC766052-Goéland-de-Mongolie-immature-cris-+,14,data/processed/Vega_Gull/XC766052-Goéland-de-Mongolie-immature-cris-+_chunk014.wav,3.0,XC766052-Goéland-de-Mongolie-immature-cris-+.mp3
Vega_Gull,XC766052-Goéland-de-Mongolie-immature-cris-+,15,data/processed/Vega_Gull/XC766052-Goéland-de-Mongolie-immature-cris-+_chunk015.wav,3.0,XC766052-Goéland-de-Mongolie-immature-cris-+.mp3
Vega_Gull,XC766052-Goéland-de-Mongolie-immature-cris-+,16,data/processed/Vega_Gull/XC766052-Goéland-de-Mongolie-immature-cris-+_chunk016.wav,3.0,XC766052-Goéland-de-Mongolie-immature-cris-+.mp3
Vega_Gull,XC766052-Goéland-de-Mongolie-immature-cris-+,17,data/processed/Vega_Gull/XC766052-Goéland-de-Mongolie-immature-cris-+_chunk017.wav,3.0,XC766052-Goéland-de-Mongolie-immature-cris-+.mp3
Vega_Gull,XC766052-Goéland-de-Mongolie-immature-cris-+,18,data/processed/Vega_Gull/XC766052-Goéland-de-Mongolie-immature-cris-+_chunk018.wav,3.0,XC766052-Goéland-de-Mongolie-immature-cris-+.mp3
Vega_Gull,XC766053-Goéland-de-Mongolie-long-call-puis-cris-de-vol-+,0,data/processed/Vega_Gull/XC766053-Goéland-de-Mongolie-long-call-puis-cris-de-vol-+_chunk000.wav,3.0,XC766053-Goéland-de-Mongolie-long-call-puis-cris-de-vol-+.mp3
Vega_Gull,XC766053-Goéland-de-Mongolie-long-call-puis-cris-de-vol-+,1,data/processed/Vega_Gull/XC766053-Goéland-de-Mongolie-long-call-puis-cris-de-vol-+_chunk001.wav,3.0,XC766053-Goéland-de-Mongolie-long-call-puis-cris-de-vol-+.mp3
Vega_Gull,XC766053-Goéland-de-Mongolie-long-call-puis-cris-de-vol-+,2,data/processed/Vega_Gull/XC766053-Goéland-de-Mongolie-long-call-puis-cris-de-vol-+_chunk002.wav,3.0,XC766053-Goéland-de-Mongolie-long-call-puis-cris-de-vol-+.mp3
Vega_Gull,XC766053-Goéland-de-Mongolie-long-call-puis-cris-de-vol-+,3,data/processed/Vega_Gull/XC766053-Goéland-de-Mongolie-long-call-puis-cris-de-vol-+_chunk003.wav,3.0,XC766053-Goéland-de-Mongolie-long-call-puis-cris-de-vol-+.mp3
Vega_Gull,XC766053-Goéland-de-Mongolie-long-call-puis-cris-de-vol-+,4,data/processed/Vega_Gull/XC766053-Goéland-de-Mongolie-long-call-puis-cris-de-vol-+_chunk004.wav,3.0,XC766053-Goéland-de-Mongolie-long-call-puis-cris-de-vol-+.mp3
Vega_Gull,XC766053-Goéland-de-Mongolie-long-call-puis-cris-de-vol-+,5,data/processed/Vega_Gull/XC766053-Goéland-de-Mongolie-long-call-puis-cris-de-vol-+_chunk005.wav,3.0,XC766053-Goéland-de-Mongolie-long-call-puis-cris-de-vol-+.mp3
Vega_Gull,XC766053-Goéland-de-Mongolie-long-call-puis-cris-de-vol-+,6,data/processed/Vega_Gull/XC766053-Goéland-de-Mongolie-long-call-puis-cris-de-vol-+_chunk006.wav,3.0,XC766053-Goéland-de-Mongolie-long-call-puis-cris-de-vol-+.mp3
Vega_Gull,XC766053-Goéland-de-Mongolie-long-call-puis-cris-de-vol-+,7,data/processed/Vega_Gull/XC766053-Goéland-de-Mongolie-long-call-puis-cris-de-vol-+_chunk007.wav,3.0,XC766053-Goéland-de-Mongolie-long-call-puis-cris-de-vol-+.mp3
Vega_Gull,XC766054-Goéland-de-Mongolie-et-Ichtyaète-envol-d-un-groupe-++,0,data/processed/Vega_Gull/XC766054-Goéland-de-Mongolie-et-Ichtyaète-envol-d-un-groupe-++_chunk000.wav,3.0,XC766054-Goéland-de-Mongolie-et-Ichtyaète-envol-d-un-groupe-++.mp3
Vega_Gull,XC766054-Goéland-de-Mongolie-et-Ichtyaète-envol-d-un-groupe-++,1,data/processed/Vega_Gull/XC766054-Goéland-de-Mongolie-et-Ichtyaète-envol-d-un-groupe-++_chunk001.wav,3.0,XC766054-Goéland-de-Mongolie-et-Ichtyaète-envol-d-un-groupe-++.mp3
Vega_Gull,XC766054-Goéland-de-Mongolie-et-Ichtyaète-envol-d-un-groupe-++,2,data/processed/Vega_Gull/XC766054-Goéland-de-Mongolie-et-Ichtyaète-envol-d-un-groupe-++_chunk002.wav,3.0,XC766054-Goéland-de-Mongolie-et-Ichtyaète-envol-d-un-groupe-++.mp3
Vega_Gull,XC766054-Goéland-de-Mongolie-et-Ichtyaète-envol-d-un-groupe-++,3,data/processed/Vega_Gull/XC766054-Goéland-de-Mongolie-et-Ichtyaète-envol-d-un-groupe-++_chunk003.wav,3.0,XC766054-Goéland-de-Mongolie-et-Ichtyaète-envol-d-un-groupe-++.mp3
Vega_Gull,XC766054-Goéland-de-Mongolie-et-Ichtyaète-envol-d-un-groupe-++,4,data/processed/Vega_Gull/XC766054-Goéland-de-Mongolie-et-Ichtyaète-envol-d-un-groupe-++_chunk004.wav,3.0,XC766054-Goéland-de-Mongolie-et-Ichtyaète-envol-d-un-groupe-++.mp3
Vega_Gull,XC766054-Goéland-de-Mongolie-et-Ichtyaète-envol-d-un-groupe-++,5,data/processed/Vega_Gull/XC766054-Goéland-de-Mongolie-et-Ichtyaète-envol-d-un-groupe-++_chunk005.wav,3.0,XC766054-Goéland-de-Mongolie-et-Ichtyaète-envol-d-un-groupe-++.mp3
Vega_Gull,XC766054-Goéland-de-Mongolie-et-Ichtyaète-envol-d-un-groupe-++,6,data/processed/Vega_Gull/XC766054-Goéland-de-Mongolie-et-Ichtyaète-envol-d-un-groupe-++_chunk006.wav,3.0,XC766054-Goéland-de-Mongolie-et-Ichtyaète-envol-d-un-groupe-++.mp3
Vega_Gull,XC766054-Goéland-de-Mongolie-et-Ichtyaète-envol-d-un-groupe-++,7,data/processed/Vega_Gull/XC766054-Goéland-de-Mongolie-et-Ichtyaète-envol-d-un-groupe-++_chunk007.wav,3.0,XC766054-Goéland-de-Mongolie-et-Ichtyaète-envol-d-un-groupe-++.mp3
Vega_Gull,XC766054-Goéland-de-Mongolie-et-Ichtyaète-envol-d-un-groupe-++,8,data/processed/Vega_Gull/XC766054-Goéland-de-Mongolie-et-Ichtyaète-envol-d-un-groupe-++_chunk008.wav,3.0,XC766054-Goéland-de-Mongolie-et-Ichtyaète-envol-d-un-groupe-++.mp3
Vega_Gull,XC766054-Goéland-de-Mongolie-et-Ichtyaète-envol-d-un-groupe-++,9,data/processed/Vega_Gull/XC766054-Goéland-de-Mongolie-et-Ichtyaète-envol-d-un-groupe-++_chunk009.wav,3.0,XC766054-Goéland-de-Mongolie-et-Ichtyaète-envol-d-un-groupe-++.mp3
Vega_Gull,XC766054-Goéland-de-Mongolie-et-Ichtyaète-envol-d-un-groupe-++,10,data/processed/Vega_Gull/XC766054-Goéland-de-Mongolie-et-Ichtyaète-envol-d-un-groupe-++_chunk010.wav,3.0,XC766054-Goéland-de-Mongolie-et-Ichtyaète-envol-d-un-groupe-++.mp3
Vega_Gull,XC766054-Goéland-de-Mongolie-et-Ichtyaète-envol-d-un-groupe-++,11,data/processed/Vega_Gull/XC766054-Goéland-de-Mongolie-et-Ichtyaète-envol-d-un-groupe-++_chunk011.wav,3.0,XC766054-Goéland-de-Mongolie-et-Ichtyaète-envol-d-un-groupe-++.mp3
Vega_Gull,XC766054-Goéland-de-Mongolie-et-Ichtyaète-envol-d-un-groupe-++,12,data/processed/Vega_Gull/XC766054-Goéland-de-Mongolie-et-Ichtyaète-envol-d-un-groupe-++_chunk012.wav,3.0,XC766054-Goéland-de-Mongolie-et-Ichtyaète-envol-d-un-groupe-++.mp3
Vega_Gull,XC766054-Goéland-de-Mongolie-et-Ichtyaète-envol-d-un-groupe-++,13,data/processed/Vega_Gull/XC766054-Goéland-de-Mongolie-et-Ichtyaète-envol-d-un-groupe-++_chunk013.wav,3.0,XC766054-Goéland-de-Mongolie-et-Ichtyaète-envol-d-un-groupe-++.mp3
Vega_Gull,XC766054-Goéland-de-Mongolie-et-Ichtyaète-envol-d-un-groupe-++,14,data/processed/Vega_Gull/XC766054-Goéland-de-Mongolie-et-Ichtyaète-envol-d-un-groupe-++_chunk014.wav,3.0,XC766054-Goéland-de-Mongolie-et-Ichtyaète-envol-d-un-groupe-++.mp3
Vega_Gull,XC766054-Goéland-de-Mongolie-et-Ichtyaète-envol-d-un-groupe-++,15,data/processed/Vega_Gull/XC766054-Goéland-de-Mongolie-et-Ichtyaète-envol-d-un-groupe-++_chunk015.wav,3.0,XC766054-Goéland-de-Mongolie-et-Ichtyaète-envol-d-un-groupe-++.mp3
Vega_Gull,XC766054-Goéland-de-Mongolie-et-Ichtyaète-envol-d-un-groupe-++,16,data/processed/Vega_Gull/XC766054-Goéland-de-Mongolie-et-Ichtyaète-envol-d-un-groupe-++_chunk016.wav,3.0,XC766054-Goéland-de-Mongolie-et-Ichtyaète-envol-d-un-groupe-++.mp3
Vega_Gull,XC766054-Goéland-de-Mongolie-et-Ichtyaète-envol-d-un-groupe-++,17,data/processed/Vega_Gull/XC766054-Goéland-de-Mongolie-et-Ichtyaète-envol-d-un-groupe-++_chunk017.wav,3.0,XC766054-Goéland-de-Mongolie-et-Ichtyaète-envol-d-un-groupe-++.mp3
Vega_Gull,XC766054-Goéland-de-Mongolie-et-Ichtyaète-envol-d-un-groupe-++,18,data/processed/Vega_Gull/XC766054-Goéland-de-Mongolie-et-Ichtyaète-envol-d-un-groupe-++_chunk018.wav,3.0,XC766054-Goéland-de-Mongolie-et-Ichtyaète-envol-d-un-groupe-++.mp3
Vega_Gull,XC766054-Goéland-de-Mongolie-et-Ichtyaète-envol-d-un-groupe-++,19,data/processed/Vega_Gull/XC766054-Goéland-de-Mongolie-et-Ichtyaète-envol-d-un-groupe-++_chunk019.wav,3.0,XC766054-Goéland-de-Mongolie-et-Ichtyaète-envol-d-un-groupe-++.mp3
Vega_Gull,XC766054-Goéland-de-Mongolie-et-Ichtyaète-envol-d-un-groupe-++,20,data/processed/Vega_Gull/XC766054-Goéland-de-Mongolie-et-Ichtyaète-envol-d-un-groupe-++_chunk020.wav,3.0,XC766054-Goéland-de-Mongolie-et-Ichtyaète-envol-d-un-groupe-++.mp3
Vega_Gull,XC766054-Goéland-de-Mongolie-et-Ichtyaète-envol-d-un-groupe-++,21,data/processed/Vega_Gull/XC766054-Goéland-de-Mongolie-et-Ichtyaète-envol-d-un-groupe-++_chunk021.wav,3.0,XC766054-Goéland-de-Mongolie-et-Ichtyaète-envol-d-un-groupe-++.mp3
Vega_Gull,XC766054-Goéland-de-Mongolie-et-Ichtyaète-envol-d-un-groupe-++,22,data/processed/Vega_Gull/XC766054-Goéland-de-Mongolie-et-Ichtyaète-envol-d-un-groupe-++_chunk022.wav,3.0,XC766054-Goéland-de-Mongolie-et-Ichtyaète-envol-d-un-groupe-++.mp3
Vega_Gull,XC766054-Goéland-de-Mongolie-et-Ichtyaète-envol-d-un-groupe-++,23,data/processed/Vega_Gull/XC766054-Goéland-de-Mongolie-et-Ichtyaète-envol-d-un-groupe-++_chunk023.wav,3.0,XC766054-Goéland-de-Mongolie-et-Ichtyaète-envol-d-un-groupe-++.mp3
Vega_Gull,XC766054-Goéland-de-Mongolie-et-Ichtyaète-envol-d-un-groupe-++,24,data/processed/Vega_Gull/XC766054-Goéland-de-Mongolie-et-Ichtyaète-envol-d-un-groupe-++_chunk024.wav,3.0,XC766054-Goéland-de-Mongolie-et-Ichtyaète-envol-d-un-groupe-++.mp3
Vega_Gull,XC766054-Goéland-de-Mongolie-et-Ichtyaète-envol-d-un-groupe-++,25,data/processed/Vega_Gull/XC766054-Goéland-de-Mongolie-et-Ichtyaète-envol-d-un-groupe-++_chunk025.wav,3.0,XC766054-Goéland-de-Mongolie-et-Ichtyaète-envol-d-un-groupe-++.mp3
Vega_Gull,XC766054-Goéland-de-Mongolie-et-Ichtyaète-envol-d-un-groupe-++,26,data/processed/Vega_Gull/XC766054-Goéland-de-Mongolie-et-Ichtyaète-envol-d-un-groupe-++_chunk026.wav,3.0,XC766054-Goéland-de-Mongolie-et-Ichtyaète-envol-d-un-groupe-++.mp3
Vega_Gull,XC766054-Goéland-de-Mongolie-et-Ichtyaète-envol-d-un-groupe-++,27,data/processed/Vega_Gull/XC766054-Goéland-de-Mongolie-et-Ichtyaète-envol-d-un-groupe-++_chunk027.wav,3.0,XC766054-Goéland-de-Mongolie-et-Ichtyaète-envol-d-un-groupe-++.mp3
Vega_Gull,XC766054-Goéland-de-Mongolie-et-Ichtyaète-envol-d-un-groupe-++,28,data/processed/Vega_Gull/XC766054-Goéland-de-Mongolie-et-Ichtyaète-envol-d-un-groupe-++_chunk028.wav,3.0,XC766054-Goéland-de-Mongolie-et-Ichtyaète-envol-d-un-groupe-++.mp3
Vega_Gull,XC766054-Goéland-de-Mongolie-et-Ichtyaète-envol-d-un-groupe-++,29,data/processed/Vega_Gull/XC766054-Goéland-de-Mongolie-et-Ichtyaète-envol-d-un-groupe-++_chunk029.wav,3.0,XC766054-Goéland-de-Mongolie-et-Ichtyaète-envol-d-un-groupe-++.mp3
Vega_Gull,XC766054-Goéland-de-Mongolie-et-Ichtyaète-envol-d-un-groupe-++,30,data/processed/Vega_Gull/XC766054-Goéland-de-Mongolie-et-Ichtyaète-envol-d-un-groupe-++_chunk030.wav,3.0,XC766054-Goéland-de-Mongolie-et-Ichtyaète-envol-d-un-groupe-++.mp3
Vega_Gull,XC766054-Goéland-de-Mongolie-et-Ichtyaète-envol-d-un-groupe-++,31,data/processed/Vega_Gull/XC766054-Goéland-de-Mongolie-et-Ichtyaète-envol-d-un-groupe-++_chunk031.wav,3.0,XC766054-Goéland-de-Mongolie-et-Ichtyaète-envol-d-un-groupe-++.mp3
Vega_Gull,XC766054-Goéland-de-Mongolie-et-Ichtyaète-envol-d-un-groupe-++,32,data/processed/Vega_Gull/XC766054-Goéland-de-Mongolie-et-Ichtyaète-envol-d-un-groupe-++_chunk032.wav,3.0,XC766054-Goéland-de-Mongolie-et-Ichtyaète-envol-d-un-groupe-++.mp3
Vega_Gull,XC768216-Goéland-de-Mongolie-juv,0,data/processed/Vega_Gull/XC768216-Goéland-de-Mongolie-juv_chunk000.wav,3.0,XC768216-Goéland-de-Mongolie-juv.mp3
Vega_Gull,XC768216-Goéland-de-Mongolie-juv,1,data/processed/Vega_Gull/XC768216-Goéland-de-Mongolie-juv_chunk001.wav,3.0,XC768216-Goéland-de-Mongolie-juv.mp3
Vega_Gull,XC768216-Goéland-de-Mongolie-juv,2,data/processed/Vega_Gull/XC768216-Goéland-de-Mongolie-juv_chunk002.wav,3.0,XC768216-Goéland-de-Mongolie-juv.mp3
Vega_Gull,XC768216-Goéland-de-Mongolie-juv,3,data/processed/Vega_Gull/XC768216-Goéland-de-Mongolie-juv_chunk003.wav,3.0,XC768216-Goéland-de-Mongolie-juv.mp3
Vega_Gull,XC768216-Goéland-de-Mongolie-juv,4,data/processed/Vega_Gull/XC768216-Goéland-de-Mongolie-juv_chunk004.wav,3.0,XC768216-Goéland-de-Mongolie-juv.mp3
Vega_Gull,XC768216-Goéland-de-Mongolie-juv,5,data/processed/Vega_Gull/XC768216-Goéland-de-Mongolie-juv_chunk005.wav,3.0,XC768216-Goéland-de-Mongolie-juv.mp3
Vega_Gull,XC768216-Goéland-de-Mongolie-juv,6,data/processed/Vega_Gull/XC768216-Goéland-de-Mongolie-juv_chunk006.wav,3.0,XC768216-Goéland-de-Mongolie-juv.mp3
Vega_Gull,XC768217-Goéland-ichtyaète-et-ou-de-Mongole-2,0,data/processed/Vega_Gull/XC768217-Goéland-ichtyaète-et-ou-de-Mongole-2_chunk000.wav,3.0,XC768217-Goéland-ichtyaète-et-ou-de-Mongole-2.mp3
Vega_Gull,XC768217-Goéland-ichtyaète-et-ou-de-Mongole-2,1,data/processed/Vega_Gull/XC768217-Goéland-ichtyaète-et-ou-de-Mongole-2_chunk001.wav,3.0,XC768217-Goéland-ichtyaète-et-ou-de-Mongole-2.mp3
Vega_Gull,XC768217-Goéland-ichtyaète-et-ou-de-Mongole-2,2,data/processed/Vega_Gull/XC768217-Goéland-ichtyaète-et-ou-de-Mongole-2_chunk002.wav,3.0,XC768217-Goéland-ichtyaète-et-ou-de-Mongole-2.mp3
Vega_Gull,XC768217-Goéland-ichtyaète-et-ou-de-Mongole-2,3,data/processed/Vega_Gull/XC768217-Goéland-ichtyaète-et-ou-de-Mongole-2_chunk003.wav,3.0,XC768217-Goéland-ichtyaète-et-ou-de-Mongole-2.mp3
Vega_Gull,XC768217-Goéland-ichtyaète-et-ou-de-Mongole-2,4,data/processed/Vega_Gull/XC768217-Goéland-ichtyaète-et-ou-de-Mongole-2_chunk004.wav,3.0,XC768217-Goéland-ichtyaète-et-ou-de-Mongole-2.mp3
Vega_Gull,XC768217-Goéland-ichtyaète-et-ou-de-Mongole-2,5,data/processed/Vega_Gull/XC768217-Goéland-ichtyaète-et-ou-de-Mongole-2_chunk005.wav,3.0,XC768217-Goéland-ichtyaète-et-ou-de-Mongole-2.mp3
Vega_Gull,XC768217-Goéland-ichtyaète-et-ou-de-Mongole-2,6,data/processed/Vega_Gull/XC768217-Goéland-ichtyaète-et-ou-de-Mongole-2_chunk006.wav,3.0,XC768217-Goéland-ichtyaète-et-ou-de-Mongole-2.mp3
Vega_Gull,XC768217-Goéland-ichtyaète-et-ou-de-Mongole-2,7,data/processed/Vega_Gull/XC768217-Goéland-ichtyaète-et-ou-de-Mongole-2_chunk007.wav,3.0,XC768217-Goéland-ichtyaète-et-ou-de-Mongole-2.mp3
Vega_Gull,XC768217-Goéland-ichtyaète-et-ou-de-Mongole-2,8,data/processed/Vega_Gull/XC768217-Goéland-ichtyaète-et-ou-de-Mongole-2_chunk008.wav,3.0,XC768217-Goéland-ichtyaète-et-ou-de-Mongole-2.mp3
Vega_Gull,XC768217-Goéland-ichtyaète-et-ou-de-Mongole-2,9,data/processed/Vega_Gull/XC768217-Goéland-ichtyaète-et-ou-de-Mongole-2_chunk009.wav,3.0,XC768217-Goéland-ichtyaète-et-ou-de-Mongole-2.mp3
Vega_Gull,XC768217-Goéland-ichtyaète-et-ou-de-Mongole-2,10,data/processed/Vega_Gull/XC768217-Goéland-ichtyaète-et-ou-de-Mongole-2_chunk010.wav,3.0,XC768217-Goéland-ichtyaète-et-ou-de-Mongole-2.mp3
Vega_Gull,XC768217-Goéland-ichtyaète-et-ou-de-Mongole-2,11,data/processed/Vega_Gull/XC768217-Goéland-ichtyaète-et-ou-de-Mongole-2_chunk011.wav,3.0,XC768217-Goéland-ichtyaète-et-ou-de-Mongole-2.mp3
Vega_Gull,XC768217-Goéland-ichtyaète-et-ou-de-Mongole-2,12,data/processed/Vega_Gull/XC768217-Goéland-ichtyaète-et-ou-de-Mongole-2_chunk012.wav,3.0,XC768217-Goéland-ichtyaète-et-ou-de-Mongole-2.mp3
Vega_Gull,XC768217-Goéland-ichtyaète-et-ou-de-Mongole-2,13,data/processed/Vega_Gull/XC768217-Goéland-ichtyaète-et-ou-de-Mongole-2_chunk013.wav,3.0,XC768217-Goéland-ichtyaète-et-ou-de-Mongole-2.mp3
Vega_Gull,XC768217-Goéland-ichtyaète-et-ou-de-Mongole-2,14,data/processed/Vega_Gull/XC768217-Goéland-ichtyaète-et-ou-de-Mongole-2_chunk014.wav,3.0,XC768217-Goéland-ichtyaète-et-ou-de-Mongole-2.mp3
Vega_Gull,XC768217-Goéland-ichtyaète-et-ou-de-Mongole-2,15,data/processed/Vega_Gull/XC768217-Goéland-ichtyaète-et-ou-de-Mongole-2_chunk015.wav,3.0,XC768217-Goéland-ichtyaète-et-ou-de-Mongole-2.mp3
Vega_Gull,XC768217-Goéland-ichtyaète-et-ou-de-Mongole-2,16,data/processed/Vega_Gull/XC768217-Goéland-ichtyaète-et-ou-de-Mongole-2_chunk016.wav,3.0,XC768217-Goéland-ichtyaète-et-ou-de-Mongole-2.mp3
Vega_Gull,XC768217-Goéland-ichtyaète-et-ou-de-Mongole-2,17,data/processed/Vega_Gull/XC768217-Goéland-ichtyaète-et-ou-de-Mongole-2_chunk017.wav,3.0,XC768217-Goéland-ichtyaète-et-ou-de-Mongole-2.mp3
Vega_Gull,XC768217-Goéland-ichtyaète-et-ou-de-Mongole-2,18,data/processed/Vega_Gull/XC768217-Goéland-ichtyaète-et-ou-de-Mongole-2_chunk018.wav,3.0,XC768217-Goéland-ichtyaète-et-ou-de-Mongole-2.mp3
Vega_Gull,XC768217-Goéland-ichtyaète-et-ou-de-Mongole-2,19,data/processed/Vega_Gull/XC768217-Goéland-ichtyaète-et-ou-de-Mongole-2_chunk019.wav,3.0,XC768217-Goéland-ichtyaète-et-ou-de-Mongole-2.mp3
Vega_Gull,XC768217-Goéland-ichtyaète-et-ou-de-Mongole-2,20,data/processed/Vega_Gull/XC768217-Goéland-ichtyaète-et-ou-de-Mongole-2_chunk020.wav,3.0,XC768217-Goéland-ichtyaète-et-ou-de-Mongole-2.mp3
Vega_Gull,XC768217-Goéland-ichtyaète-et-ou-de-Mongole-2,21,data/processed/Vega_Gull/XC768217-Goéland-ichtyaète-et-ou-de-Mongole-2_chunk021.wav,3.0,XC768217-Goéland-ichtyaète-et-ou-de-Mongole-2.mp3
Vega_Gull,XC768217-Goéland-ichtyaète-et-ou-de-Mongole-2,22,data/processed/Vega_Gull/XC768217-Goéland-ichtyaète-et-ou-de-Mongole-2_chunk022.wav,3.0,XC768217-Goéland-ichtyaète-et-ou-de-Mongole-2.mp3
Vega_Gull,XC768217-Goéland-ichtyaète-et-ou-de-Mongole-2,23,data/processed/Vega_Gull/XC768217-Goéland-ichtyaète-et-ou-de-Mongole-2_chunk023.wav,3.0,XC768217-Goéland-ichtyaète-et-ou-de-Mongole-2.mp3
Vega_Gull,XC768217-Goéland-ichtyaète-et-ou-de-Mongole-2,24,data/processed/Vega_Gull/XC768217-Goéland-ichtyaète-et-ou-de-Mongole-2_chunk024.wav,3.0,XC768217-Goéland-ichtyaète-et-ou-de-Mongole-2.mp3
Vega_Gull,XC768217-Goéland-ichtyaète-et-ou-de-Mongole-2,25,data/processed/Vega_Gull/XC768217-Goéland-ichtyaète-et-ou-de-Mongole-2_chunk025.wav,3.0,XC768217-Goéland-ichtyaète-et-ou-de-Mongole-2.mp3
Vega_Gull,XC768217-Goéland-ichtyaète-et-ou-de-Mongole-2,26,data/processed/Vega_Gull/XC768217-Goéland-ichtyaète-et-ou-de-Mongole-2_chunk026.wav,3.0,XC768217-Goéland-ichtyaète-et-ou-de-Mongole-2.mp3
Vega_Gull,XC768217-Goéland-ichtyaète-et-ou-de-Mongole-2,27,data/processed/Vega_Gull/XC768217-Goéland-ichtyaète-et-ou-de-Mongole-2_chunk027.wav,3.0,XC768217-Goéland-ichtyaète-et-ou-de-Mongole-2.mp3
Vega_Gull,XC768217-Goéland-ichtyaète-et-ou-de-Mongole-2,28,data/processed/Vega_Gull/XC768217-Goéland-ichtyaète-et-ou-de-Mongole-2_chunk028.wav,3.0,XC768217-Goéland-ichtyaète-et-ou-de-Mongole-2.mp3
Vega_Gull,XC768217-Goéland-ichtyaète-et-ou-de-Mongole-2,29,data/processed/Vega_Gull/XC768217-Goéland-ichtyaète-et-ou-de-Mongole-2_chunk029.wav,3.0,XC768217-Goéland-ichtyaète-et-ou-de-Mongole-2.mp3
Vega_Gull,XC768217-Goéland-ichtyaète-et-ou-de-Mongole-2,30,data/processed/Vega_Gull/XC768217-Goéland-ichtyaète-et-ou-de-Mongole-2_chunk030.wav,3.0,XC768217-Goéland-ichtyaète-et-ou-de-Mongole-2.mp3
Vega_Gull,XC768217-Goéland-ichtyaète-et-ou-de-Mongole-2,31,data/processed/Vega_Gull/XC768217-Goéland-ichtyaète-et-ou-de-Mongole-2_chunk031.wav,3.0,XC768217-Goéland-ichtyaète-et-ou-de-Mongole-2.mp3
Vega_Gull,XC768217-Goéland-ichtyaète-et-ou-de-Mongole-2,32,data/processed/Vega_Gull/XC768217-Goéland-ichtyaète-et-ou-de-Mongole-2_chunk032.wav,3.0,XC768217-Goéland-ichtyaète-et-ou-de-Mongole-2.mp3
Vega_Gull,XC768217-Goéland-ichtyaète-et-ou-de-Mongole-2,33,data/processed/Vega_Gull/XC768217-Goéland-ichtyaète-et-ou-de-Mongole-2_chunk033.wav,3.0,XC768217-Goéland-ichtyaète-et-ou-de-Mongole-2.mp3
Vega_Gull,XC768217-Goéland-ichtyaète-et-ou-de-Mongole-2,34,data/processed/Vega_Gull/XC768217-Goéland-ichtyaète-et-ou-de-Mongole-2_chunk034.wav,3.0,XC768217-Goéland-ichtyaète-et-ou-de-Mongole-2.mp3
Vega_Gull,XC768217-Goéland-ichtyaète-et-ou-de-Mongole-2,35,data/processed/Vega_Gull/XC768217-Goéland-ichtyaète-et-ou-de-Mongole-2_chunk035.wav,3.0,XC768217-Goéland-ichtyaète-et-ou-de-Mongole-2.mp3
Vega_Gull,XC768217-Goéland-ichtyaète-et-ou-de-Mongole-2,36,data/processed/Vega_Gull/XC768217-Goéland-ichtyaète-et-ou-de-Mongole-2_chunk036.wav,3.0,XC768217-Goéland-ichtyaète-et-ou-de-Mongole-2.mp3
Vega_Gull,XC768217-Goéland-ichtyaète-et-ou-de-Mongole-2,37,data/processed/Vega_Gull/XC768217-Goéland-ichtyaète-et-ou-de-Mongole-2_chunk037.wav,3.0,XC768217-Goéland-ichtyaète-et-ou-de-Mongole-2.mp3
Vega_Gull,XC768217-Goéland-ichtyaète-et-ou-de-Mongole-2,38,data/processed/Vega_Gull/XC768217-Goéland-ichtyaète-et-ou-de-Mongole-2_chunk038.wav,3.0,XC768217-Goéland-ichtyaète-et-ou-de-Mongole-2.mp3
Vega_Gull,XC768217-Goéland-ichtyaète-et-ou-de-Mongole-2,39,data/processed/Vega_Gull/XC768217-Goéland-ichtyaète-et-ou-de-Mongole-2_chunk039.wav,3.0,XC768217-Goéland-ichtyaète-et-ou-de-Mongole-2.mp3
Vega_Gull,XC768217-Goéland-ichtyaète-et-ou-de-Mongole-2,40,data/processed/Vega_Gull/XC768217-Goéland-ichtyaète-et-ou-de-Mongole-2_chunk040.wav,3.0,XC768217-Goéland-ichtyaète-et-ou-de-Mongole-2.mp3
Vega_Gull,XC768217-Goéland-ichtyaète-et-ou-de-Mongole-2,41,data/processed/Vega_Gull/XC768217-Goéland-ichtyaète-et-ou-de-Mongole-2_chunk041.wav,3.0,XC768217-Goéland-ichtyaète-et-ou-de-Mongole-2.mp3
Vega_Gull,XC768217-Goéland-ichtyaète-et-ou-de-Mongole-2,42,data/processed/Vega_Gull/XC768217-Goéland-ichtyaète-et-ou-de-Mongole-2_chunk042.wav,3.0,XC768217-Goéland-ichtyaète-et-ou-de-Mongole-2.mp3
Vega_Gull,XC768217-Goéland-ichtyaète-et-ou-de-Mongole-2,43,data/processed/Vega_Gull/XC768217-Goéland-ichtyaète-et-ou-de-Mongole-2_chunk043.wav,3.0,XC768217-Goéland-ichtyaète-et-ou-de-Mongole-2.mp3
Vega_Gull,XC768217-Goéland-ichtyaète-et-ou-de-Mongole-2,44,data/processed/Vega_Gull/XC768217-Goéland-ichtyaète-et-ou-de-Mongole-2_chunk044.wav,3.0,XC768217-Goéland-ichtyaète-et-ou-de-Mongole-2.mp3
Vega_Gull,XC768217-Goéland-ichtyaète-et-ou-de-Mongole-2,45,data/processed/Vega_Gull/XC768217-Goéland-ichtyaète-et-ou-de-Mongole-2_chunk045.wav,3.0,XC768217-Goéland-ichtyaète-et-ou-de-Mongole-2.mp3
Vega_Gull,XC768217-Goéland-ichtyaète-et-ou-de-Mongole-2,46,data/processed/Vega_Gull/XC768217-Goéland-ichtyaète-et-ou-de-Mongole-2_chunk046.wav,3.0,XC768217-Goéland-ichtyaète-et-ou-de-Mongole-2.mp3
Vega_Gull,XC768217-Goéland-ichtyaète-et-ou-de-Mongole-2,47,data/processed/Vega_Gull/XC768217-Goéland-ichtyaète-et-ou-de-Mongole-2_chunk047.wav,3.0,XC768217-Goéland-ichtyaète-et-ou-de-Mongole-2.mp3
Vega_Gull,XC768217-Goéland-ichtyaète-et-ou-de-Mongole-2,48,data/processed/Vega_Gull/XC768217-Goéland-ichtyaète-et-ou-de-Mongole-2_chunk048.wav,3.0,XC768217-Goéland-ichtyaète-et-ou-de-Mongole-2.mp3
Vega_Gull,XC768217-Goéland-ichtyaète-et-ou-de-Mongole-2,49,data/processed/Vega_Gull/XC768217-Goéland-ichtyaète-et-ou-de-Mongole-2_chunk049.wav,3.0,XC768217-Goéland-ichtyaète-et-ou-de-Mongole-2.mp3
Vega_Gull,XC768217-Goéland-ichtyaète-et-ou-de-Mongole-2,50,data/processed/Vega_Gull/XC768217-Goéland-ichtyaète-et-ou-de-Mongole-2_chunk050.wav,3.0,XC768217-Goéland-ichtyaète-et-ou-de-Mongole-2.mp3
Vega_Gull,XC768217-Goéland-ichtyaète-et-ou-de-Mongole-2,51,data/processed/Vega_Gull/XC768217-Goéland-ichtyaète-et-ou-de-Mongole-2_chunk051.wav,3.0,XC768217-Goéland-ichtyaète-et-ou-de-Mongole-2.mp3
Vega_Gull,XC768218-Goéland-ichtyaète-et-ou-de-Mongole,0,data/processed/Vega_Gull/XC768218-Goéland-ichtyaète-et-ou-de-Mongole_chunk000.wav,3.0,XC768218-Goéland-ichtyaète-et-ou-de-Mongole.mp3
Vega_Gull,XC768218-Goéland-ichtyaète-et-ou-de-Mongole,1,data/processed/Vega_Gull/XC768218-Goéland-ichtyaète-et-ou-de-Mongole_chunk001.wav,3.0,XC768218-Goéland-ichtyaète-et-ou-de-Mongole.mp3
Vega_Gull,XC768218-Goéland-ichtyaète-et-ou-de-Mongole,2,data/processed/Vega_Gull/XC768218-Goéland-ichtyaète-et-ou-de-Mongole_chunk002.wav,3.0,XC768218-Goéland-ichtyaète-et-ou-de-Mongole.mp3
Vega_Gull,XC768218-Goéland-ichtyaète-et-ou-de-Mongole,3,data/processed/Vega_Gull/XC768218-Goéland-ichtyaète-et-ou-de-Mongole_chunk003.wav,3.0,XC768218-Goéland-ichtyaète-et-ou-de-Mongole.mp3
Vega_Gull,XC768218-Goéland-ichtyaète-et-ou-de-Mongole,4,data/processed/Vega_Gull/XC768218-Goéland-ichtyaète-et-ou-de-Mongole_chunk004.wav,3.0,XC768218-Goéland-ichtyaète-et-ou-de-Mongole.mp3
Vega_Gull,XC768218-Goéland-ichtyaète-et-ou-de-Mongole,5,data/processed/Vega_Gull/XC768218-Goéland-ichtyaète-et-ou-de-Mongole_chunk005.wav,3.0,XC768218-Goéland-ichtyaète-et-ou-de-Mongole.mp3
Vega_Gull,XC768218-Goéland-ichtyaète-et-ou-de-Mongole,6,data/processed/Vega_Gull/XC768218-Goéland-ichtyaète-et-ou-de-Mongole_chunk006.wav,3.0,XC768218-Goéland-ichtyaète-et-ou-de-Mongole.mp3
Vega_Gull,XC768218-Goéland-ichtyaète-et-ou-de-Mongole,7,data/processed/Vega_Gull/XC768218-Goéland-ichtyaète-et-ou-de-Mongole_chunk007.wav,3.0,XC768218-Goéland-ichtyaète-et-ou-de-Mongole.mp3
Vega_Gull,XC768218-Goéland-ichtyaète-et-ou-de-Mongole,8,data/processed/Vega_Gull/XC768218-Goéland-ichtyaète-et-ou-de-Mongole_chunk008.wav,3.0,XC768218-Goéland-ichtyaète-et-ou-de-Mongole.mp3
Vega_Gull,XC768218-Goéland-ichtyaète-et-ou-de-Mongole,9,data/processed/Vega_Gull/XC768218-Goéland-ichtyaète-et-ou-de-Mongole_chunk009.wav,3.0,XC768218-Goéland-ichtyaète-et-ou-de-Mongole.mp3
Vega_Gull,XC768931-Kentish-plover-and-Mongolian-gull-2208_24_09,0,data/processed/Vega_Gull/XC768931-Kentish-plover-and-Mongolian-gull-2208_24_09_chunk000.wav,3.0,XC768931-Kentish-plover-and-Mongolian-gull-2208_24_09.wav
Vega_Gull,XC768931-Kentish-plover-and-Mongolian-gull-2208_24_09,1,data/processed/Vega_Gull/XC768931-Kentish-plover-and-Mongolian-gull-2208_24_09_chunk001.wav,3.0,XC768931-Kentish-plover-and-Mongolian-gull-2208_24_09.wav
Vega_Gull,XC768931-Kentish-plover-and-Mongolian-gull-2208_24_09,2,data/processed/Vega_Gull/XC768931-Kentish-plover-and-Mongolian-gull-2208_24_09_chunk002.wav,3.0,XC768931-Kentish-plover-and-Mongolian-gull-2208_24_09.wav
Vega_Gull,XC768931-Kentish-plover-and-Mongolian-gull-2208_24_09,3,data/processed/Vega_Gull/XC768931-Kentish-plover-and-Mongolian-gull-2208_24_09_chunk003.wav,3.0,XC768931-Kentish-plover-and-Mongolian-gull-2208_24_09.wav
Vega_Gull,XC768931-Kentish-plover-and-Mongolian-gull-2208_24_09,4,data/processed/Vega_Gull/XC768931-Kentish-plover-and-Mongolian-gull-2208_24_09_chunk004.wav,3.0,XC768931-Kentish-plover-and-Mongolian-gull-2208_24_09.wav
Vega_Gull,XC768931-Kentish-plover-and-Mongolian-gull-2208_24_09,5,data/processed/Vega_Gull/XC768931-Kentish-plover-and-Mongolian-gull-2208_24_09_chunk005.wav,3.0,XC768931-Kentish-plover-and-Mongolian-gull-2208_24_09.wav
Vega_Gull,XC768931-Kentish-plover-and-Mongolian-gull-2208_24_09,6,data/processed/Vega_Gull/XC768931-Kentish-plover-and-Mongolian-gull-2208_24_09_chunk006.wav,3.0,XC768931-Kentish-plover-and-Mongolian-gull-2208_24_09.wav
Vega_Gull,XC768931-Kentish-plover-and-Mongolian-gull-2208_24_09,7,data/processed/Vega_Gull/XC768931-Kentish-plover-and-Mongolian-gull-2208_24_09_chunk007.wav,3.0,XC768931-Kentish-plover-and-Mongolian-gull-2208_24_09.wav
Vega_Gull,XC768931-Kentish-plover-and-Mongolian-gull-2208_24_09,8,data/processed/Vega_Gull/XC768931-Kentish-plover-and-Mongolian-gull-2208_24_09_chunk008.wav,3.0,XC768931-Kentish-plover-and-Mongolian-gull-2208_24_09.wav
Vega_Gull,XC768931-Kentish-plover-and-Mongolian-gull-2208_24_09,9,data/processed/Vega_Gull/XC768931-Kentish-plover-and-Mongolian-gull-2208_24_09_chunk009.wav,3.0,XC768931-Kentish-plover-and-Mongolian-gull-2208_24_09.wav
Vega_Gull,XC768931-Kentish-plover-and-Mongolian-gull-2208_24_09,10,data/processed/Vega_Gull/XC768931-Kentish-plover-and-Mongolian-gull-2208_24_09_chunk010.wav,3.0,XC768931-Kentish-plover-and-Mongolian-gull-2208_24_09.wav
Vega_Gull,XC768931-Kentish-plover-and-Mongolian-gull-2208_24_09,11,data/processed/Vega_Gull/XC768931-Kentish-plover-and-Mongolian-gull-2208_24_09_chunk011.wav,3.0,XC768931-Kentish-plover-and-Mongolian-gull-2208_24_09.wav
Vega_Gull,XC768931-Kentish-plover-and-Mongolian-gull-2208_24_09,12,data/processed/Vega_Gull/XC768931-Kentish-plover-and-Mongolian-gull-2208_24_09_chunk012.wav,3.0,XC768931-Kentish-plover-and-Mongolian-gull-2208_24_09.wav
Vega_Gull,XC768931-Kentish-plover-and-Mongolian-gull-2208_24_09,13,data/processed/Vega_Gull/XC768931-Kentish-plover-and-Mongolian-gull-2208_24_09_chunk013.wav,3.0,XC768931-Kentish-plover-and-Mongolian-gull-2208_24_09.wav
Vega_Gull,XC768931-Kentish-plover-and-Mongolian-gull-2208_24_09,14,data/processed/Vega_Gull/XC768931-Kentish-plover-and-Mongolian-gull-2208_24_09_chunk014.wav,3.0,XC768931-Kentish-plover-and-Mongolian-gull-2208_24_09.wav
Vega_Gull,XC768931-Kentish-plover-and-Mongolian-gull-2208_24_09,15,data/processed/Vega_Gull/XC768931-Kentish-plover-and-Mongolian-gull-2208_24_09_chunk015.wav,3.0,XC768931-Kentish-plover-and-Mongolian-gull-2208_24_09.wav
Vega_Gull,XC768931-Kentish-plover-and-Mongolian-gull-2208_24_09,16,data/processed/Vega_Gull/XC768931-Kentish-plover-and-Mongolian-gull-2208_24_09_chunk016.wav,3.0,XC768931-Kentish-plover-and-Mongolian-gull-2208_24_09.wav
Vega_Gull,XC803927-银鸥-call-崇明东滩230211_0759,0,data/processed/Vega_Gull/XC803927-银鸥-call-崇明东滩230211_0759_chunk000.wav,3.0,XC803927-银鸥-call-崇明东滩230211_0759.mp3
Vega_Gull,XC803927-银鸥-call-崇明东滩230211_0759,1,data/processed/Vega_Gull/XC803927-银鸥-call-崇明东滩230211_0759_chunk001.wav,3.0,XC803927-银鸥-call-崇明东滩230211_0759.mp3
Vega_Gull,XC803927-银鸥-call-崇明东滩230211_0759,2,data/processed/Vega_Gull/XC803927-银鸥-call-崇明东滩230211_0759_chunk002.wav,3.0,XC803927-银鸥-call-崇明东滩230211_0759.mp3
Vega_Gull,XC840804-Monglian-Gull黄脚银鸥-call-1904141527-动物园SHADOW_0853S12,0,data/processed/Vega_Gull/XC840804-Monglian-Gull黄脚银鸥-call-1904141527-动物园SHADOW_0853S12_chunk000.wav,3.0,XC840804-Monglian-Gull黄脚银鸥-call-1904141527-动物园SHADOW_0853S12.mp3
Vega_Gull,XC840804-Monglian-Gull黄脚银鸥-call-1904141527-动物园SHADOW_0853S12,1,data/processed/Vega_Gull/XC840804-Monglian-Gull黄脚银鸥-call-1904141527-动物园SHADOW_0853S12_chunk001.wav,3.0,XC840804-Monglian-Gull黄脚银鸥-call-1904141527-动物园SHADOW_0853S12.mp3
Vega_Gull,XC840804-Monglian-Gull黄脚银鸥-call-1904141527-动物园SHADOW_0853S12,2,data/processed/Vega_Gull/XC840804-Monglian-Gull黄脚银鸥-call-1904141527-动物园SHADOW_0853S12_chunk002.wav,3.0,XC840804-Monglian-Gull黄脚银鸥-call-1904141527-动物园SHADOW_0853S12.mp3
Vega_Gull,XC840804-Monglian-Gull黄脚银鸥-call-1904141527-动物园SHADOW_0853S12,3,data/processed/Vega_Gull/XC840804-Monglian-Gull黄脚银鸥-call-1904141527-动物园SHADOW_0853S12_chunk003.wav,3.0,XC840804-Monglian-Gull黄脚银鸥-call-1904141527-动物园SHADOW_0853S12.mp3
Vega_Gull,XC892272-Yellow-legged-Gull黄脚银鸥-二岁-抢食-灰林银鸥-一岁-call-奉贤海湾2401060819_0215--B,0,data/processed/Vega_Gull/XC892272-Yellow-legged-Gull黄脚银鸥-二岁-抢食-灰林银鸥-一岁-call-奉贤海湾2401060819_0215--B_chunk000.wav,3.0,XC892272-Yellow-legged-Gull黄脚银鸥-二岁-抢食-灰林银鸥-一岁-call-奉贤海湾2401060819_0215--B.mp3
Vega_Gull,XC892272-Yellow-legged-Gull黄脚银鸥-二岁-抢食-灰林银鸥-一岁-call-奉贤海湾2401060819_0215--B,1,data/processed/Vega_Gull/XC892272-Yellow-legged-Gull黄脚银鸥-二岁-抢食-灰林银鸥-一岁-call-奉贤海湾2401060819_0215--B_chunk001.wav,3.0,XC892272-Yellow-legged-Gull黄脚银鸥-二岁-抢食-灰林银鸥-一岁-call-奉贤海湾2401060819_0215--B.mp3
Vega_Gull,XC892272-Yellow-legged-Gull黄脚银鸥-二岁-抢食-灰林银鸥-一岁-call-奉贤海湾2401060819_0215--B,2,data/processed/Vega_Gull/XC892272-Yellow-legged-Gull黄脚银鸥-二岁-抢食-灰林银鸥-一岁-call-奉贤海湾2401060819_0215--B_chunk002.wav,3.0,XC892272-Yellow-legged-Gull黄脚银鸥-二岁-抢食-灰林银鸥-一岁-call-奉贤海湾2401060819_0215--B.mp3
Vega_Gull,XC892272-Yellow-legged-Gull黄脚银鸥-二岁-抢食-灰林银鸥-一岁-call-奉贤海湾2401060819_0215--B,3,data/processed/Vega_Gull/XC892272-Yellow-legged-Gull黄脚银鸥-二岁-抢食-灰林银鸥-一岁-call-奉贤海湾2401060819_0215--B_chunk003.wav,3.0,XC892272-Yellow-legged-Gull黄脚银鸥-二岁-抢食-灰林银鸥-一岁-call-奉贤海湾2401060819_0215--B.mp3
Vega_Gull,XC892272-Yellow-legged-Gull黄脚银鸥-二岁-抢食-灰林银鸥-一岁-call-奉贤海湾2401060819_0215--B,4,data/processed/Vega_Gull/XC892272-Yellow-legged-Gull黄脚银鸥-二岁-抢食-灰林银鸥-一岁-call-奉贤海湾2401060819_0215--B_chunk004.wav,3.0,XC892272-Yellow-legged-Gull黄脚银鸥-二岁-抢食-灰林银鸥-一岁-call-奉贤海湾2401060819_0215--B.mp3
Vega_Gull,XC892272-Yellow-legged-Gull黄脚银鸥-二岁-抢食-灰林银鸥-一岁-call-奉贤海湾2401060819_0215--B,5,data/processed/Vega_Gull/XC892272-Yellow-legged-Gull黄脚银鸥-二岁-抢食-灰林银鸥-一岁-call-奉贤海湾2401060819_0215--B_chunk005.wav,3.0,XC892272-Yellow-legged-Gull黄脚银鸥-二岁-抢食-灰林银鸥-一岁-call-奉贤海湾2401060819_0215--B.mp3
Vega_Gull,XC892272-Yellow-legged-Gull黄脚银鸥-二岁-抢食-灰林银鸥-一岁-call-奉贤海湾2401060819_0215--B,6,data/processed/Vega_Gull/XC892272-Yellow-legged-Gull黄脚银鸥-二岁-抢食-灰林银鸥-一岁-call-奉贤海湾2401060819_0215--B_chunk006.wav,3.0,XC892272-Yellow-legged-Gull黄脚银鸥-二岁-抢食-灰林银鸥-一岁-call-奉贤海湾2401060819_0215--B.mp3
Vega_Gull,XC892272-Yellow-legged-Gull黄脚银鸥-二岁-抢食-灰林银鸥-一岁-call-奉贤海湾2401060819_0215--B,7,data/processed/Vega_Gull/XC892272-Yellow-legged-Gull黄脚银鸥-二岁-抢食-灰林银鸥-一岁-call-奉贤海湾2401060819_0215--B_chunk007.wav,3.0,XC892272-Yellow-legged-Gull黄脚银鸥-二岁-抢食-灰林银鸥-一岁-call-奉贤海湾2401060819_0215--B.mp3
Vega_Gull,XC892272-Yellow-legged-Gull黄脚银鸥-二岁-抢食-灰林银鸥-一岁-call-奉贤海湾2401060819_0215--B,8,data/processed/Vega_Gull/XC892272-Yellow-legged-Gull黄脚银鸥-二岁-抢食-灰林银鸥-一岁-call-奉贤海湾2401060819_0215--B_chunk008.wav,3.0,XC892272-Yellow-legged-Gull黄脚银鸥-二岁-抢食-灰林银鸥-一岁-call-奉贤海湾2401060819_0215--B.mp3
Vega_Gull,XC906313-西伯利亚银鸥+北极鸥call-珲春敬信龙山湖,0,data/processed/Vega_Gull/XC906313-西伯利亚银鸥+北极鸥call-珲春敬信龙山湖_chunk000.wav,3.0,XC906313-西伯利亚银鸥+北极鸥call-珲春敬信龙山湖.mp3
Vega_Gull,XC906313-西伯利亚银鸥+北极鸥call-珲春敬信龙山湖,1,data/processed/Vega_Gull/XC906313-西伯利亚银鸥+北极鸥call-珲春敬信龙山湖_chunk001.wav,3.0,XC906313-西伯利亚银鸥+北极鸥call-珲春敬信龙山湖.mp3
Vega_Gull,XC906313-西伯利亚银鸥+北极鸥call-珲春敬信龙山湖,2,data/processed/Vega_Gull/XC906313-西伯利亚银鸥+北极鸥call-珲春敬信龙山湖_chunk002.wav,3.0,XC906313-西伯利亚银鸥+北极鸥call-珲春敬信龙山湖.mp3
Vega_Gull,XC906313-西伯利亚银鸥+北极鸥call-珲春敬信龙山湖,3,data/processed/Vega_Gull/XC906313-西伯利亚银鸥+北极鸥call-珲春敬信龙山湖_chunk003.wav,3.0,XC906313-西伯利亚银鸥+北极鸥call-珲春敬信龙山湖.mp3
Vega_Gull,XC906313-西伯利亚银鸥+北极鸥call-珲春敬信龙山湖,4,data/processed/Vega_Gull/XC906313-西伯利亚银鸥+北极鸥call-珲春敬信龙山湖_chunk004.wav,3.0,XC906313-西伯利亚银鸥+北极鸥call-珲春敬信龙山湖.mp3
Saunders's_Gull,045_Larsau_20120312_Mai_Po,0,data/processed/Saunders's_Gull/045_Larsau_20120312_Mai_Po_chunk000.wav,3.0,045_Larsau_20120312_Mai_Po.mp3
Saunders's_Gull,045_Larsau_20120312_Mai_Po,1,data/processed/Saunders's_Gull/045_Larsau_20120312_Mai_Po_chunk001.wav,3.0,045_Larsau_20120312_Mai_Po.mp3
Saunders's_Gull,045_Larsau_20120312_Mai_Po,2,data/processed/Saunders's_Gull/045_Larsau_20120312_Mai_Po_chunk002.wav,3.0,045_Larsau_20120312_Mai_Po.mp3
Saunders's_Gull,045_Larsau_20120312_Mai_Po,3,data/processed/Saunders's_Gull/045_Larsau_20120312_Mai_Po_chunk003.wav,3.0,045_Larsau_20120312_Mai_Po.mp3
Saunders's_Gull,045_Larsau_20120312_Mai_Po,4,data/processed/Saunders's_Gull/045_Larsau_20120312_Mai_Po_chunk004.wav,3.0,045_Larsau_20120312_Mai_Po.mp3
Saunders's_Gull,045_Larsau_20120312_Mai_Po,5,data/processed/Saunders's_Gull/045_Larsau_20120312_Mai_Po_chunk005.wav,3.0,045_Larsau_20120312_Mai_Po.mp3
Saunders's_Gull,045_Larsau_20120312_Mai_Po,6,data/processed/Saunders's_Gull/045_Larsau_20120312_Mai_Po_chunk006.wav,3.0,045_Larsau_20120312_Mai_Po.mp3
Saunders's_Gull,045_Larsau_20120312_Mai_Po,7,data/processed/Saunders's_Gull/045_Larsau_20120312_Mai_Po_chunk007.wav,3.0,045_Larsau_20120312_Mai_Po.mp3
Saunders's_Gull,045_Larsau_20120312_Mai_Po,8,data/processed/Saunders's_Gull/045_Larsau_20120312_Mai_Po_chunk008.wav,3.0,045_Larsau_20120312_Mai_Po.mp3
Saunders's_Gull,045_Larsau_20120312_Mai_Po,9,data/processed/Saunders's_Gull/045_Larsau_20120312_Mai_Po_chunk009.wav,3.0,045_Larsau_20120312_Mai_Po.mp3
Saunders's_Gull,045_Larsau_20120312_Mai_Po,10,data/processed/Saunders's_Gull/045_Larsau_20120312_Mai_Po_chunk010.wav,3.0,045_Larsau_20120312_Mai_Po.mp3
Saunders's_Gull,045_Larsau_20120312_Mai_Po,11,data/processed/Saunders's_Gull/045_Larsau_20120312_Mai_Po_chunk011.wav,3.0,045_Larsau_20120312_Mai_Po.mp3
Saunders's_Gull,045_Larsau_20120312_Mai_Po,12,data/processed/Saunders's_Gull/045_Larsau_20120312_Mai_Po_chunk012.wav,3.0,045_Larsau_20120312_Mai_Po.mp3
Saunders's_Gull,045_Larsau_20120312_Mai_Po,13,data/processed/Saunders's_Gull/045_Larsau_20120312_Mai_Po_chunk013.wav,3.0,045_Larsau_20120312_Mai_Po.mp3
Saunders's_Gull,045_Larsau_20120312_Mai_Po,14,data/processed/Saunders's_Gull/045_Larsau_20120312_Mai_Po_chunk014.wav,3.0,045_Larsau_20120312_Mai_Po.mp3
Saunders's_Gull,XC160941-Saunder's,0,data/processed/Saunders's_Gull/XC160941-Saunder's_chunk000.wav,3.0,XC160941-Saunder's Gull2013-12-22-1.mp3
Saunders's_Gull,XC160941-Saunder's,1,data/processed/Saunders's_Gull/XC160941-Saunder's_chunk001.wav,3.0,XC160941-Saunder's Gull2013-12-22-1.mp3
Saunders's_Gull,XC160941-Saunder's,2,data/processed/Saunders's_Gull/XC160941-Saunder's_chunk002.wav,3.0,XC160941-Saunder's Gull2013-12-22-1.mp3
Saunders's_Gull,XC160941-Saunder's,3,data/processed/Saunders's_Gull/XC160941-Saunder's_chunk003.wav,3.0,XC160941-Saunder's Gull2013-12-22-1.mp3
Saunders's_Gull,XC160941-Saunder's,4,data/processed/Saunders's_Gull/XC160941-Saunder's_chunk004.wav,3.0,XC160941-Saunder's Gull2013-12-22-1.mp3
Saunders's_Gull,XC160941-Saunder's,5,data/processed/Saunders's_Gull/XC160941-Saunder's_chunk005.wav,3.0,XC160941-Saunder's Gull2013-12-22-1.mp3
Saunders's_Gull,XC160944-Saunder's,0,data/processed/Saunders's_Gull/XC160944-Saunder's_chunk000.wav,3.0,XC160944-Saunder's Gull2013-12-22-2.mp3
Saunders's_Gull,XC160944-Saunder's,1,data/processed/Saunders's_Gull/XC160944-Saunder's_chunk001.wav,3.0,XC160944-Saunder's Gull2013-12-22-2.mp3
Saunders's_Gull,XC160944-Saunder's,2,data/processed/Saunders's_Gull/XC160944-Saunder's_chunk002.wav,3.0,XC160944-Saunder's Gull2013-12-22-2.mp3
Saunders's_Gull,XC160944-Saunder's,3,data/processed/Saunders's_Gull/XC160944-Saunder's_chunk003.wav,3.0,XC160944-Saunder's Gull2013-12-22-2.mp3
Saunders's_Gull,XC160944-Saunder's,4,data/processed/Saunders's_Gull/XC160944-Saunder's_chunk004.wav,3.0,XC160944-Saunder's Gull2013-12-22-2.mp3
Saunders's_Gull,XC160944-Saunder's,5,data/processed/Saunders's_Gull/XC160944-Saunder's_chunk005.wav,3.0,XC160944-Saunder's Gull2013-12-22-2.mp3
Saunders's_Gull,XC267765-Larsau,0,data/processed/Saunders's_Gull/XC267765-Larsau_chunk000.wav,3.0,XC267765-Larsau ad Chn Shanghai Rud call asults 05 15.mp3
Saunders's_Gull,XC267765-Larsau,1,data/processed/Saunders's_Gull/XC267765-Larsau_chunk001.wav,3.0,XC267765-Larsau ad Chn Shanghai Rud call asults 05 15.mp3
Saunders's_Gull,XC267765-Larsau,2,data/processed/Saunders's_Gull/XC267765-Larsau_chunk002.wav,3.0,XC267765-Larsau ad Chn Shanghai Rud call asults 05 15.mp3
Saunders's_Gull,XC267765-Larsau,3,data/processed/Saunders's_Gull/XC267765-Larsau_chunk003.wav,3.0,XC267765-Larsau ad Chn Shanghai Rud call asults 05 15.mp3
Saunders's_Gull,XC267765-Larsau,4,data/processed/Saunders's_Gull/XC267765-Larsau_chunk004.wav,3.0,XC267765-Larsau ad Chn Shanghai Rud call asults 05 15.mp3
Saunders's_Gull,XC295970-Saunders's,0,data/processed/Saunders's_Gull/XC295970-Saunders's_chunk000.wav,3.0,XC295970-Saunders's Gull.mp3
Saunders's_Gull,XC295970-Saunders's,1,data/processed/Saunders's_Gull/XC295970-Saunders's_chunk001.wav,3.0,XC295970-Saunders's Gull.mp3
Saunders's_Gull,XC295970-Saunders's,2,data/processed/Saunders's_Gull/XC295970-Saunders's_chunk002.wav,3.0,XC295970-Saunders's Gull.mp3
Saunders's_Gull,XC295970-Saunders's,3,data/processed/Saunders's_Gull/XC295970-Saunders's_chunk003.wav,3.0,XC295970-Saunders's Gull.mp3
Saunders's_Gull,XC295970-Saunders's,4,data/processed/Saunders's_Gull/XC295970-Saunders's_chunk004.wav,3.0,XC295970-Saunders's Gull.mp3
Saunders's_Gull,XC414478-Chroicocephalus_saundersi-FL,0,data/processed/Saunders's_Gull/XC414478-Chroicocephalus_saundersi-FL_chunk000.wav,3.0,XC414478-Chroicocephalus_saundersi-FL flight Yangkou 5May16 12.57pm LS110142b.mp3
Saunders's_Gull,XC414478-Chroicocephalus_saundersi-FL,1,data/processed/Saunders's_Gull/XC414478-Chroicocephalus_saundersi-FL_chunk001.wav,3.0,XC414478-Chroicocephalus_saundersi-FL flight Yangkou 5May16 12.57pm LS110142b.mp3
Saunders's_Gull,XC414480-Chroicocephalus_saundersi-FL,0,data/processed/Saunders's_Gull/XC414480-Chroicocephalus_saundersi-FL_chunk000.wav,3.0,XC414480-Chroicocephalus_saundersi-FL flight Yangkou 5May16 12.28pm LS110134b.mp3
Saunders's_Gull,XC414480-Chroicocephalus_saundersi-FL,1,data/processed/Saunders's_Gull/XC414480-Chroicocephalus_saundersi-FL_chunk001.wav,3.0,XC414480-Chroicocephalus_saundersi-FL flight Yangkou 5May16 12.28pm LS110134b.mp3
Saunders's_Gull,XC414480-Chroicocephalus_saundersi-FL,2,data/processed/Saunders's_Gull/XC414480-Chroicocephalus_saundersi-FL_chunk002.wav,3.0,XC414480-Chroicocephalus_saundersi-FL flight Yangkou 5May16 12.28pm LS110134b.mp3
Saunders's_Gull,XC414481-Chroicocephalus_saundersi-FL,0,data/processed/Saunders's_Gull/XC414481-Chroicocephalus_saundersi-FL_chunk000.wav,3.0,XC414481-Chroicocephalus_saundersi-FL flight Yangkou 5May16 1pm LS110144b.mp3
Saunders's_Gull,XC414481-Chroicocephalus_saundersi-FL,1,data/processed/Saunders's_Gull/XC414481-Chroicocephalus_saundersi-FL_chunk001.wav,3.0,XC414481-Chroicocephalus_saundersi-FL flight Yangkou 5May16 1pm LS110144b.mp3
Saunders's_Gull,XC414481-Chroicocephalus_saundersi-FL,2,data/processed/Saunders's_Gull/XC414481-Chroicocephalus_saundersi-FL_chunk002.wav,3.0,XC414481-Chroicocephalus_saundersi-FL flight Yangkou 5May16 1pm LS110144b.mp3
Saunders's_Gull,XC414481-Chroicocephalus_saundersi-FL,3,data/processed/Saunders's_Gull/XC414481-Chroicocephalus_saundersi-FL_chunk003.wav,3.0,XC414481-Chroicocephalus_saundersi-FL flight Yangkou 5May16 1pm LS110144b.mp3
Saunders's_Gull,XC414481-Chroicocephalus_saundersi-FL,4,data/processed/Saunders's_Gull/XC414481-Chroicocephalus_saundersi-FL_chunk004.wav,3.0,XC414481-Chroicocephalus_saundersi-FL flight Yangkou 5May16 1pm LS110144b.mp3
Saunders's_Gull,XC414481-Chroicocephalus_saundersi-FL,5,data/processed/Saunders's_Gull/XC414481-Chroicocephalus_saundersi-FL_chunk005.wav,3.0,XC414481-Chroicocephalus_saundersi-FL flight Yangkou 5May16 1pm LS110144b.mp3
Saunders's_Gull,XC414481-Chroicocephalus_saundersi-FL,6,data/processed/Saunders's_Gull/XC414481-Chroicocephalus_saundersi-FL_chunk006.wav,3.0,XC414481-Chroicocephalus_saundersi-FL flight Yangkou 5May16 1pm LS110144b.mp3
Saunders's_Gull,XC414481-Chroicocephalus_saundersi-FL,7,data/processed/Saunders's_Gull/XC414481-Chroicocephalus_saundersi-FL_chunk007.wav,3.0,XC414481-Chroicocephalus_saundersi-FL flight Yangkou 5May16 1pm LS110144b.mp3
Saunders's_Gull,XC414481-Chroicocephalus_saundersi-FL,8,data/processed/Saunders's_Gull/XC414481-Chroicocephalus_saundersi-FL_chunk008.wav,3.0,XC414481-Chroicocephalus_saundersi-FL flight Yangkou 5May16 1pm LS110144b.mp3
Saunders's_Gull,XC414482-Chroicocephalus_saundersi-FL,0,data/processed/Saunders's_Gull/XC414482-Chroicocephalus_saundersi-FL_chunk000.wav,3.0,XC414482-Chroicocephalus_saundersi-FL flight Yangkou 5May16 12.27pm LS110133a.mp3
Saunders's_Gull,XC414482-Chroicocephalus_saundersi-FL,1,data/processed/Saunders's_Gull/XC414482-Chroicocephalus_saundersi-FL_chunk001.wav,3.0,XC414482-Chroicocephalus_saundersi-FL flight Yangkou 5May16 12.27pm LS110133a.mp3
Saunders's_Gull,XC414482-Chroicocephalus_saundersi-FL,2,data/processed/Saunders's_Gull/XC414482-Chroicocephalus_saundersi-FL_chunk002.wav,3.0,XC414482-Chroicocephalus_saundersi-FL flight Yangkou 5May16 12.27pm LS110133a.mp3
Saunders's_Gull,XC719797-,0,data/processed/Saunders's_Gull/XC719797-_chunk000.wav,3.0,XC719797- call 飞行，疑似警告 1906191536 东滩SHADOW_1062S12.mp3
Saunders's_Gull,XC719797-,1,data/processed/Saunders's_Gull/XC719797-_chunk001.wav,3.0,XC719797- call 飞行，疑似警告 1906191536 东滩SHADOW_1062S12.mp3
Saunders's_Gull,XC719797-,2,data/processed/Saunders's_Gull/XC719797-_chunk002.wav,3.0,XC719797- call 飞行，疑似警告 1906191536 东滩SHADOW_1062S12.mp3
Saunders's_Gull,XC719797-,3,data/processed/Saunders's_Gull/XC719797-_chunk003.wav,3.0,XC719797- call 飞行，疑似警告 1906191536 东滩SHADOW_1062S12.mp3
Saunders's_Gull,XC719797-,4,data/processed/Saunders's_Gull/XC719797-_chunk004.wav,3.0,XC719797- call 飞行，疑似警告 1906191536 东滩SHADOW_1062S12.mp3
Saunders's_Gull,XC719797-,5,data/processed/Saunders's_Gull/XC719797-_chunk005.wav,3.0,XC719797- call 飞行，疑似警告 1906191536 东滩SHADOW_1062S12.mp3
Saunders's_Gull,XC719797-,6,data/processed/Saunders's_Gull/XC719797-_chunk006.wav,3.0,XC719797- call 飞行，疑似警告 1906191536 东滩SHADOW_1062S12.mp3
Saunders's_Gull,XC791622--song-鹬2304061332-崇明东滩SHADOW_3090S12,0,data/processed/Saunders's_Gull/XC791622--song-鹬2304061332-崇明东滩SHADOW_3090S12_chunk000.wav,3.0,XC791622--song-鹬2304061332-崇明东滩SHADOW_3090S12.mp3
Saunders's_Gull,XC791622--song-鹬2304061332-崇明东滩SHADOW_3090S12,1,data/processed/Saunders's_Gull/XC791622--song-鹬2304061332-崇明东滩SHADOW_3090S12_chunk001.wav,3.0,XC791622--song-鹬2304061332-崇明东滩SHADOW_3090S12.mp3
Saunders's_Gull,XC791622--song-鹬2304061332-崇明东滩SHADOW_3090S12,2,data/processed/Saunders's_Gull/XC791622--song-鹬2304061332-崇明东滩SHADOW_3090S12_chunk002.wav,3.0,XC791622--song-鹬2304061332-崇明东滩SHADOW_3090S12.mp3
Saunders's_Gull,XC791622--song-鹬2304061332-崇明东滩SHADOW_3090S12,3,data/processed/Saunders's_Gull/XC791622--song-鹬2304061332-崇明东滩SHADOW_3090S12_chunk003.wav,3.0,XC791622--song-鹬2304061332-崇明东滩SHADOW_3090S12.mp3
Saunders's_Gull,XC791622--song-鹬2304061332-崇明东滩SHADOW_3090S12,4,data/processed/Saunders's_Gull/XC791622--song-鹬2304061332-崇明东滩SHADOW_3090S12_chunk004.wav,3.0,XC791622--song-鹬2304061332-崇明东滩SHADOW_3090S12.mp3
Saunders's_Gull,XC791622--song-鹬2304061332-崇明东滩SHADOW_3090S12,5,data/processed/Saunders's_Gull/XC791622--song-鹬2304061332-崇明东滩SHADOW_3090S12_chunk005.wav,3.0,XC791622--song-鹬2304061332-崇明东滩SHADOW_3090S12.mp3
Saunders's_Gull,XC791622--song-鹬2304061332-崇明东滩SHADOW_3090S12,6,data/processed/Saunders's_Gull/XC791622--song-鹬2304061332-崇明东滩SHADOW_3090S12_chunk006.wav,3.0,XC791622--song-鹬2304061332-崇明东滩SHADOW_3090S12.mp3
Saunders's_Gull,XC791622--song-鹬2304061332-崇明东滩SHADOW_3090S12,7,data/processed/Saunders's_Gull/XC791622--song-鹬2304061332-崇明东滩SHADOW_3090S12_chunk007.wav,3.0,XC791622--song-鹬2304061332-崇明东滩SHADOW_3090S12.mp3
Saunders's_Gull,XC791622--song-鹬2304061332-崇明东滩SHADOW_3090S12,8,data/processed/Saunders's_Gull/XC791622--song-鹬2304061332-崇明东滩SHADOW_3090S12_chunk008.wav,3.0,XC791622--song-鹬2304061332-崇明东滩SHADOW_3090S12.mp3
Saunders's_Gull,XC791622--song-鹬2304061332-崇明东滩SHADOW_3090S12,9,data/processed/Saunders's_Gull/XC791622--song-鹬2304061332-崇明东滩SHADOW_3090S12_chunk009.wav,3.0,XC791622--song-鹬2304061332-崇明东滩SHADOW_3090S12.mp3
Saunders's_Gull,XC791622--song-鹬2304061332-崇明东滩SHADOW_3090S12,10,data/processed/Saunders's_Gull/XC791622--song-鹬2304061332-崇明东滩SHADOW_3090S12_chunk010.wav,3.0,XC791622--song-鹬2304061332-崇明东滩SHADOW_3090S12.mp3
Saunders's_Gull,XC791622--song-鹬2304061332-崇明东滩SHADOW_3090S12,11,data/processed/Saunders's_Gull/XC791622--song-鹬2304061332-崇明东滩SHADOW_3090S12_chunk011.wav,3.0,XC791622--song-鹬2304061332-崇明东滩SHADOW_3090S12.mp3
Saunders's_Gull,XC791622--song-鹬2304061332-崇明东滩SHADOW_3090S12,12,data/processed/Saunders's_Gull/XC791622--song-鹬2304061332-崇明东滩SHADOW_3090S12_chunk012.wav,3.0,XC791622--song-鹬2304061332-崇明东滩SHADOW_3090S12.mp3
Saunders's_Gull,XC791622--song-鹬2304061332-崇明东滩SHADOW_3090S12,13,data/processed/Saunders's_Gull/XC791622--song-鹬2304061332-崇明东滩SHADOW_3090S12_chunk013.wav,3.0,XC791622--song-鹬2304061332-崇明东滩SHADOW_3090S12.mp3
Saunders's_Gull,XC791622--song-鹬2304061332-崇明东滩SHADOW_3090S12,14,data/processed/Saunders's_Gull/XC791622--song-鹬2304061332-崇明东滩SHADOW_3090S12_chunk014.wav,3.0,XC791622--song-鹬2304061332-崇明东滩SHADOW_3090S12.mp3
Saunders's_Gull,XC791622--song-鹬2304061332-崇明东滩SHADOW_3090S12,15,data/processed/Saunders's_Gull/XC791622--song-鹬2304061332-崇明东滩SHADOW_3090S12_chunk015.wav,3.0,XC791622--song-鹬2304061332-崇明东滩SHADOW_3090S12.mp3
Saunders's_Gull,XC791622--song-鹬2304061332-崇明东滩SHADOW_3090S12,16,data/processed/Saunders's_Gull/XC791622--song-鹬2304061332-崇明东滩SHADOW_3090S12_chunk016.wav,3.0,XC791622--song-鹬2304061332-崇明东滩SHADOW_3090S12.mp3
Saunders's_Gull,XC791622--song-鹬2304061332-崇明东滩SHADOW_3090S12,17,data/processed/Saunders's_Gull/XC791622--song-鹬2304061332-崇明东滩SHADOW_3090S12_chunk017.wav,3.0,XC791622--song-鹬2304061332-崇明东滩SHADOW_3090S12.mp3
Saunders's_Gull,XC791622--song-鹬2304061332-崇明东滩SHADOW_3090S12,18,data/processed/Saunders's_Gull/XC791622--song-鹬2304061332-崇明东滩SHADOW_3090S12_chunk018.wav,3.0,XC791622--song-鹬2304061332-崇明东滩SHADOW_3090S12.mp3
Saunders's_Gull,XC791622--song-鹬2304061332-崇明东滩SHADOW_3090S12,19,data/processed/Saunders's_Gull/XC791622--song-鹬2304061332-崇明东滩SHADOW_3090S12_chunk019.wav,3.0,XC791622--song-鹬2304061332-崇明东滩SHADOW_3090S12.mp3
Saunders's_Gull,XC791622--song-鹬2304061332-崇明东滩SHADOW_3090S12,20,data/processed/Saunders's_Gull/XC791622--song-鹬2304061332-崇明东滩SHADOW_3090S12_chunk020.wav,3.0,XC791622--song-鹬2304061332-崇明东滩SHADOW_3090S12.mp3
Saunders's_Gull,XC791622--song-鹬2304061332-崇明东滩SHADOW_3090S12,21,data/processed/Saunders's_Gull/XC791622--song-鹬2304061332-崇明东滩SHADOW_3090S12_chunk021.wav,3.0,XC791622--song-鹬2304061332-崇明东滩SHADOW_3090S12.mp3
Saunders's_Gull,XC791622--song-鹬2304061332-崇明东滩SHADOW_3090S12,22,data/processed/Saunders's_Gull/XC791622--song-鹬2304061332-崇明东滩SHADOW_3090S12_chunk022.wav,3.0,XC791622--song-鹬2304061332-崇明东滩SHADOW_3090S12.mp3
Saunders's_Gull,XC791622--song-鹬2304061332-崇明东滩SHADOW_3090S12,23,data/processed/Saunders's_Gull/XC791622--song-鹬2304061332-崇明东滩SHADOW_3090S12_chunk023.wav,3.0,XC791622--song-鹬2304061332-崇明东滩SHADOW_3090S12.mp3
Saunders's_Gull,XC791622--song-鹬2304061332-崇明东滩SHADOW_3090S12,24,data/processed/Saunders's_Gull/XC791622--song-鹬2304061332-崇明东滩SHADOW_3090S12_chunk024.wav,3.0,XC791622--song-鹬2304061332-崇明东滩SHADOW_3090S12.mp3
Saunders's_Gull,XC791622--song-鹬2304061332-崇明东滩SHADOW_3090S12,25,data/processed/Saunders's_Gull/XC791622--song-鹬2304061332-崇明东滩SHADOW_3090S12_chunk025.wav,3.0,XC791622--song-鹬2304061332-崇明东滩SHADOW_3090S12.mp3
Saunders's_Gull,XC803925-Saunders-s-Gull黑嘴鸥-190321-东滩SHADOW_0737S12,0,data/processed/Saunders's_Gull/XC803925-Saunders-s-Gull黑嘴鸥-190321-东滩SHADOW_0737S12_chunk000.wav,3.0,XC803925-Saunders-s-Gull黑嘴鸥-190321-东滩SHADOW_0737S12.mp3
Saunders's_Gull,XC803925-Saunders-s-Gull黑嘴鸥-190321-东滩SHADOW_0737S12,1,data/processed/Saunders's_Gull/XC803925-Saunders-s-Gull黑嘴鸥-190321-东滩SHADOW_0737S12_chunk001.wav,3.0,XC803925-Saunders-s-Gull黑嘴鸥-190321-东滩SHADOW_0737S12.mp3
Saunders's_Gull,XC803925-Saunders-s-Gull黑嘴鸥-190321-东滩SHADOW_0737S12,2,data/processed/Saunders's_Gull/XC803925-Saunders-s-Gull黑嘴鸥-190321-东滩SHADOW_0737S12_chunk002.wav,3.0,XC803925-Saunders-s-Gull黑嘴鸥-190321-东滩SHADOW_0737S12.mp3
Saunders's_Gull,XC840670-黑嘴鸥-call-1903211505-东滩-SHADOW_0737S12--A,0,data/processed/Saunders's_Gull/XC840670-黑嘴鸥-call-1903211505-东滩-SHADOW_0737S12--A_chunk000.wav,3.0,XC840670-黑嘴鸥-call-1903211505-东滩-SHADOW_0737S12--A.mp3
Saunders's_Gull,XC840670-黑嘴鸥-call-1903211505-东滩-SHADOW_0737S12--A,1,data/processed/Saunders's_Gull/XC840670-黑嘴鸥-call-1903211505-东滩-SHADOW_0737S12--A_chunk001.wav,3.0,XC840670-黑嘴鸥-call-1903211505-东滩-SHADOW_0737S12--A.mp3
Saunders's_Gull,XC840670-黑嘴鸥-call-1903211505-东滩-SHADOW_0737S12--A,2,data/processed/Saunders's_Gull/XC840670-黑嘴鸥-call-1903211505-东滩-SHADOW_0737S12--A_chunk002.wav,3.0,XC840670-黑嘴鸥-call-1903211505-东滩-SHADOW_0737S12--A.mp3
Saunders's_Gull,XC840670-黑嘴鸥-call-1903211505-东滩-SHADOW_0737S12--A,3,data/processed/Saunders's_Gull/XC840670-黑嘴鸥-call-1903211505-东滩-SHADOW_0737S12--A_chunk003.wav,3.0,XC840670-黑嘴鸥-call-1903211505-东滩-SHADOW_0737S12--A.mp3
Saunders's_Gull,XC840670-黑嘴鸥-call-1903211505-东滩-SHADOW_0737S12--A,4,data/processed/Saunders's_Gull/XC840670-黑嘴鸥-call-1903211505-东滩-SHADOW_0737S12--A_chunk004.wav,3.0,XC840670-黑嘴鸥-call-1903211505-东滩-SHADOW_0737S12--A.mp3
Saunders's_Gull,XC884136-Saunder-s-Gull-1,0,data/processed/Saunders's_Gull/XC884136-Saunder-s-Gull-1_chunk000.wav,3.0,XC884136-Saunder-s-Gull-1.mp3
Saunders's_Gull,XC884136-Saunder-s-Gull-1,1,data/processed/Saunders's_Gull/XC884136-Saunder-s-Gull-1_chunk001.wav,3.0,XC884136-Saunder-s-Gull-1.mp3
Saunders's_Gull,XC884136-Saunder-s-Gull-1,2,data/processed/Saunders's_Gull/XC884136-Saunder-s-Gull-1_chunk002.wav,3.0,XC884136-Saunder-s-Gull-1.mp3
Saunders's_Gull,XC884136-Saunder-s-Gull-1,3,data/processed/Saunders's_Gull/XC884136-Saunder-s-Gull-1_chunk003.wav,3.0,XC884136-Saunder-s-Gull-1.mp3
Saunders's_Gull,XC884136-Saunder-s-Gull-1,4,data/processed/Saunders's_Gull/XC884136-Saunder-s-Gull-1_chunk004.wav,3.0,XC884136-Saunder-s-Gull-1.mp3
Saunders's_Gull,XC884136-Saunder-s-Gull-1,5,data/processed/Saunders's_Gull/XC884136-Saunder-s-Gull-1_chunk005.wav,3.0,XC884136-Saunder-s-Gull-1.mp3
Saunders's_Gull,XC884136-Saunder-s-Gull-1,6,data/processed/Saunders's_Gull/XC884136-Saunder-s-Gull-1_chunk006.wav,3.0,XC884136-Saunder-s-Gull-1.mp3
Saunders's_Gull,XC884136-Saunder-s-Gull-1,7,data/processed/Saunders's_Gull/XC884136-Saunder-s-Gull-1_chunk007.wav,3.0,XC884136-Saunder-s-Gull-1.mp3
Saunders's_Gull,XC884136-Saunder-s-Gull-1,8,data/processed/Saunders's_Gull/XC884136-Saunder-s-Gull-1_chunk008.wav,3.0,XC884136-Saunder-s-Gull-1.mp3
Saunders's_Gull,XC884136-Saunder-s-Gull-1,9,data/processed/Saunders's_Gull/XC884136-Saunder-s-Gull-1_chunk009.wav,3.0,XC884136-Saunder-s-Gull-1.mp3
Saunders's_Gull,XC884136-Saunder-s-Gull-1,10,data/processed/Saunders's_Gull/XC884136-Saunder-s-Gull-1_chunk010.wav,3.0,XC884136-Saunder-s-Gull-1.mp3
Saunders's_Gull,XC884136-Saunder-s-Gull-1,11,data/processed/Saunders's_Gull/XC884136-Saunder-s-Gull-1_chunk011.wav,3.0,XC884136-Saunder-s-Gull-1.mp3
Saunders's_Gull,XC884136-Saunder-s-Gull-1,12,data/processed/Saunders's_Gull/XC884136-Saunder-s-Gull-1_chunk012.wav,3.0,XC884136-Saunder-s-Gull-1.mp3
Saunders's_Gull,XC884136-Saunder-s-Gull-1,13,data/processed/Saunders's_Gull/XC884136-Saunder-s-Gull-1_chunk013.wav,3.0,XC884136-Saunder-s-Gull-1.mp3
Saunders's_Gull,XC884136-Saunder-s-Gull-1,14,data/processed/Saunders's_Gull/XC884136-Saunder-s-Gull-1_chunk014.wav,3.0,XC884136-Saunder-s-Gull-1.mp3
Saunders's_Gull,XC884136-Saunder-s-Gull-1,15,data/processed/Saunders's_Gull/XC884136-Saunder-s-Gull-1_chunk015.wav,3.0,XC884136-Saunder-s-Gull-1.mp3
Saunders's_Gull,XC884136-Saunder-s-Gull-1,16,data/processed/Saunders's_Gull/XC884136-Saunder-s-Gull-1_chunk016.wav,3.0,XC884136-Saunder-s-Gull-1.mp3
Saunders's_Gull,XC884136-Saunder-s-Gull-1,17,data/processed/Saunders's_Gull/XC884136-Saunder-s-Gull-1_chunk017.wav,3.0,XC884136-Saunder-s-Gull-1.mp3
Saunders's_Gull,XC884136-Saunder-s-Gull-1,18,data/processed/Saunders's_Gull/XC884136-Saunder-s-Gull-1_chunk018.wav,3.0,XC884136-Saunder-s-Gull-1.mp3
Saunders's_Gull,XC884136-Saunder-s-Gull-1,19,data/processed/Saunders's_Gull/XC884136-Saunder-s-Gull-1_chunk019.wav,3.0,XC884136-Saunder-s-Gull-1.mp3
Saunders's_Gull,XC884136-Saunder-s-Gull-1,20,data/processed/Saunders's_Gull/XC884136-Saunder-s-Gull-1_chunk020.wav,3.0,XC884136-Saunder-s-Gull-1.mp3
Saunders's_Gull,XC892197-Saunders-s-Gull黑嘴鸥-call-崇明东滩-CICADA-2403200707_0404---A,0,data/processed/Saunders's_Gull/XC892197-Saunders-s-Gull黑嘴鸥-call-崇明东滩-CICADA-2403200707_0404---A_chunk000.wav,3.0,XC892197-Saunders-s-Gull黑嘴鸥-call-崇明东滩-CICADA-2403200707_0404---A.mp3
Saunders's_Gull,XC892197-Saunders-s-Gull黑嘴鸥-call-崇明东滩-CICADA-2403200707_0404---A,1,data/processed/Saunders's_Gull/XC892197-Saunders-s-Gull黑嘴鸥-call-崇明东滩-CICADA-2403200707_0404---A_chunk001.wav,3.0,XC892197-Saunders-s-Gull黑嘴鸥-call-崇明东滩-CICADA-2403200707_0404---A.mp3
Saunders's_Gull,XC892197-Saunders-s-Gull黑嘴鸥-call-崇明东滩-CICADA-2403200707_0404---A,2,data/processed/Saunders's_Gull/XC892197-Saunders-s-Gull黑嘴鸥-call-崇明东滩-CICADA-2403200707_0404---A_chunk002.wav,3.0,XC892197-Saunders-s-Gull黑嘴鸥-call-崇明东滩-CICADA-2403200707_0404---A.mp3
Saunders's_Gull,XC892197-Saunders-s-Gull黑嘴鸥-call-崇明东滩-CICADA-2403200707_0404---A,3,data/processed/Saunders's_Gull/XC892197-Saunders-s-Gull黑嘴鸥-call-崇明东滩-CICADA-2403200707_0404---A_chunk003.wav,3.0,XC892197-Saunders-s-Gull黑嘴鸥-call-崇明东滩-CICADA-2403200707_0404---A.mp3
Saunders's_Gull,XC892197-Saunders-s-Gull黑嘴鸥-call-崇明东滩-CICADA-2403200707_0404---A,4,data/processed/Saunders's_Gull/XC892197-Saunders-s-Gull黑嘴鸥-call-崇明东滩-CICADA-2403200707_0404---A_chunk004.wav,3.0,XC892197-Saunders-s-Gull黑嘴鸥-call-崇明东滩-CICADA-2403200707_0404---A.mp3
Saunders's_Gull,XC892197-Saunders-s-Gull黑嘴鸥-call-崇明东滩-CICADA-2403200707_0404---A,5,data/processed/Saunders's_Gull/XC892197-Saunders-s-Gull黑嘴鸥-call-崇明东滩-CICADA-2403200707_0404---A_chunk005.wav,3.0,XC892197-Saunders-s-Gull黑嘴鸥-call-崇明东滩-CICADA-2403200707_0404---A.mp3
Saunders's_Gull,XC892197-Saunders-s-Gull黑嘴鸥-call-崇明东滩-CICADA-2403200707_0404---A,6,data/processed/Saunders's_Gull/XC892197-Saunders-s-Gull黑嘴鸥-call-崇明东滩-CICADA-2403200707_0404---A_chunk006.wav,3.0,XC892197-Saunders-s-Gull黑嘴鸥-call-崇明东滩-CICADA-2403200707_0404---A.mp3
Saunders's_Gull,XC892197-Saunders-s-Gull黑嘴鸥-call-崇明东滩-CICADA-2403200707_0404---A,7,data/processed/Saunders's_Gull/XC892197-Saunders-s-Gull黑嘴鸥-call-崇明东滩-CICADA-2403200707_0404---A_chunk007.wav,3.0,XC892197-Saunders-s-Gull黑嘴鸥-call-崇明东滩-CICADA-2403200707_0404---A.mp3
Saunders's_Gull,XC892197-Saunders-s-Gull黑嘴鸥-call-崇明东滩-CICADA-2403200707_0404---A,8,data/processed/Saunders's_Gull/XC892197-Saunders-s-Gull黑嘴鸥-call-崇明东滩-CICADA-2403200707_0404---A_chunk008.wav,3.0,XC892197-Saunders-s-Gull黑嘴鸥-call-崇明东滩-CICADA-2403200707_0404---A.mp3
Saunders's_Gull,XC892197-Saunders-s-Gull黑嘴鸥-call-崇明东滩-CICADA-2403200707_0404---A,9,data/processed/Saunders's_Gull/XC892197-Saunders-s-Gull黑嘴鸥-call-崇明东滩-CICADA-2403200707_0404---A_chunk009.wav,3.0,XC892197-Saunders-s-Gull黑嘴鸥-call-崇明东滩-CICADA-2403200707_0404---A.mp3
Saunders's_Gull,XC892197-Saunders-s-Gull黑嘴鸥-call-崇明东滩-CICADA-2403200707_0404---A,10,data/processed/Saunders's_Gull/XC892197-Saunders-s-Gull黑嘴鸥-call-崇明东滩-CICADA-2403200707_0404---A_chunk010.wav,3.0,XC892197-Saunders-s-Gull黑嘴鸥-call-崇明东滩-CICADA-2403200707_0404---A.mp3
Saunders's_Gull,XC892197-Saunders-s-Gull黑嘴鸥-call-崇明东滩-CICADA-2403200707_0404---A,11,data/processed/Saunders's_Gull/XC892197-Saunders-s-Gull黑嘴鸥-call-崇明东滩-CICADA-2403200707_0404---A_chunk011.wav,3.0,XC892197-Saunders-s-Gull黑嘴鸥-call-崇明东滩-CICADA-2403200707_0404---A.mp3
Saunders's_Gull,XC892197-Saunders-s-Gull黑嘴鸥-call-崇明东滩-CICADA-2403200707_0404---A,12,data/processed/Saunders's_Gull/XC892197-Saunders-s-Gull黑嘴鸥-call-崇明东滩-CICADA-2403200707_0404---A_chunk012.wav,3.0,XC892197-Saunders-s-Gull黑嘴鸥-call-崇明东滩-CICADA-2403200707_0404---A.mp3
Saunders's_Gull,XC892197-Saunders-s-Gull黑嘴鸥-call-崇明东滩-CICADA-2403200707_0404---A,13,data/processed/Saunders's_Gull/XC892197-Saunders-s-Gull黑嘴鸥-call-崇明东滩-CICADA-2403200707_0404---A_chunk013.wav,3.0,XC892197-Saunders-s-Gull黑嘴鸥-call-崇明东滩-CICADA-2403200707_0404---A.mp3
Saunders's_Gull,XC892199-Saunders-s-Gull黑嘴鸥-call-崇明东滩-CICADA-2403200714_0405---A,0,data/processed/Saunders's_Gull/XC892199-Saunders-s-Gull黑嘴鸥-call-崇明东滩-CICADA-2403200714_0405---A_chunk000.wav,3.0,XC892199-Saunders-s-Gull黑嘴鸥-call-崇明东滩-CICADA-2403200714_0405---A.mp3
Saunders's_Gull,XC892199-Saunders-s-Gull黑嘴鸥-call-崇明东滩-CICADA-2403200714_0405---A,1,data/processed/Saunders's_Gull/XC892199-Saunders-s-Gull黑嘴鸥-call-崇明东滩-CICADA-2403200714_0405---A_chunk001.wav,3.0,XC892199-Saunders-s-Gull黑嘴鸥-call-崇明东滩-CICADA-2403200714_0405---A.mp3
Saunders's_Gull,XC892199-Saunders-s-Gull黑嘴鸥-call-崇明东滩-CICADA-2403200714_0405---A,2,data/processed/Saunders's_Gull/XC892199-Saunders-s-Gull黑嘴鸥-call-崇明东滩-CICADA-2403200714_0405---A_chunk002.wav,3.0,XC892199-Saunders-s-Gull黑嘴鸥-call-崇明东滩-CICADA-2403200714_0405---A.mp3
Saunders's_Gull,XC892199-Saunders-s-Gull黑嘴鸥-call-崇明东滩-CICADA-2403200714_0405---A,3,data/processed/Saunders's_Gull/XC892199-Saunders-s-Gull黑嘴鸥-call-崇明东滩-CICADA-2403200714_0405---A_chunk003.wav,3.0,XC892199-Saunders-s-Gull黑嘴鸥-call-崇明东滩-CICADA-2403200714_0405---A.mp3
Saunders's_Gull,XC892199-Saunders-s-Gull黑嘴鸥-call-崇明东滩-CICADA-2403200714_0405---A,4,data/processed/Saunders's_Gull/XC892199-Saunders-s-Gull黑嘴鸥-call-崇明东滩-CICADA-2403200714_0405---A_chunk004.wav,3.0,XC892199-Saunders-s-Gull黑嘴鸥-call-崇明东滩-CICADA-2403200714_0405---A.mp3
Saunders's_Gull,XC892199-Saunders-s-Gull黑嘴鸥-call-崇明东滩-CICADA-2403200714_0405---A,5,data/processed/Saunders's_Gull/XC892199-Saunders-s-Gull黑嘴鸥-call-崇明东滩-CICADA-2403200714_0405---A_chunk005.wav,3.0,XC892199-Saunders-s-Gull黑嘴鸥-call-崇明东滩-CICADA-2403200714_0405---A.mp3
Saunders's_Gull,XC892199-Saunders-s-Gull黑嘴鸥-call-崇明东滩-CICADA-2403200714_0405---A,6,data/processed/Saunders's_Gull/XC892199-Saunders-s-Gull黑嘴鸥-call-崇明东滩-CICADA-2403200714_0405---A_chunk006.wav,3.0,XC892199-Saunders-s-Gull黑嘴鸥-call-崇明东滩-CICADA-2403200714_0405---A.mp3
Saunders's_Gull,XC892199-Saunders-s-Gull黑嘴鸥-call-崇明东滩-CICADA-2403200714_0405---A,7,data/processed/Saunders's_Gull/XC892199-Saunders-s-Gull黑嘴鸥-call-崇明东滩-CICADA-2403200714_0405---A_chunk007.wav,3.0,XC892199-Saunders-s-Gull黑嘴鸥-call-崇明东滩-CICADA-2403200714_0405---A.mp3
Saunders's_Gull,XC892199-Saunders-s-Gull黑嘴鸥-call-崇明东滩-CICADA-2403200714_0405---A,8,data/processed/Saunders's_Gull/XC892199-Saunders-s-Gull黑嘴鸥-call-崇明东滩-CICADA-2403200714_0405---A_chunk008.wav,3.0,XC892199-Saunders-s-Gull黑嘴鸥-call-崇明东滩-CICADA-2403200714_0405---A.mp3
Saunders's_Gull,XC892199-Saunders-s-Gull黑嘴鸥-call-崇明东滩-CICADA-2403200714_0405---A,9,data/processed/Saunders's_Gull/XC892199-Saunders-s-Gull黑嘴鸥-call-崇明东滩-CICADA-2403200714_0405---A_chunk009.wav,3.0,XC892199-Saunders-s-Gull黑嘴鸥-call-崇明东滩-CICADA-2403200714_0405---A.mp3
Saunders's_Gull,XC892199-Saunders-s-Gull黑嘴鸥-call-崇明东滩-CICADA-2403200714_0405---A,10,data/processed/Saunders's_Gull/XC892199-Saunders-s-Gull黑嘴鸥-call-崇明东滩-CICADA-2403200714_0405---A_chunk010.wav,3.0,XC892199-Saunders-s-Gull黑嘴鸥-call-崇明东滩-CICADA-2403200714_0405---A.mp3
Saunders's_Gull,XC892199-Saunders-s-Gull黑嘴鸥-call-崇明东滩-CICADA-2403200714_0405---A,11,data/processed/Saunders's_Gull/XC892199-Saunders-s-Gull黑嘴鸥-call-崇明东滩-CICADA-2403200714_0405---A_chunk011.wav,3.0,XC892199-Saunders-s-Gull黑嘴鸥-call-崇明东滩-CICADA-2403200714_0405---A.mp3
Saunders's_Gull,XC892199-Saunders-s-Gull黑嘴鸥-call-崇明东滩-CICADA-2403200714_0405---A,12,data/processed/Saunders's_Gull/XC892199-Saunders-s-Gull黑嘴鸥-call-崇明东滩-CICADA-2403200714_0405---A_chunk012.wav,3.0,XC892199-Saunders-s-Gull黑嘴鸥-call-崇明东滩-CICADA-2403200714_0405---A.mp3
Saunders's_Gull,XC892199-Saunders-s-Gull黑嘴鸥-call-崇明东滩-CICADA-2403200714_0405---A,13,data/processed/Saunders's_Gull/XC892199-Saunders-s-Gull黑嘴鸥-call-崇明东滩-CICADA-2403200714_0405---A_chunk013.wav,3.0,XC892199-Saunders-s-Gull黑嘴鸥-call-崇明东滩-CICADA-2403200714_0405---A.mp3
Saunders's_Gull,XC892199-Saunders-s-Gull黑嘴鸥-call-崇明东滩-CICADA-2403200714_0405---A,14,data/processed/Saunders's_Gull/XC892199-Saunders-s-Gull黑嘴鸥-call-崇明东滩-CICADA-2403200714_0405---A_chunk014.wav,3.0,XC892199-Saunders-s-Gull黑嘴鸥-call-崇明东滩-CICADA-2403200714_0405---A.mp3
Saunders's_Gull,XC892199-Saunders-s-Gull黑嘴鸥-call-崇明东滩-CICADA-2403200714_0405---A,15,data/processed/Saunders's_Gull/XC892199-Saunders-s-Gull黑嘴鸥-call-崇明东滩-CICADA-2403200714_0405---A_chunk015.wav,3.0,XC892199-Saunders-s-Gull黑嘴鸥-call-崇明东滩-CICADA-2403200714_0405---A.mp3
Saunders's_Gull,XC892199-Saunders-s-Gull黑嘴鸥-call-崇明东滩-CICADA-2403200714_0405---A,16,data/processed/Saunders's_Gull/XC892199-Saunders-s-Gull黑嘴鸥-call-崇明东滩-CICADA-2403200714_0405---A_chunk016.wav,3.0,XC892199-Saunders-s-Gull黑嘴鸥-call-崇明东滩-CICADA-2403200714_0405---A.mp3
Saunders's_Gull,XC892199-Saunders-s-Gull黑嘴鸥-call-崇明东滩-CICADA-2403200714_0405---A,17,data/processed/Saunders's_Gull/XC892199-Saunders-s-Gull黑嘴鸥-call-崇明东滩-CICADA-2403200714_0405---A_chunk017.wav,3.0,XC892199-Saunders-s-Gull黑嘴鸥-call-崇明东滩-CICADA-2403200714_0405---A.mp3
Saunders's_Gull,XC892199-Saunders-s-Gull黑嘴鸥-call-崇明东滩-CICADA-2403200714_0405---A,18,data/processed/Saunders's_Gull/XC892199-Saunders-s-Gull黑嘴鸥-call-崇明东滩-CICADA-2403200714_0405---A_chunk018.wav,3.0,XC892199-Saunders-s-Gull黑嘴鸥-call-崇明东滩-CICADA-2403200714_0405---A.mp3
Saunders's_Gull,XC892199-Saunders-s-Gull黑嘴鸥-call-崇明东滩-CICADA-2403200714_0405---A,19,data/processed/Saunders's_Gull/XC892199-Saunders-s-Gull黑嘴鸥-call-崇明东滩-CICADA-2403200714_0405---A_chunk019.wav,3.0,XC892199-Saunders-s-Gull黑嘴鸥-call-崇明东滩-CICADA-2403200714_0405---A.mp3
Saunders's_Gull,XC892199-Saunders-s-Gull黑嘴鸥-call-崇明东滩-CICADA-2403200714_0405---A,20,data/processed/Saunders's_Gull/XC892199-Saunders-s-Gull黑嘴鸥-call-崇明东滩-CICADA-2403200714_0405---A_chunk020.wav,3.0,XC892199-Saunders-s-Gull黑嘴鸥-call-崇明东滩-CICADA-2403200714_0405---A.mp3
Saunders's_Gull,XC892199-Saunders-s-Gull黑嘴鸥-call-崇明东滩-CICADA-2403200714_0405---A,21,data/processed/Saunders's_Gull/XC892199-Saunders-s-Gull黑嘴鸥-call-崇明东滩-CICADA-2403200714_0405---A_chunk021.wav,3.0,XC892199-Saunders-s-Gull黑嘴鸥-call-崇明东滩-CICADA-2403200714_0405---A.mp3
Saunders's_Gull,XC892199-Saunders-s-Gull黑嘴鸥-call-崇明东滩-CICADA-2403200714_0405---A,22,data/processed/Saunders's_Gull/XC892199-Saunders-s-Gull黑嘴鸥-call-崇明东滩-CICADA-2403200714_0405---A_chunk022.wav,3.0,XC892199-Saunders-s-Gull黑嘴鸥-call-崇明东滩-CICADA-2403200714_0405---A.mp3
Saunders's_Gull,XC892199-Saunders-s-Gull黑嘴鸥-call-崇明东滩-CICADA-2403200714_0405---A,23,data/processed/Saunders's_Gull/XC892199-Saunders-s-Gull黑嘴鸥-call-崇明东滩-CICADA-2403200714_0405---A_chunk023.wav,3.0,XC892199-Saunders-s-Gull黑嘴鸥-call-崇明东滩-CICADA-2403200714_0405---A.mp3
Saunders's_Gull,XC892199-Saunders-s-Gull黑嘴鸥-call-崇明东滩-CICADA-2403200714_0405---A,24,data/processed/Saunders's_Gull/XC892199-Saunders-s-Gull黑嘴鸥-call-崇明东滩-CICADA-2403200714_0405---A_chunk024.wav,3.0,XC892199-Saunders-s-Gull黑嘴鸥-call-崇明东滩-CICADA-2403200714_0405---A.mp3
Saunders's_Gull,XC892199-Saunders-s-Gull黑嘴鸥-call-崇明东滩-CICADA-2403200714_0405---A,25,data/processed/Saunders's_Gull/XC892199-Saunders-s-Gull黑嘴鸥-call-崇明东滩-CICADA-2403200714_0405---A_chunk025.wav,3.0,XC892199-Saunders-s-Gull黑嘴鸥-call-崇明东滩-CICADA-2403200714_0405---A.mp3
Saunders's_Gull,XC892199-Saunders-s-Gull黑嘴鸥-call-崇明东滩-CICADA-2403200714_0405---A,26,data/processed/Saunders's_Gull/XC892199-Saunders-s-Gull黑嘴鸥-call-崇明东滩-CICADA-2403200714_0405---A_chunk026.wav,3.0,XC892199-Saunders-s-Gull黑嘴鸥-call-崇明东滩-CICADA-2403200714_0405---A.mp3
Saunders's_Gull,XC892199-Saunders-s-Gull黑嘴鸥-call-崇明东滩-CICADA-2403200714_0405---A,27,data/processed/Saunders's_Gull/XC892199-Saunders-s-Gull黑嘴鸥-call-崇明东滩-CICADA-2403200714_0405---A_chunk027.wav,3.0,XC892199-Saunders-s-Gull黑嘴鸥-call-崇明东滩-CICADA-2403200714_0405---A.mp3
Saunders's_Gull,XC892199-Saunders-s-Gull黑嘴鸥-call-崇明东滩-CICADA-2403200714_0405---A,28,data/processed/Saunders's_Gull/XC892199-Saunders-s-Gull黑嘴鸥-call-崇明东滩-CICADA-2403200714_0405---A_chunk028.wav,3.0,XC892199-Saunders-s-Gull黑嘴鸥-call-崇明东滩-CICADA-2403200714_0405---A.mp3
Saunders's_Gull,XC892199-Saunders-s-Gull黑嘴鸥-call-崇明东滩-CICADA-2403200714_0405---A,29,data/processed/Saunders's_Gull/XC892199-Saunders-s-Gull黑嘴鸥-call-崇明东滩-CICADA-2403200714_0405---A_chunk029.wav,3.0,XC892199-Saunders-s-Gull黑嘴鸥-call-崇明东滩-CICADA-2403200714_0405---A.mp3
Saunders's_Gull,XC892199-Saunders-s-Gull黑嘴鸥-call-崇明东滩-CICADA-2403200714_0405---A,30,data/processed/Saunders's_Gull/XC892199-Saunders-s-Gull黑嘴鸥-call-崇明东滩-CICADA-2403200714_0405---A_chunk030.wav,3.0,XC892199-Saunders-s-Gull黑嘴鸥-call-崇明东滩-CICADA-2403200714_0405---A.mp3
Saunders's_Gull,XC892199-Saunders-s-Gull黑嘴鸥-call-崇明东滩-CICADA-2403200714_0405---A,31,data/processed/Saunders's_Gull/XC892199-Saunders-s-Gull黑嘴鸥-call-崇明东滩-CICADA-2403200714_0405---A_chunk031.wav,3.0,XC892199-Saunders-s-Gull黑嘴鸥-call-崇明东滩-CICADA-2403200714_0405---A.mp3
Saunders's_Gull,XC911484-Saunders-s-Gull-黑嘴鸥-call-求偶区域-崇明东滩-CICADA-2403210746_0415---A,0,data/processed/Saunders's_Gull/XC911484-Saunders-s-Gull-黑嘴鸥-call-求偶区域-崇明东滩-CICADA-2403210746_0415---A_chunk000.wav,3.0,XC911484-Saunders-s-Gull-黑嘴鸥-call-求偶区域-崇明东滩-CICADA-2403210746_0415---A.mp3
Saunders's_Gull,XC911484-Saunders-s-Gull-黑嘴鸥-call-求偶区域-崇明东滩-CICADA-2403210746_0415---A,1,data/processed/Saunders's_Gull/XC911484-Saunders-s-Gull-黑嘴鸥-call-求偶区域-崇明东滩-CICADA-2403210746_0415---A_chunk001.wav,3.0,XC911484-Saunders-s-Gull-黑嘴鸥-call-求偶区域-崇明东滩-CICADA-2403210746_0415---A.mp3
Saunders's_Gull,XC911484-Saunders-s-Gull-黑嘴鸥-call-求偶区域-崇明东滩-CICADA-2403210746_0415---A,2,data/processed/Saunders's_Gull/XC911484-Saunders-s-Gull-黑嘴鸥-call-求偶区域-崇明东滩-CICADA-2403210746_0415---A_chunk002.wav,3.0,XC911484-Saunders-s-Gull-黑嘴鸥-call-求偶区域-崇明东滩-CICADA-2403210746_0415---A.mp3
Saunders's_Gull,XC911484-Saunders-s-Gull-黑嘴鸥-call-求偶区域-崇明东滩-CICADA-2403210746_0415---A,3,data/processed/Saunders's_Gull/XC911484-Saunders-s-Gull-黑嘴鸥-call-求偶区域-崇明东滩-CICADA-2403210746_0415---A_chunk003.wav,3.0,XC911484-Saunders-s-Gull-黑嘴鸥-call-求偶区域-崇明东滩-CICADA-2403210746_0415---A.mp3
Saunders's_Gull,XC911484-Saunders-s-Gull-黑嘴鸥-call-求偶区域-崇明东滩-CICADA-2403210746_0415---A,4,data/processed/Saunders's_Gull/XC911484-Saunders-s-Gull-黑嘴鸥-call-求偶区域-崇明东滩-CICADA-2403210746_0415---A_chunk004.wav,3.0,XC911484-Saunders-s-Gull-黑嘴鸥-call-求偶区域-崇明东滩-CICADA-2403210746_0415---A.mp3
Saunders's_Gull,XC911484-Saunders-s-Gull-黑嘴鸥-call-求偶区域-崇明东滩-CICADA-2403210746_0415---A,5,data/processed/Saunders's_Gull/XC911484-Saunders-s-Gull-黑嘴鸥-call-求偶区域-崇明东滩-CICADA-2403210746_0415---A_chunk005.wav,3.0,XC911484-Saunders-s-Gull-黑嘴鸥-call-求偶区域-崇明东滩-CICADA-2403210746_0415---A.mp3
Saunders's_Gull,XC911484-Saunders-s-Gull-黑嘴鸥-call-求偶区域-崇明东滩-CICADA-2403210746_0415---A,6,data/processed/Saunders's_Gull/XC911484-Saunders-s-Gull-黑嘴鸥-call-求偶区域-崇明东滩-CICADA-2403210746_0415---A_chunk006.wav,3.0,XC911484-Saunders-s-Gull-黑嘴鸥-call-求偶区域-崇明东滩-CICADA-2403210746_0415---A.mp3
Saunders's_Gull,XC911484-Saunders-s-Gull-黑嘴鸥-call-求偶区域-崇明东滩-CICADA-2403210746_0415---A,7,data/processed/Saunders's_Gull/XC911484-Saunders-s-Gull-黑嘴鸥-call-求偶区域-崇明东滩-CICADA-2403210746_0415---A_chunk007.wav,3.0,XC911484-Saunders-s-Gull-黑嘴鸥-call-求偶区域-崇明东滩-CICADA-2403210746_0415---A.mp3
Saunders's_Gull,XC911484-Saunders-s-Gull-黑嘴鸥-call-求偶区域-崇明东滩-CICADA-2403210746_0415---A,8,data/processed/Saunders's_Gull/XC911484-Saunders-s-Gull-黑嘴鸥-call-求偶区域-崇明东滩-CICADA-2403210746_0415---A_chunk008.wav,3.0,XC911484-Saunders-s-Gull-黑嘴鸥-call-求偶区域-崇明东滩-CICADA-2403210746_0415---A.mp3
Saunders's_Gull,XC911484-Saunders-s-Gull-黑嘴鸥-call-求偶区域-崇明东滩-CICADA-2403210746_0415---A,9,data/processed/Saunders's_Gull/XC911484-Saunders-s-Gull-黑嘴鸥-call-求偶区域-崇明东滩-CICADA-2403210746_0415---A_chunk009.wav,3.0,XC911484-Saunders-s-Gull-黑嘴鸥-call-求偶区域-崇明东滩-CICADA-2403210746_0415---A.mp3
Saunders's_Gull,XC911484-Saunders-s-Gull-黑嘴鸥-call-求偶区域-崇明东滩-CICADA-2403210746_0415---A,10,data/processed/Saunders's_Gull/XC911484-Saunders-s-Gull-黑嘴鸥-call-求偶区域-崇明东滩-CICADA-2403210746_0415---A_chunk010.wav,3.0,XC911484-Saunders-s-Gull-黑嘴鸥-call-求偶区域-崇明东滩-CICADA-2403210746_0415---A.mp3
Saunders's_Gull,XC911484-Saunders-s-Gull-黑嘴鸥-call-求偶区域-崇明东滩-CICADA-2403210746_0415---A,11,data/processed/Saunders's_Gull/XC911484-Saunders-s-Gull-黑嘴鸥-call-求偶区域-崇明东滩-CICADA-2403210746_0415---A_chunk011.wav,3.0,XC911484-Saunders-s-Gull-黑嘴鸥-call-求偶区域-崇明东滩-CICADA-2403210746_0415---A.mp3
Saunders's_Gull,XC911484-Saunders-s-Gull-黑嘴鸥-call-求偶区域-崇明东滩-CICADA-2403210746_0415---A,12,data/processed/Saunders's_Gull/XC911484-Saunders-s-Gull-黑嘴鸥-call-求偶区域-崇明东滩-CICADA-2403210746_0415---A_chunk012.wav,3.0,XC911484-Saunders-s-Gull-黑嘴鸥-call-求偶区域-崇明东滩-CICADA-2403210746_0415---A.mp3
Saunders's_Gull,XC911484-Saunders-s-Gull-黑嘴鸥-call-求偶区域-崇明东滩-CICADA-2403210746_0415---A,13,data/processed/Saunders's_Gull/XC911484-Saunders-s-Gull-黑嘴鸥-call-求偶区域-崇明东滩-CICADA-2403210746_0415---A_chunk013.wav,3.0,XC911484-Saunders-s-Gull-黑嘴鸥-call-求偶区域-崇明东滩-CICADA-2403210746_0415---A.mp3
Saunders's_Gull,XC911484-Saunders-s-Gull-黑嘴鸥-call-求偶区域-崇明东滩-CICADA-2403210746_0415---A,14,data/processed/Saunders's_Gull/XC911484-Saunders-s-Gull-黑嘴鸥-call-求偶区域-崇明东滩-CICADA-2403210746_0415---A_chunk014.wav,3.0,XC911484-Saunders-s-Gull-黑嘴鸥-call-求偶区域-崇明东滩-CICADA-2403210746_0415---A.mp3
Saunders's_Gull,XC911484-Saunders-s-Gull-黑嘴鸥-call-求偶区域-崇明东滩-CICADA-2403210746_0415---A,15,data/processed/Saunders's_Gull/XC911484-Saunders-s-Gull-黑嘴鸥-call-求偶区域-崇明东滩-CICADA-2403210746_0415---A_chunk015.wav,3.0,XC911484-Saunders-s-Gull-黑嘴鸥-call-求偶区域-崇明东滩-CICADA-2403210746_0415---A.mp3
Saunders's_Gull,XC911484-Saunders-s-Gull-黑嘴鸥-call-求偶区域-崇明东滩-CICADA-2403210746_0415---A,16,data/processed/Saunders's_Gull/XC911484-Saunders-s-Gull-黑嘴鸥-call-求偶区域-崇明东滩-CICADA-2403210746_0415---A_chunk016.wav,3.0,XC911484-Saunders-s-Gull-黑嘴鸥-call-求偶区域-崇明东滩-CICADA-2403210746_0415---A.mp3
Saunders's_Gull,XC911484-Saunders-s-Gull-黑嘴鸥-call-求偶区域-崇明东滩-CICADA-2403210746_0415---A,17,data/processed/Saunders's_Gull/XC911484-Saunders-s-Gull-黑嘴鸥-call-求偶区域-崇明东滩-CICADA-2403210746_0415---A_chunk017.wav,3.0,XC911484-Saunders-s-Gull-黑嘴鸥-call-求偶区域-崇明东滩-CICADA-2403210746_0415---A.mp3
Saunders's_Gull,XC911484-Saunders-s-Gull-黑嘴鸥-call-求偶区域-崇明东滩-CICADA-2403210746_0415---A,18,data/processed/Saunders's_Gull/XC911484-Saunders-s-Gull-黑嘴鸥-call-求偶区域-崇明东滩-CICADA-2403210746_0415---A_chunk018.wav,3.0,XC911484-Saunders-s-Gull-黑嘴鸥-call-求偶区域-崇明东滩-CICADA-2403210746_0415---A.mp3
Saunders's_Gull,XC911484-Saunders-s-Gull-黑嘴鸥-call-求偶区域-崇明东滩-CICADA-2403210746_0415---A,19,data/processed/Saunders's_Gull/XC911484-Saunders-s-Gull-黑嘴鸥-call-求偶区域-崇明东滩-CICADA-2403210746_0415---A_chunk019.wav,3.0,XC911484-Saunders-s-Gull-黑嘴鸥-call-求偶区域-崇明东滩-CICADA-2403210746_0415---A.mp3
Saunders's_Gull,XC911484-Saunders-s-Gull-黑嘴鸥-call-求偶区域-崇明东滩-CICADA-2403210746_0415---A,20,data/processed/Saunders's_Gull/XC911484-Saunders-s-Gull-黑嘴鸥-call-求偶区域-崇明东滩-CICADA-2403210746_0415---A_chunk020.wav,3.0,XC911484-Saunders-s-Gull-黑嘴鸥-call-求偶区域-崇明东滩-CICADA-2403210746_0415---A.mp3
Saunders's_Gull,XC911484-Saunders-s-Gull-黑嘴鸥-call-求偶区域-崇明东滩-CICADA-2403210746_0415---A,21,data/processed/Saunders's_Gull/XC911484-Saunders-s-Gull-黑嘴鸥-call-求偶区域-崇明东滩-CICADA-2403210746_0415---A_chunk021.wav,3.0,XC911484-Saunders-s-Gull-黑嘴鸥-call-求偶区域-崇明东滩-CICADA-2403210746_0415---A.mp3
Saunders's_Gull,XC911484-Saunders-s-Gull-黑嘴鸥-call-求偶区域-崇明东滩-CICADA-2403210746_0415---A,22,data/processed/Saunders's_Gull/XC911484-Saunders-s-Gull-黑嘴鸥-call-求偶区域-崇明东滩-CICADA-2403210746_0415---A_chunk022.wav,3.0,XC911484-Saunders-s-Gull-黑嘴鸥-call-求偶区域-崇明东滩-CICADA-2403210746_0415---A.mp3
Saunders's_Gull,XC911484-Saunders-s-Gull-黑嘴鸥-call-求偶区域-崇明东滩-CICADA-2403210746_0415---A,23,data/processed/Saunders's_Gull/XC911484-Saunders-s-Gull-黑嘴鸥-call-求偶区域-崇明东滩-CICADA-2403210746_0415---A_chunk023.wav,3.0,XC911484-Saunders-s-Gull-黑嘴鸥-call-求偶区域-崇明东滩-CICADA-2403210746_0415---A.mp3
Saunders's_Gull,XC911484-Saunders-s-Gull-黑嘴鸥-call-求偶区域-崇明东滩-CICADA-2403210746_0415---A,24,data/processed/Saunders's_Gull/XC911484-Saunders-s-Gull-黑嘴鸥-call-求偶区域-崇明东滩-CICADA-2403210746_0415---A_chunk024.wav,3.0,XC911484-Saunders-s-Gull-黑嘴鸥-call-求偶区域-崇明东滩-CICADA-2403210746_0415---A.mp3
Saunders's_Gull,XC911484-Saunders-s-Gull-黑嘴鸥-call-求偶区域-崇明东滩-CICADA-2403210746_0415---A,25,data/processed/Saunders's_Gull/XC911484-Saunders-s-Gull-黑嘴鸥-call-求偶区域-崇明东滩-CICADA-2403210746_0415---A_chunk025.wav,3.0,XC911484-Saunders-s-Gull-黑嘴鸥-call-求偶区域-崇明东滩-CICADA-2403210746_0415---A.mp3
Saunders's_Gull,XC911484-Saunders-s-Gull-黑嘴鸥-call-求偶区域-崇明东滩-CICADA-2403210746_0415---A,26,data/processed/Saunders's_Gull/XC911484-Saunders-s-Gull-黑嘴鸥-call-求偶区域-崇明东滩-CICADA-2403210746_0415---A_chunk026.wav,3.0,XC911484-Saunders-s-Gull-黑嘴鸥-call-求偶区域-崇明东滩-CICADA-2403210746_0415---A.mp3
Saunders's_Gull,XC911484-Saunders-s-Gull-黑嘴鸥-call-求偶区域-崇明东滩-CICADA-2403210746_0415---A,27,data/processed/Saunders's_Gull/XC911484-Saunders-s-Gull-黑嘴鸥-call-求偶区域-崇明东滩-CICADA-2403210746_0415---A_chunk027.wav,3.0,XC911484-Saunders-s-Gull-黑嘴鸥-call-求偶区域-崇明东滩-CICADA-2403210746_0415---A.mp3
Saunders's_Gull,XC911484-Saunders-s-Gull-黑嘴鸥-call-求偶区域-崇明东滩-CICADA-2403210746_0415---A,28,data/processed/Saunders's_Gull/XC911484-Saunders-s-Gull-黑嘴鸥-call-求偶区域-崇明东滩-CICADA-2403210746_0415---A_chunk028.wav,3.0,XC911484-Saunders-s-Gull-黑嘴鸥-call-求偶区域-崇明东滩-CICADA-2403210746_0415---A.mp3
Saunders's_Gull,XC911484-Saunders-s-Gull-黑嘴鸥-call-求偶区域-崇明东滩-CICADA-2403210746_0415---A,29,data/processed/Saunders's_Gull/XC911484-Saunders-s-Gull-黑嘴鸥-call-求偶区域-崇明东滩-CICADA-2403210746_0415---A_chunk029.wav,3.0,XC911484-Saunders-s-Gull-黑嘴鸥-call-求偶区域-崇明东滩-CICADA-2403210746_0415---A.mp3
Saunders's_Gull,XC911484-Saunders-s-Gull-黑嘴鸥-call-求偶区域-崇明东滩-CICADA-2403210746_0415---A,30,data/processed/Saunders's_Gull/XC911484-Saunders-s-Gull-黑嘴鸥-call-求偶区域-崇明东滩-CICADA-2403210746_0415---A_chunk030.wav,3.0,XC911484-Saunders-s-Gull-黑嘴鸥-call-求偶区域-崇明东滩-CICADA-2403210746_0415---A.mp3
Saunders's_Gull,XC911484-Saunders-s-Gull-黑嘴鸥-call-求偶区域-崇明东滩-CICADA-2403210746_0415---A,31,data/processed/Saunders's_Gull/XC911484-Saunders-s-Gull-黑嘴鸥-call-求偶区域-崇明东滩-CICADA-2403210746_0415---A_chunk031.wav,3.0,XC911484-Saunders-s-Gull-黑嘴鸥-call-求偶区域-崇明东滩-CICADA-2403210746_0415---A.mp3
Saunders's_Gull,XC911484-Saunders-s-Gull-黑嘴鸥-call-求偶区域-崇明东滩-CICADA-2403210746_0415---A,32,data/processed/Saunders's_Gull/XC911484-Saunders-s-Gull-黑嘴鸥-call-求偶区域-崇明东滩-CICADA-2403210746_0415---A_chunk032.wav,3.0,XC911484-Saunders-s-Gull-黑嘴鸥-call-求偶区域-崇明东滩-CICADA-2403210746_0415---A.mp3
Saunders's_Gull,XC911484-Saunders-s-Gull-黑嘴鸥-call-求偶区域-崇明东滩-CICADA-2403210746_0415---A,33,data/processed/Saunders's_Gull/XC911484-Saunders-s-Gull-黑嘴鸥-call-求偶区域-崇明东滩-CICADA-2403210746_0415---A_chunk033.wav,3.0,XC911484-Saunders-s-Gull-黑嘴鸥-call-求偶区域-崇明东滩-CICADA-2403210746_0415---A.mp3
Saunders's_Gull,XC911484-Saunders-s-Gull-黑嘴鸥-call-求偶区域-崇明东滩-CICADA-2403210746_0415---A,34,data/processed/Saunders's_Gull/XC911484-Saunders-s-Gull-黑嘴鸥-call-求偶区域-崇明东滩-CICADA-2403210746_0415---A_chunk034.wav,3.0,XC911484-Saunders-s-Gull-黑嘴鸥-call-求偶区域-崇明东滩-CICADA-2403210746_0415---A.mp3
Saunders's_Gull,XC911484-Saunders-s-Gull-黑嘴鸥-call-求偶区域-崇明东滩-CICADA-2403210746_0415---A,35,data/processed/Saunders's_Gull/XC911484-Saunders-s-Gull-黑嘴鸥-call-求偶区域-崇明东滩-CICADA-2403210746_0415---A_chunk035.wav,3.0,XC911484-Saunders-s-Gull-黑嘴鸥-call-求偶区域-崇明东滩-CICADA-2403210746_0415---A.mp3
Saunders's_Gull,XC911484-Saunders-s-Gull-黑嘴鸥-call-求偶区域-崇明东滩-CICADA-2403210746_0415---A,36,data/processed/Saunders's_Gull/XC911484-Saunders-s-Gull-黑嘴鸥-call-求偶区域-崇明东滩-CICADA-2403210746_0415---A_chunk036.wav,3.0,XC911484-Saunders-s-Gull-黑嘴鸥-call-求偶区域-崇明东滩-CICADA-2403210746_0415---A.mp3
Saunders's_Gull,XC911484-Saunders-s-Gull-黑嘴鸥-call-求偶区域-崇明东滩-CICADA-2403210746_0415---A,37,data/processed/Saunders's_Gull/XC911484-Saunders-s-Gull-黑嘴鸥-call-求偶区域-崇明东滩-CICADA-2403210746_0415---A_chunk037.wav,3.0,XC911484-Saunders-s-Gull-黑嘴鸥-call-求偶区域-崇明东滩-CICADA-2403210746_0415---A.mp3
Saunders's_Gull,XC911484-Saunders-s-Gull-黑嘴鸥-call-求偶区域-崇明东滩-CICADA-2403210746_0415---A,38,data/processed/Saunders's_Gull/XC911484-Saunders-s-Gull-黑嘴鸥-call-求偶区域-崇明东滩-CICADA-2403210746_0415---A_chunk038.wav,3.0,XC911484-Saunders-s-Gull-黑嘴鸥-call-求偶区域-崇明东滩-CICADA-2403210746_0415---A.mp3
Saunders's_Gull,XC911484-Saunders-s-Gull-黑嘴鸥-call-求偶区域-崇明东滩-CICADA-2403210746_0415---A,39,data/processed/Saunders's_Gull/XC911484-Saunders-s-Gull-黑嘴鸥-call-求偶区域-崇明东滩-CICADA-2403210746_0415---A_chunk039.wav,3.0,XC911484-Saunders-s-Gull-黑嘴鸥-call-求偶区域-崇明东滩-CICADA-2403210746_0415---A.mp3
Saunders's_Gull,XC911484-Saunders-s-Gull-黑嘴鸥-call-求偶区域-崇明东滩-CICADA-2403210746_0415---A,40,data/processed/Saunders's_Gull/XC911484-Saunders-s-Gull-黑嘴鸥-call-求偶区域-崇明东滩-CICADA-2403210746_0415---A_chunk040.wav,3.0,XC911484-Saunders-s-Gull-黑嘴鸥-call-求偶区域-崇明东滩-CICADA-2403210746_0415---A.mp3
Saunders's_Gull,XC911484-Saunders-s-Gull-黑嘴鸥-call-求偶区域-崇明东滩-CICADA-2403210746_0415---A,41,data/processed/Saunders's_Gull/XC911484-Saunders-s-Gull-黑嘴鸥-call-求偶区域-崇明东滩-CICADA-2403210746_0415---A_chunk041.wav,3.0,XC911484-Saunders-s-Gull-黑嘴鸥-call-求偶区域-崇明东滩-CICADA-2403210746_0415---A.mp3
Saunders's_Gull,XC911484-Saunders-s-Gull-黑嘴鸥-call-求偶区域-崇明东滩-CICADA-2403210746_0415---A,42,data/processed/Saunders's_Gull/XC911484-Saunders-s-Gull-黑嘴鸥-call-求偶区域-崇明东滩-CICADA-2403210746_0415---A_chunk042.wav,3.0,XC911484-Saunders-s-Gull-黑嘴鸥-call-求偶区域-崇明东滩-CICADA-2403210746_0415---A.mp3
Saunders's_Gull,XC911484-Saunders-s-Gull-黑嘴鸥-call-求偶区域-崇明东滩-CICADA-2403210746_0415---A,43,data/processed/Saunders's_Gull/XC911484-Saunders-s-Gull-黑嘴鸥-call-求偶区域-崇明东滩-CICADA-2403210746_0415---A_chunk043.wav,3.0,XC911484-Saunders-s-Gull-黑嘴鸥-call-求偶区域-崇明东滩-CICADA-2403210746_0415---A.mp3
Saunders's_Gull,XC911484-Saunders-s-Gull-黑嘴鸥-call-求偶区域-崇明东滩-CICADA-2403210746_0415---A,44,data/processed/Saunders's_Gull/XC911484-Saunders-s-Gull-黑嘴鸥-call-求偶区域-崇明东滩-CICADA-2403210746_0415---A_chunk044.wav,3.0,XC911484-Saunders-s-Gull-黑嘴鸥-call-求偶区域-崇明东滩-CICADA-2403210746_0415---A.mp3
Saunders's_Gull,XC911484-Saunders-s-Gull-黑嘴鸥-call-求偶区域-崇明东滩-CICADA-2403210746_0415---A,45,data/processed/Saunders's_Gull/XC911484-Saunders-s-Gull-黑嘴鸥-call-求偶区域-崇明东滩-CICADA-2403210746_0415---A_chunk045.wav,3.0,XC911484-Saunders-s-Gull-黑嘴鸥-call-求偶区域-崇明东滩-CICADA-2403210746_0415---A.mp3
Saunders's_Gull,XC911484-Saunders-s-Gull-黑嘴鸥-call-求偶区域-崇明东滩-CICADA-2403210746_0415---A,46,data/processed/Saunders's_Gull/XC911484-Saunders-s-Gull-黑嘴鸥-call-求偶区域-崇明东滩-CICADA-2403210746_0415---A_chunk046.wav,3.0,XC911484-Saunders-s-Gull-黑嘴鸥-call-求偶区域-崇明东滩-CICADA-2403210746_0415---A.mp3
Saunders's_Gull,XC911484-Saunders-s-Gull-黑嘴鸥-call-求偶区域-崇明东滩-CICADA-2403210746_0415---A,47,data/processed/Saunders's_Gull/XC911484-Saunders-s-Gull-黑嘴鸥-call-求偶区域-崇明东滩-CICADA-2403210746_0415---A_chunk047.wav,3.0,XC911484-Saunders-s-Gull-黑嘴鸥-call-求偶区域-崇明东滩-CICADA-2403210746_0415---A.mp3
Saunders's_Gull,XC911484-Saunders-s-Gull-黑嘴鸥-call-求偶区域-崇明东滩-CICADA-2403210746_0415---A,48,data/processed/Saunders's_Gull/XC911484-Saunders-s-Gull-黑嘴鸥-call-求偶区域-崇明东滩-CICADA-2403210746_0415---A_chunk048.wav,3.0,XC911484-Saunders-s-Gull-黑嘴鸥-call-求偶区域-崇明东滩-CICADA-2403210746_0415---A.mp3
Saunders's_Gull,XC911484-Saunders-s-Gull-黑嘴鸥-call-求偶区域-崇明东滩-CICADA-2403210746_0415---A,49,data/processed/Saunders's_Gull/XC911484-Saunders-s-Gull-黑嘴鸥-call-求偶区域-崇明东滩-CICADA-2403210746_0415---A_chunk049.wav,3.0,XC911484-Saunders-s-Gull-黑嘴鸥-call-求偶区域-崇明东滩-CICADA-2403210746_0415---A.mp3
Saunders's_Gull,XC911484-Saunders-s-Gull-黑嘴鸥-call-求偶区域-崇明东滩-CICADA-2403210746_0415---A,50,data/processed/Saunders's_Gull/XC911484-Saunders-s-Gull-黑嘴鸥-call-求偶区域-崇明东滩-CICADA-2403210746_0415---A_chunk050.wav,3.0,XC911484-Saunders-s-Gull-黑嘴鸥-call-求偶区域-崇明东滩-CICADA-2403210746_0415---A.mp3
Saunders's_Gull,XC911484-Saunders-s-Gull-黑嘴鸥-call-求偶区域-崇明东滩-CICADA-2403210746_0415---A,51,data/processed/Saunders's_Gull/XC911484-Saunders-s-Gull-黑嘴鸥-call-求偶区域-崇明东滩-CICADA-2403210746_0415---A_chunk051.wav,3.0,XC911484-Saunders-s-Gull-黑嘴鸥-call-求偶区域-崇明东滩-CICADA-2403210746_0415---A.mp3
Saunders's_Gull,XC911484-Saunders-s-Gull-黑嘴鸥-call-求偶区域-崇明东滩-CICADA-2403210746_0415---A,52,data/processed/Saunders's_Gull/XC911484-Saunders-s-Gull-黑嘴鸥-call-求偶区域-崇明东滩-CICADA-2403210746_0415---A_chunk052.wav,3.0,XC911484-Saunders-s-Gull-黑嘴鸥-call-求偶区域-崇明东滩-CICADA-2403210746_0415---A.mp3
Saunders's_Gull,XC911484-Saunders-s-Gull-黑嘴鸥-call-求偶区域-崇明东滩-CICADA-2403210746_0415---A,53,data/processed/Saunders's_Gull/XC911484-Saunders-s-Gull-黑嘴鸥-call-求偶区域-崇明东滩-CICADA-2403210746_0415---A_chunk053.wav,3.0,XC911484-Saunders-s-Gull-黑嘴鸥-call-求偶区域-崇明东滩-CICADA-2403210746_0415---A.mp3
Saunders's_Gull,XC911484-Saunders-s-Gull-黑嘴鸥-call-求偶区域-崇明东滩-CICADA-2403210746_0415---A,54,data/processed/Saunders's_Gull/XC911484-Saunders-s-Gull-黑嘴鸥-call-求偶区域-崇明东滩-CICADA-2403210746_0415---A_chunk054.wav,3.0,XC911484-Saunders-s-Gull-黑嘴鸥-call-求偶区域-崇明东滩-CICADA-2403210746_0415---A.mp3
Saunders's_Gull,XC911484-Saunders-s-Gull-黑嘴鸥-call-求偶区域-崇明东滩-CICADA-2403210746_0415---A,55,data/processed/Saunders's_Gull/XC911484-Saunders-s-Gull-黑嘴鸥-call-求偶区域-崇明东滩-CICADA-2403210746_0415---A_chunk055.wav,3.0,XC911484-Saunders-s-Gull-黑嘴鸥-call-求偶区域-崇明东滩-CICADA-2403210746_0415---A.mp3
Saunders's_Gull,XC911484-Saunders-s-Gull-黑嘴鸥-call-求偶区域-崇明东滩-CICADA-2403210746_0415---A,56,data/processed/Saunders's_Gull/XC911484-Saunders-s-Gull-黑嘴鸥-call-求偶区域-崇明东滩-CICADA-2403210746_0415---A_chunk056.wav,3.0,XC911484-Saunders-s-Gull-黑嘴鸥-call-求偶区域-崇明东滩-CICADA-2403210746_0415---A.mp3
Saunders's_Gull,XC911484-Saunders-s-Gull-黑嘴鸥-call-求偶区域-崇明东滩-CICADA-2403210746_0415---A,57,data/processed/Saunders's_Gull/XC911484-Saunders-s-Gull-黑嘴鸥-call-求偶区域-崇明东滩-CICADA-2403210746_0415---A_chunk057.wav,3.0,XC911484-Saunders-s-Gull-黑嘴鸥-call-求偶区域-崇明东滩-CICADA-2403210746_0415---A.mp3
Saunders's_Gull,XC911484-Saunders-s-Gull-黑嘴鸥-call-求偶区域-崇明东滩-CICADA-2403210746_0415---A,58,data/processed/Saunders's_Gull/XC911484-Saunders-s-Gull-黑嘴鸥-call-求偶区域-崇明东滩-CICADA-2403210746_0415---A_chunk058.wav,3.0,XC911484-Saunders-s-Gull-黑嘴鸥-call-求偶区域-崇明东滩-CICADA-2403210746_0415---A.mp3
Saunders's_Gull,XC911484-Saunders-s-Gull-黑嘴鸥-call-求偶区域-崇明东滩-CICADA-2403210746_0415---A,59,data/processed/Saunders's_Gull/XC911484-Saunders-s-Gull-黑嘴鸥-call-求偶区域-崇明东滩-CICADA-2403210746_0415---A_chunk059.wav,3.0,XC911484-Saunders-s-Gull-黑嘴鸥-call-求偶区域-崇明东滩-CICADA-2403210746_0415---A.mp3
Saunders's_Gull,XC911484-Saunders-s-Gull-黑嘴鸥-call-求偶区域-崇明东滩-CICADA-2403210746_0415---A,60,data/processed/Saunders's_Gull/XC911484-Saunders-s-Gull-黑嘴鸥-call-求偶区域-崇明东滩-CICADA-2403210746_0415---A_chunk060.wav,3.0,XC911484-Saunders-s-Gull-黑嘴鸥-call-求偶区域-崇明东滩-CICADA-2403210746_0415---A.mp3
Saunders's_Gull,XC911484-Saunders-s-Gull-黑嘴鸥-call-求偶区域-崇明东滩-CICADA-2403210746_0415---A,61,data/processed/Saunders's_Gull/XC911484-Saunders-s-Gull-黑嘴鸥-call-求偶区域-崇明东滩-CICADA-2403210746_0415---A_chunk061.wav,3.0,XC911484-Saunders-s-Gull-黑嘴鸥-call-求偶区域-崇明东滩-CICADA-2403210746_0415---A.mp3
Saunders's_Gull,XC911484-Saunders-s-Gull-黑嘴鸥-call-求偶区域-崇明东滩-CICADA-2403210746_0415---A,62,data/processed/Saunders's_Gull/XC911484-Saunders-s-Gull-黑嘴鸥-call-求偶区域-崇明东滩-CICADA-2403210746_0415---A_chunk062.wav,3.0,XC911484-Saunders-s-Gull-黑嘴鸥-call-求偶区域-崇明东滩-CICADA-2403210746_0415---A.mp3
Saunders's_Gull,XC911484-Saunders-s-Gull-黑嘴鸥-call-求偶区域-崇明东滩-CICADA-2403210746_0415---A,63,data/processed/Saunders's_Gull/XC911484-Saunders-s-Gull-黑嘴鸥-call-求偶区域-崇明东滩-CICADA-2403210746_0415---A_chunk063.wav,3.0,XC911484-Saunders-s-Gull-黑嘴鸥-call-求偶区域-崇明东滩-CICADA-2403210746_0415---A.mp3
Saunders's_Gull,XC911484-Saunders-s-Gull-黑嘴鸥-call-求偶区域-崇明东滩-CICADA-2403210746_0415---A,64,data/processed/Saunders's_Gull/XC911484-Saunders-s-Gull-黑嘴鸥-call-求偶区域-崇明东滩-CICADA-2403210746_0415---A_chunk064.wav,3.0,XC911484-Saunders-s-Gull-黑嘴鸥-call-求偶区域-崇明东滩-CICADA-2403210746_0415---A.mp3
Saunders's_Gull,XC911484-Saunders-s-Gull-黑嘴鸥-call-求偶区域-崇明东滩-CICADA-2403210746_0415---A,65,data/processed/Saunders's_Gull/XC911484-Saunders-s-Gull-黑嘴鸥-call-求偶区域-崇明东滩-CICADA-2403210746_0415---A_chunk065.wav,3.0,XC911484-Saunders-s-Gull-黑嘴鸥-call-求偶区域-崇明东滩-CICADA-2403210746_0415---A.mp3
Saunders's_Gull,XC911484-Saunders-s-Gull-黑嘴鸥-call-求偶区域-崇明东滩-CICADA-2403210746_0415---A,66,data/processed/Saunders's_Gull/XC911484-Saunders-s-Gull-黑嘴鸥-call-求偶区域-崇明东滩-CICADA-2403210746_0415---A_chunk066.wav,3.0,XC911484-Saunders-s-Gull-黑嘴鸥-call-求偶区域-崇明东滩-CICADA-2403210746_0415---A.mp3
Saunders's_Gull,XC911484-Saunders-s-Gull-黑嘴鸥-call-求偶区域-崇明东滩-CICADA-2403210746_0415---A,67,data/processed/Saunders's_Gull/XC911484-Saunders-s-Gull-黑嘴鸥-call-求偶区域-崇明东滩-CICADA-2403210746_0415---A_chunk067.wav,3.0,XC911484-Saunders-s-Gull-黑嘴鸥-call-求偶区域-崇明东滩-CICADA-2403210746_0415---A.mp3
Saunders's_Gull,XC911484-Saunders-s-Gull-黑嘴鸥-call-求偶区域-崇明东滩-CICADA-2403210746_0415---A,68,data/processed/Saunders's_Gull/XC911484-Saunders-s-Gull-黑嘴鸥-call-求偶区域-崇明东滩-CICADA-2403210746_0415---A_chunk068.wav,3.0,XC911484-Saunders-s-Gull-黑嘴鸥-call-求偶区域-崇明东滩-CICADA-2403210746_0415---A.mp3
Saunders's_Gull,XC911484-Saunders-s-Gull-黑嘴鸥-call-求偶区域-崇明东滩-CICADA-2403210746_0415---A,69,data/processed/Saunders's_Gull/XC911484-Saunders-s-Gull-黑嘴鸥-call-求偶区域-崇明东滩-CICADA-2403210746_0415---A_chunk069.wav,3.0,XC911484-Saunders-s-Gull-黑嘴鸥-call-求偶区域-崇明东滩-CICADA-2403210746_0415---A.mp3
Saunders's_Gull,XC911484-Saunders-s-Gull-黑嘴鸥-call-求偶区域-崇明东滩-CICADA-2403210746_0415---A,70,data/processed/Saunders's_Gull/XC911484-Saunders-s-Gull-黑嘴鸥-call-求偶区域-崇明东滩-CICADA-2403210746_0415---A_chunk070.wav,3.0,XC911484-Saunders-s-Gull-黑嘴鸥-call-求偶区域-崇明东滩-CICADA-2403210746_0415---A.mp3
Saunders's_Gull,XC911484-Saunders-s-Gull-黑嘴鸥-call-求偶区域-崇明东滩-CICADA-2403210746_0415---A,71,data/processed/Saunders's_Gull/XC911484-Saunders-s-Gull-黑嘴鸥-call-求偶区域-崇明东滩-CICADA-2403210746_0415---A_chunk071.wav,3.0,XC911484-Saunders-s-Gull-黑嘴鸥-call-求偶区域-崇明东滩-CICADA-2403210746_0415---A.mp3
Saunders's_Gull,XC911484-Saunders-s-Gull-黑嘴鸥-call-求偶区域-崇明东滩-CICADA-2403210746_0415---A,72,data/processed/Saunders's_Gull/XC911484-Saunders-s-Gull-黑嘴鸥-call-求偶区域-崇明东滩-CICADA-2403210746_0415---A_chunk072.wav,3.0,XC911484-Saunders-s-Gull-黑嘴鸥-call-求偶区域-崇明东滩-CICADA-2403210746_0415---A.mp3
Saunders's_Gull,XC911484-Saunders-s-Gull-黑嘴鸥-call-求偶区域-崇明东滩-CICADA-2403210746_0415---A,73,data/processed/Saunders's_Gull/XC911484-Saunders-s-Gull-黑嘴鸥-call-求偶区域-崇明东滩-CICADA-2403210746_0415---A_chunk073.wav,3.0,XC911484-Saunders-s-Gull-黑嘴鸥-call-求偶区域-崇明东滩-CICADA-2403210746_0415---A.mp3
Saunders's_Gull,XC911484-Saunders-s-Gull-黑嘴鸥-call-求偶区域-崇明东滩-CICADA-2403210746_0415---A,74,data/processed/Saunders's_Gull/XC911484-Saunders-s-Gull-黑嘴鸥-call-求偶区域-崇明东滩-CICADA-2403210746_0415---A_chunk074.wav,3.0,XC911484-Saunders-s-Gull-黑嘴鸥-call-求偶区域-崇明东滩-CICADA-2403210746_0415---A.mp3
Saunders's_Gull,XC911484-Saunders-s-Gull-黑嘴鸥-call-求偶区域-崇明东滩-CICADA-2403210746_0415---A,75,data/processed/Saunders's_Gull/XC911484-Saunders-s-Gull-黑嘴鸥-call-求偶区域-崇明东滩-CICADA-2403210746_0415---A_chunk075.wav,3.0,XC911484-Saunders-s-Gull-黑嘴鸥-call-求偶区域-崇明东滩-CICADA-2403210746_0415---A.mp3
Saunders's_Gull,XC911484-Saunders-s-Gull-黑嘴鸥-call-求偶区域-崇明东滩-CICADA-2403210746_0415---A,76,data/processed/Saunders's_Gull/XC911484-Saunders-s-Gull-黑嘴鸥-call-求偶区域-崇明东滩-CICADA-2403210746_0415---A_chunk076.wav,3.0,XC911484-Saunders-s-Gull-黑嘴鸥-call-求偶区域-崇明东滩-CICADA-2403210746_0415---A.mp3
Saunders's_Gull,XC911484-Saunders-s-Gull-黑嘴鸥-call-求偶区域-崇明东滩-CICADA-2403210746_0415---A,77,data/processed/Saunders's_Gull/XC911484-Saunders-s-Gull-黑嘴鸥-call-求偶区域-崇明东滩-CICADA-2403210746_0415---A_chunk077.wav,3.0,XC911484-Saunders-s-Gull-黑嘴鸥-call-求偶区域-崇明东滩-CICADA-2403210746_0415---A.mp3
Saunders's_Gull,XC911484-Saunders-s-Gull-黑嘴鸥-call-求偶区域-崇明东滩-CICADA-2403210746_0415---A,78,data/processed/Saunders's_Gull/XC911484-Saunders-s-Gull-黑嘴鸥-call-求偶区域-崇明东滩-CICADA-2403210746_0415---A_chunk078.wav,3.0,XC911484-Saunders-s-Gull-黑嘴鸥-call-求偶区域-崇明东滩-CICADA-2403210746_0415---A.mp3
Saunders's_Gull,XC911484-Saunders-s-Gull-黑嘴鸥-call-求偶区域-崇明东滩-CICADA-2403210746_0415---A,79,data/processed/Saunders's_Gull/XC911484-Saunders-s-Gull-黑嘴鸥-call-求偶区域-崇明东滩-CICADA-2403210746_0415---A_chunk079.wav,3.0,XC911484-Saunders-s-Gull-黑嘴鸥-call-求偶区域-崇明东滩-CICADA-2403210746_0415---A.mp3
Saunders's_Gull,XC911484-Saunders-s-Gull-黑嘴鸥-call-求偶区域-崇明东滩-CICADA-2403210746_0415---A,80,data/processed/Saunders's_Gull/XC911484-Saunders-s-Gull-黑嘴鸥-call-求偶区域-崇明东滩-CICADA-2403210746_0415---A_chunk080.wav,3.0,XC911484-Saunders-s-Gull-黑嘴鸥-call-求偶区域-崇明东滩-CICADA-2403210746_0415---A.mp3
Saunders's_Gull,XC911484-Saunders-s-Gull-黑嘴鸥-call-求偶区域-崇明东滩-CICADA-2403210746_0415---A,81,data/processed/Saunders's_Gull/XC911484-Saunders-s-Gull-黑嘴鸥-call-求偶区域-崇明东滩-CICADA-2403210746_0415---A_chunk081.wav,3.0,XC911484-Saunders-s-Gull-黑嘴鸥-call-求偶区域-崇明东滩-CICADA-2403210746_0415---A.mp3
Saunders's_Gull,XC911484-Saunders-s-Gull-黑嘴鸥-call-求偶区域-崇明东滩-CICADA-2403210746_0415---A,82,data/processed/Saunders's_Gull/XC911484-Saunders-s-Gull-黑嘴鸥-call-求偶区域-崇明东滩-CICADA-2403210746_0415---A_chunk082.wav,3.0,XC911484-Saunders-s-Gull-黑嘴鸥-call-求偶区域-崇明东滩-CICADA-2403210746_0415---A.mp3
Saunders's_Gull,XC911484-Saunders-s-Gull-黑嘴鸥-call-求偶区域-崇明东滩-CICADA-2403210746_0415---A,83,data/processed/Saunders's_Gull/XC911484-Saunders-s-Gull-黑嘴鸥-call-求偶区域-崇明东滩-CICADA-2403210746_0415---A_chunk083.wav,3.0,XC911484-Saunders-s-Gull-黑嘴鸥-call-求偶区域-崇明东滩-CICADA-2403210746_0415---A.mp3
Saunders's_Gull,XC911484-Saunders-s-Gull-黑嘴鸥-call-求偶区域-崇明东滩-CICADA-2403210746_0415---A,84,data/processed/Saunders's_Gull/XC911484-Saunders-s-Gull-黑嘴鸥-call-求偶区域-崇明东滩-CICADA-2403210746_0415---A_chunk084.wav,3.0,XC911484-Saunders-s-Gull-黑嘴鸥-call-求偶区域-崇明东滩-CICADA-2403210746_0415---A.mp3
Saunders's_Gull,XC911484-Saunders-s-Gull-黑嘴鸥-call-求偶区域-崇明东滩-CICADA-2403210746_0415---A,85,data/processed/Saunders's_Gull/XC911484-Saunders-s-Gull-黑嘴鸥-call-求偶区域-崇明东滩-CICADA-2403210746_0415---A_chunk085.wav,3.0,XC911484-Saunders-s-Gull-黑嘴鸥-call-求偶区域-崇明东滩-CICADA-2403210746_0415---A.mp3
Saunders's_Gull,XC911484-Saunders-s-Gull-黑嘴鸥-call-求偶区域-崇明东滩-CICADA-2403210746_0415---A,86,data/processed/Saunders's_Gull/XC911484-Saunders-s-Gull-黑嘴鸥-call-求偶区域-崇明东滩-CICADA-2403210746_0415---A_chunk086.wav,3.0,XC911484-Saunders-s-Gull-黑嘴鸥-call-求偶区域-崇明东滩-CICADA-2403210746_0415---A.mp3
Saunders's_Gull,XC911484-Saunders-s-Gull-黑嘴鸥-call-求偶区域-崇明东滩-CICADA-2403210746_0415---A,87,data/processed/Saunders's_Gull/XC911484-Saunders-s-Gull-黑嘴鸥-call-求偶区域-崇明东滩-CICADA-2403210746_0415---A_chunk087.wav,3.0,XC911484-Saunders-s-Gull-黑嘴鸥-call-求偶区域-崇明东滩-CICADA-2403210746_0415---A.mp3
Saunders's_Gull,XC911484-Saunders-s-Gull-黑嘴鸥-call-求偶区域-崇明东滩-CICADA-2403210746_0415---A,88,data/processed/Saunders's_Gull/XC911484-Saunders-s-Gull-黑嘴鸥-call-求偶区域-崇明东滩-CICADA-2403210746_0415---A_chunk088.wav,3.0,XC911484-Saunders-s-Gull-黑嘴鸥-call-求偶区域-崇明东滩-CICADA-2403210746_0415---A.mp3
Saunders's_Gull,XC911484-Saunders-s-Gull-黑嘴鸥-call-求偶区域-崇明东滩-CICADA-2403210746_0415---A,89,data/processed/Saunders's_Gull/XC911484-Saunders-s-Gull-黑嘴鸥-call-求偶区域-崇明东滩-CICADA-2403210746_0415---A_chunk089.wav,3.0,XC911484-Saunders-s-Gull-黑嘴鸥-call-求偶区域-崇明东滩-CICADA-2403210746_0415---A.mp3
Saunders's_Gull,XC911484-Saunders-s-Gull-黑嘴鸥-call-求偶区域-崇明东滩-CICADA-2403210746_0415---A,90,data/processed/Saunders's_Gull/XC911484-Saunders-s-Gull-黑嘴鸥-call-求偶区域-崇明东滩-CICADA-2403210746_0415---A_chunk090.wav,3.0,XC911484-Saunders-s-Gull-黑嘴鸥-call-求偶区域-崇明东滩-CICADA-2403210746_0415---A.mp3
Saunders's_Gull,XC911484-Saunders-s-Gull-黑嘴鸥-call-求偶区域-崇明东滩-CICADA-2403210746_0415---A,91,data/processed/Saunders's_Gull/XC911484-Saunders-s-Gull-黑嘴鸥-call-求偶区域-崇明东滩-CICADA-2403210746_0415---A_chunk091.wav,3.0,XC911484-Saunders-s-Gull-黑嘴鸥-call-求偶区域-崇明东滩-CICADA-2403210746_0415---A.mp3
Saunders's_Gull,XC911484-Saunders-s-Gull-黑嘴鸥-call-求偶区域-崇明东滩-CICADA-2403210746_0415---A,92,data/processed/Saunders's_Gull/XC911484-Saunders-s-Gull-黑嘴鸥-call-求偶区域-崇明东滩-CICADA-2403210746_0415---A_chunk092.wav,3.0,XC911484-Saunders-s-Gull-黑嘴鸥-call-求偶区域-崇明东滩-CICADA-2403210746_0415---A.mp3
Saunders's_Gull,XC911484-Saunders-s-Gull-黑嘴鸥-call-求偶区域-崇明东滩-CICADA-2403210746_0415---A,93,data/processed/Saunders's_Gull/XC911484-Saunders-s-Gull-黑嘴鸥-call-求偶区域-崇明东滩-CICADA-2403210746_0415---A_chunk093.wav,3.0,XC911484-Saunders-s-Gull-黑嘴鸥-call-求偶区域-崇明东滩-CICADA-2403210746_0415---A.mp3
Saunders's_Gull,XC911484-Saunders-s-Gull-黑嘴鸥-call-求偶区域-崇明东滩-CICADA-2403210746_0415---A,94,data/processed/Saunders's_Gull/XC911484-Saunders-s-Gull-黑嘴鸥-call-求偶区域-崇明东滩-CICADA-2403210746_0415---A_chunk094.wav,3.0,XC911484-Saunders-s-Gull-黑嘴鸥-call-求偶区域-崇明东滩-CICADA-2403210746_0415---A.mp3
Saunders's_Gull,XC911484-Saunders-s-Gull-黑嘴鸥-call-求偶区域-崇明东滩-CICADA-2403210746_0415---A,95,data/processed/Saunders's_Gull/XC911484-Saunders-s-Gull-黑嘴鸥-call-求偶区域-崇明东滩-CICADA-2403210746_0415---A_chunk095.wav,3.0,XC911484-Saunders-s-Gull-黑嘴鸥-call-求偶区域-崇明东滩-CICADA-2403210746_0415---A.mp3
Saunders's_Gull,XC911484-Saunders-s-Gull-黑嘴鸥-call-求偶区域-崇明东滩-CICADA-2403210746_0415---A,96,data/processed/Saunders's_Gull/XC911484-Saunders-s-Gull-黑嘴鸥-call-求偶区域-崇明东滩-CICADA-2403210746_0415---A_chunk096.wav,3.0,XC911484-Saunders-s-Gull-黑嘴鸥-call-求偶区域-崇明东滩-CICADA-2403210746_0415---A.mp3
Saunders's_Gull,XC911484-Saunders-s-Gull-黑嘴鸥-call-求偶区域-崇明东滩-CICADA-2403210746_0415---A,97,data/processed/Saunders's_Gull/XC911484-Saunders-s-Gull-黑嘴鸥-call-求偶区域-崇明东滩-CICADA-2403210746_0415---A_chunk097.wav,3.0,XC911484-Saunders-s-Gull-黑嘴鸥-call-求偶区域-崇明东滩-CICADA-2403210746_0415---A.mp3
Saunders's_Gull,XC911484-Saunders-s-Gull-黑嘴鸥-call-求偶区域-崇明东滩-CICADA-2403210746_0415---A,98,data/processed/Saunders's_Gull/XC911484-Saunders-s-Gull-黑嘴鸥-call-求偶区域-崇明东滩-CICADA-2403210746_0415---A_chunk098.wav,3.0,XC911484-Saunders-s-Gull-黑嘴鸥-call-求偶区域-崇明东滩-CICADA-2403210746_0415---A.mp3
Saunders's_Gull,XC911484-Saunders-s-Gull-黑嘴鸥-call-求偶区域-崇明东滩-CICADA-2403210746_0415---A,99,data/processed/Saunders's_Gull/XC911484-Saunders-s-Gull-黑嘴鸥-call-求偶区域-崇明东滩-CICADA-2403210746_0415---A_chunk099.wav,3.0,XC911484-Saunders-s-Gull-黑嘴鸥-call-求偶区域-崇明东滩-CICADA-2403210746_0415---A.mp3
Saunders's_Gull,XC911484-Saunders-s-Gull-黑嘴鸥-call-求偶区域-崇明东滩-CICADA-2403210746_0415---A,100,data/processed/Saunders's_Gull/XC911484-Saunders-s-Gull-黑嘴鸥-call-求偶区域-崇明东滩-CICADA-2403210746_0415---A_chunk100.wav,3.0,XC911484-Saunders-s-Gull-黑嘴鸥-call-求偶区域-崇明东滩-CICADA-2403210746_0415---A.mp3
Saunders's_Gull,XC911484-Saunders-s-Gull-黑嘴鸥-call-求偶区域-崇明东滩-CICADA-2403210746_0415---A,101,data/processed/Saunders's_Gull/XC911484-Saunders-s-Gull-黑嘴鸥-call-求偶区域-崇明东滩-CICADA-2403210746_0415---A_chunk101.wav,3.0,XC911484-Saunders-s-Gull-黑嘴鸥-call-求偶区域-崇明东滩-CICADA-2403210746_0415---A.mp3
Saunders's_Gull,XC911484-Saunders-s-Gull-黑嘴鸥-call-求偶区域-崇明东滩-CICADA-2403210746_0415---A,102,data/processed/Saunders's_Gull/XC911484-Saunders-s-Gull-黑嘴鸥-call-求偶区域-崇明东滩-CICADA-2403210746_0415---A_chunk102.wav,3.0,XC911484-Saunders-s-Gull-黑嘴鸥-call-求偶区域-崇明东滩-CICADA-2403210746_0415---A.mp3
Saunders's_Gull,XC911484-Saunders-s-Gull-黑嘴鸥-call-求偶区域-崇明东滩-CICADA-2403210746_0415---A,103,data/processed/Saunders's_Gull/XC911484-Saunders-s-Gull-黑嘴鸥-call-求偶区域-崇明东滩-CICADA-2403210746_0415---A_chunk103.wav,3.0,XC911484-Saunders-s-Gull-黑嘴鸥-call-求偶区域-崇明东滩-CICADA-2403210746_0415---A.mp3
Saunders's_Gull,XC911484-Saunders-s-Gull-黑嘴鸥-call-求偶区域-崇明东滩-CICADA-2403210746_0415---A,104,data/processed/Saunders's_Gull/XC911484-Saunders-s-Gull-黑嘴鸥-call-求偶区域-崇明东滩-CICADA-2403210746_0415---A_chunk104.wav,3.0,XC911484-Saunders-s-Gull-黑嘴鸥-call-求偶区域-崇明东滩-CICADA-2403210746_0415---A.mp3
Saunders's_Gull,XC911484-Saunders-s-Gull-黑嘴鸥-call-求偶区域-崇明东滩-CICADA-2403210746_0415---A,105,data/processed/Saunders's_Gull/XC911484-Saunders-s-Gull-黑嘴鸥-call-求偶区域-崇明东滩-CICADA-2403210746_0415---A_chunk105.wav,3.0,XC911484-Saunders-s-Gull-黑嘴鸥-call-求偶区域-崇明东滩-CICADA-2403210746_0415---A.mp3
Saunders's_Gull,XC911484-Saunders-s-Gull-黑嘴鸥-call-求偶区域-崇明东滩-CICADA-2403210746_0415---A,106,data/processed/Saunders's_Gull/XC911484-Saunders-s-Gull-黑嘴鸥-call-求偶区域-崇明东滩-CICADA-2403210746_0415---A_chunk106.wav,3.0,XC911484-Saunders-s-Gull-黑嘴鸥-call-求偶区域-崇明东滩-CICADA-2403210746_0415---A.mp3
Saunders's_Gull,XC911484-Saunders-s-Gull-黑嘴鸥-call-求偶区域-崇明东滩-CICADA-2403210746_0415---A,107,data/processed/Saunders's_Gull/XC911484-Saunders-s-Gull-黑嘴鸥-call-求偶区域-崇明东滩-CICADA-2403210746_0415---A_chunk107.wav,3.0,XC911484-Saunders-s-Gull-黑嘴鸥-call-求偶区域-崇明东滩-CICADA-2403210746_0415---A.mp3
Saunders's_Gull,XC911484-Saunders-s-Gull-黑嘴鸥-call-求偶区域-崇明东滩-CICADA-2403210746_0415---A,108,data/processed/Saunders's_Gull/XC911484-Saunders-s-Gull-黑嘴鸥-call-求偶区域-崇明东滩-CICADA-2403210746_0415---A_chunk108.wav,3.0,XC911484-Saunders-s-Gull-黑嘴鸥-call-求偶区域-崇明东滩-CICADA-2403210746_0415---A.mp3
Saunders's_Gull,XC911484-Saunders-s-Gull-黑嘴鸥-call-求偶区域-崇明东滩-CICADA-2403210746_0415---A,109,data/processed/Saunders's_Gull/XC911484-Saunders-s-Gull-黑嘴鸥-call-求偶区域-崇明东滩-CICADA-2403210746_0415---A_chunk109.wav,3.0,XC911484-Saunders-s-Gull-黑嘴鸥-call-求偶区域-崇明东滩-CICADA-2403210746_0415---A.mp3
Saunders's_Gull,XC911484-Saunders-s-Gull-黑嘴鸥-call-求偶区域-崇明东滩-CICADA-2403210746_0415---A,110,data/processed/Saunders's_Gull/XC911484-Saunders-s-Gull-黑嘴鸥-call-求偶区域-崇明东滩-CICADA-2403210746_0415---A_chunk110.wav,3.0,XC911484-Saunders-s-Gull-黑嘴鸥-call-求偶区域-崇明东滩-CICADA-2403210746_0415---A.mp3
Saunders's_Gull,XC911484-Saunders-s-Gull-黑嘴鸥-call-求偶区域-崇明东滩-CICADA-2403210746_0415---A,111,data/processed/Saunders's_Gull/XC911484-Saunders-s-Gull-黑嘴鸥-call-求偶区域-崇明东滩-CICADA-2403210746_0415---A_chunk111.wav,3.0,XC911484-Saunders-s-Gull-黑嘴鸥-call-求偶区域-崇明东滩-CICADA-2403210746_0415---A.mp3
Saunders's_Gull,XC911484-Saunders-s-Gull-黑嘴鸥-call-求偶区域-崇明东滩-CICADA-2403210746_0415---A,112,data/processed/Saunders's_Gull/XC911484-Saunders-s-Gull-黑嘴鸥-call-求偶区域-崇明东滩-CICADA-2403210746_0415---A_chunk112.wav,3.0,XC911484-Saunders-s-Gull-黑嘴鸥-call-求偶区域-崇明东滩-CICADA-2403210746_0415---A.mp3
Saunders's_Gull,XC911484-Saunders-s-Gull-黑嘴鸥-call-求偶区域-崇明东滩-CICADA-2403210746_0415---A,113,data/processed/Saunders's_Gull/XC911484-Saunders-s-Gull-黑嘴鸥-call-求偶区域-崇明东滩-CICADA-2403210746_0415---A_chunk113.wav,3.0,XC911484-Saunders-s-Gull-黑嘴鸥-call-求偶区域-崇明东滩-CICADA-2403210746_0415---A.mp3
Saunders's_Gull,XC911484-Saunders-s-Gull-黑嘴鸥-call-求偶区域-崇明东滩-CICADA-2403210746_0415---A,114,data/processed/Saunders's_Gull/XC911484-Saunders-s-Gull-黑嘴鸥-call-求偶区域-崇明东滩-CICADA-2403210746_0415---A_chunk114.wav,3.0,XC911484-Saunders-s-Gull-黑嘴鸥-call-求偶区域-崇明东滩-CICADA-2403210746_0415---A.mp3
Saunders's_Gull,XC911484-Saunders-s-Gull-黑嘴鸥-call-求偶区域-崇明东滩-CICADA-2403210746_0415---A,115,data/processed/Saunders's_Gull/XC911484-Saunders-s-Gull-黑嘴鸥-call-求偶区域-崇明东滩-CICADA-2403210746_0415---A_chunk115.wav,3.0,XC911484-Saunders-s-Gull-黑嘴鸥-call-求偶区域-崇明东滩-CICADA-2403210746_0415---A.mp3
Saunders's_Gull,XC911484-Saunders-s-Gull-黑嘴鸥-call-求偶区域-崇明东滩-CICADA-2403210746_0415---A,116,data/processed/Saunders's_Gull/XC911484-Saunders-s-Gull-黑嘴鸥-call-求偶区域-崇明东滩-CICADA-2403210746_0415---A_chunk116.wav,3.0,XC911484-Saunders-s-Gull-黑嘴鸥-call-求偶区域-崇明东滩-CICADA-2403210746_0415---A.mp3
Saunders's_Gull,XC911484-Saunders-s-Gull-黑嘴鸥-call-求偶区域-崇明东滩-CICADA-2403210746_0415---A,117,data/processed/Saunders's_Gull/XC911484-Saunders-s-Gull-黑嘴鸥-call-求偶区域-崇明东滩-CICADA-2403210746_0415---A_chunk117.wav,3.0,XC911484-Saunders-s-Gull-黑嘴鸥-call-求偶区域-崇明东滩-CICADA-2403210746_0415---A.mp3
Saunders's_Gull,XC911484-Saunders-s-Gull-黑嘴鸥-call-求偶区域-崇明东滩-CICADA-2403210746_0415---A,118,data/processed/Saunders's_Gull/XC911484-Saunders-s-Gull-黑嘴鸥-call-求偶区域-崇明东滩-CICADA-2403210746_0415---A_chunk118.wav,3.0,XC911484-Saunders-s-Gull-黑嘴鸥-call-求偶区域-崇明东滩-CICADA-2403210746_0415---A.mp3
Black-headed_Gull,110425_03b_BlackheadedGull_Ledskar,0,data/processed/Black-headed_Gull/110425_03b_BlackheadedGull_Ledskar_chunk000.wav,3.0,110425_03b_BlackheadedGull_Ledskar.mp3
Black-headed_Gull,110712_01_02b_03b_05b_Black-headedGull_Hjalstaviken,0,data/processed/Black-headed_Gull/110712_01_02b_03b_05b_Black-headedGull_Hjalstaviken_chunk000.wav,3.0,110712_01_02b_03b_05b_Black-headedGull_Hjalstaviken.mp3
Black-headed_Gull,110712_01_02b_03b_05b_Black-headedGull_Hjalstaviken,1,data/processed/Black-headed_Gull/110712_01_02b_03b_05b_Black-headedGull_Hjalstaviken_chunk001.wav,3.0,110712_01_02b_03b_05b_Black-headedGull_Hjalstaviken.mp3
Black-headed_Gull,110712_01_02b_03b_05b_Black-headedGull_Hjalstaviken,2,data/processed/Black-headed_Gull/110712_01_02b_03b_05b_Black-headedGull_Hjalstaviken_chunk002.wav,3.0,110712_01_02b_03b_05b_Black-headedGull_Hjalstaviken.mp3
Black-headed_Gull,110712_01_02b_03b_05b_Black-headedGull_Hjalstaviken,3,data/processed/Black-headed_Gull/110712_01_02b_03b_05b_Black-headedGull_Hjalstaviken_chunk003.wav,3.0,110712_01_02b_03b_05b_Black-headedGull_Hjalstaviken.mp3
Black-headed_Gull,110712_01_02b_03b_05b_Black-headedGull_Hjalstaviken,4,data/processed/Black-headed_Gull/110712_01_02b_03b_05b_Black-headedGull_Hjalstaviken_chunk004.wav,3.0,110712_01_02b_03b_05b_Black-headedGull_Hjalstaviken.mp3
Black-headed_Gull,110712_01_02b_03b_05b_Black-headedGull_Hjalstaviken,5,data/processed/Black-headed_Gull/110712_01_02b_03b_05b_Black-headedGull_Hjalstaviken_chunk005.wav,3.0,110712_01_02b_03b_05b_Black-headedGull_Hjalstaviken.mp3
Black-headed_Gull,110712_01_02b_03b_05b_Black-headedGull_Hjalstaviken,6,data/processed/Black-headed_Gull/110712_01_02b_03b_05b_Black-headedGull_Hjalstaviken_chunk006.wav,3.0,110712_01_02b_03b_05b_Black-headedGull_Hjalstaviken.mp3
Black-headed_Gull,110712_01_02b_03b_05b_Black-headedGull_Hjalstaviken,7,data/processed/Black-headed_Gull/110712_01_02b_03b_05b_Black-headedGull_Hjalstaviken_chunk007.wav,3.0,110712_01_02b_03b_05b_Black-headedGull_Hjalstaviken.mp3
Black-headed_Gull,110712_01_02b_03b_05b_Black-headedGull_Hjalstaviken,8,data/processed/Black-headed_Gull/110712_01_02b_03b_05b_Black-headedGull_Hjalstaviken_chunk008.wav,3.0,110712_01_02b_03b_05b_Black-headedGull_Hjalstaviken.mp3
Black-headed_Gull,110712_01_02b_03b_05b_Black-headedGull_Hjalstaviken,9,data/processed/Black-headed_Gull/110712_01_02b_03b_05b_Black-headedGull_Hjalstaviken_chunk009.wav,3.0,110712_01_02b_03b_05b_Black-headedGull_Hjalstaviken.mp3
Black-headed_Gull,110712_01_02b_03b_05b_Black-headedGull_Hjalstaviken,10,data/processed/Black-headed_Gull/110712_01_02b_03b_05b_Black-headedGull_Hjalstaviken_chunk010.wav,3.0,110712_01_02b_03b_05b_Black-headedGull_Hjalstaviken.mp3
Black-headed_Gull,110712_01_02b_03b_05b_Black-headedGull_Hjalstaviken,11,data/processed/Black-headed_Gull/110712_01_02b_03b_05b_Black-headedGull_Hjalstaviken_chunk011.wav,3.0,110712_01_02b_03b_05b_Black-headedGull_Hjalstaviken.mp3
Black-headed_Gull,110712_01_02b_03b_05b_Black-headedGull_Hjalstaviken,12,data/processed/Black-headed_Gull/110712_01_02b_03b_05b_Black-headedGull_Hjalstaviken_chunk012.wav,3.0,110712_01_02b_03b_05b_Black-headedGull_Hjalstaviken.mp3
Black-headed_Gull,110712_01_02b_03b_05b_Black-headedGull_Hjalstaviken,13,data/processed/Black-headed_Gull/110712_01_02b_03b_05b_Black-headedGull_Hjalstaviken_chunk013.wav,3.0,110712_01_02b_03b_05b_Black-headedGull_Hjalstaviken.mp3
Black-headed_Gull,110712_01_02b_03b_05b_Black-headedGull_Hjalstaviken,14,data/processed/Black-headed_Gull/110712_01_02b_03b_05b_Black-headedGull_Hjalstaviken_chunk014.wav,3.0,110712_01_02b_03b_05b_Black-headedGull_Hjalstaviken.mp3
Black-headed_Gull,110712_01_02b_03b_05b_Black-headedGull_Hjalstaviken,15,data/processed/Black-headed_Gull/110712_01_02b_03b_05b_Black-headedGull_Hjalstaviken_chunk015.wav,3.0,110712_01_02b_03b_05b_Black-headedGull_Hjalstaviken.mp3
Black-headed_Gull,110712_01_02b_03b_05b_Black-headedGull_Hjalstaviken,16,data/processed/Black-headed_Gull/110712_01_02b_03b_05b_Black-headedGull_Hjalstaviken_chunk016.wav,3.0,110712_01_02b_03b_05b_Black-headedGull_Hjalstaviken.mp3
Black-headed_Gull,110712_01_02b_03b_05b_Black-headedGull_Hjalstaviken,17,data/processed/Black-headed_Gull/110712_01_02b_03b_05b_Black-headedGull_Hjalstaviken_chunk017.wav,3.0,110712_01_02b_03b_05b_Black-headedGull_Hjalstaviken.mp3
Black-headed_Gull,110712_01_02b_03b_05b_Black-headedGull_Hjalstaviken,18,data/processed/Black-headed_Gull/110712_01_02b_03b_05b_Black-headedGull_Hjalstaviken_chunk018.wav,3.0,110712_01_02b_03b_05b_Black-headedGull_Hjalstaviken.mp3
Black-headed_Gull,B05h29m32s19jul2010_blackheadedGull_call,0,data/processed/Black-headed_Gull/B05h29m32s19jul2010_blackheadedGull_call_chunk000.wav,3.0,B05h29m32s19jul2010_blackheadedGull_call.mp3
Black-headed_Gull,B05h29m32s19jul2010_blackheadedGull_call,1,data/processed/Black-headed_Gull/B05h29m32s19jul2010_blackheadedGull_call_chunk001.wav,3.0,B05h29m32s19jul2010_blackheadedGull_call.mp3
Black-headed_Gull,B05h29m32s19jul2010_blackheadedGull_call,2,data/processed/Black-headed_Gull/B05h29m32s19jul2010_blackheadedGull_call_chunk002.wav,3.0,B05h29m32s19jul2010_blackheadedGull_call.mp3
Black-headed_Gull,B05h29m32s19jul2010_blackheadedGull_call,3,data/processed/Black-headed_Gull/B05h29m32s19jul2010_blackheadedGull_call_chunk003.wav,3.0,B05h29m32s19jul2010_blackheadedGull_call.mp3
Black-headed_Gull,B05h29m32s19jul2010_blackheadedGull_call,4,data/processed/Black-headed_Gull/B05h29m32s19jul2010_blackheadedGull_call_chunk004.wav,3.0,B05h29m32s19jul2010_blackheadedGull_call.mp3
Black-headed_Gull,B05h29m32s19jul2010_blackheadedGull_call,5,data/processed/Black-headed_Gull/B05h29m32s19jul2010_blackheadedGull_call_chunk005.wav,3.0,B05h29m32s19jul2010_blackheadedGull_call.mp3
Black-headed_Gull,B05h29m32s19jul2010_blackheadedGull_call,6,data/processed/Black-headed_Gull/B05h29m32s19jul2010_blackheadedGull_call_chunk006.wav,3.0,B05h29m32s19jul2010_blackheadedGull_call.mp3
Black-headed_Gull,B05h29m32s19jul2010_blackheadedGull_call,7,data/processed/Black-headed_Gull/B05h29m32s19jul2010_blackheadedGull_call_chunk007.wav,3.0,B05h29m32s19jul2010_blackheadedGull_call.mp3
Black-headed_Gull,Black-headed,0,data/processed/Black-headed_Gull/Black-headed_chunk000.wav,3.0,Black-headed Gull_20100519_155008.mp3
Black-headed_Gull,Black-headed,1,data/processed/Black-headed_Gull/Black-headed_chunk001.wav,3.0,Black-headed Gull_20100519_155008.mp3
Black-headed_Gull,Black-headed,2,data/processed/Black-headed_Gull/Black-headed_chunk002.wav,3.0,Black-headed Gull_20100519_155008.mp3
Black-headed_Gull,Black-headed,3,data/processed/Black-headed_Gull/Black-headed_chunk003.wav,3.0,Black-headed Gull_20100519_155008.mp3
Black-headed_Gull,Black-headed,4,data/processed/Black-headed_Gull/Black-headed_chunk004.wav,3.0,Black-headed Gull_20100519_155008.mp3
Black-headed_Gull,Black-headed,5,data/processed/Black-headed_Gull/Black-headed_chunk005.wav,3.0,Black-headed Gull_20100519_155008.mp3
Black-headed_Gull,Black-headed,6,data/processed/Black-headed_Gull/Black-headed_chunk006.wav,3.0,Black-headed Gull_20100519_155008.mp3
Black-headed_Gull,Black-headed,7,data/processed/Black-headed_Gull/Black-headed_chunk007.wav,3.0,Black-headed Gull_20100519_155008.mp3
Black-headed_Gull,Black-headed,8,data/processed/Black-headed_Gull/Black-headed_chunk008.wav,3.0,Black-headed Gull_20100519_155008.mp3
Black-headed_Gull,Black-headed,9,data/processed/Black-headed_Gull/Black-headed_chunk009.wav,3.0,Black-headed Gull_20100519_155008.mp3
Black-headed_Gull,Black-headed,10,data/processed/Black-headed_Gull/Black-headed_chunk010.wav,3.0,Black-headed Gull_20100519_155008.mp3
Black-headed_Gull,Black-headed,11,data/processed/Black-headed_Gull/Black-headed_chunk011.wav,3.0,Black-headed Gull_20100519_155008.mp3
Black-headed_Gull,Black-headed,12,data/processed/Black-headed_Gull/Black-headed_chunk012.wav,3.0,Black-headed Gull_20100519_155008.mp3
Black-headed_Gull,Black-headed,13,data/processed/Black-headed_Gull/Black-headed_chunk013.wav,3.0,Black-headed Gull_20100519_155008.mp3
Black-headed_Gull,Black-headed,14,data/processed/Black-headed_Gull/Black-headed_chunk014.wav,3.0,Black-headed Gull_20100519_155008.mp3
Black-headed_Gull,Black-headed,15,data/processed/Black-headed_Gull/Black-headed_chunk015.wav,3.0,Black-headed Gull_20100519_155008.mp3
Black-headed_Gull,Black-headedKastel,0,data/processed/Black-headed_Gull/Black-headedKastel_chunk000.wav,3.0,Black-headedKastel.mp3
Black-headed_Gull,Black-headedKastel,1,data/processed/Black-headed_Gull/Black-headedKastel_chunk001.wav,3.0,Black-headedKastel.mp3
Black-headed_Gull,Black-headedKastel,2,data/processed/Black-headed_Gull/Black-headedKastel_chunk002.wav,3.0,Black-headedKastel.mp3
Black-headed_Gull,Black-headedKastel,3,data/processed/Black-headed_Gull/Black-headedKastel_chunk003.wav,3.0,Black-headedKastel.mp3
Black-headed_Gull,BlackHeadedGull-FL,0,data/processed/Black-headed_Gull/BlackHeadedGull-FL_chunk000.wav,3.0,BlackHeadedGull-FL calls Cuckmere 7Feb12 LS110100.mp3
Black-headed_Gull,BlackHeadedGull-FL,1,data/processed/Black-headed_Gull/BlackHeadedGull-FL_chunk001.wav,3.0,BlackHeadedGull-FL calls Cuckmere 7Feb12 LS110100.mp3
Black-headed_Gull,BlackHeadedGull-FL,2,data/processed/Black-headed_Gull/BlackHeadedGull-FL_chunk002.wav,3.0,BlackHeadedGull-FL calls Cuckmere 7Feb12 LS110100.mp3
Black-headed_Gull,BlackHeadedGull-FL,3,data/processed/Black-headed_Gull/BlackHeadedGull-FL_chunk003.wav,3.0,BlackHeadedGull-FL calls Cuckmere 7Feb12 LS110100.mp3
Black-headed_Gull,BlackHeadedGull-FL,0,data/processed/Black-headed_Gull/BlackHeadedGull-FL_chunk000.wav,3.0,BlackHeadedGull-FL flight call Selsey Sussex 1Feb12 LS110028.mp3
Black-headed_Gull,BlackHeadedGull-FL,1,data/processed/Black-headed_Gull/BlackHeadedGull-FL_chunk001.wav,3.0,BlackHeadedGull-FL flight call Selsey Sussex 1Feb12 LS110028.mp3
Black-headed_Gull,BlackHeadedGull-FL,2,data/processed/Black-headed_Gull/BlackHeadedGull-FL_chunk002.wav,3.0,BlackHeadedGull-FL flight call Selsey Sussex 1Feb12 LS110028.mp3
Black-headed_Gull,BlackheadedGull2,0,data/processed/Black-headed_Gull/BlackheadedGull2_chunk000.wav,3.0,BlackheadedGull2.mp3
Black-headed_Gull,BlackheadedGullB,0,data/processed/Black-headed_Gull/BlackheadedGullB_chunk000.wav,3.0,BlackheadedGullB.mp3
Black-headed_Gull,BlackheadedGullB,1,data/processed/Black-headed_Gull/BlackheadedGullB_chunk001.wav,3.0,BlackheadedGullB.mp3
Black-headed_Gull,BlackheadedGullB,2,data/processed/Black-headed_Gull/BlackheadedGullB_chunk002.wav,3.0,BlackheadedGullB.mp3
Black-headed_Gull,BlackheadedGullB,3,data/processed/Black-headed_Gull/BlackheadedGullB_chunk003.wav,3.0,BlackheadedGullB.mp3
Black-headed_Gull,BlackheadedGullB,4,data/processed/Black-headed_Gull/BlackheadedGullB_chunk004.wav,3.0,BlackheadedGullB.mp3
Black-headed_Gull,BlackheadedGullB,5,data/processed/Black-headed_Gull/BlackheadedGullB_chunk005.wav,3.0,BlackheadedGullB.mp3
Black-headed_Gull,BlackheadedGullB,6,data/processed/Black-headed_Gull/BlackheadedGullB_chunk006.wav,3.0,BlackheadedGullB.mp3
Black-headed_Gull,BlackheadedGullB,7,data/processed/Black-headed_Gull/BlackheadedGullB_chunk007.wav,3.0,BlackheadedGullB.mp3
Black-headed_Gull,BlackheadedGullB,8,data/processed/Black-headed_Gull/BlackheadedGullB_chunk008.wav,3.0,BlackheadedGullB.mp3
Black-headed_Gull,BlackheadedGullB,9,data/processed/Black-headed_Gull/BlackheadedGullB_chunk009.wav,3.0,BlackheadedGullB.mp3
Black-headed_Gull,BlackheadedGullB,10,data/processed/Black-headed_Gull/BlackheadedGullB_chunk010.wav,3.0,BlackheadedGullB.mp3
Black-headed_Gull,BlackheadedGullB,11,data/processed/Black-headed_Gull/BlackheadedGullB_chunk011.wav,3.0,BlackheadedGullB.mp3
Black-headed_Gull,BlackheadedGullB,12,data/processed/Black-headed_Gull/BlackheadedGullB_chunk012.wav,3.0,BlackheadedGullB.mp3
Black-headed_Gull,BlackheadedGullB,13,data/processed/Black-headed_Gull/BlackheadedGullB_chunk013.wav,3.0,BlackheadedGullB.mp3
Black-headed_Gull,BlackheadedGullB,14,data/processed/Black-headed_Gull/BlackheadedGullB_chunk014.wav,3.0,BlackheadedGullB.mp3
Black-headed_Gull,Hettemaake_Onsrudtjerna_260507,0,data/processed/Black-headed_Gull/Hettemaake_Onsrudtjerna_260507_chunk000.wav,3.0,Hettemaake_Onsrudtjerna_260507.mp3
Black-headed_Gull,Hettemaake_Onsrudtjerna_260507,1,data/processed/Black-headed_Gull/Hettemaake_Onsrudtjerna_260507_chunk001.wav,3.0,Hettemaake_Onsrudtjerna_260507.mp3
Black-headed_Gull,Hettemaake_Onsrudtjerna_260507,2,data/processed/Black-headed_Gull/Hettemaake_Onsrudtjerna_260507_chunk002.wav,3.0,Hettemaake_Onsrudtjerna_260507.mp3
Black-headed_Gull,Hettemaake_Onsrudtjerna_260507,3,data/processed/Black-headed_Gull/Hettemaake_Onsrudtjerna_260507_chunk003.wav,3.0,Hettemaake_Onsrudtjerna_260507.mp3
Black-headed_Gull,Hettemaake_Onsrudtjerna_260507,4,data/processed/Black-headed_Gull/Hettemaake_Onsrudtjerna_260507_chunk004.wav,3.0,Hettemaake_Onsrudtjerna_260507.mp3
Black-headed_Gull,Hettemaake_Onsrudtjerna_260507,5,data/processed/Black-headed_Gull/Hettemaake_Onsrudtjerna_260507_chunk005.wav,3.0,Hettemaake_Onsrudtjerna_260507.mp3
Black-headed_Gull,Hettemaake_Onsrudtjerna_260507,6,data/processed/Black-headed_Gull/Hettemaake_Onsrudtjerna_260507_chunk006.wav,3.0,Hettemaake_Onsrudtjerna_260507.mp3
Black-headed_Gull,Hettemaake_Onsrudtjerna_260507,7,data/processed/Black-headed_Gull/Hettemaake_Onsrudtjerna_260507_chunk007.wav,3.0,Hettemaake_Onsrudtjerna_260507.mp3
Black-headed_Gull,Hettemaake_Onsrudtjerna_260507,8,data/processed/Black-headed_Gull/Hettemaake_Onsrudtjerna_260507_chunk008.wav,3.0,Hettemaake_Onsrudtjerna_260507.mp3
Black-headed_Gull,Hettemaake_Onsrudtjerna_260507,9,data/processed/Black-headed_Gull/Hettemaake_Onsrudtjerna_260507_chunk009.wav,3.0,Hettemaake_Onsrudtjerna_260507.mp3
Black-headed_Gull,Hettemaake_Onsrudtjerna_260507,10,data/processed/Black-headed_Gull/Hettemaake_Onsrudtjerna_260507_chunk010.wav,3.0,Hettemaake_Onsrudtjerna_260507.mp3
Black-headed_Gull,Hettemaake_Onsrudtjerna_260507,11,data/processed/Black-headed_Gull/Hettemaake_Onsrudtjerna_260507_chunk011.wav,3.0,Hettemaake_Onsrudtjerna_260507.mp3
Black-headed_Gull,Hettemaake_Onsrudtjerna_260507,12,data/processed/Black-headed_Gull/Hettemaake_Onsrudtjerna_260507_chunk012.wav,3.0,Hettemaake_Onsrudtjerna_260507.mp3
Black-headed_Gull,Hettemaake_Onsrudtjerna_260507,13,data/processed/Black-headed_Gull/Hettemaake_Onsrudtjerna_260507_chunk013.wav,3.0,Hettemaake_Onsrudtjerna_260507.mp3
Black-headed_Gull,Hettemaake_Onsrudtjerna_260507,14,data/processed/Black-headed_Gull/Hettemaake_Onsrudtjerna_260507_chunk014.wav,3.0,Hettemaake_Onsrudtjerna_260507.mp3
Black-headed_Gull,Hettemaake_Onsrudtjerna_260507,15,data/processed/Black-headed_Gull/Hettemaake_Onsrudtjerna_260507_chunk015.wav,3.0,Hettemaake_Onsrudtjerna_260507.mp3
Black-headed_Gull,Hettemaake_Onsrudtjerna_260507,16,data/processed/Black-headed_Gull/Hettemaake_Onsrudtjerna_260507_chunk016.wav,3.0,Hettemaake_Onsrudtjerna_260507.mp3
Black-headed_Gull,Hettemaake_Onsrudtjerna_260507,17,data/processed/Black-headed_Gull/Hettemaake_Onsrudtjerna_260507_chunk017.wav,3.0,Hettemaake_Onsrudtjerna_260507.mp3
Black-headed_Gull,Hettemaake_Onsrudtjerna_260507,18,data/processed/Black-headed_Gull/Hettemaake_Onsrudtjerna_260507_chunk018.wav,3.0,Hettemaake_Onsrudtjerna_260507.mp3
Black-headed_Gull,Hettemaake_Onsrudtjerna_260507,19,data/processed/Black-headed_Gull/Hettemaake_Onsrudtjerna_260507_chunk019.wav,3.0,Hettemaake_Onsrudtjerna_260507.mp3
Black-headed_Gull,Hettemaake_Onsrudtjerna_260507,20,data/processed/Black-headed_Gull/Hettemaake_Onsrudtjerna_260507_chunk020.wav,3.0,Hettemaake_Onsrudtjerna_260507.mp3
Black-headed_Gull,Hettemaake_Onsrudtjerna_260507,21,data/processed/Black-headed_Gull/Hettemaake_Onsrudtjerna_260507_chunk021.wav,3.0,Hettemaake_Onsrudtjerna_260507.mp3
Black-headed_Gull,Hettemaake_Onsrudtjerna_260507,22,data/processed/Black-headed_Gull/Hettemaake_Onsrudtjerna_260507_chunk022.wav,3.0,Hettemaake_Onsrudtjerna_260507.mp3
Black-headed_Gull,Hettemaake_Onsrudtjerna_260507,23,data/processed/Black-headed_Gull/Hettemaake_Onsrudtjerna_260507_chunk023.wav,3.0,Hettemaake_Onsrudtjerna_260507.mp3
Black-headed_Gull,Hettemaake_Onsrudtjerna_260507,24,data/processed/Black-headed_Gull/Hettemaake_Onsrudtjerna_260507_chunk024.wav,3.0,Hettemaake_Onsrudtjerna_260507.mp3
Black-headed_Gull,Hettemaake_Onsrudtjerna_260507,25,data/processed/Black-headed_Gull/Hettemaake_Onsrudtjerna_260507_chunk025.wav,3.0,Hettemaake_Onsrudtjerna_260507.mp3
Black-headed_Gull,Hettemaake_Onsrudtjerna_260507,26,data/processed/Black-headed_Gull/Hettemaake_Onsrudtjerna_260507_chunk026.wav,3.0,Hettemaake_Onsrudtjerna_260507.mp3
Black-headed_Gull,Hettemaake_Onsrudtjerna_260507,27,data/processed/Black-headed_Gull/Hettemaake_Onsrudtjerna_260507_chunk027.wav,3.0,Hettemaake_Onsrudtjerna_260507.mp3
Black-headed_Gull,Hettemaake_Onsrudtjerna_260507,28,data/processed/Black-headed_Gull/Hettemaake_Onsrudtjerna_260507_chunk028.wav,3.0,Hettemaake_Onsrudtjerna_260507.mp3
Black-headed_Gull,Hettemaake_Onsrudtjerna_260507,29,data/processed/Black-headed_Gull/Hettemaake_Onsrudtjerna_260507_chunk029.wav,3.0,Hettemaake_Onsrudtjerna_260507.mp3
Black-headed_Gull,Hettemaake_Onsrudtjerna_260507,30,data/processed/Black-headed_Gull/Hettemaake_Onsrudtjerna_260507_chunk030.wav,3.0,Hettemaake_Onsrudtjerna_260507.mp3
Black-headed_Gull,Hettemaake_Onsrudtjerna_260507,31,data/processed/Black-headed_Gull/Hettemaake_Onsrudtjerna_260507_chunk031.wav,3.0,Hettemaake_Onsrudtjerna_260507.mp3
Black-headed_Gull,Hettemaake_Onsrudtjerna_260507,32,data/processed/Black-headed_Gull/Hettemaake_Onsrudtjerna_260507_chunk032.wav,3.0,Hettemaake_Onsrudtjerna_260507.mp3
Black-headed_Gull,Hettemaake_Onsrudtjerna_260507,33,data/processed/Black-headed_Gull/Hettemaake_Onsrudtjerna_260507_chunk033.wav,3.0,Hettemaake_Onsrudtjerna_260507.mp3
Black-headed_Gull,Hettemaake_Onsrudtjerna_260507,34,data/processed/Black-headed_Gull/Hettemaake_Onsrudtjerna_260507_chunk034.wav,3.0,Hettemaake_Onsrudtjerna_260507.mp3
Black-headed_Gull,Hettemaake_Onsrudtjerna_260507,35,data/processed/Black-headed_Gull/Hettemaake_Onsrudtjerna_260507_chunk035.wav,3.0,Hettemaake_Onsrudtjerna_260507.mp3
Black-headed_Gull,Hettemaake_Onsrudtjerna_260507,36,data/processed/Black-headed_Gull/Hettemaake_Onsrudtjerna_260507_chunk036.wav,3.0,Hettemaake_Onsrudtjerna_260507.mp3
Black-headed_Gull,Hettemaake_Onsrudtjerna_260507,37,data/processed/Black-headed_Gull/Hettemaake_Onsrudtjerna_260507_chunk037.wav,3.0,Hettemaake_Onsrudtjerna_260507.mp3
Black-headed_Gull,Hettemaake_Onsrudtjerna_260507,38,data/processed/Black-headed_Gull/Hettemaake_Onsrudtjerna_260507_chunk038.wav,3.0,Hettemaake_Onsrudtjerna_260507.mp3
Black-headed_Gull,Hettemaake_Onsrudtjerna_260507,39,data/processed/Black-headed_Gull/Hettemaake_Onsrudtjerna_260507_chunk039.wav,3.0,Hettemaake_Onsrudtjerna_260507.mp3
Black-headed_Gull,Hettemaake_Onsrudtjerna_260507,40,data/processed/Black-headed_Gull/Hettemaake_Onsrudtjerna_260507_chunk040.wav,3.0,Hettemaake_Onsrudtjerna_260507.mp3
Black-headed_Gull,Kokmeeuw_Kortedijk_Ouddorp_01052011_1515,0,data/processed/Black-headed_Gull/Kokmeeuw_Kortedijk_Ouddorp_01052011_1515_chunk000.wav,3.0,Kokmeeuw_Kortedijk_Ouddorp_01052011_1515.mp3
Black-headed_Gull,Kokmeeuw_Kortedijk_Ouddorp_01052011_1515,1,data/processed/Black-headed_Gull/Kokmeeuw_Kortedijk_Ouddorp_01052011_1515_chunk001.wav,3.0,Kokmeeuw_Kortedijk_Ouddorp_01052011_1515.mp3
Black-headed_Gull,Kokmeeuw_Kortedijk_Ouddorp_01052011_1515,2,data/processed/Black-headed_Gull/Kokmeeuw_Kortedijk_Ouddorp_01052011_1515_chunk002.wav,3.0,Kokmeeuw_Kortedijk_Ouddorp_01052011_1515.mp3
Black-headed_Gull,Kokmeeuw_Kortedijk_Ouddorp_01052011_1515,3,data/processed/Black-headed_Gull/Kokmeeuw_Kortedijk_Ouddorp_01052011_1515_chunk003.wav,3.0,Kokmeeuw_Kortedijk_Ouddorp_01052011_1515.mp3
Black-headed_Gull,Kokmeeuw_Kortedijk_Ouddorp_01052011_1515,4,data/processed/Black-headed_Gull/Kokmeeuw_Kortedijk_Ouddorp_01052011_1515_chunk004.wav,3.0,Kokmeeuw_Kortedijk_Ouddorp_01052011_1515.mp3
Black-headed_Gull,Kokmeeuw_Kortedijk_Ouddorp_01052011_1515,5,data/processed/Black-headed_Gull/Kokmeeuw_Kortedijk_Ouddorp_01052011_1515_chunk005.wav,3.0,Kokmeeuw_Kortedijk_Ouddorp_01052011_1515.mp3
Black-headed_Gull,Kokmeeuw_Kortedijk_Ouddorp_01052011_1515,6,data/processed/Black-headed_Gull/Kokmeeuw_Kortedijk_Ouddorp_01052011_1515_chunk006.wav,3.0,Kokmeeuw_Kortedijk_Ouddorp_01052011_1515.mp3
Black-headed_Gull,Kokmeeuw_Kortedijk_Ouddorp_01052011_1515,7,data/processed/Black-headed_Gull/Kokmeeuw_Kortedijk_Ouddorp_01052011_1515_chunk007.wav,3.0,Kokmeeuw_Kortedijk_Ouddorp_01052011_1515.mp3
Black-headed_Gull,Kokmeeuw_Kortedijk_Ouddorp_01052011_1515,8,data/processed/Black-headed_Gull/Kokmeeuw_Kortedijk_Ouddorp_01052011_1515_chunk008.wav,3.0,Kokmeeuw_Kortedijk_Ouddorp_01052011_1515.mp3
Black-headed_Gull,Kokmeeuw_Kortedijk_Ouddorp_01052011_1515,9,data/processed/Black-headed_Gull/Kokmeeuw_Kortedijk_Ouddorp_01052011_1515_chunk009.wav,3.0,Kokmeeuw_Kortedijk_Ouddorp_01052011_1515.mp3
Black-headed_Gull,Kokmeeuw_Kortedijk_Ouddorp_01052011_1515,10,data/processed/Black-headed_Gull/Kokmeeuw_Kortedijk_Ouddorp_01052011_1515_chunk010.wav,3.0,Kokmeeuw_Kortedijk_Ouddorp_01052011_1515.mp3
Black-headed_Gull,Kokmeeuw_Kortedijk_Ouddorp_01052011_1515,11,data/processed/Black-headed_Gull/Kokmeeuw_Kortedijk_Ouddorp_01052011_1515_chunk011.wav,3.0,Kokmeeuw_Kortedijk_Ouddorp_01052011_1515.mp3
Black-headed_Gull,Kokmeeuw_Kortedijk_Ouddorp_01052011_1515,12,data/processed/Black-headed_Gull/Kokmeeuw_Kortedijk_Ouddorp_01052011_1515_chunk012.wav,3.0,Kokmeeuw_Kortedijk_Ouddorp_01052011_1515.mp3
Black-headed_Gull,Kokmeeuw_Kortedijk_Ouddorp_01052011_1515,13,data/processed/Black-headed_Gull/Kokmeeuw_Kortedijk_Ouddorp_01052011_1515_chunk013.wav,3.0,Kokmeeuw_Kortedijk_Ouddorp_01052011_1515.mp3
Black-headed_Gull,Kokmeeuw_Kortedijk_Ouddorp_01052011_1515,14,data/processed/Black-headed_Gull/Kokmeeuw_Kortedijk_Ouddorp_01052011_1515_chunk014.wav,3.0,Kokmeeuw_Kortedijk_Ouddorp_01052011_1515.mp3
Black-headed_Gull,Kokmeeuw_Kortedijk_Ouddorp_01052011_1515,15,data/processed/Black-headed_Gull/Kokmeeuw_Kortedijk_Ouddorp_01052011_1515_chunk015.wav,3.0,Kokmeeuw_Kortedijk_Ouddorp_01052011_1515.mp3
Black-headed_Gull,Kokmeeuw_Kortedijk_Ouddorp_01052011_1515,16,data/processed/Black-headed_Gull/Kokmeeuw_Kortedijk_Ouddorp_01052011_1515_chunk016.wav,3.0,Kokmeeuw_Kortedijk_Ouddorp_01052011_1515.mp3
Black-headed_Gull,Kokmeeuw_Kortedijk_Ouddorp_01052011_1515,17,data/processed/Black-headed_Gull/Kokmeeuw_Kortedijk_Ouddorp_01052011_1515_chunk017.wav,3.0,Kokmeeuw_Kortedijk_Ouddorp_01052011_1515.mp3
Black-headed_Gull,Kokmeeuw_Kortedijk_Ouddorp_01052011_1515,18,data/processed/Black-headed_Gull/Kokmeeuw_Kortedijk_Ouddorp_01052011_1515_chunk018.wav,3.0,Kokmeeuw_Kortedijk_Ouddorp_01052011_1515.mp3
Black-headed_Gull,LachmHelms23-9-12_18-25,0,data/processed/Black-headed_Gull/LachmHelms23-9-12_18-25_chunk000.wav,3.0,LachmHelms23-9-12_18-25.mp3
Black-headed_Gull,LachmHelms23-9-12_18-25,1,data/processed/Black-headed_Gull/LachmHelms23-9-12_18-25_chunk001.wav,3.0,LachmHelms23-9-12_18-25.mp3
Black-headed_Gull,LachmHelms23-9-12_18-25,2,data/processed/Black-headed_Gull/LachmHelms23-9-12_18-25_chunk002.wav,3.0,LachmHelms23-9-12_18-25.mp3
Black-headed_Gull,LachmHelms23-9-12_18-25,3,data/processed/Black-headed_Gull/LachmHelms23-9-12_18-25_chunk003.wav,3.0,LachmHelms23-9-12_18-25.mp3
Black-headed_Gull,LachmoewSpeicherkgNordHyde27-6-11_21-07,0,data/processed/Black-headed_Gull/LachmoewSpeicherkgNordHyde27-6-11_21-07_chunk000.wav,3.0,LachmoewSpeicherkgNordHyde27-6-11_21-07.mp3
Black-headed_Gull,LachmoewSpeicherkgNordHyde27-6-11_21-07,1,data/processed/Black-headed_Gull/LachmoewSpeicherkgNordHyde27-6-11_21-07_chunk001.wav,3.0,LachmoewSpeicherkgNordHyde27-6-11_21-07.mp3
Black-headed_Gull,LachmoewSpeicherkgNordHyde27-6-11_21-07,2,data/processed/Black-headed_Gull/LachmoewSpeicherkgNordHyde27-6-11_21-07_chunk002.wav,3.0,LachmoewSpeicherkgNordHyde27-6-11_21-07.mp3
Black-headed_Gull,LachmoeweHelmsDamm13-9-12_17-11,0,data/processed/Black-headed_Gull/LachmoeweHelmsDamm13-9-12_17-11_chunk000.wav,3.0,LachmoeweHelmsDamm13-9-12_17-11.mp3
Black-headed_Gull,LachmoeweHelmsDamm13-9-12_17-11,1,data/processed/Black-headed_Gull/LachmoeweHelmsDamm13-9-12_17-11_chunk001.wav,3.0,LachmoeweHelmsDamm13-9-12_17-11.mp3
Black-headed_Gull,LachmoeweHelmsDamm13-9-12_17-11,2,data/processed/Black-headed_Gull/LachmoeweHelmsDamm13-9-12_17-11_chunk002.wav,3.0,LachmoeweHelmsDamm13-9-12_17-11.mp3
Black-headed_Gull,LachmoeweHelmsDamm13-9-12_17-11,3,data/processed/Black-headed_Gull/LachmoeweHelmsDamm13-9-12_17-11_chunk003.wav,3.0,LachmoeweHelmsDamm13-9-12_17-11.mp3
Black-headed_Gull,LachmoeweHelmsDamm13-9-12_17-11,4,data/processed/Black-headed_Gull/LachmoeweHelmsDamm13-9-12_17-11_chunk004.wav,3.0,LachmoeweHelmsDamm13-9-12_17-11.mp3
Black-headed_Gull,LachmoeweHelmsDamm13-9-12_17-11,5,data/processed/Black-headed_Gull/LachmoeweHelmsDamm13-9-12_17-11_chunk005.wav,3.0,LachmoeweHelmsDamm13-9-12_17-11.mp3
Black-headed_Gull,LachmoeweHelmsDamm13-9-12_17-11,6,data/processed/Black-headed_Gull/LachmoeweHelmsDamm13-9-12_17-11_chunk006.wav,3.0,LachmoeweHelmsDamm13-9-12_17-11.mp3
Black-headed_Gull,Larrid_Etournel_26062008_edited,0,data/processed/Black-headed_Gull/Larrid_Etournel_26062008_edited_chunk000.wav,3.0,Larrid_Etournel_26062008_edited.mp3
Black-headed_Gull,Larrid_Etournel_26062008_edited,1,data/processed/Black-headed_Gull/Larrid_Etournel_26062008_edited_chunk001.wav,3.0,Larrid_Etournel_26062008_edited.mp3
Black-headed_Gull,Larrid_Etournel_26062008_edited,2,data/processed/Black-headed_Gull/Larrid_Etournel_26062008_edited_chunk002.wav,3.0,Larrid_Etournel_26062008_edited.mp3
Black-headed_Gull,Larrid_Etournel_26062008_edited,3,data/processed/Black-headed_Gull/Larrid_Etournel_26062008_edited_chunk003.wav,3.0,Larrid_Etournel_26062008_edited.mp3
Black-headed_Gull,Larus,0,data/processed/Black-headed_Gull/Larus_chunk000.wav,3.0,Larus ridibundus calls of colony 1982 05 23 1B 310-321 Gurre Soe.mp3
Black-headed_Gull,Larus,1,data/processed/Black-headed_Gull/Larus_chunk001.wav,3.0,Larus ridibundus calls of colony 1982 05 23 1B 310-321 Gurre Soe.mp3
Black-headed_Gull,Larus,2,data/processed/Black-headed_Gull/Larus_chunk002.wav,3.0,Larus ridibundus calls of colony 1982 05 23 1B 310-321 Gurre Soe.mp3
Black-headed_Gull,Larus,3,data/processed/Black-headed_Gull/Larus_chunk003.wav,3.0,Larus ridibundus calls of colony 1982 05 23 1B 310-321 Gurre Soe.mp3
Black-headed_Gull,Larus,4,data/processed/Black-headed_Gull/Larus_chunk004.wav,3.0,Larus ridibundus calls of colony 1982 05 23 1B 310-321 Gurre Soe.mp3
Black-headed_Gull,Larus,5,data/processed/Black-headed_Gull/Larus_chunk005.wav,3.0,Larus ridibundus calls of colony 1982 05 23 1B 310-321 Gurre Soe.mp3
Black-headed_Gull,Larus,0,data/processed/Black-headed_Gull/Larus_chunk000.wav,3.0,Larus ridibundus take-off calls of colony 1982 05 23 1B 355-368 Gurre Soe.mp3
Black-headed_Gull,Larus,1,data/processed/Black-headed_Gull/Larus_chunk001.wav,3.0,Larus ridibundus take-off calls of colony 1982 05 23 1B 355-368 Gurre Soe.mp3
Black-headed_Gull,Larus,2,data/processed/Black-headed_Gull/Larus_chunk002.wav,3.0,Larus ridibundus take-off calls of colony 1982 05 23 1B 355-368 Gurre Soe.mp3
Black-headed_Gull,Larus,3,data/processed/Black-headed_Gull/Larus_chunk003.wav,3.0,Larus ridibundus take-off calls of colony 1982 05 23 1B 355-368 Gurre Soe.mp3
Black-headed_Gull,Larus,4,data/processed/Black-headed_Gull/Larus_chunk004.wav,3.0,Larus ridibundus take-off calls of colony 1982 05 23 1B 355-368 Gurre Soe.mp3
Black-headed_Gull,Larus,5,data/processed/Black-headed_Gull/Larus_chunk005.wav,3.0,Larus ridibundus take-off calls of colony 1982 05 23 1B 355-368 Gurre Soe.mp3
Black-headed_Gull,Larus,6,data/processed/Black-headed_Gull/Larus_chunk006.wav,3.0,Larus ridibundus take-off calls of colony 1982 05 23 1B 355-368 Gurre Soe.mp3
Black-headed_Gull,Larus,7,data/processed/Black-headed_Gull/Larus_chunk007.wav,3.0,Larus ridibundus take-off calls of colony 1982 05 23 1B 355-368 Gurre Soe.mp3
Black-headed_Gull,Larus_ridibundus_2012_05_12_01,0,data/processed/Black-headed_Gull/Larus_ridibundus_2012_05_12_01_chunk000.wav,3.0,Larus_ridibundus_2012_05_12_01.mp3
Black-headed_Gull,Larus_ridibundus_2012_05_12_01,1,data/processed/Black-headed_Gull/Larus_ridibundus_2012_05_12_01_chunk001.wav,3.0,Larus_ridibundus_2012_05_12_01.mp3
Black-headed_Gull,Larus_ridibundus_2012_05_12_01,2,data/processed/Black-headed_Gull/Larus_ridibundus_2012_05_12_01_chunk002.wav,3.0,Larus_ridibundus_2012_05_12_01.mp3
Black-headed_Gull,Larus_ridibundus_2012_05_12_01,3,data/processed/Black-headed_Gull/Larus_ridibundus_2012_05_12_01_chunk003.wav,3.0,Larus_ridibundus_2012_05_12_01.mp3
Black-headed_Gull,Larus_ridibundus_2012_05_12_01,4,data/processed/Black-headed_Gull/Larus_ridibundus_2012_05_12_01_chunk004.wav,3.0,Larus_ridibundus_2012_05_12_01.mp3
Black-headed_Gull,Larus_ridibundus_2012_05_12_01,5,data/processed/Black-headed_Gull/Larus_ridibundus_2012_05_12_01_chunk005.wav,3.0,Larus_ridibundus_2012_05_12_01.mp3
Black-headed_Gull,Larus_ridibundus_2012_05_12_01,6,data/processed/Black-headed_Gull/Larus_ridibundus_2012_05_12_01_chunk006.wav,3.0,Larus_ridibundus_2012_05_12_01.mp3
Black-headed_Gull,Larus_ridibundus_2012_05_12_01,7,data/processed/Black-headed_Gull/Larus_ridibundus_2012_05_12_01_chunk007.wav,3.0,Larus_ridibundus_2012_05_12_01.mp3
Black-headed_Gull,Larus_ridibundus_2012_05_12_01,8,data/processed/Black-headed_Gull/Larus_ridibundus_2012_05_12_01_chunk008.wav,3.0,Larus_ridibundus_2012_05_12_01.mp3
Black-headed_Gull,Larus_ridibundus_2012_05_12_01,9,data/processed/Black-headed_Gull/Larus_ridibundus_2012_05_12_01_chunk009.wav,3.0,Larus_ridibundus_2012_05_12_01.mp3
Black-headed_Gull,Larus_ridibundus_2012_05_12_01,10,data/processed/Black-headed_Gull/Larus_ridibundus_2012_05_12_01_chunk010.wav,3.0,Larus_ridibundus_2012_05_12_01.mp3
Black-headed_Gull,Larus_ridibundus_2012_05_12_01,11,data/processed/Black-headed_Gull/Larus_ridibundus_2012_05_12_01_chunk011.wav,3.0,Larus_ridibundus_2012_05_12_01.mp3
Black-headed_Gull,Larus_ridibundus_2012_05_12_01,12,data/processed/Black-headed_Gull/Larus_ridibundus_2012_05_12_01_chunk012.wav,3.0,Larus_ridibundus_2012_05_12_01.mp3
Black-headed_Gull,Larus_ridibundus_2012_05_12_01,13,data/processed/Black-headed_Gull/Larus_ridibundus_2012_05_12_01_chunk013.wav,3.0,Larus_ridibundus_2012_05_12_01.mp3
Black-headed_Gull,Larus_ridibundus_2012_05_12_01,14,data/processed/Black-headed_Gull/Larus_ridibundus_2012_05_12_01_chunk014.wav,3.0,Larus_ridibundus_2012_05_12_01.mp3
Black-headed_Gull,Larus_ridibundus_2012_05_12_01,15,data/processed/Black-headed_Gull/Larus_ridibundus_2012_05_12_01_chunk015.wav,3.0,Larus_ridibundus_2012_05_12_01.mp3
Black-headed_Gull,Larus_ridibundus_2012_05_12_01,16,data/processed/Black-headed_Gull/Larus_ridibundus_2012_05_12_01_chunk016.wav,3.0,Larus_ridibundus_2012_05_12_01.mp3
Black-headed_Gull,Larus_ridibundus_2012_05_12_01,17,data/processed/Black-headed_Gull/Larus_ridibundus_2012_05_12_01_chunk017.wav,3.0,Larus_ridibundus_2012_05_12_01.mp3
Black-headed_Gull,Larus_ridibundus_2012_05_12_01,18,data/processed/Black-headed_Gull/Larus_ridibundus_2012_05_12_01_chunk018.wav,3.0,Larus_ridibundus_2012_05_12_01.mp3
Black-headed_Gull,Larus_ridibundus_2012_05_12_01,19,data/processed/Black-headed_Gull/Larus_ridibundus_2012_05_12_01_chunk019.wav,3.0,Larus_ridibundus_2012_05_12_01.mp3
Black-headed_Gull,Larus_ridibundus_2012_05_12_01,20,data/processed/Black-headed_Gull/Larus_ridibundus_2012_05_12_01_chunk020.wav,3.0,Larus_ridibundus_2012_05_12_01.mp3
Black-headed_Gull,Larus_ridibundus_2012_05_12_01,21,data/processed/Black-headed_Gull/Larus_ridibundus_2012_05_12_01_chunk021.wav,3.0,Larus_ridibundus_2012_05_12_01.mp3
Black-headed_Gull,Larus_ridibundus_2012_05_12_01,22,data/processed/Black-headed_Gull/Larus_ridibundus_2012_05_12_01_chunk022.wav,3.0,Larus_ridibundus_2012_05_12_01.mp3
Black-headed_Gull,Larus_ridibundus_2012_05_12_01,23,data/processed/Black-headed_Gull/Larus_ridibundus_2012_05_12_01_chunk023.wav,3.0,Larus_ridibundus_2012_05_12_01.mp3
Black-headed_Gull,Larus_ridibundus_calls_1988_03_26_A_71-78_Utterslev_Mose,0,data/processed/Black-headed_Gull/Larus_ridibundus_calls_1988_03_26_A_71-78_Utterslev_Mose_chunk000.wav,3.0,Larus_ridibundus_calls_1988_03_26_A_71-78_Utterslev_Mose.mp3
Black-headed_Gull,Larus_ridibundus_calls_1988_03_26_A_71-78_Utterslev_Mose,1,data/processed/Black-headed_Gull/Larus_ridibundus_calls_1988_03_26_A_71-78_Utterslev_Mose_chunk001.wav,3.0,Larus_ridibundus_calls_1988_03_26_A_71-78_Utterslev_Mose.mp3
Black-headed_Gull,Larus_ridibundus_calls_1988_03_26_A_71-78_Utterslev_Mose,2,data/processed/Black-headed_Gull/Larus_ridibundus_calls_1988_03_26_A_71-78_Utterslev_Mose_chunk002.wav,3.0,Larus_ridibundus_calls_1988_03_26_A_71-78_Utterslev_Mose.mp3
Black-headed_Gull,Larus_ridibundus_calls_1988_03_26_A_71-78_Utterslev_Mose,3,data/processed/Black-headed_Gull/Larus_ridibundus_calls_1988_03_26_A_71-78_Utterslev_Mose_chunk003.wav,3.0,Larus_ridibundus_calls_1988_03_26_A_71-78_Utterslev_Mose.mp3
Black-headed_Gull,Larus_ridibundus_calls_1988_03_26_A_71-78_Utterslev_Mose,4,data/processed/Black-headed_Gull/Larus_ridibundus_calls_1988_03_26_A_71-78_Utterslev_Mose_chunk004.wav,3.0,Larus_ridibundus_calls_1988_03_26_A_71-78_Utterslev_Mose.mp3
Black-headed_Gull,Larus_ridibundus_calls_1988_03_26_A_71-78_Utterslev_Mose,5,data/processed/Black-headed_Gull/Larus_ridibundus_calls_1988_03_26_A_71-78_Utterslev_Mose_chunk005.wav,3.0,Larus_ridibundus_calls_1988_03_26_A_71-78_Utterslev_Mose.mp3
Black-headed_Gull,Larus_ridibundus_calls_1988_03_26_A_71-78_Utterslev_Mose,6,data/processed/Black-headed_Gull/Larus_ridibundus_calls_1988_03_26_A_71-78_Utterslev_Mose_chunk006.wav,3.0,Larus_ridibundus_calls_1988_03_26_A_71-78_Utterslev_Mose.mp3
Black-headed_Gull,Larus_ridibundus_calls_1988_03_26_A_71-78_Utterslev_Mose,7,data/processed/Black-headed_Gull/Larus_ridibundus_calls_1988_03_26_A_71-78_Utterslev_Mose_chunk007.wav,3.0,Larus_ridibundus_calls_1988_03_26_A_71-78_Utterslev_Mose.mp3
Black-headed_Gull,Larus_ridibundus_calls_1988_03_26_A_71-78_Utterslev_Mose,8,data/processed/Black-headed_Gull/Larus_ridibundus_calls_1988_03_26_A_71-78_Utterslev_Mose_chunk008.wav,3.0,Larus_ridibundus_calls_1988_03_26_A_71-78_Utterslev_Mose.mp3
Black-headed_Gull,Larus_ridibundus_calls_1988_03_26_A_71-78_Utterslev_Mose,9,data/processed/Black-headed_Gull/Larus_ridibundus_calls_1988_03_26_A_71-78_Utterslev_Mose_chunk009.wav,3.0,Larus_ridibundus_calls_1988_03_26_A_71-78_Utterslev_Mose.mp3
Black-headed_Gull,Larus_ridibundus_calls_1988_03_26_A_71-78_Utterslev_Mose,10,data/processed/Black-headed_Gull/Larus_ridibundus_calls_1988_03_26_A_71-78_Utterslev_Mose_chunk010.wav,3.0,Larus_ridibundus_calls_1988_03_26_A_71-78_Utterslev_Mose.mp3
Black-headed_Gull,Larus_ridibundus_calls_1988_03_26_A_71-78_Utterslev_Mose,11,data/processed/Black-headed_Gull/Larus_ridibundus_calls_1988_03_26_A_71-78_Utterslev_Mose_chunk011.wav,3.0,Larus_ridibundus_calls_1988_03_26_A_71-78_Utterslev_Mose.mp3
Black-headed_Gull,Larus_ridibundus_calls_1988_03_26_A_71-78_Utterslev_Mose,12,data/processed/Black-headed_Gull/Larus_ridibundus_calls_1988_03_26_A_71-78_Utterslev_Mose_chunk012.wav,3.0,Larus_ridibundus_calls_1988_03_26_A_71-78_Utterslev_Mose.mp3
Black-headed_Gull,Larus_ridibundus_calls_1988_03_26_A_71-78_Utterslev_Mose,13,data/processed/Black-headed_Gull/Larus_ridibundus_calls_1988_03_26_A_71-78_Utterslev_Mose_chunk013.wav,3.0,Larus_ridibundus_calls_1988_03_26_A_71-78_Utterslev_Mose.mp3
Black-headed_Gull,Skrattmas-tiggande-juvenil-Krak-2010-07-10,0,data/processed/Black-headed_Gull/Skrattmas-tiggande-juvenil-Krak-2010-07-10_chunk000.wav,3.0,Skrattmas-tiggande-juvenil-Krak-2010-07-10.mp3
Black-headed_Gull,Skrattmas-tiggande-juvenil-Krak-2010-07-10,1,data/processed/Black-headed_Gull/Skrattmas-tiggande-juvenil-Krak-2010-07-10_chunk001.wav,3.0,Skrattmas-tiggande-juvenil-Krak-2010-07-10.mp3
Black-headed_Gull,Skrattmas-tiggande-juvenil-Krak-2010-07-10,2,data/processed/Black-headed_Gull/Skrattmas-tiggande-juvenil-Krak-2010-07-10_chunk002.wav,3.0,Skrattmas-tiggande-juvenil-Krak-2010-07-10.mp3
Black-headed_Gull,Skrattmas-tiggande-juvenil-Krak-2010-07-10,3,data/processed/Black-headed_Gull/Skrattmas-tiggande-juvenil-Krak-2010-07-10_chunk003.wav,3.0,Skrattmas-tiggande-juvenil-Krak-2010-07-10.mp3
Black-headed_Gull,Skrattmas-tiggande-juvenil-Krak-2010-07-10,4,data/processed/Black-headed_Gull/Skrattmas-tiggande-juvenil-Krak-2010-07-10_chunk004.wav,3.0,Skrattmas-tiggande-juvenil-Krak-2010-07-10.mp3
Black-headed_Gull,Skrattmas-tiggande-juvenil-Krak-2010-07-10,5,data/processed/Black-headed_Gull/Skrattmas-tiggande-juvenil-Krak-2010-07-10_chunk005.wav,3.0,Skrattmas-tiggande-juvenil-Krak-2010-07-10.mp3
Black-headed_Gull,Skrattmas-tiggande-juvenil-Krak-2010-07-10,6,data/processed/Black-headed_Gull/Skrattmas-tiggande-juvenil-Krak-2010-07-10_chunk006.wav,3.0,Skrattmas-tiggande-juvenil-Krak-2010-07-10.mp3
Black-headed_Gull,Skrattmas-tiggande-juvenil-Krak-2010-07-10,7,data/processed/Black-headed_Gull/Skrattmas-tiggande-juvenil-Krak-2010-07-10_chunk007.wav,3.0,Skrattmas-tiggande-juvenil-Krak-2010-07-10.mp3
Black-headed_Gull,Skrattmas-tiggande-juvenil-Krak-2010-07-10,8,data/processed/Black-headed_Gull/Skrattmas-tiggande-juvenil-Krak-2010-07-10_chunk008.wav,3.0,Skrattmas-tiggande-juvenil-Krak-2010-07-10.mp3
Black-headed_Gull,Skrattmas-tiggande-juvenil-Krak-2010-07-10,9,data/processed/Black-headed_Gull/Skrattmas-tiggande-juvenil-Krak-2010-07-10_chunk009.wav,3.0,Skrattmas-tiggande-juvenil-Krak-2010-07-10.mp3
Black-headed_Gull,Skrattmas-tiggande-juvenil-Krak-2010-07-10,10,data/processed/Black-headed_Gull/Skrattmas-tiggande-juvenil-Krak-2010-07-10_chunk010.wav,3.0,Skrattmas-tiggande-juvenil-Krak-2010-07-10.mp3
Black-headed_Gull,Skrattmas-tiggande-juvenil-Krak-2010-07-10,11,data/processed/Black-headed_Gull/Skrattmas-tiggande-juvenil-Krak-2010-07-10_chunk011.wav,3.0,Skrattmas-tiggande-juvenil-Krak-2010-07-10.mp3
Black-headed_Gull,Skrattmas-tiggande-juvenil-Krak-2010-07-10,12,data/processed/Black-headed_Gull/Skrattmas-tiggande-juvenil-Krak-2010-07-10_chunk012.wav,3.0,Skrattmas-tiggande-juvenil-Krak-2010-07-10.mp3
Black-headed_Gull,SkrattmasFageludden,0,data/processed/Black-headed_Gull/SkrattmasFageludden_chunk000.wav,3.0,SkrattmasFageludden.mp3
Black-headed_Gull,SkrattmasFageludden,1,data/processed/Black-headed_Gull/SkrattmasFageludden_chunk001.wav,3.0,SkrattmasFageludden.mp3
Black-headed_Gull,SkrattmasFageludden,2,data/processed/Black-headed_Gull/SkrattmasFageludden_chunk002.wav,3.0,SkrattmasFageludden.mp3
Black-headed_Gull,SkrattmasFageludden,3,data/processed/Black-headed_Gull/SkrattmasFageludden_chunk003.wav,3.0,SkrattmasFageludden.mp3
Black-headed_Gull,SkrattmasFageludden,4,data/processed/Black-headed_Gull/SkrattmasFageludden_chunk004.wav,3.0,SkrattmasFageludden.mp3
Black-headed_Gull,SkrattmasFageludden,5,data/processed/Black-headed_Gull/SkrattmasFageludden_chunk005.wav,3.0,SkrattmasFageludden.mp3
Black-headed_Gull,SkrattmasFageludden,6,data/processed/Black-headed_Gull/SkrattmasFageludden_chunk006.wav,3.0,SkrattmasFageludden.mp3
Black-headed_Gull,SkrattmasFageludden,7,data/processed/Black-headed_Gull/SkrattmasFageludden_chunk007.wav,3.0,SkrattmasFageludden.mp3
Black-headed_Gull,SkrattmasFageludden,8,data/processed/Black-headed_Gull/SkrattmasFageludden_chunk008.wav,3.0,SkrattmasFageludden.mp3
Black-headed_Gull,SkrattmasFageludden,9,data/processed/Black-headed_Gull/SkrattmasFageludden_chunk009.wav,3.0,SkrattmasFageludden.mp3
Black-headed_Gull,SkrattmasFageludden,10,data/processed/Black-headed_Gull/SkrattmasFageludden_chunk010.wav,3.0,SkrattmasFageludden.mp3
Black-headed_Gull,SkrattmasFageludden,11,data/processed/Black-headed_Gull/SkrattmasFageludden_chunk011.wav,3.0,SkrattmasFageludden.mp3
Black-headed_Gull,SkrattmasFageludden,12,data/processed/Black-headed_Gull/SkrattmasFageludden_chunk012.wav,3.0,SkrattmasFageludden.mp3
Black-headed_Gull,SkrattmasFageludden,13,data/processed/Black-headed_Gull/SkrattmasFageludden_chunk013.wav,3.0,SkrattmasFageludden.mp3
Black-headed_Gull,SkrattmasFageludden,14,data/processed/Black-headed_Gull/SkrattmasFageludden_chunk014.wav,3.0,SkrattmasFageludden.mp3
Black-headed_Gull,SkrattmasFageludden,15,data/processed/Black-headed_Gull/SkrattmasFageludden_chunk015.wav,3.0,SkrattmasFageludden.mp3
Black-headed_Gull,SkrattmasFageludden,16,data/processed/Black-headed_Gull/SkrattmasFageludden_chunk016.wav,3.0,SkrattmasFageludden.mp3
Black-headed_Gull,SkrattmasFageludden,17,data/processed/Black-headed_Gull/SkrattmasFageludden_chunk017.wav,3.0,SkrattmasFageludden.mp3
Black-headed_Gull,SkrattmasFageludden,18,data/processed/Black-headed_Gull/SkrattmasFageludden_chunk018.wav,3.0,SkrattmasFageludden.mp3
Black-headed_Gull,SkrattmasFageludden,19,data/processed/Black-headed_Gull/SkrattmasFageludden_chunk019.wav,3.0,SkrattmasFageludden.mp3
Black-headed_Gull,SkrattmasFageludden,20,data/processed/Black-headed_Gull/SkrattmasFageludden_chunk020.wav,3.0,SkrattmasFageludden.mp3
Black-headed_Gull,SkrattmasFageludden,21,data/processed/Black-headed_Gull/SkrattmasFageludden_chunk021.wav,3.0,SkrattmasFageludden.mp3
Black-headed_Gull,SkrattmasFageludden,22,data/processed/Black-headed_Gull/SkrattmasFageludden_chunk022.wav,3.0,SkrattmasFageludden.mp3
Black-headed_Gull,SkrattmasFageludden,23,data/processed/Black-headed_Gull/SkrattmasFageludden_chunk023.wav,3.0,SkrattmasFageludden.mp3
Black-headed_Gull,SkrattmasFageludden,24,data/processed/Black-headed_Gull/SkrattmasFageludden_chunk024.wav,3.0,SkrattmasFageludden.mp3
Black-headed_Gull,XC112790-Skrattmas-2011-04-29,0,data/processed/Black-headed_Gull/XC112790-Skrattmas-2011-04-29_chunk000.wav,3.0,XC112790-Skrattmas-2011-04-29.mp3
Black-headed_Gull,XC112790-Skrattmas-2011-04-29,1,data/processed/Black-headed_Gull/XC112790-Skrattmas-2011-04-29_chunk001.wav,3.0,XC112790-Skrattmas-2011-04-29.mp3
Black-headed_Gull,XC112790-Skrattmas-2011-04-29,2,data/processed/Black-headed_Gull/XC112790-Skrattmas-2011-04-29_chunk002.wav,3.0,XC112790-Skrattmas-2011-04-29.mp3
Black-headed_Gull,XC112790-Skrattmas-2011-04-29,3,data/processed/Black-headed_Gull/XC112790-Skrattmas-2011-04-29_chunk003.wav,3.0,XC112790-Skrattmas-2011-04-29.mp3
Black-headed_Gull,XC112790-Skrattmas-2011-04-29,4,data/processed/Black-headed_Gull/XC112790-Skrattmas-2011-04-29_chunk004.wav,3.0,XC112790-Skrattmas-2011-04-29.mp3
Black-headed_Gull,XC112790-Skrattmas-2011-04-29,5,data/processed/Black-headed_Gull/XC112790-Skrattmas-2011-04-29_chunk005.wav,3.0,XC112790-Skrattmas-2011-04-29.mp3
Black-headed_Gull,XC112790-Skrattmas-2011-04-29,6,data/processed/Black-headed_Gull/XC112790-Skrattmas-2011-04-29_chunk006.wav,3.0,XC112790-Skrattmas-2011-04-29.mp3
Black-headed_Gull,XC112790-Skrattmas-2011-04-29,7,data/processed/Black-headed_Gull/XC112790-Skrattmas-2011-04-29_chunk007.wav,3.0,XC112790-Skrattmas-2011-04-29.mp3
Black-headed_Gull,XC112790-Skrattmas-2011-04-29,8,data/processed/Black-headed_Gull/XC112790-Skrattmas-2011-04-29_chunk008.wav,3.0,XC112790-Skrattmas-2011-04-29.mp3
Black-headed_Gull,XC112790-Skrattmas-2011-04-29,9,data/processed/Black-headed_Gull/XC112790-Skrattmas-2011-04-29_chunk009.wav,3.0,XC112790-Skrattmas-2011-04-29.mp3
Black-headed_Gull,XC112790-Skrattmas-2011-04-29,10,data/processed/Black-headed_Gull/XC112790-Skrattmas-2011-04-29_chunk010.wav,3.0,XC112790-Skrattmas-2011-04-29.mp3
Black-headed_Gull,XC112790-Skrattmas-2011-04-29,11,data/processed/Black-headed_Gull/XC112790-Skrattmas-2011-04-29_chunk011.wav,3.0,XC112790-Skrattmas-2011-04-29.mp3
Black-headed_Gull,XC112790-Skrattmas-2011-04-29,12,data/processed/Black-headed_Gull/XC112790-Skrattmas-2011-04-29_chunk012.wav,3.0,XC112790-Skrattmas-2011-04-29.mp3
Black-headed_Gull,XC112790-Skrattmas-2011-04-29,13,data/processed/Black-headed_Gull/XC112790-Skrattmas-2011-04-29_chunk013.wav,3.0,XC112790-Skrattmas-2011-04-29.mp3
Black-headed_Gull,XC112790-Skrattmas-2011-04-29,14,data/processed/Black-headed_Gull/XC112790-Skrattmas-2011-04-29_chunk014.wav,3.0,XC112790-Skrattmas-2011-04-29.mp3
Black-headed_Gull,XC112790-Skrattmas-2011-04-29,15,data/processed/Black-headed_Gull/XC112790-Skrattmas-2011-04-29_chunk015.wav,3.0,XC112790-Skrattmas-2011-04-29.mp3
Black-headed_Gull,XC112790-Skrattmas-2011-04-29,16,data/processed/Black-headed_Gull/XC112790-Skrattmas-2011-04-29_chunk016.wav,3.0,XC112790-Skrattmas-2011-04-29.mp3
Black-headed_Gull,XC112790-Skrattmas-2011-04-29,17,data/processed/Black-headed_Gull/XC112790-Skrattmas-2011-04-29_chunk017.wav,3.0,XC112790-Skrattmas-2011-04-29.mp3
Black-headed_Gull,XC112790-Skrattmas-2011-04-29,18,data/processed/Black-headed_Gull/XC112790-Skrattmas-2011-04-29_chunk018.wav,3.0,XC112790-Skrattmas-2011-04-29.mp3
Black-headed_Gull,XC112790-Skrattmas-2011-04-29,19,data/processed/Black-headed_Gull/XC112790-Skrattmas-2011-04-29_chunk019.wav,3.0,XC112790-Skrattmas-2011-04-29.mp3
Black-headed_Gull,XC112790-Skrattmas-2011-04-29,20,data/processed/Black-headed_Gull/XC112790-Skrattmas-2011-04-29_chunk020.wav,3.0,XC112790-Skrattmas-2011-04-29.mp3
Black-headed_Gull,XC112790-Skrattmas-2011-04-29,21,data/processed/Black-headed_Gull/XC112790-Skrattmas-2011-04-29_chunk021.wav,3.0,XC112790-Skrattmas-2011-04-29.mp3
Black-headed_Gull,XC112790-Skrattmas-2011-04-29,22,data/processed/Black-headed_Gull/XC112790-Skrattmas-2011-04-29_chunk022.wav,3.0,XC112790-Skrattmas-2011-04-29.mp3
Black-headed_Gull,XC113544-Chroicocephalus_ridibundus_Poland_Jarek_Matusiak_20121126-039,0,data/processed/Black-headed_Gull/XC113544-Chroicocephalus_ridibundus_Poland_Jarek_Matusiak_20121126-039_chunk000.wav,3.0,XC113544-Chroicocephalus_ridibundus_Poland_Jarek_Matusiak_20121126-039.mp3
Black-headed_Gull,XC113544-Chroicocephalus_ridibundus_Poland_Jarek_Matusiak_20121126-039,1,data/processed/Black-headed_Gull/XC113544-Chroicocephalus_ridibundus_Poland_Jarek_Matusiak_20121126-039_chunk001.wav,3.0,XC113544-Chroicocephalus_ridibundus_Poland_Jarek_Matusiak_20121126-039.mp3
Black-headed_Gull,XC113544-Chroicocephalus_ridibundus_Poland_Jarek_Matusiak_20121126-039,2,data/processed/Black-headed_Gull/XC113544-Chroicocephalus_ridibundus_Poland_Jarek_Matusiak_20121126-039_chunk002.wav,3.0,XC113544-Chroicocephalus_ridibundus_Poland_Jarek_Matusiak_20121126-039.mp3
Black-headed_Gull,XC113544-Chroicocephalus_ridibundus_Poland_Jarek_Matusiak_20121126-039,3,data/processed/Black-headed_Gull/XC113544-Chroicocephalus_ridibundus_Poland_Jarek_Matusiak_20121126-039_chunk003.wav,3.0,XC113544-Chroicocephalus_ridibundus_Poland_Jarek_Matusiak_20121126-039.mp3
Black-headed_Gull,XC113544-Chroicocephalus_ridibundus_Poland_Jarek_Matusiak_20121126-039,4,data/processed/Black-headed_Gull/XC113544-Chroicocephalus_ridibundus_Poland_Jarek_Matusiak_20121126-039_chunk004.wav,3.0,XC113544-Chroicocephalus_ridibundus_Poland_Jarek_Matusiak_20121126-039.mp3
Black-headed_Gull,XC113544-Chroicocephalus_ridibundus_Poland_Jarek_Matusiak_20121126-039,5,data/processed/Black-headed_Gull/XC113544-Chroicocephalus_ridibundus_Poland_Jarek_Matusiak_20121126-039_chunk005.wav,3.0,XC113544-Chroicocephalus_ridibundus_Poland_Jarek_Matusiak_20121126-039.mp3
Black-headed_Gull,XC126713-LRID10h55m41s10feb2013,0,data/processed/Black-headed_Gull/XC126713-LRID10h55m41s10feb2013_chunk000.wav,3.0,XC126713-LRID10h55m41s10feb2013 (2).mp3
Black-headed_Gull,XC126713-LRID10h55m41s10feb2013,1,data/processed/Black-headed_Gull/XC126713-LRID10h55m41s10feb2013_chunk001.wav,3.0,XC126713-LRID10h55m41s10feb2013 (2).mp3
Black-headed_Gull,XC126713-LRID10h55m41s10feb2013,2,data/processed/Black-headed_Gull/XC126713-LRID10h55m41s10feb2013_chunk002.wav,3.0,XC126713-LRID10h55m41s10feb2013 (2).mp3
Black-headed_Gull,XC126713-LRID10h55m41s10feb2013,3,data/processed/Black-headed_Gull/XC126713-LRID10h55m41s10feb2013_chunk003.wav,3.0,XC126713-LRID10h55m41s10feb2013 (2).mp3
Black-headed_Gull,XC128913-Chroicocephalus_ridibundus_Poland_Jarek_Matusiak_20130406-019,0,data/processed/Black-headed_Gull/XC128913-Chroicocephalus_ridibundus_Poland_Jarek_Matusiak_20130406-019_chunk000.wav,3.0,XC128913-Chroicocephalus_ridibundus_Poland_Jarek_Matusiak_20130406-019.mp3
Black-headed_Gull,XC128913-Chroicocephalus_ridibundus_Poland_Jarek_Matusiak_20130406-019,1,data/processed/Black-headed_Gull/XC128913-Chroicocephalus_ridibundus_Poland_Jarek_Matusiak_20130406-019_chunk001.wav,3.0,XC128913-Chroicocephalus_ridibundus_Poland_Jarek_Matusiak_20130406-019.mp3
Black-headed_Gull,XC128913-Chroicocephalus_ridibundus_Poland_Jarek_Matusiak_20130406-019,2,data/processed/Black-headed_Gull/XC128913-Chroicocephalus_ridibundus_Poland_Jarek_Matusiak_20130406-019_chunk002.wav,3.0,XC128913-Chroicocephalus_ridibundus_Poland_Jarek_Matusiak_20130406-019.mp3
Black-headed_Gull,XC128913-Chroicocephalus_ridibundus_Poland_Jarek_Matusiak_20130406-019,3,data/processed/Black-headed_Gull/XC128913-Chroicocephalus_ridibundus_Poland_Jarek_Matusiak_20130406-019_chunk003.wav,3.0,XC128913-Chroicocephalus_ridibundus_Poland_Jarek_Matusiak_20130406-019.mp3
Black-headed_Gull,XC128913-Chroicocephalus_ridibundus_Poland_Jarek_Matusiak_20130406-019,4,data/processed/Black-headed_Gull/XC128913-Chroicocephalus_ridibundus_Poland_Jarek_Matusiak_20130406-019_chunk004.wav,3.0,XC128913-Chroicocephalus_ridibundus_Poland_Jarek_Matusiak_20130406-019.mp3
Black-headed_Gull,XC129577-LARRID20130415Dranse-Renaudier-000009,0,data/processed/Black-headed_Gull/XC129577-LARRID20130415Dranse-Renaudier-000009_chunk000.wav,3.0,XC129577-LARRID20130415Dranse-Renaudier-000009.mp3
Black-headed_Gull,XC129577-LARRID20130415Dranse-Renaudier-000009,1,data/processed/Black-headed_Gull/XC129577-LARRID20130415Dranse-Renaudier-000009_chunk001.wav,3.0,XC129577-LARRID20130415Dranse-Renaudier-000009.mp3
Black-headed_Gull,XC129577-LARRID20130415Dranse-Renaudier-000009,2,data/processed/Black-headed_Gull/XC129577-LARRID20130415Dranse-Renaudier-000009_chunk002.wav,3.0,XC129577-LARRID20130415Dranse-Renaudier-000009.mp3
Black-headed_Gull,XC129577-LARRID20130415Dranse-Renaudier-000009,3,data/processed/Black-headed_Gull/XC129577-LARRID20130415Dranse-Renaudier-000009_chunk003.wav,3.0,XC129577-LARRID20130415Dranse-Renaudier-000009.mp3
Black-headed_Gull,XC129577-LARRID20130415Dranse-Renaudier-000009,4,data/processed/Black-headed_Gull/XC129577-LARRID20130415Dranse-Renaudier-000009_chunk004.wav,3.0,XC129577-LARRID20130415Dranse-Renaudier-000009.mp3
Black-headed_Gull,XC129577-LARRID20130415Dranse-Renaudier-000009,5,data/processed/Black-headed_Gull/XC129577-LARRID20130415Dranse-Renaudier-000009_chunk005.wav,3.0,XC129577-LARRID20130415Dranse-Renaudier-000009.mp3
Black-headed_Gull,XC129577-LARRID20130415Dranse-Renaudier-000009,6,data/processed/Black-headed_Gull/XC129577-LARRID20130415Dranse-Renaudier-000009_chunk006.wav,3.0,XC129577-LARRID20130415Dranse-Renaudier-000009.mp3
Black-headed_Gull,XC129577-LARRID20130415Dranse-Renaudier-000009,7,data/processed/Black-headed_Gull/XC129577-LARRID20130415Dranse-Renaudier-000009_chunk007.wav,3.0,XC129577-LARRID20130415Dranse-Renaudier-000009.mp3
Black-headed_Gull,XC129577-LARRID20130415Dranse-Renaudier-000009,8,data/processed/Black-headed_Gull/XC129577-LARRID20130415Dranse-Renaudier-000009_chunk008.wav,3.0,XC129577-LARRID20130415Dranse-Renaudier-000009.mp3
Black-headed_Gull,XC129577-LARRID20130415Dranse-Renaudier-000009,9,data/processed/Black-headed_Gull/XC129577-LARRID20130415Dranse-Renaudier-000009_chunk009.wav,3.0,XC129577-LARRID20130415Dranse-Renaudier-000009.mp3
Black-headed_Gull,XC129577-LARRID20130415Dranse-Renaudier-000009,10,data/processed/Black-headed_Gull/XC129577-LARRID20130415Dranse-Renaudier-000009_chunk010.wav,3.0,XC129577-LARRID20130415Dranse-Renaudier-000009.mp3
Black-headed_Gull,XC129577-LARRID20130415Dranse-Renaudier-000009,11,data/processed/Black-headed_Gull/XC129577-LARRID20130415Dranse-Renaudier-000009_chunk011.wav,3.0,XC129577-LARRID20130415Dranse-Renaudier-000009.mp3
Black-headed_Gull,XC129577-LARRID20130415Dranse-Renaudier-000009,12,data/processed/Black-headed_Gull/XC129577-LARRID20130415Dranse-Renaudier-000009_chunk012.wav,3.0,XC129577-LARRID20130415Dranse-Renaudier-000009.mp3
Black-headed_Gull,XC129577-LARRID20130415Dranse-Renaudier-000009,13,data/processed/Black-headed_Gull/XC129577-LARRID20130415Dranse-Renaudier-000009_chunk013.wav,3.0,XC129577-LARRID20130415Dranse-Renaudier-000009.mp3
Black-headed_Gull,XC129577-LARRID20130415Dranse-Renaudier-000009,14,data/processed/Black-headed_Gull/XC129577-LARRID20130415Dranse-Renaudier-000009_chunk014.wav,3.0,XC129577-LARRID20130415Dranse-Renaudier-000009.mp3
Black-headed_Gull,XC129577-LARRID20130415Dranse-Renaudier-000009,15,data/processed/Black-headed_Gull/XC129577-LARRID20130415Dranse-Renaudier-000009_chunk015.wav,3.0,XC129577-LARRID20130415Dranse-Renaudier-000009.mp3
Black-headed_Gull,XC129577-LARRID20130415Dranse-Renaudier-000009,16,data/processed/Black-headed_Gull/XC129577-LARRID20130415Dranse-Renaudier-000009_chunk016.wav,3.0,XC129577-LARRID20130415Dranse-Renaudier-000009.mp3
Black-headed_Gull,XC129577-LARRID20130415Dranse-Renaudier-000009,17,data/processed/Black-headed_Gull/XC129577-LARRID20130415Dranse-Renaudier-000009_chunk017.wav,3.0,XC129577-LARRID20130415Dranse-Renaudier-000009.mp3
Black-headed_Gull,XC129577-LARRID20130415Dranse-Renaudier-000009,18,data/processed/Black-headed_Gull/XC129577-LARRID20130415Dranse-Renaudier-000009_chunk018.wav,3.0,XC129577-LARRID20130415Dranse-Renaudier-000009.mp3
Black-headed_Gull,XC130640-gabbianocomune_frassino,0,data/processed/Black-headed_Gull/XC130640-gabbianocomune_frassino_chunk000.wav,3.0,XC130640-gabbianocomune_frassino.mp3
Black-headed_Gull,XC130640-gabbianocomune_frassino,1,data/processed/Black-headed_Gull/XC130640-gabbianocomune_frassino_chunk001.wav,3.0,XC130640-gabbianocomune_frassino.mp3
Black-headed_Gull,XC130640-gabbianocomune_frassino,2,data/processed/Black-headed_Gull/XC130640-gabbianocomune_frassino_chunk002.wav,3.0,XC130640-gabbianocomune_frassino.mp3
Black-headed_Gull,XC130640-gabbianocomune_frassino,3,data/processed/Black-headed_Gull/XC130640-gabbianocomune_frassino_chunk003.wav,3.0,XC130640-gabbianocomune_frassino.mp3
Black-headed_Gull,XC130640-gabbianocomune_frassino,4,data/processed/Black-headed_Gull/XC130640-gabbianocomune_frassino_chunk004.wav,3.0,XC130640-gabbianocomune_frassino.mp3
Black-headed_Gull,XC130640-gabbianocomune_frassino,5,data/processed/Black-headed_Gull/XC130640-gabbianocomune_frassino_chunk005.wav,3.0,XC130640-gabbianocomune_frassino.mp3
Black-headed_Gull,"XC131512-Black-headedGull_Larus_ridibundus_BirdWithFood(calling)BeingChased2Others_NanpuSeaWall,China_23Apr13",0,"data/processed/Black-headed_Gull/XC131512-Black-headedGull_Larus_ridibundus_BirdWithFood(calling)BeingChased2Others_NanpuSeaWall,China_23Apr13_chunk000.wav",3.0,"XC131512-Black-headedGull_Larus_ridibundus_BirdWithFood(calling)BeingChased2Others_NanpuSeaWall,China_23Apr13.mp3"
Black-headed_Gull,"XC131512-Black-headedGull_Larus_ridibundus_BirdWithFood(calling)BeingChased2Others_NanpuSeaWall,China_23Apr13",1,"data/processed/Black-headed_Gull/XC131512-Black-headedGull_Larus_ridibundus_BirdWithFood(calling)BeingChased2Others_NanpuSeaWall,China_23Apr13_chunk001.wav",3.0,"XC131512-Black-headedGull_Larus_ridibundus_BirdWithFood(calling)BeingChased2Others_NanpuSeaWall,China_23Apr13.mp3"
Black-headed_Gull,"XC131512-Black-headedGull_Larus_ridibundus_BirdWithFood(calling)BeingChased2Others_NanpuSeaWall,China_23Apr13",2,"data/processed/Black-headed_Gull/XC131512-Black-headedGull_Larus_ridibundus_BirdWithFood(calling)BeingChased2Others_NanpuSeaWall,China_23Apr13_chunk002.wav",3.0,"XC131512-Black-headedGull_Larus_ridibundus_BirdWithFood(calling)BeingChased2Others_NanpuSeaWall,China_23Apr13.mp3"
Black-headed_Gull,"XC131512-Black-headedGull_Larus_ridibundus_BirdWithFood(calling)BeingChased2Others_NanpuSeaWall,China_23Apr13",3,"data/processed/Black-headed_Gull/XC131512-Black-headedGull_Larus_ridibundus_BirdWithFood(calling)BeingChased2Others_NanpuSeaWall,China_23Apr13_chunk003.wav",3.0,"XC131512-Black-headedGull_Larus_ridibundus_BirdWithFood(calling)BeingChased2Others_NanpuSeaWall,China_23Apr13.mp3"
Black-headed_Gull,"XC131512-Black-headedGull_Larus_ridibundus_BirdWithFood(calling)BeingChased2Others_NanpuSeaWall,China_23Apr13",4,"data/processed/Black-headed_Gull/XC131512-Black-headedGull_Larus_ridibundus_BirdWithFood(calling)BeingChased2Others_NanpuSeaWall,China_23Apr13_chunk004.wav",3.0,"XC131512-Black-headedGull_Larus_ridibundus_BirdWithFood(calling)BeingChased2Others_NanpuSeaWall,China_23Apr13.mp3"
Black-headed_Gull,"XC131512-Black-headedGull_Larus_ridibundus_BirdWithFood(calling)BeingChased2Others_NanpuSeaWall,China_23Apr13",5,"data/processed/Black-headed_Gull/XC131512-Black-headedGull_Larus_ridibundus_BirdWithFood(calling)BeingChased2Others_NanpuSeaWall,China_23Apr13_chunk005.wav",3.0,"XC131512-Black-headedGull_Larus_ridibundus_BirdWithFood(calling)BeingChased2Others_NanpuSeaWall,China_23Apr13.mp3"
Black-headed_Gull,XC132361-Chrrid_UptonWarren_20130503_114507_edited,0,data/processed/Black-headed_Gull/XC132361-Chrrid_UptonWarren_20130503_114507_edited_chunk000.wav,3.0,XC132361-Chrrid_UptonWarren_20130503_114507_edited.mp3
Black-headed_Gull,XC132361-Chrrid_UptonWarren_20130503_114507_edited,1,data/processed/Black-headed_Gull/XC132361-Chrrid_UptonWarren_20130503_114507_edited_chunk001.wav,3.0,XC132361-Chrrid_UptonWarren_20130503_114507_edited.mp3
Black-headed_Gull,XC132361-Chrrid_UptonWarren_20130503_114507_edited,2,data/processed/Black-headed_Gull/XC132361-Chrrid_UptonWarren_20130503_114507_edited_chunk002.wav,3.0,XC132361-Chrrid_UptonWarren_20130503_114507_edited.mp3
Black-headed_Gull,XC132361-Chrrid_UptonWarren_20130503_114507_edited,3,data/processed/Black-headed_Gull/XC132361-Chrrid_UptonWarren_20130503_114507_edited_chunk003.wav,3.0,XC132361-Chrrid_UptonWarren_20130503_114507_edited.mp3
Black-headed_Gull,XC132361-Chrrid_UptonWarren_20130503_114507_edited,4,data/processed/Black-headed_Gull/XC132361-Chrrid_UptonWarren_20130503_114507_edited_chunk004.wav,3.0,XC132361-Chrrid_UptonWarren_20130503_114507_edited.mp3
Black-headed_Gull,XC132361-Chrrid_UptonWarren_20130503_114507_edited,5,data/processed/Black-headed_Gull/XC132361-Chrrid_UptonWarren_20130503_114507_edited_chunk005.wav,3.0,XC132361-Chrrid_UptonWarren_20130503_114507_edited.mp3
Black-headed_Gull,XC132361-Chrrid_UptonWarren_20130503_114507_edited,6,data/processed/Black-headed_Gull/XC132361-Chrrid_UptonWarren_20130503_114507_edited_chunk006.wav,3.0,XC132361-Chrrid_UptonWarren_20130503_114507_edited.mp3
Black-headed_Gull,XC132361-Chrrid_UptonWarren_20130503_114507_edited,7,data/processed/Black-headed_Gull/XC132361-Chrrid_UptonWarren_20130503_114507_edited_chunk007.wav,3.0,XC132361-Chrrid_UptonWarren_20130503_114507_edited.mp3
Black-headed_Gull,XC132361-Chrrid_UptonWarren_20130503_114507_edited,8,data/processed/Black-headed_Gull/XC132361-Chrrid_UptonWarren_20130503_114507_edited_chunk008.wav,3.0,XC132361-Chrrid_UptonWarren_20130503_114507_edited.mp3
Black-headed_Gull,XC132361-Chrrid_UptonWarren_20130503_114507_edited,9,data/processed/Black-headed_Gull/XC132361-Chrrid_UptonWarren_20130503_114507_edited_chunk009.wav,3.0,XC132361-Chrrid_UptonWarren_20130503_114507_edited.mp3
Black-headed_Gull,XC132361-Chrrid_UptonWarren_20130503_114507_edited,10,data/processed/Black-headed_Gull/XC132361-Chrrid_UptonWarren_20130503_114507_edited_chunk010.wav,3.0,XC132361-Chrrid_UptonWarren_20130503_114507_edited.mp3
Black-headed_Gull,XC132361-Chrrid_UptonWarren_20130503_114507_edited,11,data/processed/Black-headed_Gull/XC132361-Chrrid_UptonWarren_20130503_114507_edited_chunk011.wav,3.0,XC132361-Chrrid_UptonWarren_20130503_114507_edited.mp3
Black-headed_Gull,XC132361-Chrrid_UptonWarren_20130503_114507_edited,12,data/processed/Black-headed_Gull/XC132361-Chrrid_UptonWarren_20130503_114507_edited_chunk012.wav,3.0,XC132361-Chrrid_UptonWarren_20130503_114507_edited.mp3
Black-headed_Gull,XC132361-Chrrid_UptonWarren_20130503_114507_edited,13,data/processed/Black-headed_Gull/XC132361-Chrrid_UptonWarren_20130503_114507_edited_chunk013.wav,3.0,XC132361-Chrrid_UptonWarren_20130503_114507_edited.mp3
Black-headed_Gull,XC132361-Chrrid_UptonWarren_20130503_114507_edited,14,data/processed/Black-headed_Gull/XC132361-Chrrid_UptonWarren_20130503_114507_edited_chunk014.wav,3.0,XC132361-Chrrid_UptonWarren_20130503_114507_edited.mp3
Black-headed_Gull,XC132361-Chrrid_UptonWarren_20130503_114507_edited,15,data/processed/Black-headed_Gull/XC132361-Chrrid_UptonWarren_20130503_114507_edited_chunk015.wav,3.0,XC132361-Chrrid_UptonWarren_20130503_114507_edited.mp3
Black-headed_Gull,XC132361-Chrrid_UptonWarren_20130503_114507_edited,16,data/processed/Black-headed_Gull/XC132361-Chrrid_UptonWarren_20130503_114507_edited_chunk016.wav,3.0,XC132361-Chrrid_UptonWarren_20130503_114507_edited.mp3
Black-headed_Gull,XC132369-Chrrid_UptonWarren_20130503_114659_edited,0,data/processed/Black-headed_Gull/XC132369-Chrrid_UptonWarren_20130503_114659_edited_chunk000.wav,3.0,XC132369-Chrrid_UptonWarren_20130503_114659_edited.mp3
Black-headed_Gull,XC132369-Chrrid_UptonWarren_20130503_114659_edited,1,data/processed/Black-headed_Gull/XC132369-Chrrid_UptonWarren_20130503_114659_edited_chunk001.wav,3.0,XC132369-Chrrid_UptonWarren_20130503_114659_edited.mp3
Black-headed_Gull,XC132369-Chrrid_UptonWarren_20130503_114659_edited,2,data/processed/Black-headed_Gull/XC132369-Chrrid_UptonWarren_20130503_114659_edited_chunk002.wav,3.0,XC132369-Chrrid_UptonWarren_20130503_114659_edited.mp3
Black-headed_Gull,XC132369-Chrrid_UptonWarren_20130503_114659_edited,3,data/processed/Black-headed_Gull/XC132369-Chrrid_UptonWarren_20130503_114659_edited_chunk003.wav,3.0,XC132369-Chrrid_UptonWarren_20130503_114659_edited.mp3
Black-headed_Gull,XC132369-Chrrid_UptonWarren_20130503_114659_edited,4,data/processed/Black-headed_Gull/XC132369-Chrrid_UptonWarren_20130503_114659_edited_chunk004.wav,3.0,XC132369-Chrrid_UptonWarren_20130503_114659_edited.mp3
Black-headed_Gull,XC132369-Chrrid_UptonWarren_20130503_114659_edited,5,data/processed/Black-headed_Gull/XC132369-Chrrid_UptonWarren_20130503_114659_edited_chunk005.wav,3.0,XC132369-Chrrid_UptonWarren_20130503_114659_edited.mp3
Black-headed_Gull,XC132369-Chrrid_UptonWarren_20130503_114659_edited,6,data/processed/Black-headed_Gull/XC132369-Chrrid_UptonWarren_20130503_114659_edited_chunk006.wav,3.0,XC132369-Chrrid_UptonWarren_20130503_114659_edited.mp3
Black-headed_Gull,XC132369-Chrrid_UptonWarren_20130503_114659_edited,7,data/processed/Black-headed_Gull/XC132369-Chrrid_UptonWarren_20130503_114659_edited_chunk007.wav,3.0,XC132369-Chrrid_UptonWarren_20130503_114659_edited.mp3
Black-headed_Gull,XC132369-Chrrid_UptonWarren_20130503_114659_edited,8,data/processed/Black-headed_Gull/XC132369-Chrrid_UptonWarren_20130503_114659_edited_chunk008.wav,3.0,XC132369-Chrrid_UptonWarren_20130503_114659_edited.mp3
Black-headed_Gull,XC132369-Chrrid_UptonWarren_20130503_114659_edited,9,data/processed/Black-headed_Gull/XC132369-Chrrid_UptonWarren_20130503_114659_edited_chunk009.wav,3.0,XC132369-Chrrid_UptonWarren_20130503_114659_edited.mp3
Black-headed_Gull,XC132369-Chrrid_UptonWarren_20130503_114659_edited,10,data/processed/Black-headed_Gull/XC132369-Chrrid_UptonWarren_20130503_114659_edited_chunk010.wav,3.0,XC132369-Chrrid_UptonWarren_20130503_114659_edited.mp3
Black-headed_Gull,XC132369-Chrrid_UptonWarren_20130503_114659_edited,11,data/processed/Black-headed_Gull/XC132369-Chrrid_UptonWarren_20130503_114659_edited_chunk011.wav,3.0,XC132369-Chrrid_UptonWarren_20130503_114659_edited.mp3
Black-headed_Gull,XC132369-Chrrid_UptonWarren_20130503_114659_edited,12,data/processed/Black-headed_Gull/XC132369-Chrrid_UptonWarren_20130503_114659_edited_chunk012.wav,3.0,XC132369-Chrrid_UptonWarren_20130503_114659_edited.mp3
Black-headed_Gull,XC132369-Chrrid_UptonWarren_20130503_114659_edited,13,data/processed/Black-headed_Gull/XC132369-Chrrid_UptonWarren_20130503_114659_edited_chunk013.wav,3.0,XC132369-Chrrid_UptonWarren_20130503_114659_edited.mp3
Black-headed_Gull,XC132369-Chrrid_UptonWarren_20130503_114659_edited,14,data/processed/Black-headed_Gull/XC132369-Chrrid_UptonWarren_20130503_114659_edited_chunk014.wav,3.0,XC132369-Chrrid_UptonWarren_20130503_114659_edited.mp3
Black-headed_Gull,XC132369-Chrrid_UptonWarren_20130503_114659_edited,15,data/processed/Black-headed_Gull/XC132369-Chrrid_UptonWarren_20130503_114659_edited_chunk015.wav,3.0,XC132369-Chrrid_UptonWarren_20130503_114659_edited.mp3
Black-headed_Gull,XC132369-Chrrid_UptonWarren_20130503_114659_edited,16,data/processed/Black-headed_Gull/XC132369-Chrrid_UptonWarren_20130503_114659_edited_chunk016.wav,3.0,XC132369-Chrrid_UptonWarren_20130503_114659_edited.mp3
Black-headed_Gull,XC132369-Chrrid_UptonWarren_20130503_114659_edited,17,data/processed/Black-headed_Gull/XC132369-Chrrid_UptonWarren_20130503_114659_edited_chunk017.wav,3.0,XC132369-Chrrid_UptonWarren_20130503_114659_edited.mp3
Black-headed_Gull,XC132369-Chrrid_UptonWarren_20130503_114659_edited,18,data/processed/Black-headed_Gull/XC132369-Chrrid_UptonWarren_20130503_114659_edited_chunk018.wav,3.0,XC132369-Chrrid_UptonWarren_20130503_114659_edited.mp3
Black-headed_Gull,XC132369-Chrrid_UptonWarren_20130503_114659_edited,19,data/processed/Black-headed_Gull/XC132369-Chrrid_UptonWarren_20130503_114659_edited_chunk019.wav,3.0,XC132369-Chrrid_UptonWarren_20130503_114659_edited.mp3
Black-headed_Gull,XC132369-Chrrid_UptonWarren_20130503_114659_edited,20,data/processed/Black-headed_Gull/XC132369-Chrrid_UptonWarren_20130503_114659_edited_chunk020.wav,3.0,XC132369-Chrrid_UptonWarren_20130503_114659_edited.mp3
Black-headed_Gull,XC132369-Chrrid_UptonWarren_20130503_114659_edited,21,data/processed/Black-headed_Gull/XC132369-Chrrid_UptonWarren_20130503_114659_edited_chunk021.wav,3.0,XC132369-Chrrid_UptonWarren_20130503_114659_edited.mp3
Black-headed_Gull,XC132369-Chrrid_UptonWarren_20130503_114659_edited,22,data/processed/Black-headed_Gull/XC132369-Chrrid_UptonWarren_20130503_114659_edited_chunk022.wav,3.0,XC132369-Chrrid_UptonWarren_20130503_114659_edited.mp3
Black-headed_Gull,XC132369-Chrrid_UptonWarren_20130503_114659_edited,23,data/processed/Black-headed_Gull/XC132369-Chrrid_UptonWarren_20130503_114659_edited_chunk023.wav,3.0,XC132369-Chrrid_UptonWarren_20130503_114659_edited.mp3
Black-headed_Gull,XC132369-Chrrid_UptonWarren_20130503_114659_edited,24,data/processed/Black-headed_Gull/XC132369-Chrrid_UptonWarren_20130503_114659_edited_chunk024.wav,3.0,XC132369-Chrrid_UptonWarren_20130503_114659_edited.mp3
Black-headed_Gull,XC132369-Chrrid_UptonWarren_20130503_114659_edited,25,data/processed/Black-headed_Gull/XC132369-Chrrid_UptonWarren_20130503_114659_edited_chunk025.wav,3.0,XC132369-Chrrid_UptonWarren_20130503_114659_edited.mp3
Black-headed_Gull,XC132369-Chrrid_UptonWarren_20130503_114659_edited,26,data/processed/Black-headed_Gull/XC132369-Chrrid_UptonWarren_20130503_114659_edited_chunk026.wav,3.0,XC132369-Chrrid_UptonWarren_20130503_114659_edited.mp3
Black-headed_Gull,"XC132959-8007_8.05.2013,",0,"data/processed/Black-headed_Gull/XC132959-8007_8.05.2013,_chunk000.wav",3.0,"XC132959-8007_8.05.2013, Новочебоксарск, отчистные,8-40, чайки, тр, АА,  MP3.mp3"
Black-headed_Gull,"XC132959-8007_8.05.2013,",1,"data/processed/Black-headed_Gull/XC132959-8007_8.05.2013,_chunk001.wav",3.0,"XC132959-8007_8.05.2013, Новочебоксарск, отчистные,8-40, чайки, тр, АА,  MP3.mp3"
Black-headed_Gull,"XC132959-8007_8.05.2013,",2,"data/processed/Black-headed_Gull/XC132959-8007_8.05.2013,_chunk002.wav",3.0,"XC132959-8007_8.05.2013, Новочебоксарск, отчистные,8-40, чайки, тр, АА,  MP3.mp3"
Black-headed_Gull,"XC132959-8007_8.05.2013,",3,"data/processed/Black-headed_Gull/XC132959-8007_8.05.2013,_chunk003.wav",3.0,"XC132959-8007_8.05.2013, Новочебоксарск, отчистные,8-40, чайки, тр, АА,  MP3.mp3"
Black-headed_Gull,"XC132959-8007_8.05.2013,",4,"data/processed/Black-headed_Gull/XC132959-8007_8.05.2013,_chunk004.wav",3.0,"XC132959-8007_8.05.2013, Новочебоксарск, отчистные,8-40, чайки, тр, АА,  MP3.mp3"
Black-headed_Gull,"XC132959-8007_8.05.2013,",5,"data/processed/Black-headed_Gull/XC132959-8007_8.05.2013,_chunk005.wav",3.0,"XC132959-8007_8.05.2013, Новочебоксарск, отчистные,8-40, чайки, тр, АА,  MP3.mp3"
Black-headed_Gull,"XC132959-8007_8.05.2013,",6,"data/processed/Black-headed_Gull/XC132959-8007_8.05.2013,_chunk006.wav",3.0,"XC132959-8007_8.05.2013, Новочебоксарск, отчистные,8-40, чайки, тр, АА,  MP3.mp3"
Black-headed_Gull,"XC132959-8007_8.05.2013,",7,"data/processed/Black-headed_Gull/XC132959-8007_8.05.2013,_chunk007.wav",3.0,"XC132959-8007_8.05.2013, Новочебоксарск, отчистные,8-40, чайки, тр, АА,  MP3.mp3"
Black-headed_Gull,"XC132959-8007_8.05.2013,",8,"data/processed/Black-headed_Gull/XC132959-8007_8.05.2013,_chunk008.wav",3.0,"XC132959-8007_8.05.2013, Новочебоксарск, отчистные,8-40, чайки, тр, АА,  MP3.mp3"
Black-headed_Gull,"XC132959-8007_8.05.2013,",9,"data/processed/Black-headed_Gull/XC132959-8007_8.05.2013,_chunk009.wav",3.0,"XC132959-8007_8.05.2013, Новочебоксарск, отчистные,8-40, чайки, тр, АА,  MP3.mp3"
Black-headed_Gull,"XC132959-8007_8.05.2013,",10,"data/processed/Black-headed_Gull/XC132959-8007_8.05.2013,_chunk010.wav",3.0,"XC132959-8007_8.05.2013, Новочебоксарск, отчистные,8-40, чайки, тр, АА,  MP3.mp3"
Black-headed_Gull,"XC132959-8007_8.05.2013,",11,"data/processed/Black-headed_Gull/XC132959-8007_8.05.2013,_chunk011.wav",3.0,"XC132959-8007_8.05.2013, Новочебоксарск, отчистные,8-40, чайки, тр, АА,  MP3.mp3"
Black-headed_Gull,"XC132959-8007_8.05.2013,",12,"data/processed/Black-headed_Gull/XC132959-8007_8.05.2013,_chunk012.wav",3.0,"XC132959-8007_8.05.2013, Новочебоксарск, отчистные,8-40, чайки, тр, АА,  MP3.mp3"
Black-headed_Gull,"XC132959-8007_8.05.2013,",13,"data/processed/Black-headed_Gull/XC132959-8007_8.05.2013,_chunk013.wav",3.0,"XC132959-8007_8.05.2013, Новочебоксарск, отчистные,8-40, чайки, тр, АА,  MP3.mp3"
Black-headed_Gull,"XC132959-8007_8.05.2013,",14,"data/processed/Black-headed_Gull/XC132959-8007_8.05.2013,_chunk014.wav",3.0,"XC132959-8007_8.05.2013, Новочебоксарск, отчистные,8-40, чайки, тр, АА,  MP3.mp3"
Black-headed_Gull,"XC132959-8007_8.05.2013,",15,"data/processed/Black-headed_Gull/XC132959-8007_8.05.2013,_chunk015.wav",3.0,"XC132959-8007_8.05.2013, Новочебоксарск, отчистные,8-40, чайки, тр, АА,  MP3.mp3"
Black-headed_Gull,"XC132959-8007_8.05.2013,",16,"data/processed/Black-headed_Gull/XC132959-8007_8.05.2013,_chunk016.wav",3.0,"XC132959-8007_8.05.2013, Новочебоксарск, отчистные,8-40, чайки, тр, АА,  MP3.mp3"
Black-headed_Gull,"XC132959-8007_8.05.2013,",17,"data/processed/Black-headed_Gull/XC132959-8007_8.05.2013,_chunk017.wav",3.0,"XC132959-8007_8.05.2013, Новочебоксарск, отчистные,8-40, чайки, тр, АА,  MP3.mp3"
Black-headed_Gull,"XC132959-8007_8.05.2013,",18,"data/processed/Black-headed_Gull/XC132959-8007_8.05.2013,_chunk018.wav",3.0,"XC132959-8007_8.05.2013, Новочебоксарск, отчистные,8-40, чайки, тр, АА,  MP3.mp3"
Black-headed_Gull,"XC132959-8007_8.05.2013,",19,"data/processed/Black-headed_Gull/XC132959-8007_8.05.2013,_chunk019.wav",3.0,"XC132959-8007_8.05.2013, Новочебоксарск, отчистные,8-40, чайки, тр, АА,  MP3.mp3"
Black-headed_Gull,"XC132959-8007_8.05.2013,",20,"data/processed/Black-headed_Gull/XC132959-8007_8.05.2013,_chunk020.wav",3.0,"XC132959-8007_8.05.2013, Новочебоксарск, отчистные,8-40, чайки, тр, АА,  MP3.mp3"
Black-headed_Gull,"XC132959-8007_8.05.2013,",21,"data/processed/Black-headed_Gull/XC132959-8007_8.05.2013,_chunk021.wav",3.0,"XC132959-8007_8.05.2013, Новочебоксарск, отчистные,8-40, чайки, тр, АА,  MP3.mp3"
Black-headed_Gull,"XC132959-8007_8.05.2013,",22,"data/processed/Black-headed_Gull/XC132959-8007_8.05.2013,_chunk022.wav",3.0,"XC132959-8007_8.05.2013, Новочебоксарск, отчистные,8-40, чайки, тр, АА,  MP3.mp3"
Black-headed_Gull,"XC132959-8007_8.05.2013,",23,"data/processed/Black-headed_Gull/XC132959-8007_8.05.2013,_chunk023.wav",3.0,"XC132959-8007_8.05.2013, Новочебоксарск, отчистные,8-40, чайки, тр, АА,  MP3.mp3"
Black-headed_Gull,"XC132959-8007_8.05.2013,",24,"data/processed/Black-headed_Gull/XC132959-8007_8.05.2013,_chunk024.wav",3.0,"XC132959-8007_8.05.2013, Новочебоксарск, отчистные,8-40, чайки, тр, АА,  MP3.mp3"
Black-headed_Gull,"XC132959-8007_8.05.2013,",25,"data/processed/Black-headed_Gull/XC132959-8007_8.05.2013,_chunk025.wav",3.0,"XC132959-8007_8.05.2013, Новочебоксарск, отчистные,8-40, чайки, тр, АА,  MP3.mp3"
Black-headed_Gull,"XC132959-8007_8.05.2013,",26,"data/processed/Black-headed_Gull/XC132959-8007_8.05.2013,_chunk026.wav",3.0,"XC132959-8007_8.05.2013, Новочебоксарск, отчистные,8-40, чайки, тр, АА,  MP3.mp3"
Black-headed_Gull,"XC132959-8007_8.05.2013,",27,"data/processed/Black-headed_Gull/XC132959-8007_8.05.2013,_chunk027.wav",3.0,"XC132959-8007_8.05.2013, Новочебоксарск, отчистные,8-40, чайки, тр, АА,  MP3.mp3"
Black-headed_Gull,"XC132961-8009_8.05.2013,",0,"data/processed/Black-headed_Gull/XC132961-8009_8.05.2013,_chunk000.wav",3.0,"XC132961-8009_8.05.2013, Новочебоксарск, отчистные,8-40, чайки, тр, АА,  MP3.mp3"
Black-headed_Gull,"XC132961-8009_8.05.2013,",1,"data/processed/Black-headed_Gull/XC132961-8009_8.05.2013,_chunk001.wav",3.0,"XC132961-8009_8.05.2013, Новочебоксарск, отчистные,8-40, чайки, тр, АА,  MP3.mp3"
Black-headed_Gull,"XC132961-8009_8.05.2013,",2,"data/processed/Black-headed_Gull/XC132961-8009_8.05.2013,_chunk002.wav",3.0,"XC132961-8009_8.05.2013, Новочебоксарск, отчистные,8-40, чайки, тр, АА,  MP3.mp3"
Black-headed_Gull,"XC132961-8009_8.05.2013,",3,"data/processed/Black-headed_Gull/XC132961-8009_8.05.2013,_chunk003.wav",3.0,"XC132961-8009_8.05.2013, Новочебоксарск, отчистные,8-40, чайки, тр, АА,  MP3.mp3"
Black-headed_Gull,"XC132961-8009_8.05.2013,",4,"data/processed/Black-headed_Gull/XC132961-8009_8.05.2013,_chunk004.wav",3.0,"XC132961-8009_8.05.2013, Новочебоксарск, отчистные,8-40, чайки, тр, АА,  MP3.mp3"
Black-headed_Gull,"XC132961-8009_8.05.2013,",5,"data/processed/Black-headed_Gull/XC132961-8009_8.05.2013,_chunk005.wav",3.0,"XC132961-8009_8.05.2013, Новочебоксарск, отчистные,8-40, чайки, тр, АА,  MP3.mp3"
Black-headed_Gull,"XC132961-8009_8.05.2013,",6,"data/processed/Black-headed_Gull/XC132961-8009_8.05.2013,_chunk006.wav",3.0,"XC132961-8009_8.05.2013, Новочебоксарск, отчистные,8-40, чайки, тр, АА,  MP3.mp3"
Black-headed_Gull,XC134722-8023_,0,data/processed/Black-headed_Gull/XC134722-8023__chunk000.wav,3.0,"XC134722-8023_ новочебоксарск, отчистные, 7-00, чайки тр, АА .MP3"
Black-headed_Gull,XC134722-8023_,1,data/processed/Black-headed_Gull/XC134722-8023__chunk001.wav,3.0,"XC134722-8023_ новочебоксарск, отчистные, 7-00, чайки тр, АА .MP3"
Black-headed_Gull,XC134722-8023_,2,data/processed/Black-headed_Gull/XC134722-8023__chunk002.wav,3.0,"XC134722-8023_ новочебоксарск, отчистные, 7-00, чайки тр, АА .MP3"
Black-headed_Gull,XC134722-8023_,3,data/processed/Black-headed_Gull/XC134722-8023__chunk003.wav,3.0,"XC134722-8023_ новочебоксарск, отчистные, 7-00, чайки тр, АА .MP3"
Black-headed_Gull,XC134722-8023_,4,data/processed/Black-headed_Gull/XC134722-8023__chunk004.wav,3.0,"XC134722-8023_ новочебоксарск, отчистные, 7-00, чайки тр, АА .MP3"
Black-headed_Gull,XC134722-8023_,5,data/processed/Black-headed_Gull/XC134722-8023__chunk005.wav,3.0,"XC134722-8023_ новочебоксарск, отчистные, 7-00, чайки тр, АА .MP3"
Black-headed_Gull,XC134722-8023_,6,data/processed/Black-headed_Gull/XC134722-8023__chunk006.wav,3.0,"XC134722-8023_ новочебоксарск, отчистные, 7-00, чайки тр, АА .MP3"
Black-headed_Gull,XC134722-8023_,7,data/processed/Black-headed_Gull/XC134722-8023__chunk007.wav,3.0,"XC134722-8023_ новочебоксарск, отчистные, 7-00, чайки тр, АА .MP3"
Black-headed_Gull,XC134722-8023_,8,data/processed/Black-headed_Gull/XC134722-8023__chunk008.wav,3.0,"XC134722-8023_ новочебоксарск, отчистные, 7-00, чайки тр, АА .MP3"
Black-headed_Gull,XC134722-8023_,9,data/processed/Black-headed_Gull/XC134722-8023__chunk009.wav,3.0,"XC134722-8023_ новочебоксарск, отчистные, 7-00, чайки тр, АА .MP3"
Black-headed_Gull,XC134722-8023_,10,data/processed/Black-headed_Gull/XC134722-8023__chunk010.wav,3.0,"XC134722-8023_ новочебоксарск, отчистные, 7-00, чайки тр, АА .MP3"
Black-headed_Gull,XC134722-8023_,11,data/processed/Black-headed_Gull/XC134722-8023__chunk011.wav,3.0,"XC134722-8023_ новочебоксарск, отчистные, 7-00, чайки тр, АА .MP3"
Black-headed_Gull,XC134725-8035_,0,data/processed/Black-headed_Gull/XC134725-8035__chunk000.wav,3.0,"XC134725-8035_ новочебоксарск, отчистные, 7-10, чайки тр, АА .MP3"
Black-headed_Gull,XC134725-8035_,1,data/processed/Black-headed_Gull/XC134725-8035__chunk001.wav,3.0,"XC134725-8035_ новочебоксарск, отчистные, 7-10, чайки тр, АА .MP3"
Black-headed_Gull,XC134725-8035_,2,data/processed/Black-headed_Gull/XC134725-8035__chunk002.wav,3.0,"XC134725-8035_ новочебоксарск, отчистные, 7-10, чайки тр, АА .MP3"
Black-headed_Gull,XC134725-8035_,3,data/processed/Black-headed_Gull/XC134725-8035__chunk003.wav,3.0,"XC134725-8035_ новочебоксарск, отчистные, 7-10, чайки тр, АА .MP3"
Black-headed_Gull,XC134725-8035_,4,data/processed/Black-headed_Gull/XC134725-8035__chunk004.wav,3.0,"XC134725-8035_ новочебоксарск, отчистные, 7-10, чайки тр, АА .MP3"
Black-headed_Gull,XC134725-8035_,5,data/processed/Black-headed_Gull/XC134725-8035__chunk005.wav,3.0,"XC134725-8035_ новочебоксарск, отчистные, 7-10, чайки тр, АА .MP3"
Black-headed_Gull,XC134725-8035_,6,data/processed/Black-headed_Gull/XC134725-8035__chunk006.wav,3.0,"XC134725-8035_ новочебоксарск, отчистные, 7-10, чайки тр, АА .MP3"
Black-headed_Gull,XC134725-8035_,7,data/processed/Black-headed_Gull/XC134725-8035__chunk007.wav,3.0,"XC134725-8035_ новочебоксарск, отчистные, 7-10, чайки тр, АА .MP3"
Black-headed_Gull,XC134725-8035_,8,data/processed/Black-headed_Gull/XC134725-8035__chunk008.wav,3.0,"XC134725-8035_ новочебоксарск, отчистные, 7-10, чайки тр, АА .MP3"
Black-headed_Gull,XC134725-8035_,9,data/processed/Black-headed_Gull/XC134725-8035__chunk009.wav,3.0,"XC134725-8035_ новочебоксарск, отчистные, 7-10, чайки тр, АА .MP3"
Black-headed_Gull,XC134725-8035_,10,data/processed/Black-headed_Gull/XC134725-8035__chunk010.wav,3.0,"XC134725-8035_ новочебоксарск, отчистные, 7-10, чайки тр, АА .MP3"
Black-headed_Gull,XC134725-8035_,11,data/processed/Black-headed_Gull/XC134725-8035__chunk011.wav,3.0,"XC134725-8035_ новочебоксарск, отчистные, 7-10, чайки тр, АА .MP3"
Black-headed_Gull,XC134725-8035_,12,data/processed/Black-headed_Gull/XC134725-8035__chunk012.wav,3.0,"XC134725-8035_ новочебоксарск, отчистные, 7-10, чайки тр, АА .MP3"
Black-headed_Gull,XC134725-8035_,13,data/processed/Black-headed_Gull/XC134725-8035__chunk013.wav,3.0,"XC134725-8035_ новочебоксарск, отчистные, 7-10, чайки тр, АА .MP3"
Black-headed_Gull,XC134725-8035_,14,data/processed/Black-headed_Gull/XC134725-8035__chunk014.wav,3.0,"XC134725-8035_ новочебоксарск, отчистные, 7-10, чайки тр, АА .MP3"
Black-headed_Gull,XC134725-8035_,15,data/processed/Black-headed_Gull/XC134725-8035__chunk015.wav,3.0,"XC134725-8035_ новочебоксарск, отчистные, 7-10, чайки тр, АА .MP3"
Black-headed_Gull,XC134725-8035_,16,data/processed/Black-headed_Gull/XC134725-8035__chunk016.wav,3.0,"XC134725-8035_ новочебоксарск, отчистные, 7-10, чайки тр, АА .MP3"
Black-headed_Gull,XC134725-8035_,17,data/processed/Black-headed_Gull/XC134725-8035__chunk017.wav,3.0,"XC134725-8035_ новочебоксарск, отчистные, 7-10, чайки тр, АА .MP3"
Black-headed_Gull,XC134725-8035_,18,data/processed/Black-headed_Gull/XC134725-8035__chunk018.wav,3.0,"XC134725-8035_ новочебоксарск, отчистные, 7-10, чайки тр, АА .MP3"
Black-headed_Gull,XC134725-8035_,19,data/processed/Black-headed_Gull/XC134725-8035__chunk019.wav,3.0,"XC134725-8035_ новочебоксарск, отчистные, 7-10, чайки тр, АА .MP3"
Black-headed_Gull,XC134725-8035_,20,data/processed/Black-headed_Gull/XC134725-8035__chunk020.wav,3.0,"XC134725-8035_ новочебоксарск, отчистные, 7-10, чайки тр, АА .MP3"
Black-headed_Gull,XC134725-8035_,21,data/processed/Black-headed_Gull/XC134725-8035__chunk021.wav,3.0,"XC134725-8035_ новочебоксарск, отчистные, 7-10, чайки тр, АА .MP3"
Black-headed_Gull,XC134725-8035_,22,data/processed/Black-headed_Gull/XC134725-8035__chunk022.wav,3.0,"XC134725-8035_ новочебоксарск, отчистные, 7-10, чайки тр, АА .MP3"
Black-headed_Gull,XC134725-8035_,23,data/processed/Black-headed_Gull/XC134725-8035__chunk023.wav,3.0,"XC134725-8035_ новочебоксарск, отчистные, 7-10, чайки тр, АА .MP3"
Black-headed_Gull,XC134725-8035_,24,data/processed/Black-headed_Gull/XC134725-8035__chunk024.wav,3.0,"XC134725-8035_ новочебоксарск, отчистные, 7-10, чайки тр, АА .MP3"
Black-headed_Gull,XC134725-8035_,25,data/processed/Black-headed_Gull/XC134725-8035__chunk025.wav,3.0,"XC134725-8035_ новочебоксарск, отчистные, 7-10, чайки тр, АА .MP3"
Black-headed_Gull,XC134725-8035_,26,data/processed/Black-headed_Gull/XC134725-8035__chunk026.wav,3.0,"XC134725-8035_ новочебоксарск, отчистные, 7-10, чайки тр, АА .MP3"
Black-headed_Gull,XC134725-8035_,27,data/processed/Black-headed_Gull/XC134725-8035__chunk027.wav,3.0,"XC134725-8035_ новочебоксарск, отчистные, 7-10, чайки тр, АА .MP3"
Black-headed_Gull,XC134725-8035_,28,data/processed/Black-headed_Gull/XC134725-8035__chunk028.wav,3.0,"XC134725-8035_ новочебоксарск, отчистные, 7-10, чайки тр, АА .MP3"
Black-headed_Gull,XC134725-8035_,29,data/processed/Black-headed_Gull/XC134725-8035__chunk029.wav,3.0,"XC134725-8035_ новочебоксарск, отчистные, 7-10, чайки тр, АА .MP3"
Black-headed_Gull,XC134725-8035_,30,data/processed/Black-headed_Gull/XC134725-8035__chunk030.wav,3.0,"XC134725-8035_ новочебоксарск, отчистные, 7-10, чайки тр, АА .MP3"
Black-headed_Gull,XC134725-8035_,31,data/processed/Black-headed_Gull/XC134725-8035__chunk031.wav,3.0,"XC134725-8035_ новочебоксарск, отчистные, 7-10, чайки тр, АА .MP3"
Black-headed_Gull,XC134725-8035_,32,data/processed/Black-headed_Gull/XC134725-8035__chunk032.wav,3.0,"XC134725-8035_ новочебоксарск, отчистные, 7-10, чайки тр, АА .MP3"
Black-headed_Gull,XC134725-8035_,33,data/processed/Black-headed_Gull/XC134725-8035__chunk033.wav,3.0,"XC134725-8035_ новочебоксарск, отчистные, 7-10, чайки тр, АА .MP3"
Black-headed_Gull,XC134725-8035_,34,data/processed/Black-headed_Gull/XC134725-8035__chunk034.wav,3.0,"XC134725-8035_ новочебоксарск, отчистные, 7-10, чайки тр, АА .MP3"
Black-headed_Gull,XC134725-8035_,35,data/processed/Black-headed_Gull/XC134725-8035__chunk035.wav,3.0,"XC134725-8035_ новочебоксарск, отчистные, 7-10, чайки тр, АА .MP3"
Black-headed_Gull,XC134725-8035_,36,data/processed/Black-headed_Gull/XC134725-8035__chunk036.wav,3.0,"XC134725-8035_ новочебоксарск, отчистные, 7-10, чайки тр, АА .MP3"
Black-headed_Gull,XC134725-8035_,37,data/processed/Black-headed_Gull/XC134725-8035__chunk037.wav,3.0,"XC134725-8035_ новочебоксарск, отчистные, 7-10, чайки тр, АА .MP3"
Black-headed_Gull,XC134725-8035_,38,data/processed/Black-headed_Gull/XC134725-8035__chunk038.wav,3.0,"XC134725-8035_ новочебоксарск, отчистные, 7-10, чайки тр, АА .MP3"
Black-headed_Gull,XC134725-8035_,39,data/processed/Black-headed_Gull/XC134725-8035__chunk039.wav,3.0,"XC134725-8035_ новочебоксарск, отчистные, 7-10, чайки тр, АА .MP3"
Black-headed_Gull,XC134725-8035_,40,data/processed/Black-headed_Gull/XC134725-8035__chunk040.wav,3.0,"XC134725-8035_ новочебоксарск, отчистные, 7-10, чайки тр, АА .MP3"
Black-headed_Gull,XC134725-8035_,41,data/processed/Black-headed_Gull/XC134725-8035__chunk041.wav,3.0,"XC134725-8035_ новочебоксарск, отчистные, 7-10, чайки тр, АА .MP3"
Black-headed_Gull,XC134725-8035_,42,data/processed/Black-headed_Gull/XC134725-8035__chunk042.wav,3.0,"XC134725-8035_ новочебоксарск, отчистные, 7-10, чайки тр, АА .MP3"
Black-headed_Gull,XC134725-8035_,43,data/processed/Black-headed_Gull/XC134725-8035__chunk043.wav,3.0,"XC134725-8035_ новочебоксарск, отчистные, 7-10, чайки тр, АА .MP3"
Black-headed_Gull,XC134725-8035_,44,data/processed/Black-headed_Gull/XC134725-8035__chunk044.wav,3.0,"XC134725-8035_ новочебоксарск, отчистные, 7-10, чайки тр, АА .MP3"
Black-headed_Gull,XC134725-8035_,45,data/processed/Black-headed_Gull/XC134725-8035__chunk045.wav,3.0,"XC134725-8035_ новочебоксарск, отчистные, 7-10, чайки тр, АА .MP3"
Black-headed_Gull,XC134725-8035_,46,data/processed/Black-headed_Gull/XC134725-8035__chunk046.wav,3.0,"XC134725-8035_ новочебоксарск, отчистные, 7-10, чайки тр, АА .MP3"
Black-headed_Gull,XC134725-8035_,47,data/processed/Black-headed_Gull/XC134725-8035__chunk047.wav,3.0,"XC134725-8035_ новочебоксарск, отчистные, 7-10, чайки тр, АА .MP3"
Black-headed_Gull,XC134725-8035_,48,data/processed/Black-headed_Gull/XC134725-8035__chunk048.wav,3.0,"XC134725-8035_ новочебоксарск, отчистные, 7-10, чайки тр, АА .MP3"
Black-headed_Gull,XC134725-8035_,49,data/processed/Black-headed_Gull/XC134725-8035__chunk049.wav,3.0,"XC134725-8035_ новочебоксарск, отчистные, 7-10, чайки тр, АА .MP3"
Black-headed_Gull,XC134725-8035_,50,data/processed/Black-headed_Gull/XC134725-8035__chunk050.wav,3.0,"XC134725-8035_ новочебоксарск, отчистные, 7-10, чайки тр, АА .MP3"
Black-headed_Gull,XC134725-8035_,51,data/processed/Black-headed_Gull/XC134725-8035__chunk051.wav,3.0,"XC134725-8035_ новочебоксарск, отчистные, 7-10, чайки тр, АА .MP3"
Black-headed_Gull,XC134725-8035_,52,data/processed/Black-headed_Gull/XC134725-8035__chunk052.wav,3.0,"XC134725-8035_ новочебоксарск, отчистные, 7-10, чайки тр, АА .MP3"
Black-headed_Gull,XC134725-8035_,53,data/processed/Black-headed_Gull/XC134725-8035__chunk053.wav,3.0,"XC134725-8035_ новочебоксарск, отчистные, 7-10, чайки тр, АА .MP3"
Black-headed_Gull,XC134725-8035_,54,data/processed/Black-headed_Gull/XC134725-8035__chunk054.wav,3.0,"XC134725-8035_ новочебоксарск, отчистные, 7-10, чайки тр, АА .MP3"
Black-headed_Gull,XC134725-8035_,55,data/processed/Black-headed_Gull/XC134725-8035__chunk055.wav,3.0,"XC134725-8035_ новочебоксарск, отчистные, 7-10, чайки тр, АА .MP3"
Black-headed_Gull,XC134725-8035_,56,data/processed/Black-headed_Gull/XC134725-8035__chunk056.wav,3.0,"XC134725-8035_ новочебоксарск, отчистные, 7-10, чайки тр, АА .MP3"
Black-headed_Gull,XC134725-8035_,57,data/processed/Black-headed_Gull/XC134725-8035__chunk057.wav,3.0,"XC134725-8035_ новочебоксарск, отчистные, 7-10, чайки тр, АА .MP3"
Black-headed_Gull,XC134725-8035_,58,data/processed/Black-headed_Gull/XC134725-8035__chunk058.wav,3.0,"XC134725-8035_ новочебоксарск, отчистные, 7-10, чайки тр, АА .MP3"
Black-headed_Gull,XC134725-8035_,59,data/processed/Black-headed_Gull/XC134725-8035__chunk059.wav,3.0,"XC134725-8035_ новочебоксарск, отчистные, 7-10, чайки тр, АА .MP3"
Black-headed_Gull,XC134725-8035_,60,data/processed/Black-headed_Gull/XC134725-8035__chunk060.wav,3.0,"XC134725-8035_ новочебоксарск, отчистные, 7-10, чайки тр, АА .MP3"
Black-headed_Gull,XC134725-8035_,61,data/processed/Black-headed_Gull/XC134725-8035__chunk061.wav,3.0,"XC134725-8035_ новочебоксарск, отчистные, 7-10, чайки тр, АА .MP3"
Black-headed_Gull,XC134725-8035_,62,data/processed/Black-headed_Gull/XC134725-8035__chunk062.wav,3.0,"XC134725-8035_ новочебоксарск, отчистные, 7-10, чайки тр, АА .MP3"
Black-headed_Gull,XC134725-8035_,63,data/processed/Black-headed_Gull/XC134725-8035__chunk063.wav,3.0,"XC134725-8035_ новочебоксарск, отчистные, 7-10, чайки тр, АА .MP3"
Black-headed_Gull,XC134725-8035_,64,data/processed/Black-headed_Gull/XC134725-8035__chunk064.wav,3.0,"XC134725-8035_ новочебоксарск, отчистные, 7-10, чайки тр, АА .MP3"
Black-headed_Gull,XC134725-8035_,65,data/processed/Black-headed_Gull/XC134725-8035__chunk065.wav,3.0,"XC134725-8035_ новочебоксарск, отчистные, 7-10, чайки тр, АА .MP3"
Black-headed_Gull,XC134726-8037_,0,data/processed/Black-headed_Gull/XC134726-8037__chunk000.wav,3.0,"XC134726-8037_ новочебоксарск, отчистные, 7-10, чайка тр, АА .MP3"
Black-headed_Gull,XC134726-8037_,1,data/processed/Black-headed_Gull/XC134726-8037__chunk001.wav,3.0,"XC134726-8037_ новочебоксарск, отчистные, 7-10, чайка тр, АА .MP3"
Black-headed_Gull,XC134726-8037_,2,data/processed/Black-headed_Gull/XC134726-8037__chunk002.wav,3.0,"XC134726-8037_ новочебоксарск, отчистные, 7-10, чайка тр, АА .MP3"
Black-headed_Gull,XC134726-8037_,3,data/processed/Black-headed_Gull/XC134726-8037__chunk003.wav,3.0,"XC134726-8037_ новочебоксарск, отчистные, 7-10, чайка тр, АА .MP3"
Black-headed_Gull,XC134726-8037_,4,data/processed/Black-headed_Gull/XC134726-8037__chunk004.wav,3.0,"XC134726-8037_ новочебоксарск, отчистные, 7-10, чайка тр, АА .MP3"
Black-headed_Gull,XC134726-8037_,5,data/processed/Black-headed_Gull/XC134726-8037__chunk005.wav,3.0,"XC134726-8037_ новочебоксарск, отчистные, 7-10, чайка тр, АА .MP3"
Black-headed_Gull,XC134726-8037_,6,data/processed/Black-headed_Gull/XC134726-8037__chunk006.wav,3.0,"XC134726-8037_ новочебоксарск, отчистные, 7-10, чайка тр, АА .MP3"
Black-headed_Gull,XC134726-8037_,7,data/processed/Black-headed_Gull/XC134726-8037__chunk007.wav,3.0,"XC134726-8037_ новочебоксарск, отчистные, 7-10, чайка тр, АА .MP3"
Black-headed_Gull,XC134726-8037_,8,data/processed/Black-headed_Gull/XC134726-8037__chunk008.wav,3.0,"XC134726-8037_ новочебоксарск, отчистные, 7-10, чайка тр, АА .MP3"
Black-headed_Gull,XC134726-8037_,9,data/processed/Black-headed_Gull/XC134726-8037__chunk009.wav,3.0,"XC134726-8037_ новочебоксарск, отчистные, 7-10, чайка тр, АА .MP3"
Black-headed_Gull,XC134726-8037_,10,data/processed/Black-headed_Gull/XC134726-8037__chunk010.wav,3.0,"XC134726-8037_ новочебоксарск, отчистные, 7-10, чайка тр, АА .MP3"
Black-headed_Gull,XC134726-8037_,11,data/processed/Black-headed_Gull/XC134726-8037__chunk011.wav,3.0,"XC134726-8037_ новочебоксарск, отчистные, 7-10, чайка тр, АА .MP3"
Black-headed_Gull,XC134726-8037_,12,data/processed/Black-headed_Gull/XC134726-8037__chunk012.wav,3.0,"XC134726-8037_ новочебоксарск, отчистные, 7-10, чайка тр, АА .MP3"
Black-headed_Gull,XC134726-8037_,13,data/processed/Black-headed_Gull/XC134726-8037__chunk013.wav,3.0,"XC134726-8037_ новочебоксарск, отчистные, 7-10, чайка тр, АА .MP3"
Black-headed_Gull,XC134726-8037_,14,data/processed/Black-headed_Gull/XC134726-8037__chunk014.wav,3.0,"XC134726-8037_ новочебоксарск, отчистные, 7-10, чайка тр, АА .MP3"
Black-headed_Gull,XC134726-8037_,15,data/processed/Black-headed_Gull/XC134726-8037__chunk015.wav,3.0,"XC134726-8037_ новочебоксарск, отчистные, 7-10, чайка тр, АА .MP3"
Black-headed_Gull,XC134726-8037_,16,data/processed/Black-headed_Gull/XC134726-8037__chunk016.wav,3.0,"XC134726-8037_ новочебоксарск, отчистные, 7-10, чайка тр, АА .MP3"
Black-headed_Gull,XC134726-8037_,17,data/processed/Black-headed_Gull/XC134726-8037__chunk017.wav,3.0,"XC134726-8037_ новочебоксарск, отчистные, 7-10, чайка тр, АА .MP3"
Black-headed_Gull,XC134726-8037_,18,data/processed/Black-headed_Gull/XC134726-8037__chunk018.wav,3.0,"XC134726-8037_ новочебоксарск, отчистные, 7-10, чайка тр, АА .MP3"
Black-headed_Gull,XC134726-8037_,19,data/processed/Black-headed_Gull/XC134726-8037__chunk019.wav,3.0,"XC134726-8037_ новочебоксарск, отчистные, 7-10, чайка тр, АА .MP3"
Black-headed_Gull,XC134726-8037_,20,data/processed/Black-headed_Gull/XC134726-8037__chunk020.wav,3.0,"XC134726-8037_ новочебоксарск, отчистные, 7-10, чайка тр, АА .MP3"
Black-headed_Gull,XC134726-8037_,21,data/processed/Black-headed_Gull/XC134726-8037__chunk021.wav,3.0,"XC134726-8037_ новочебоксарск, отчистные, 7-10, чайка тр, АА .MP3"
Black-headed_Gull,XC134726-8037_,22,data/processed/Black-headed_Gull/XC134726-8037__chunk022.wav,3.0,"XC134726-8037_ новочебоксарск, отчистные, 7-10, чайка тр, АА .MP3"
Black-headed_Gull,XC134726-8037_,23,data/processed/Black-headed_Gull/XC134726-8037__chunk023.wav,3.0,"XC134726-8037_ новочебоксарск, отчистные, 7-10, чайка тр, АА .MP3"
Black-headed_Gull,XC134726-8037_,24,data/processed/Black-headed_Gull/XC134726-8037__chunk024.wav,3.0,"XC134726-8037_ новочебоксарск, отчистные, 7-10, чайка тр, АА .MP3"
Black-headed_Gull,XC134726-8037_,25,data/processed/Black-headed_Gull/XC134726-8037__chunk025.wav,3.0,"XC134726-8037_ новочебоксарск, отчистные, 7-10, чайка тр, АА .MP3"
Black-headed_Gull,XC134726-8037_,26,data/processed/Black-headed_Gull/XC134726-8037__chunk026.wav,3.0,"XC134726-8037_ новочебоксарск, отчистные, 7-10, чайка тр, АА .MP3"
Black-headed_Gull,XC134726-8037_,27,data/processed/Black-headed_Gull/XC134726-8037__chunk027.wav,3.0,"XC134726-8037_ новочебоксарск, отчистные, 7-10, чайка тр, АА .MP3"
Black-headed_Gull,XC134726-8037_,28,data/processed/Black-headed_Gull/XC134726-8037__chunk028.wav,3.0,"XC134726-8037_ новочебоксарск, отчистные, 7-10, чайка тр, АА .MP3"
Black-headed_Gull,XC134726-8037_,29,data/processed/Black-headed_Gull/XC134726-8037__chunk029.wav,3.0,"XC134726-8037_ новочебоксарск, отчистные, 7-10, чайка тр, АА .MP3"
Black-headed_Gull,XC134726-8037_,30,data/processed/Black-headed_Gull/XC134726-8037__chunk030.wav,3.0,"XC134726-8037_ новочебоксарск, отчистные, 7-10, чайка тр, АА .MP3"
Black-headed_Gull,XC134726-8037_,31,data/processed/Black-headed_Gull/XC134726-8037__chunk031.wav,3.0,"XC134726-8037_ новочебоксарск, отчистные, 7-10, чайка тр, АА .MP3"
Black-headed_Gull,XC134726-8037_,32,data/processed/Black-headed_Gull/XC134726-8037__chunk032.wav,3.0,"XC134726-8037_ новочебоксарск, отчистные, 7-10, чайка тр, АА .MP3"
Black-headed_Gull,XC134726-8037_,33,data/processed/Black-headed_Gull/XC134726-8037__chunk033.wav,3.0,"XC134726-8037_ новочебоксарск, отчистные, 7-10, чайка тр, АА .MP3"
Black-headed_Gull,XC134726-8037_,34,data/processed/Black-headed_Gull/XC134726-8037__chunk034.wav,3.0,"XC134726-8037_ новочебоксарск, отчистные, 7-10, чайка тр, АА .MP3"
Black-headed_Gull,XC134726-8037_,35,data/processed/Black-headed_Gull/XC134726-8037__chunk035.wav,3.0,"XC134726-8037_ новочебоксарск, отчистные, 7-10, чайка тр, АА .MP3"
Black-headed_Gull,XC134726-8037_,36,data/processed/Black-headed_Gull/XC134726-8037__chunk036.wav,3.0,"XC134726-8037_ новочебоксарск, отчистные, 7-10, чайка тр, АА .MP3"
Black-headed_Gull,XC134726-8037_,37,data/processed/Black-headed_Gull/XC134726-8037__chunk037.wav,3.0,"XC134726-8037_ новочебоксарск, отчистные, 7-10, чайка тр, АА .MP3"
Black-headed_Gull,XC134726-8037_,38,data/processed/Black-headed_Gull/XC134726-8037__chunk038.wav,3.0,"XC134726-8037_ новочебоксарск, отчистные, 7-10, чайка тр, АА .MP3"
Black-headed_Gull,XC134726-8037_,39,data/processed/Black-headed_Gull/XC134726-8037__chunk039.wav,3.0,"XC134726-8037_ новочебоксарск, отчистные, 7-10, чайка тр, АА .MP3"
Black-headed_Gull,XC134726-8037_,40,data/processed/Black-headed_Gull/XC134726-8037__chunk040.wav,3.0,"XC134726-8037_ новочебоксарск, отчистные, 7-10, чайка тр, АА .MP3"
Black-headed_Gull,XC134726-8037_,41,data/processed/Black-headed_Gull/XC134726-8037__chunk041.wav,3.0,"XC134726-8037_ новочебоксарск, отчистные, 7-10, чайка тр, АА .MP3"
Black-headed_Gull,XC134726-8037_,42,data/processed/Black-headed_Gull/XC134726-8037__chunk042.wav,3.0,"XC134726-8037_ новочебоксарск, отчистные, 7-10, чайка тр, АА .MP3"
Black-headed_Gull,XC134726-8037_,43,data/processed/Black-headed_Gull/XC134726-8037__chunk043.wav,3.0,"XC134726-8037_ новочебоксарск, отчистные, 7-10, чайка тр, АА .MP3"
Black-headed_Gull,XC134726-8037_,44,data/processed/Black-headed_Gull/XC134726-8037__chunk044.wav,3.0,"XC134726-8037_ новочебоксарск, отчистные, 7-10, чайка тр, АА .MP3"
Black-headed_Gull,XC134726-8037_,45,data/processed/Black-headed_Gull/XC134726-8037__chunk045.wav,3.0,"XC134726-8037_ новочебоксарск, отчистные, 7-10, чайка тр, АА .MP3"
Black-headed_Gull,XC134726-8037_,46,data/processed/Black-headed_Gull/XC134726-8037__chunk046.wav,3.0,"XC134726-8037_ новочебоксарск, отчистные, 7-10, чайка тр, АА .MP3"
Black-headed_Gull,XC134726-8037_,47,data/processed/Black-headed_Gull/XC134726-8037__chunk047.wav,3.0,"XC134726-8037_ новочебоксарск, отчистные, 7-10, чайка тр, АА .MP3"
Black-headed_Gull,XC134726-8037_,48,data/processed/Black-headed_Gull/XC134726-8037__chunk048.wav,3.0,"XC134726-8037_ новочебоксарск, отчистные, 7-10, чайка тр, АА .MP3"
Black-headed_Gull,XC134726-8037_,49,data/processed/Black-headed_Gull/XC134726-8037__chunk049.wav,3.0,"XC134726-8037_ новочебоксарск, отчистные, 7-10, чайка тр, АА .MP3"
Black-headed_Gull,XC134726-8037_,50,data/processed/Black-headed_Gull/XC134726-8037__chunk050.wav,3.0,"XC134726-8037_ новочебоксарск, отчистные, 7-10, чайка тр, АА .MP3"
Black-headed_Gull,XC134726-8037_,51,data/processed/Black-headed_Gull/XC134726-8037__chunk051.wav,3.0,"XC134726-8037_ новочебоксарск, отчистные, 7-10, чайка тр, АА .MP3"
Black-headed_Gull,XC134726-8037_,52,data/processed/Black-headed_Gull/XC134726-8037__chunk052.wav,3.0,"XC134726-8037_ новочебоксарск, отчистные, 7-10, чайка тр, АА .MP3"
Black-headed_Gull,XC134726-8037_,53,data/processed/Black-headed_Gull/XC134726-8037__chunk053.wav,3.0,"XC134726-8037_ новочебоксарск, отчистные, 7-10, чайка тр, АА .MP3"
Black-headed_Gull,XC134726-8037_,54,data/processed/Black-headed_Gull/XC134726-8037__chunk054.wav,3.0,"XC134726-8037_ новочебоксарск, отчистные, 7-10, чайка тр, АА .MP3"
Black-headed_Gull,XC134726-8037_,55,data/processed/Black-headed_Gull/XC134726-8037__chunk055.wav,3.0,"XC134726-8037_ новочебоксарск, отчистные, 7-10, чайка тр, АА .MP3"
Black-headed_Gull,XC134726-8037_,56,data/processed/Black-headed_Gull/XC134726-8037__chunk056.wav,3.0,"XC134726-8037_ новочебоксарск, отчистные, 7-10, чайка тр, АА .MP3"
Black-headed_Gull,XC134726-8037_,57,data/processed/Black-headed_Gull/XC134726-8037__chunk057.wav,3.0,"XC134726-8037_ новочебоксарск, отчистные, 7-10, чайка тр, АА .MP3"
Black-headed_Gull,XC134726-8037_,58,data/processed/Black-headed_Gull/XC134726-8037__chunk058.wav,3.0,"XC134726-8037_ новочебоксарск, отчистные, 7-10, чайка тр, АА .MP3"
Black-headed_Gull,XC134726-8037_,59,data/processed/Black-headed_Gull/XC134726-8037__chunk059.wav,3.0,"XC134726-8037_ новочебоксарск, отчистные, 7-10, чайка тр, АА .MP3"
Black-headed_Gull,XC134726-8037_,60,data/processed/Black-headed_Gull/XC134726-8037__chunk060.wav,3.0,"XC134726-8037_ новочебоксарск, отчистные, 7-10, чайка тр, АА .MP3"
Black-headed_Gull,XC134726-8037_,61,data/processed/Black-headed_Gull/XC134726-8037__chunk061.wav,3.0,"XC134726-8037_ новочебоксарск, отчистные, 7-10, чайка тр, АА .MP3"
Black-headed_Gull,XC134726-8037_,62,data/processed/Black-headed_Gull/XC134726-8037__chunk062.wav,3.0,"XC134726-8037_ новочебоксарск, отчистные, 7-10, чайка тр, АА .MP3"
Black-headed_Gull,XC134726-8037_,63,data/processed/Black-headed_Gull/XC134726-8037__chunk063.wav,3.0,"XC134726-8037_ новочебоксарск, отчистные, 7-10, чайка тр, АА .MP3"
Black-headed_Gull,XC134726-8037_,64,data/processed/Black-headed_Gull/XC134726-8037__chunk064.wav,3.0,"XC134726-8037_ новочебоксарск, отчистные, 7-10, чайка тр, АА .MP3"
Black-headed_Gull,XC134726-8037_,65,data/processed/Black-headed_Gull/XC134726-8037__chunk065.wav,3.0,"XC134726-8037_ новочебоксарск, отчистные, 7-10, чайка тр, АА .MP3"
Black-headed_Gull,XC134726-8037_,66,data/processed/Black-headed_Gull/XC134726-8037__chunk066.wav,3.0,"XC134726-8037_ новочебоксарск, отчистные, 7-10, чайка тр, АА .MP3"
Black-headed_Gull,XC134726-8037_,67,data/processed/Black-headed_Gull/XC134726-8037__chunk067.wav,3.0,"XC134726-8037_ новочебоксарск, отчистные, 7-10, чайка тр, АА .MP3"
Black-headed_Gull,XC134726-8037_,68,data/processed/Black-headed_Gull/XC134726-8037__chunk068.wav,3.0,"XC134726-8037_ новочебоксарск, отчистные, 7-10, чайка тр, АА .MP3"
Black-headed_Gull,XC134726-8037_,69,data/processed/Black-headed_Gull/XC134726-8037__chunk069.wav,3.0,"XC134726-8037_ новочебоксарск, отчистные, 7-10, чайка тр, АА .MP3"
Black-headed_Gull,XC134726-8037_,70,data/processed/Black-headed_Gull/XC134726-8037__chunk070.wav,3.0,"XC134726-8037_ новочебоксарск, отчистные, 7-10, чайка тр, АА .MP3"
Black-headed_Gull,XC134726-8037_,71,data/processed/Black-headed_Gull/XC134726-8037__chunk071.wav,3.0,"XC134726-8037_ новочебоксарск, отчистные, 7-10, чайка тр, АА .MP3"
Black-headed_Gull,XC134726-8037_,72,data/processed/Black-headed_Gull/XC134726-8037__chunk072.wav,3.0,"XC134726-8037_ новочебоксарск, отчистные, 7-10, чайка тр, АА .MP3"
Black-headed_Gull,XC134726-8037_,73,data/processed/Black-headed_Gull/XC134726-8037__chunk073.wav,3.0,"XC134726-8037_ новочебоксарск, отчистные, 7-10, чайка тр, АА .MP3"
Black-headed_Gull,XC134726-8037_,74,data/processed/Black-headed_Gull/XC134726-8037__chunk074.wav,3.0,"XC134726-8037_ новочебоксарск, отчистные, 7-10, чайка тр, АА .MP3"
Black-headed_Gull,XC134726-8037_,75,data/processed/Black-headed_Gull/XC134726-8037__chunk075.wav,3.0,"XC134726-8037_ новочебоксарск, отчистные, 7-10, чайка тр, АА .MP3"
Black-headed_Gull,XC134726-8037_,76,data/processed/Black-headed_Gull/XC134726-8037__chunk076.wav,3.0,"XC134726-8037_ новочебоксарск, отчистные, 7-10, чайка тр, АА .MP3"
Black-headed_Gull,XC134726-8037_,77,data/processed/Black-headed_Gull/XC134726-8037__chunk077.wav,3.0,"XC134726-8037_ новочебоксарск, отчистные, 7-10, чайка тр, АА .MP3"
Black-headed_Gull,XC141695-LachmoeweSielSpeicherkoogS4-7-13_21-46,0,data/processed/Black-headed_Gull/XC141695-LachmoeweSielSpeicherkoogS4-7-13_21-46_chunk000.wav,3.0,XC141695-LachmoeweSielSpeicherkoogS4-7-13_21-46.mp3
Black-headed_Gull,XC141695-LachmoeweSielSpeicherkoogS4-7-13_21-46,1,data/processed/Black-headed_Gull/XC141695-LachmoeweSielSpeicherkoogS4-7-13_21-46_chunk001.wav,3.0,XC141695-LachmoeweSielSpeicherkoogS4-7-13_21-46.mp3
Black-headed_Gull,XC141695-LachmoeweSielSpeicherkoogS4-7-13_21-46,2,data/processed/Black-headed_Gull/XC141695-LachmoeweSielSpeicherkoogS4-7-13_21-46_chunk002.wav,3.0,XC141695-LachmoeweSielSpeicherkoogS4-7-13_21-46.mp3
Black-headed_Gull,XC141695-LachmoeweSielSpeicherkoogS4-7-13_21-46,3,data/processed/Black-headed_Gull/XC141695-LachmoeweSielSpeicherkoogS4-7-13_21-46_chunk003.wav,3.0,XC141695-LachmoeweSielSpeicherkoogS4-7-13_21-46.mp3
Black-headed_Gull,XC141695-LachmoeweSielSpeicherkoogS4-7-13_21-46,4,data/processed/Black-headed_Gull/XC141695-LachmoeweSielSpeicherkoogS4-7-13_21-46_chunk004.wav,3.0,XC141695-LachmoeweSielSpeicherkoogS4-7-13_21-46.mp3
Black-headed_Gull,XC141695-LachmoeweSielSpeicherkoogS4-7-13_21-46,5,data/processed/Black-headed_Gull/XC141695-LachmoeweSielSpeicherkoogS4-7-13_21-46_chunk005.wav,3.0,XC141695-LachmoeweSielSpeicherkoogS4-7-13_21-46.mp3
Black-headed_Gull,XC141695-LachmoeweSielSpeicherkoogS4-7-13_21-46,6,data/processed/Black-headed_Gull/XC141695-LachmoeweSielSpeicherkoogS4-7-13_21-46_chunk006.wav,3.0,XC141695-LachmoeweSielSpeicherkoogS4-7-13_21-46.mp3
Black-headed_Gull,XC141695-LachmoeweSielSpeicherkoogS4-7-13_21-46,7,data/processed/Black-headed_Gull/XC141695-LachmoeweSielSpeicherkoogS4-7-13_21-46_chunk007.wav,3.0,XC141695-LachmoeweSielSpeicherkoogS4-7-13_21-46.mp3
Black-headed_Gull,XC141695-LachmoeweSielSpeicherkoogS4-7-13_21-46,8,data/processed/Black-headed_Gull/XC141695-LachmoeweSielSpeicherkoogS4-7-13_21-46_chunk008.wav,3.0,XC141695-LachmoeweSielSpeicherkoogS4-7-13_21-46.mp3
Black-headed_Gull,XC141695-LachmoeweSielSpeicherkoogS4-7-13_21-46,9,data/processed/Black-headed_Gull/XC141695-LachmoeweSielSpeicherkoogS4-7-13_21-46_chunk009.wav,3.0,XC141695-LachmoeweSielSpeicherkoogS4-7-13_21-46.mp3
Black-headed_Gull,XC141695-LachmoeweSielSpeicherkoogS4-7-13_21-46,10,data/processed/Black-headed_Gull/XC141695-LachmoeweSielSpeicherkoogS4-7-13_21-46_chunk010.wav,3.0,XC141695-LachmoeweSielSpeicherkoogS4-7-13_21-46.mp3
Black-headed_Gull,XC141695-LachmoeweSielSpeicherkoogS4-7-13_21-46,11,data/processed/Black-headed_Gull/XC141695-LachmoeweSielSpeicherkoogS4-7-13_21-46_chunk011.wav,3.0,XC141695-LachmoeweSielSpeicherkoogS4-7-13_21-46.mp3
Black-headed_Gull,XC141695-LachmoeweSielSpeicherkoogS4-7-13_21-46,12,data/processed/Black-headed_Gull/XC141695-LachmoeweSielSpeicherkoogS4-7-13_21-46_chunk012.wav,3.0,XC141695-LachmoeweSielSpeicherkoogS4-7-13_21-46.mp3
Black-headed_Gull,XC141695-LachmoeweSielSpeicherkoogS4-7-13_21-46,13,data/processed/Black-headed_Gull/XC141695-LachmoeweSielSpeicherkoogS4-7-13_21-46_chunk013.wav,3.0,XC141695-LachmoeweSielSpeicherkoogS4-7-13_21-46.mp3
Black-headed_Gull,XC141695-LachmoeweSielSpeicherkoogS4-7-13_21-46,14,data/processed/Black-headed_Gull/XC141695-LachmoeweSielSpeicherkoogS4-7-13_21-46_chunk014.wav,3.0,XC141695-LachmoeweSielSpeicherkoogS4-7-13_21-46.mp3
Black-headed_Gull,XC141695-LachmoeweSielSpeicherkoogS4-7-13_21-46,15,data/processed/Black-headed_Gull/XC141695-LachmoeweSielSpeicherkoogS4-7-13_21-46_chunk015.wav,3.0,XC141695-LachmoeweSielSpeicherkoogS4-7-13_21-46.mp3
Black-headed_Gull,XC141695-LachmoeweSielSpeicherkoogS4-7-13_21-46,16,data/processed/Black-headed_Gull/XC141695-LachmoeweSielSpeicherkoogS4-7-13_21-46_chunk016.wav,3.0,XC141695-LachmoeweSielSpeicherkoogS4-7-13_21-46.mp3
Black-headed_Gull,XC141695-LachmoeweSielSpeicherkoogS4-7-13_21-46,17,data/processed/Black-headed_Gull/XC141695-LachmoeweSielSpeicherkoogS4-7-13_21-46_chunk017.wav,3.0,XC141695-LachmoeweSielSpeicherkoogS4-7-13_21-46.mp3
Black-headed_Gull,XC141695-LachmoeweSielSpeicherkoogS4-7-13_21-46,18,data/processed/Black-headed_Gull/XC141695-LachmoeweSielSpeicherkoogS4-7-13_21-46_chunk018.wav,3.0,XC141695-LachmoeweSielSpeicherkoogS4-7-13_21-46.mp3
Black-headed_Gull,XC141695-LachmoeweSielSpeicherkoogS4-7-13_21-46,19,data/processed/Black-headed_Gull/XC141695-LachmoeweSielSpeicherkoogS4-7-13_21-46_chunk019.wav,3.0,XC141695-LachmoeweSielSpeicherkoogS4-7-13_21-46.mp3
Black-headed_Gull,XC141695-LachmoeweSielSpeicherkoogS4-7-13_21-46,20,data/processed/Black-headed_Gull/XC141695-LachmoeweSielSpeicherkoogS4-7-13_21-46_chunk020.wav,3.0,XC141695-LachmoeweSielSpeicherkoogS4-7-13_21-46.mp3
Black-headed_Gull,XC141695-LachmoeweSielSpeicherkoogS4-7-13_21-46,21,data/processed/Black-headed_Gull/XC141695-LachmoeweSielSpeicherkoogS4-7-13_21-46_chunk021.wav,3.0,XC141695-LachmoeweSielSpeicherkoogS4-7-13_21-46.mp3
Black-headed_Gull,XC141695-LachmoeweSielSpeicherkoogS4-7-13_21-46,22,data/processed/Black-headed_Gull/XC141695-LachmoeweSielSpeicherkoogS4-7-13_21-46_chunk022.wav,3.0,XC141695-LachmoeweSielSpeicherkoogS4-7-13_21-46.mp3
Black-headed_Gull,XC141695-LachmoeweSielSpeicherkoogS4-7-13_21-46,23,data/processed/Black-headed_Gull/XC141695-LachmoeweSielSpeicherkoogS4-7-13_21-46_chunk023.wav,3.0,XC141695-LachmoeweSielSpeicherkoogS4-7-13_21-46.mp3
Black-headed_Gull,XC141695-LachmoeweSielSpeicherkoogS4-7-13_21-46,24,data/processed/Black-headed_Gull/XC141695-LachmoeweSielSpeicherkoogS4-7-13_21-46_chunk024.wav,3.0,XC141695-LachmoeweSielSpeicherkoogS4-7-13_21-46.mp3
Black-headed_Gull,XC141695-LachmoeweSielSpeicherkoogS4-7-13_21-46,25,data/processed/Black-headed_Gull/XC141695-LachmoeweSielSpeicherkoogS4-7-13_21-46_chunk025.wav,3.0,XC141695-LachmoeweSielSpeicherkoogS4-7-13_21-46.mp3
Black-headed_Gull,XC141695-LachmoeweSielSpeicherkoogS4-7-13_21-46,26,data/processed/Black-headed_Gull/XC141695-LachmoeweSielSpeicherkoogS4-7-13_21-46_chunk026.wav,3.0,XC141695-LachmoeweSielSpeicherkoogS4-7-13_21-46.mp3
Black-headed_Gull,XC141695-LachmoeweSielSpeicherkoogS4-7-13_21-46,27,data/processed/Black-headed_Gull/XC141695-LachmoeweSielSpeicherkoogS4-7-13_21-46_chunk027.wav,3.0,XC141695-LachmoeweSielSpeicherkoogS4-7-13_21-46.mp3
Black-headed_Gull,XC141695-LachmoeweSielSpeicherkoogS4-7-13_21-46,28,data/processed/Black-headed_Gull/XC141695-LachmoeweSielSpeicherkoogS4-7-13_21-46_chunk028.wav,3.0,XC141695-LachmoeweSielSpeicherkoogS4-7-13_21-46.mp3
Black-headed_Gull,XC141695-LachmoeweSielSpeicherkoogS4-7-13_21-46,29,data/processed/Black-headed_Gull/XC141695-LachmoeweSielSpeicherkoogS4-7-13_21-46_chunk029.wav,3.0,XC141695-LachmoeweSielSpeicherkoogS4-7-13_21-46.mp3
Black-headed_Gull,XC141695-LachmoeweSielSpeicherkoogS4-7-13_21-46,30,data/processed/Black-headed_Gull/XC141695-LachmoeweSielSpeicherkoogS4-7-13_21-46_chunk030.wav,3.0,XC141695-LachmoeweSielSpeicherkoogS4-7-13_21-46.mp3
Black-headed_Gull,XC141695-LachmoeweSielSpeicherkoogS4-7-13_21-46,31,data/processed/Black-headed_Gull/XC141695-LachmoeweSielSpeicherkoogS4-7-13_21-46_chunk031.wav,3.0,XC141695-LachmoeweSielSpeicherkoogS4-7-13_21-46.mp3
Black-headed_Gull,XC141695-LachmoeweSielSpeicherkoogS4-7-13_21-46,32,data/processed/Black-headed_Gull/XC141695-LachmoeweSielSpeicherkoogS4-7-13_21-46_chunk032.wav,3.0,XC141695-LachmoeweSielSpeicherkoogS4-7-13_21-46.mp3
Black-headed_Gull,XC141695-LachmoeweSielSpeicherkoogS4-7-13_21-46,33,data/processed/Black-headed_Gull/XC141695-LachmoeweSielSpeicherkoogS4-7-13_21-46_chunk033.wav,3.0,XC141695-LachmoeweSielSpeicherkoogS4-7-13_21-46.mp3
Black-headed_Gull,XC143033-LachmoeweNeufeld18-7-13_7-32,0,data/processed/Black-headed_Gull/XC143033-LachmoeweNeufeld18-7-13_7-32_chunk000.wav,3.0,XC143033-LachmoeweNeufeld18-7-13_7-32.mp3
Black-headed_Gull,XC143033-LachmoeweNeufeld18-7-13_7-32,1,data/processed/Black-headed_Gull/XC143033-LachmoeweNeufeld18-7-13_7-32_chunk001.wav,3.0,XC143033-LachmoeweNeufeld18-7-13_7-32.mp3
Black-headed_Gull,XC143033-LachmoeweNeufeld18-7-13_7-32,2,data/processed/Black-headed_Gull/XC143033-LachmoeweNeufeld18-7-13_7-32_chunk002.wav,3.0,XC143033-LachmoeweNeufeld18-7-13_7-32.mp3
Black-headed_Gull,XC143033-LachmoeweNeufeld18-7-13_7-32,3,data/processed/Black-headed_Gull/XC143033-LachmoeweNeufeld18-7-13_7-32_chunk003.wav,3.0,XC143033-LachmoeweNeufeld18-7-13_7-32.mp3
Black-headed_Gull,XC143033-LachmoeweNeufeld18-7-13_7-32,4,data/processed/Black-headed_Gull/XC143033-LachmoeweNeufeld18-7-13_7-32_chunk004.wav,3.0,XC143033-LachmoeweNeufeld18-7-13_7-32.mp3
Black-headed_Gull,XC143033-LachmoeweNeufeld18-7-13_7-32,5,data/processed/Black-headed_Gull/XC143033-LachmoeweNeufeld18-7-13_7-32_chunk005.wav,3.0,XC143033-LachmoeweNeufeld18-7-13_7-32.mp3
Black-headed_Gull,XC143033-LachmoeweNeufeld18-7-13_7-32,6,data/processed/Black-headed_Gull/XC143033-LachmoeweNeufeld18-7-13_7-32_chunk006.wav,3.0,XC143033-LachmoeweNeufeld18-7-13_7-32.mp3
Black-headed_Gull,XC143033-LachmoeweNeufeld18-7-13_7-32,7,data/processed/Black-headed_Gull/XC143033-LachmoeweNeufeld18-7-13_7-32_chunk007.wav,3.0,XC143033-LachmoeweNeufeld18-7-13_7-32.mp3
Black-headed_Gull,XC143033-LachmoeweNeufeld18-7-13_7-32,8,data/processed/Black-headed_Gull/XC143033-LachmoeweNeufeld18-7-13_7-32_chunk008.wav,3.0,XC143033-LachmoeweNeufeld18-7-13_7-32.mp3
Black-headed_Gull,XC143033-LachmoeweNeufeld18-7-13_7-32,9,data/processed/Black-headed_Gull/XC143033-LachmoeweNeufeld18-7-13_7-32_chunk009.wav,3.0,XC143033-LachmoeweNeufeld18-7-13_7-32.mp3
Black-headed_Gull,XC143033-LachmoeweNeufeld18-7-13_7-32,10,data/processed/Black-headed_Gull/XC143033-LachmoeweNeufeld18-7-13_7-32_chunk010.wav,3.0,XC143033-LachmoeweNeufeld18-7-13_7-32.mp3
Black-headed_Gull,XC143033-LachmoeweNeufeld18-7-13_7-32,11,data/processed/Black-headed_Gull/XC143033-LachmoeweNeufeld18-7-13_7-32_chunk011.wav,3.0,XC143033-LachmoeweNeufeld18-7-13_7-32.mp3
Black-headed_Gull,XC143033-LachmoeweNeufeld18-7-13_7-32,12,data/processed/Black-headed_Gull/XC143033-LachmoeweNeufeld18-7-13_7-32_chunk012.wav,3.0,XC143033-LachmoeweNeufeld18-7-13_7-32.mp3
Black-headed_Gull,XC143033-LachmoeweNeufeld18-7-13_7-32,13,data/processed/Black-headed_Gull/XC143033-LachmoeweNeufeld18-7-13_7-32_chunk013.wav,3.0,XC143033-LachmoeweNeufeld18-7-13_7-32.mp3
Black-headed_Gull,XC154701-Kok_Zog_131117-03_xc,0,data/processed/Black-headed_Gull/XC154701-Kok_Zog_131117-03_xc_chunk000.wav,3.0,XC154701-Kok_Zog_131117-03_xc.mp3
Black-headed_Gull,XC154701-Kok_Zog_131117-03_xc,1,data/processed/Black-headed_Gull/XC154701-Kok_Zog_131117-03_xc_chunk001.wav,3.0,XC154701-Kok_Zog_131117-03_xc.mp3
Black-headed_Gull,XC154701-Kok_Zog_131117-03_xc,2,data/processed/Black-headed_Gull/XC154701-Kok_Zog_131117-03_xc_chunk002.wav,3.0,XC154701-Kok_Zog_131117-03_xc.mp3
Black-headed_Gull,XC154701-Kok_Zog_131117-03_xc,3,data/processed/Black-headed_Gull/XC154701-Kok_Zog_131117-03_xc_chunk003.wav,3.0,XC154701-Kok_Zog_131117-03_xc.mp3
Black-headed_Gull,XC154701-Kok_Zog_131117-03_xc,4,data/processed/Black-headed_Gull/XC154701-Kok_Zog_131117-03_xc_chunk004.wav,3.0,XC154701-Kok_Zog_131117-03_xc.mp3
Black-headed_Gull,XC154701-Kok_Zog_131117-03_xc,5,data/processed/Black-headed_Gull/XC154701-Kok_Zog_131117-03_xc_chunk005.wav,3.0,XC154701-Kok_Zog_131117-03_xc.mp3
Black-headed_Gull,XC154701-Kok_Zog_131117-03_xc,6,data/processed/Black-headed_Gull/XC154701-Kok_Zog_131117-03_xc_chunk006.wav,3.0,XC154701-Kok_Zog_131117-03_xc.mp3
Black-headed_Gull,XC154701-Kok_Zog_131117-03_xc,7,data/processed/Black-headed_Gull/XC154701-Kok_Zog_131117-03_xc_chunk007.wav,3.0,XC154701-Kok_Zog_131117-03_xc.mp3
Black-headed_Gull,XC154701-Kok_Zog_131117-03_xc,8,data/processed/Black-headed_Gull/XC154701-Kok_Zog_131117-03_xc_chunk008.wav,3.0,XC154701-Kok_Zog_131117-03_xc.mp3
Black-headed_Gull,XC154701-Kok_Zog_131117-03_xc,9,data/processed/Black-headed_Gull/XC154701-Kok_Zog_131117-03_xc_chunk009.wav,3.0,XC154701-Kok_Zog_131117-03_xc.mp3
Black-headed_Gull,XC154701-Kok_Zog_131117-03_xc,10,data/processed/Black-headed_Gull/XC154701-Kok_Zog_131117-03_xc_chunk010.wav,3.0,XC154701-Kok_Zog_131117-03_xc.mp3
Black-headed_Gull,XC154701-Kok_Zog_131117-03_xc,11,data/processed/Black-headed_Gull/XC154701-Kok_Zog_131117-03_xc_chunk011.wav,3.0,XC154701-Kok_Zog_131117-03_xc.mp3
Black-headed_Gull,XC154701-Kok_Zog_131117-03_xc,12,data/processed/Black-headed_Gull/XC154701-Kok_Zog_131117-03_xc_chunk012.wav,3.0,XC154701-Kok_Zog_131117-03_xc.mp3
Black-headed_Gull,XC154701-Kok_Zog_131117-03_xc,13,data/processed/Black-headed_Gull/XC154701-Kok_Zog_131117-03_xc_chunk013.wav,3.0,XC154701-Kok_Zog_131117-03_xc.mp3
Black-headed_Gull,XC154701-Kok_Zog_131117-03_xc,14,data/processed/Black-headed_Gull/XC154701-Kok_Zog_131117-03_xc_chunk014.wav,3.0,XC154701-Kok_Zog_131117-03_xc.mp3
Black-headed_Gull,XC154701-Kok_Zog_131117-03_xc,15,data/processed/Black-headed_Gull/XC154701-Kok_Zog_131117-03_xc_chunk015.wav,3.0,XC154701-Kok_Zog_131117-03_xc.mp3
Black-headed_Gull,XC154701-Kok_Zog_131117-03_xc,16,data/processed/Black-headed_Gull/XC154701-Kok_Zog_131117-03_xc_chunk016.wav,3.0,XC154701-Kok_Zog_131117-03_xc.mp3
Black-headed_Gull,XC154701-Kok_Zog_131117-03_xc,17,data/processed/Black-headed_Gull/XC154701-Kok_Zog_131117-03_xc_chunk017.wav,3.0,XC154701-Kok_Zog_131117-03_xc.mp3
Black-headed_Gull,XC154701-Kok_Zog_131117-03_xc,18,data/processed/Black-headed_Gull/XC154701-Kok_Zog_131117-03_xc_chunk018.wav,3.0,XC154701-Kok_Zog_131117-03_xc.mp3
Black-headed_Gull,XC154701-Kok_Zog_131117-03_xc,19,data/processed/Black-headed_Gull/XC154701-Kok_Zog_131117-03_xc_chunk019.wav,3.0,XC154701-Kok_Zog_131117-03_xc.mp3
Black-headed_Gull,XC154701-Kok_Zog_131117-03_xc,20,data/processed/Black-headed_Gull/XC154701-Kok_Zog_131117-03_xc_chunk020.wav,3.0,XC154701-Kok_Zog_131117-03_xc.mp3
Black-headed_Gull,XC154701-Kok_Zog_131117-03_xc,21,data/processed/Black-headed_Gull/XC154701-Kok_Zog_131117-03_xc_chunk021.wav,3.0,XC154701-Kok_Zog_131117-03_xc.mp3
Black-headed_Gull,XC154701-Kok_Zog_131117-03_xc,22,data/processed/Black-headed_Gull/XC154701-Kok_Zog_131117-03_xc_chunk022.wav,3.0,XC154701-Kok_Zog_131117-03_xc.mp3
Black-headed_Gull,XC154701-Kok_Zog_131117-03_xc,23,data/processed/Black-headed_Gull/XC154701-Kok_Zog_131117-03_xc_chunk023.wav,3.0,XC154701-Kok_Zog_131117-03_xc.mp3
Black-headed_Gull,XC154701-Kok_Zog_131117-03_xc,24,data/processed/Black-headed_Gull/XC154701-Kok_Zog_131117-03_xc_chunk024.wav,3.0,XC154701-Kok_Zog_131117-03_xc.mp3
Black-headed_Gull,XC154701-Kok_Zog_131117-03_xc,25,data/processed/Black-headed_Gull/XC154701-Kok_Zog_131117-03_xc_chunk025.wav,3.0,XC154701-Kok_Zog_131117-03_xc.mp3
Black-headed_Gull,XC154701-Kok_Zog_131117-03_xc,26,data/processed/Black-headed_Gull/XC154701-Kok_Zog_131117-03_xc_chunk026.wav,3.0,XC154701-Kok_Zog_131117-03_xc.mp3
Black-headed_Gull,XC154701-Kok_Zog_131117-03_xc,27,data/processed/Black-headed_Gull/XC154701-Kok_Zog_131117-03_xc_chunk027.wav,3.0,XC154701-Kok_Zog_131117-03_xc.mp3
Black-headed_Gull,XC154701-Kok_Zog_131117-03_xc,28,data/processed/Black-headed_Gull/XC154701-Kok_Zog_131117-03_xc_chunk028.wav,3.0,XC154701-Kok_Zog_131117-03_xc.mp3
Black-headed_Gull,XC154701-Kok_Zog_131117-03_xc,29,data/processed/Black-headed_Gull/XC154701-Kok_Zog_131117-03_xc_chunk029.wav,3.0,XC154701-Kok_Zog_131117-03_xc.mp3
Black-headed_Gull,XC154701-Kok_Zog_131117-03_xc,30,data/processed/Black-headed_Gull/XC154701-Kok_Zog_131117-03_xc_chunk030.wav,3.0,XC154701-Kok_Zog_131117-03_xc.mp3
Black-headed_Gull,XC154701-Kok_Zog_131117-03_xc,31,data/processed/Black-headed_Gull/XC154701-Kok_Zog_131117-03_xc_chunk031.wav,3.0,XC154701-Kok_Zog_131117-03_xc.mp3
Black-headed_Gull,XC154701-Kok_Zog_131117-03_xc,32,data/processed/Black-headed_Gull/XC154701-Kok_Zog_131117-03_xc_chunk032.wav,3.0,XC154701-Kok_Zog_131117-03_xc.mp3
Black-headed_Gull,XC154701-Kok_Zog_131117-03_xc,33,data/processed/Black-headed_Gull/XC154701-Kok_Zog_131117-03_xc_chunk033.wav,3.0,XC154701-Kok_Zog_131117-03_xc.mp3
Black-headed_Gull,XC154701-Kok_Zog_131117-03_xc,34,data/processed/Black-headed_Gull/XC154701-Kok_Zog_131117-03_xc_chunk034.wav,3.0,XC154701-Kok_Zog_131117-03_xc.mp3
Black-headed_Gull,XC154701-Kok_Zog_131117-03_xc,35,data/processed/Black-headed_Gull/XC154701-Kok_Zog_131117-03_xc_chunk035.wav,3.0,XC154701-Kok_Zog_131117-03_xc.mp3
Black-headed_Gull,XC154701-Kok_Zog_131117-03_xc,36,data/processed/Black-headed_Gull/XC154701-Kok_Zog_131117-03_xc_chunk036.wav,3.0,XC154701-Kok_Zog_131117-03_xc.mp3
Black-headed_Gull,XC154701-Kok_Zog_131117-03_xc,37,data/processed/Black-headed_Gull/XC154701-Kok_Zog_131117-03_xc_chunk037.wav,3.0,XC154701-Kok_Zog_131117-03_xc.mp3
Black-headed_Gull,XC154701-Kok_Zog_131117-03_xc,38,data/processed/Black-headed_Gull/XC154701-Kok_Zog_131117-03_xc_chunk038.wav,3.0,XC154701-Kok_Zog_131117-03_xc.mp3
Black-headed_Gull,XC154701-Kok_Zog_131117-03_xc,39,data/processed/Black-headed_Gull/XC154701-Kok_Zog_131117-03_xc_chunk039.wav,3.0,XC154701-Kok_Zog_131117-03_xc.mp3
Black-headed_Gull,XC154701-Kok_Zog_131117-03_xc,40,data/processed/Black-headed_Gull/XC154701-Kok_Zog_131117-03_xc_chunk040.wav,3.0,XC154701-Kok_Zog_131117-03_xc.mp3
Black-headed_Gull,XC154701-Kok_Zog_131117-03_xc,41,data/processed/Black-headed_Gull/XC154701-Kok_Zog_131117-03_xc_chunk041.wav,3.0,XC154701-Kok_Zog_131117-03_xc.mp3
Black-headed_Gull,XC154701-Kok_Zog_131117-03_xc,42,data/processed/Black-headed_Gull/XC154701-Kok_Zog_131117-03_xc_chunk042.wav,3.0,XC154701-Kok_Zog_131117-03_xc.mp3
Black-headed_Gull,XC154701-Kok_Zog_131117-03_xc,43,data/processed/Black-headed_Gull/XC154701-Kok_Zog_131117-03_xc_chunk043.wav,3.0,XC154701-Kok_Zog_131117-03_xc.mp3
Black-headed_Gull,XC154701-Kok_Zog_131117-03_xc,44,data/processed/Black-headed_Gull/XC154701-Kok_Zog_131117-03_xc_chunk044.wav,3.0,XC154701-Kok_Zog_131117-03_xc.mp3
Black-headed_Gull,XC154701-Kok_Zog_131117-03_xc,45,data/processed/Black-headed_Gull/XC154701-Kok_Zog_131117-03_xc_chunk045.wav,3.0,XC154701-Kok_Zog_131117-03_xc.mp3
Black-headed_Gull,XC154701-Kok_Zog_131117-03_xc,46,data/processed/Black-headed_Gull/XC154701-Kok_Zog_131117-03_xc_chunk046.wav,3.0,XC154701-Kok_Zog_131117-03_xc.mp3
Black-headed_Gull,XC154701-Kok_Zog_131117-03_xc,47,data/processed/Black-headed_Gull/XC154701-Kok_Zog_131117-03_xc_chunk047.wav,3.0,XC154701-Kok_Zog_131117-03_xc.mp3
Black-headed_Gull,XC154701-Kok_Zog_131117-03_xc,48,data/processed/Black-headed_Gull/XC154701-Kok_Zog_131117-03_xc_chunk048.wav,3.0,XC154701-Kok_Zog_131117-03_xc.mp3
Black-headed_Gull,XC154701-Kok_Zog_131117-03_xc,49,data/processed/Black-headed_Gull/XC154701-Kok_Zog_131117-03_xc_chunk049.wav,3.0,XC154701-Kok_Zog_131117-03_xc.mp3
Black-headed_Gull,XC154701-Kok_Zog_131117-03_xc,50,data/processed/Black-headed_Gull/XC154701-Kok_Zog_131117-03_xc_chunk050.wav,3.0,XC154701-Kok_Zog_131117-03_xc.mp3
Black-headed_Gull,XC154701-Kok_Zog_131117-03_xc,51,data/processed/Black-headed_Gull/XC154701-Kok_Zog_131117-03_xc_chunk051.wav,3.0,XC154701-Kok_Zog_131117-03_xc.mp3
Black-headed_Gull,XC154701-Kok_Zog_131117-03_xc,52,data/processed/Black-headed_Gull/XC154701-Kok_Zog_131117-03_xc_chunk052.wav,3.0,XC154701-Kok_Zog_131117-03_xc.mp3
Black-headed_Gull,XC154701-Kok_Zog_131117-03_xc,53,data/processed/Black-headed_Gull/XC154701-Kok_Zog_131117-03_xc_chunk053.wav,3.0,XC154701-Kok_Zog_131117-03_xc.mp3
Black-headed_Gull,XC154701-Kok_Zog_131117-03_xc,54,data/processed/Black-headed_Gull/XC154701-Kok_Zog_131117-03_xc_chunk054.wav,3.0,XC154701-Kok_Zog_131117-03_xc.mp3
Black-headed_Gull,XC154701-Kok_Zog_131117-03_xc,55,data/processed/Black-headed_Gull/XC154701-Kok_Zog_131117-03_xc_chunk055.wav,3.0,XC154701-Kok_Zog_131117-03_xc.mp3
Black-headed_Gull,XC154701-Kok_Zog_131117-03_xc,56,data/processed/Black-headed_Gull/XC154701-Kok_Zog_131117-03_xc_chunk056.wav,3.0,XC154701-Kok_Zog_131117-03_xc.mp3
Black-headed_Gull,XC154701-Kok_Zog_131117-03_xc,57,data/processed/Black-headed_Gull/XC154701-Kok_Zog_131117-03_xc_chunk057.wav,3.0,XC154701-Kok_Zog_131117-03_xc.mp3
Black-headed_Gull,XC154701-Kok_Zog_131117-03_xc,58,data/processed/Black-headed_Gull/XC154701-Kok_Zog_131117-03_xc_chunk058.wav,3.0,XC154701-Kok_Zog_131117-03_xc.mp3
Black-headed_Gull,XC168338-chroicocephalusridibundus_hel_28.02.2014_1,0,data/processed/Black-headed_Gull/XC168338-chroicocephalusridibundus_hel_28.02.2014_1_chunk000.wav,3.0,XC168338-chroicocephalusridibundus_hel_28.02.2014_1.mp3
Black-headed_Gull,XC168338-chroicocephalusridibundus_hel_28.02.2014_1,1,data/processed/Black-headed_Gull/XC168338-chroicocephalusridibundus_hel_28.02.2014_1_chunk001.wav,3.0,XC168338-chroicocephalusridibundus_hel_28.02.2014_1.mp3
Black-headed_Gull,XC168338-chroicocephalusridibundus_hel_28.02.2014_1,2,data/processed/Black-headed_Gull/XC168338-chroicocephalusridibundus_hel_28.02.2014_1_chunk002.wav,3.0,XC168338-chroicocephalusridibundus_hel_28.02.2014_1.mp3
Black-headed_Gull,XC168338-chroicocephalusridibundus_hel_28.02.2014_1,3,data/processed/Black-headed_Gull/XC168338-chroicocephalusridibundus_hel_28.02.2014_1_chunk003.wav,3.0,XC168338-chroicocephalusridibundus_hel_28.02.2014_1.mp3
Black-headed_Gull,XC168339-chroicocephalusridibundus_hel_28.02.2014_2,0,data/processed/Black-headed_Gull/XC168339-chroicocephalusridibundus_hel_28.02.2014_2_chunk000.wav,3.0,XC168339-chroicocephalusridibundus_hel_28.02.2014_2.mp3
Black-headed_Gull,XC168339-chroicocephalusridibundus_hel_28.02.2014_2,1,data/processed/Black-headed_Gull/XC168339-chroicocephalusridibundus_hel_28.02.2014_2_chunk001.wav,3.0,XC168339-chroicocephalusridibundus_hel_28.02.2014_2.mp3
Black-headed_Gull,XC168339-chroicocephalusridibundus_hel_28.02.2014_2,2,data/processed/Black-headed_Gull/XC168339-chroicocephalusridibundus_hel_28.02.2014_2_chunk002.wav,3.0,XC168339-chroicocephalusridibundus_hel_28.02.2014_2.mp3
Black-headed_Gull,XC168339-chroicocephalusridibundus_hel_28.02.2014_2,3,data/processed/Black-headed_Gull/XC168339-chroicocephalusridibundus_hel_28.02.2014_2_chunk003.wav,3.0,XC168339-chroicocephalusridibundus_hel_28.02.2014_2.mp3
Black-headed_Gull,XC168339-chroicocephalusridibundus_hel_28.02.2014_2,4,data/processed/Black-headed_Gull/XC168339-chroicocephalusridibundus_hel_28.02.2014_2_chunk004.wav,3.0,XC168339-chroicocephalusridibundus_hel_28.02.2014_2.mp3
Black-headed_Gull,XC168339-chroicocephalusridibundus_hel_28.02.2014_2,5,data/processed/Black-headed_Gull/XC168339-chroicocephalusridibundus_hel_28.02.2014_2_chunk005.wav,3.0,XC168339-chroicocephalusridibundus_hel_28.02.2014_2.mp3
Black-headed_Gull,XC168339-chroicocephalusridibundus_hel_28.02.2014_2,6,data/processed/Black-headed_Gull/XC168339-chroicocephalusridibundus_hel_28.02.2014_2_chunk006.wav,3.0,XC168339-chroicocephalusridibundus_hel_28.02.2014_2.mp3
Black-headed_Gull,XC168339-chroicocephalusridibundus_hel_28.02.2014_2,7,data/processed/Black-headed_Gull/XC168339-chroicocephalusridibundus_hel_28.02.2014_2_chunk007.wav,3.0,XC168339-chroicocephalusridibundus_hel_28.02.2014_2.mp3
Black-headed_Gull,XC168339-chroicocephalusridibundus_hel_28.02.2014_2,8,data/processed/Black-headed_Gull/XC168339-chroicocephalusridibundus_hel_28.02.2014_2_chunk008.wav,3.0,XC168339-chroicocephalusridibundus_hel_28.02.2014_2.mp3
Black-headed_Gull,XC168339-chroicocephalusridibundus_hel_28.02.2014_2,9,data/processed/Black-headed_Gull/XC168339-chroicocephalusridibundus_hel_28.02.2014_2_chunk009.wav,3.0,XC168339-chroicocephalusridibundus_hel_28.02.2014_2.mp3
Black-headed_Gull,XC168339-chroicocephalusridibundus_hel_28.02.2014_2,10,data/processed/Black-headed_Gull/XC168339-chroicocephalusridibundus_hel_28.02.2014_2_chunk010.wav,3.0,XC168339-chroicocephalusridibundus_hel_28.02.2014_2.mp3
Black-headed_Gull,XC168339-chroicocephalusridibundus_hel_28.02.2014_2,11,data/processed/Black-headed_Gull/XC168339-chroicocephalusridibundus_hel_28.02.2014_2_chunk011.wav,3.0,XC168339-chroicocephalusridibundus_hel_28.02.2014_2.mp3
Black-headed_Gull,XC168339-chroicocephalusridibundus_hel_28.02.2014_2,12,data/processed/Black-headed_Gull/XC168339-chroicocephalusridibundus_hel_28.02.2014_2_chunk012.wav,3.0,XC168339-chroicocephalusridibundus_hel_28.02.2014_2.mp3
Black-headed_Gull,XC168339-chroicocephalusridibundus_hel_28.02.2014_2,13,data/processed/Black-headed_Gull/XC168339-chroicocephalusridibundus_hel_28.02.2014_2_chunk013.wav,3.0,XC168339-chroicocephalusridibundus_hel_28.02.2014_2.mp3
Black-headed_Gull,XC168339-chroicocephalusridibundus_hel_28.02.2014_2,14,data/processed/Black-headed_Gull/XC168339-chroicocephalusridibundus_hel_28.02.2014_2_chunk014.wav,3.0,XC168339-chroicocephalusridibundus_hel_28.02.2014_2.mp3
Black-headed_Gull,XC168339-chroicocephalusridibundus_hel_28.02.2014_2,15,data/processed/Black-headed_Gull/XC168339-chroicocephalusridibundus_hel_28.02.2014_2_chunk015.wav,3.0,XC168339-chroicocephalusridibundus_hel_28.02.2014_2.mp3
Black-headed_Gull,XC168339-chroicocephalusridibundus_hel_28.02.2014_2,16,data/processed/Black-headed_Gull/XC168339-chroicocephalusridibundus_hel_28.02.2014_2_chunk016.wav,3.0,XC168339-chroicocephalusridibundus_hel_28.02.2014_2.mp3
Black-headed_Gull,XC168339-chroicocephalusridibundus_hel_28.02.2014_2,17,data/processed/Black-headed_Gull/XC168339-chroicocephalusridibundus_hel_28.02.2014_2_chunk017.wav,3.0,XC168339-chroicocephalusridibundus_hel_28.02.2014_2.mp3
Black-headed_Gull,XC168339-chroicocephalusridibundus_hel_28.02.2014_2,18,data/processed/Black-headed_Gull/XC168339-chroicocephalusridibundus_hel_28.02.2014_2_chunk018.wav,3.0,XC168339-chroicocephalusridibundus_hel_28.02.2014_2.mp3
Black-headed_Gull,XC168339-chroicocephalusridibundus_hel_28.02.2014_2,19,data/processed/Black-headed_Gull/XC168339-chroicocephalusridibundus_hel_28.02.2014_2_chunk019.wav,3.0,XC168339-chroicocephalusridibundus_hel_28.02.2014_2.mp3
Black-headed_Gull,XC168339-chroicocephalusridibundus_hel_28.02.2014_2,20,data/processed/Black-headed_Gull/XC168339-chroicocephalusridibundus_hel_28.02.2014_2_chunk020.wav,3.0,XC168339-chroicocephalusridibundus_hel_28.02.2014_2.mp3
Black-headed_Gull,XC168339-chroicocephalusridibundus_hel_28.02.2014_2,21,data/processed/Black-headed_Gull/XC168339-chroicocephalusridibundus_hel_28.02.2014_2_chunk021.wav,3.0,XC168339-chroicocephalusridibundus_hel_28.02.2014_2.mp3
Black-headed_Gull,XC170594-chroicocephalus_ridibundus_objezierze_wielkopolskie_22.03.2014_1149,0,data/processed/Black-headed_Gull/XC170594-chroicocephalus_ridibundus_objezierze_wielkopolskie_22.03.2014_1149_chunk000.wav,3.0,XC170594-chroicocephalus_ridibundus_objezierze_wielkopolskie_22.03.2014_1149.mp3
Black-headed_Gull,XC170594-chroicocephalus_ridibundus_objezierze_wielkopolskie_22.03.2014_1149,1,data/processed/Black-headed_Gull/XC170594-chroicocephalus_ridibundus_objezierze_wielkopolskie_22.03.2014_1149_chunk001.wav,3.0,XC170594-chroicocephalus_ridibundus_objezierze_wielkopolskie_22.03.2014_1149.mp3
Black-headed_Gull,XC171498-Black-headed,0,data/processed/Black-headed_Gull/XC171498-Black-headed_chunk000.wav,3.0,XC171498-Black-headed Gull.mp3
Black-headed_Gull,XC171498-Black-headed,1,data/processed/Black-headed_Gull/XC171498-Black-headed_chunk001.wav,3.0,XC171498-Black-headed Gull.mp3
Black-headed_Gull,XC171498-Black-headed,2,data/processed/Black-headed_Gull/XC171498-Black-headed_chunk002.wav,3.0,XC171498-Black-headed Gull.mp3
Black-headed_Gull,XC171498-Black-headed,3,data/processed/Black-headed_Gull/XC171498-Black-headed_chunk003.wav,3.0,XC171498-Black-headed Gull.mp3
Black-headed_Gull,XC171498-Black-headed,4,data/processed/Black-headed_Gull/XC171498-Black-headed_chunk004.wav,3.0,XC171498-Black-headed Gull.mp3
Black-headed_Gull,XC171498-Black-headed,5,data/processed/Black-headed_Gull/XC171498-Black-headed_chunk005.wav,3.0,XC171498-Black-headed Gull.mp3
Black-headed_Gull,XC171498-Black-headed,6,data/processed/Black-headed_Gull/XC171498-Black-headed_chunk006.wav,3.0,XC171498-Black-headed Gull.mp3
Black-headed_Gull,XC171498-Black-headed,7,data/processed/Black-headed_Gull/XC171498-Black-headed_chunk007.wav,3.0,XC171498-Black-headed Gull.mp3
Black-headed_Gull,"XC175681-0420_090041,Нчеб,отчистные,ридиб,В",0,"data/processed/Black-headed_Gull/XC175681-0420_090041,Нчеб,отчистные,ридиб,В_chunk000.wav",3.0,"XC175681-0420_090041,Нчеб,отчистные,ридиб,В.MP3"
Black-headed_Gull,"XC175681-0420_090041,Нчеб,отчистные,ридиб,В",1,"data/processed/Black-headed_Gull/XC175681-0420_090041,Нчеб,отчистные,ридиб,В_chunk001.wav",3.0,"XC175681-0420_090041,Нчеб,отчистные,ридиб,В.MP3"
Black-headed_Gull,"XC175681-0420_090041,Нчеб,отчистные,ридиб,В",2,"data/processed/Black-headed_Gull/XC175681-0420_090041,Нчеб,отчистные,ридиб,В_chunk002.wav",3.0,"XC175681-0420_090041,Нчеб,отчистные,ридиб,В.MP3"
Black-headed_Gull,"XC175681-0420_090041,Нчеб,отчистные,ридиб,В",3,"data/processed/Black-headed_Gull/XC175681-0420_090041,Нчеб,отчистные,ридиб,В_chunk003.wav",3.0,"XC175681-0420_090041,Нчеб,отчистные,ридиб,В.MP3"
Black-headed_Gull,"XC175681-0420_090041,Нчеб,отчистные,ридиб,В",4,"data/processed/Black-headed_Gull/XC175681-0420_090041,Нчеб,отчистные,ридиб,В_chunk004.wav",3.0,"XC175681-0420_090041,Нчеб,отчистные,ридиб,В.MP3"
Black-headed_Gull,"XC175681-0420_090041,Нчеб,отчистные,ридиб,В",5,"data/processed/Black-headed_Gull/XC175681-0420_090041,Нчеб,отчистные,ридиб,В_chunk005.wav",3.0,"XC175681-0420_090041,Нчеб,отчистные,ридиб,В.MP3"
Black-headed_Gull,"XC175681-0420_090041,Нчеб,отчистные,ридиб,В",6,"data/processed/Black-headed_Gull/XC175681-0420_090041,Нчеб,отчистные,ридиб,В_chunk006.wav",3.0,"XC175681-0420_090041,Нчеб,отчистные,ридиб,В.MP3"
Black-headed_Gull,"XC175681-0420_090041,Нчеб,отчистные,ридиб,В",7,"data/processed/Black-headed_Gull/XC175681-0420_090041,Нчеб,отчистные,ридиб,В_chunk007.wav",3.0,"XC175681-0420_090041,Нчеб,отчистные,ридиб,В.MP3"
Black-headed_Gull,"XC175681-0420_090041,Нчеб,отчистные,ридиб,В",8,"data/processed/Black-headed_Gull/XC175681-0420_090041,Нчеб,отчистные,ридиб,В_chunk008.wav",3.0,"XC175681-0420_090041,Нчеб,отчистные,ридиб,В.MP3"
Black-headed_Gull,"XC175681-0420_090041,Нчеб,отчистные,ридиб,В",9,"data/processed/Black-headed_Gull/XC175681-0420_090041,Нчеб,отчистные,ридиб,В_chunk009.wav",3.0,"XC175681-0420_090041,Нчеб,отчистные,ридиб,В.MP3"
Black-headed_Gull,"XC175681-0420_090041,Нчеб,отчистные,ридиб,В",10,"data/processed/Black-headed_Gull/XC175681-0420_090041,Нчеб,отчистные,ридиб,В_chunk010.wav",3.0,"XC175681-0420_090041,Нчеб,отчистные,ридиб,В.MP3"
Black-headed_Gull,"XC175681-0420_090041,Нчеб,отчистные,ридиб,В",11,"data/processed/Black-headed_Gull/XC175681-0420_090041,Нчеб,отчистные,ридиб,В_chunk011.wav",3.0,"XC175681-0420_090041,Нчеб,отчистные,ридиб,В.MP3"
Black-headed_Gull,"XC175681-0420_090041,Нчеб,отчистные,ридиб,В",12,"data/processed/Black-headed_Gull/XC175681-0420_090041,Нчеб,отчистные,ридиб,В_chunk012.wav",3.0,"XC175681-0420_090041,Нчеб,отчистные,ридиб,В.MP3"
Black-headed_Gull,"XC175681-0420_090041,Нчеб,отчистные,ридиб,В",13,"data/processed/Black-headed_Gull/XC175681-0420_090041,Нчеб,отчистные,ридиб,В_chunk013.wav",3.0,"XC175681-0420_090041,Нчеб,отчистные,ридиб,В.MP3"
Black-headed_Gull,"XC175681-0420_090041,Нчеб,отчистные,ридиб,В",14,"data/processed/Black-headed_Gull/XC175681-0420_090041,Нчеб,отчистные,ридиб,В_chunk014.wav",3.0,"XC175681-0420_090041,Нчеб,отчистные,ридиб,В.MP3"
Black-headed_Gull,"XC175681-0420_090041,Нчеб,отчистные,ридиб,В",15,"data/processed/Black-headed_Gull/XC175681-0420_090041,Нчеб,отчистные,ридиб,В_chunk015.wav",3.0,"XC175681-0420_090041,Нчеб,отчистные,ридиб,В.MP3"
Black-headed_Gull,"XC175681-0420_090041,Нчеб,отчистные,ридиб,В",16,"data/processed/Black-headed_Gull/XC175681-0420_090041,Нчеб,отчистные,ридиб,В_chunk016.wav",3.0,"XC175681-0420_090041,Нчеб,отчистные,ридиб,В.MP3"
Black-headed_Gull,"XC175681-0420_090041,Нчеб,отчистные,ридиб,В",17,"data/processed/Black-headed_Gull/XC175681-0420_090041,Нчеб,отчистные,ридиб,В_chunk017.wav",3.0,"XC175681-0420_090041,Нчеб,отчистные,ридиб,В.MP3"
Black-headed_Gull,"XC175681-0420_090041,Нчеб,отчистные,ридиб,В",18,"data/processed/Black-headed_Gull/XC175681-0420_090041,Нчеб,отчистные,ридиб,В_chunk018.wav",3.0,"XC175681-0420_090041,Нчеб,отчистные,ридиб,В.MP3"
Black-headed_Gull,"XC175681-0420_090041,Нчеб,отчистные,ридиб,В",19,"data/processed/Black-headed_Gull/XC175681-0420_090041,Нчеб,отчистные,ридиб,В_chunk019.wav",3.0,"XC175681-0420_090041,Нчеб,отчистные,ридиб,В.MP3"
Black-headed_Gull,"XC175681-0420_090041,Нчеб,отчистные,ридиб,В",20,"data/processed/Black-headed_Gull/XC175681-0420_090041,Нчеб,отчистные,ридиб,В_chunk020.wav",3.0,"XC175681-0420_090041,Нчеб,отчистные,ридиб,В.MP3"
Black-headed_Gull,"XC175681-0420_090041,Нчеб,отчистные,ридиб,В",21,"data/processed/Black-headed_Gull/XC175681-0420_090041,Нчеб,отчистные,ридиб,В_chunk021.wav",3.0,"XC175681-0420_090041,Нчеб,отчистные,ридиб,В.MP3"
Black-headed_Gull,"XC175692-0420_094249,Нчеб,отчистн,ридиб,А",0,"data/processed/Black-headed_Gull/XC175692-0420_094249,Нчеб,отчистн,ридиб,А_chunk000.wav",3.0,"XC175692-0420_094249,Нчеб,отчистн,ридиб,А.MP3"
Black-headed_Gull,"XC175692-0420_094249,Нчеб,отчистн,ридиб,А",1,"data/processed/Black-headed_Gull/XC175692-0420_094249,Нчеб,отчистн,ридиб,А_chunk001.wav",3.0,"XC175692-0420_094249,Нчеб,отчистн,ридиб,А.MP3"
Black-headed_Gull,"XC175692-0420_094249,Нчеб,отчистн,ридиб,А",2,"data/processed/Black-headed_Gull/XC175692-0420_094249,Нчеб,отчистн,ридиб,А_chunk002.wav",3.0,"XC175692-0420_094249,Нчеб,отчистн,ридиб,А.MP3"
Black-headed_Gull,"XC175692-0420_094249,Нчеб,отчистн,ридиб,А",3,"data/processed/Black-headed_Gull/XC175692-0420_094249,Нчеб,отчистн,ридиб,А_chunk003.wav",3.0,"XC175692-0420_094249,Нчеб,отчистн,ридиб,А.MP3"
Black-headed_Gull,"XC175692-0420_094249,Нчеб,отчистн,ридиб,А",4,"data/processed/Black-headed_Gull/XC175692-0420_094249,Нчеб,отчистн,ридиб,А_chunk004.wav",3.0,"XC175692-0420_094249,Нчеб,отчистн,ридиб,А.MP3"
Black-headed_Gull,"XC175692-0420_094249,Нчеб,отчистн,ридиб,А",5,"data/processed/Black-headed_Gull/XC175692-0420_094249,Нчеб,отчистн,ридиб,А_chunk005.wav",3.0,"XC175692-0420_094249,Нчеб,отчистн,ридиб,А.MP3"
Black-headed_Gull,"XC175692-0420_094249,Нчеб,отчистн,ридиб,А",6,"data/processed/Black-headed_Gull/XC175692-0420_094249,Нчеб,отчистн,ридиб,А_chunk006.wav",3.0,"XC175692-0420_094249,Нчеб,отчистн,ридиб,А.MP3"
Black-headed_Gull,"XC175692-0420_094249,Нчеб,отчистн,ридиб,А",7,"data/processed/Black-headed_Gull/XC175692-0420_094249,Нчеб,отчистн,ридиб,А_chunk007.wav",3.0,"XC175692-0420_094249,Нчеб,отчистн,ридиб,А.MP3"
Black-headed_Gull,XC176192-T06,0,data/processed/Black-headed_Gull/XC176192-T06_chunk000.wav,3.0,XC176192-T06.mp3
Black-headed_Gull,XC176192-T06,1,data/processed/Black-headed_Gull/XC176192-T06_chunk001.wav,3.0,XC176192-T06.mp3
Black-headed_Gull,XC176192-T06,2,data/processed/Black-headed_Gull/XC176192-T06_chunk002.wav,3.0,XC176192-T06.mp3
Black-headed_Gull,XC176192-T06,3,data/processed/Black-headed_Gull/XC176192-T06_chunk003.wav,3.0,XC176192-T06.mp3
Black-headed_Gull,XC176192-T06,4,data/processed/Black-headed_Gull/XC176192-T06_chunk004.wav,3.0,XC176192-T06.mp3
Black-headed_Gull,XC176192-T06,5,data/processed/Black-headed_Gull/XC176192-T06_chunk005.wav,3.0,XC176192-T06.mp3
Black-headed_Gull,XC176192-T06,6,data/processed/Black-headed_Gull/XC176192-T06_chunk006.wav,3.0,XC176192-T06.mp3
Black-headed_Gull,XC176192-T06,7,data/processed/Black-headed_Gull/XC176192-T06_chunk007.wav,3.0,XC176192-T06.mp3
Black-headed_Gull,XC176192-T06,8,data/processed/Black-headed_Gull/XC176192-T06_chunk008.wav,3.0,XC176192-T06.mp3
Black-headed_Gull,XC176192-T06,9,data/processed/Black-headed_Gull/XC176192-T06_chunk009.wav,3.0,XC176192-T06.mp3
Black-headed_Gull,XC176192-T06,10,data/processed/Black-headed_Gull/XC176192-T06_chunk010.wav,3.0,XC176192-T06.mp3
Black-headed_Gull,XC176192-T06,11,data/processed/Black-headed_Gull/XC176192-T06_chunk011.wav,3.0,XC176192-T06.mp3
Black-headed_Gull,XC176192-T06,12,data/processed/Black-headed_Gull/XC176192-T06_chunk012.wav,3.0,XC176192-T06.mp3
Black-headed_Gull,XC176192-T06,13,data/processed/Black-headed_Gull/XC176192-T06_chunk013.wav,3.0,XC176192-T06.mp3
Black-headed_Gull,XC176192-T06,14,data/processed/Black-headed_Gull/XC176192-T06_chunk014.wav,3.0,XC176192-T06.mp3
Black-headed_Gull,XC176192-T06,15,data/processed/Black-headed_Gull/XC176192-T06_chunk015.wav,3.0,XC176192-T06.mp3
Black-headed_Gull,XC176192-T06,16,data/processed/Black-headed_Gull/XC176192-T06_chunk016.wav,3.0,XC176192-T06.mp3
Black-headed_Gull,XC176192-T06,17,data/processed/Black-headed_Gull/XC176192-T06_chunk017.wav,3.0,XC176192-T06.mp3
Black-headed_Gull,XC176192-T06,18,data/processed/Black-headed_Gull/XC176192-T06_chunk018.wav,3.0,XC176192-T06.mp3
Black-headed_Gull,XC176192-T06,19,data/processed/Black-headed_Gull/XC176192-T06_chunk019.wav,3.0,XC176192-T06.mp3
Black-headed_Gull,XC176192-T06,20,data/processed/Black-headed_Gull/XC176192-T06_chunk020.wav,3.0,XC176192-T06.mp3
Black-headed_Gull,XC176192-T06,21,data/processed/Black-headed_Gull/XC176192-T06_chunk021.wav,3.0,XC176192-T06.mp3
Black-headed_Gull,XC176192-T06,22,data/processed/Black-headed_Gull/XC176192-T06_chunk022.wav,3.0,XC176192-T06.mp3
Black-headed_Gull,XC176192-T06,23,data/processed/Black-headed_Gull/XC176192-T06_chunk023.wav,3.0,XC176192-T06.mp3
Black-headed_Gull,XC176192-T06,24,data/processed/Black-headed_Gull/XC176192-T06_chunk024.wav,3.0,XC176192-T06.mp3
Black-headed_Gull,XC176192-T06,25,data/processed/Black-headed_Gull/XC176192-T06_chunk025.wav,3.0,XC176192-T06.mp3
Black-headed_Gull,XC176192-T06,26,data/processed/Black-headed_Gull/XC176192-T06_chunk026.wav,3.0,XC176192-T06.mp3
Black-headed_Gull,XC176192-T06,27,data/processed/Black-headed_Gull/XC176192-T06_chunk027.wav,3.0,XC176192-T06.mp3
Black-headed_Gull,XC176192-T06,28,data/processed/Black-headed_Gull/XC176192-T06_chunk028.wav,3.0,XC176192-T06.mp3
Black-headed_Gull,XC176192-T06,29,data/processed/Black-headed_Gull/XC176192-T06_chunk029.wav,3.0,XC176192-T06.mp3
Black-headed_Gull,XC176192-T06,30,data/processed/Black-headed_Gull/XC176192-T06_chunk030.wav,3.0,XC176192-T06.mp3
Black-headed_Gull,XC176192-T06,31,data/processed/Black-headed_Gull/XC176192-T06_chunk031.wav,3.0,XC176192-T06.mp3
Black-headed_Gull,XC176192-T06,32,data/processed/Black-headed_Gull/XC176192-T06_chunk032.wav,3.0,XC176192-T06.mp3
Black-headed_Gull,XC176192-T06,33,data/processed/Black-headed_Gull/XC176192-T06_chunk033.wav,3.0,XC176192-T06.mp3
Black-headed_Gull,XC176192-T06,34,data/processed/Black-headed_Gull/XC176192-T06_chunk034.wav,3.0,XC176192-T06.mp3
Black-headed_Gull,XC176192-T06,35,data/processed/Black-headed_Gull/XC176192-T06_chunk035.wav,3.0,XC176192-T06.mp3
Black-headed_Gull,XC176192-T06,36,data/processed/Black-headed_Gull/XC176192-T06_chunk036.wav,3.0,XC176192-T06.mp3
Black-headed_Gull,XC176192-T06,37,data/processed/Black-headed_Gull/XC176192-T06_chunk037.wav,3.0,XC176192-T06.mp3
Black-headed_Gull,XC176192-T06,38,data/processed/Black-headed_Gull/XC176192-T06_chunk038.wav,3.0,XC176192-T06.mp3
Black-headed_Gull,XC176192-T06,39,data/processed/Black-headed_Gull/XC176192-T06_chunk039.wav,3.0,XC176192-T06.mp3
Black-headed_Gull,XC176192-T06,40,data/processed/Black-headed_Gull/XC176192-T06_chunk040.wav,3.0,XC176192-T06.mp3
Black-headed_Gull,XC176192-T06,41,data/processed/Black-headed_Gull/XC176192-T06_chunk041.wav,3.0,XC176192-T06.mp3
Black-headed_Gull,XC176192-T06,42,data/processed/Black-headed_Gull/XC176192-T06_chunk042.wav,3.0,XC176192-T06.mp3
Black-headed_Gull,XC176192-T06,43,data/processed/Black-headed_Gull/XC176192-T06_chunk043.wav,3.0,XC176192-T06.mp3
Black-headed_Gull,XC176192-T06,44,data/processed/Black-headed_Gull/XC176192-T06_chunk044.wav,3.0,XC176192-T06.mp3
Black-headed_Gull,XC176192-T06,45,data/processed/Black-headed_Gull/XC176192-T06_chunk045.wav,3.0,XC176192-T06.mp3
Black-headed_Gull,XC176192-T06,46,data/processed/Black-headed_Gull/XC176192-T06_chunk046.wav,3.0,XC176192-T06.mp3
Black-headed_Gull,XC176192-T06,47,data/processed/Black-headed_Gull/XC176192-T06_chunk047.wav,3.0,XC176192-T06.mp3
Black-headed_Gull,XC176192-T06,48,data/processed/Black-headed_Gull/XC176192-T06_chunk048.wav,3.0,XC176192-T06.mp3
Black-headed_Gull,XC176192-T06,49,data/processed/Black-headed_Gull/XC176192-T06_chunk049.wav,3.0,XC176192-T06.mp3
Black-headed_Gull,XC176192-T06,50,data/processed/Black-headed_Gull/XC176192-T06_chunk050.wav,3.0,XC176192-T06.mp3
Black-headed_Gull,XC176192-T06,51,data/processed/Black-headed_Gull/XC176192-T06_chunk051.wav,3.0,XC176192-T06.mp3
Black-headed_Gull,XC176192-T06,52,data/processed/Black-headed_Gull/XC176192-T06_chunk052.wav,3.0,XC176192-T06.mp3
Black-headed_Gull,XC176192-T06,53,data/processed/Black-headed_Gull/XC176192-T06_chunk053.wav,3.0,XC176192-T06.mp3
Black-headed_Gull,XC176192-T06,54,data/processed/Black-headed_Gull/XC176192-T06_chunk054.wav,3.0,XC176192-T06.mp3
Black-headed_Gull,XC176192-T06,55,data/processed/Black-headed_Gull/XC176192-T06_chunk055.wav,3.0,XC176192-T06.mp3
Black-headed_Gull,XC176192-T06,56,data/processed/Black-headed_Gull/XC176192-T06_chunk056.wav,3.0,XC176192-T06.mp3
Black-headed_Gull,XC176192-T06,57,data/processed/Black-headed_Gull/XC176192-T06_chunk057.wav,3.0,XC176192-T06.mp3
Black-headed_Gull,XC176192-T06,58,data/processed/Black-headed_Gull/XC176192-T06_chunk058.wav,3.0,XC176192-T06.mp3
Black-headed_Gull,XC176192-T06,59,data/processed/Black-headed_Gull/XC176192-T06_chunk059.wav,3.0,XC176192-T06.mp3
Black-headed_Gull,XC176192-T06,60,data/processed/Black-headed_Gull/XC176192-T06_chunk060.wav,3.0,XC176192-T06.mp3
Black-headed_Gull,XC176192-T06,61,data/processed/Black-headed_Gull/XC176192-T06_chunk061.wav,3.0,XC176192-T06.mp3
Black-headed_Gull,XC176192-T06,62,data/processed/Black-headed_Gull/XC176192-T06_chunk062.wav,3.0,XC176192-T06.mp3
Black-headed_Gull,XC176192-T06,63,data/processed/Black-headed_Gull/XC176192-T06_chunk063.wav,3.0,XC176192-T06.mp3
Black-headed_Gull,XC176192-T06,64,data/processed/Black-headed_Gull/XC176192-T06_chunk064.wav,3.0,XC176192-T06.mp3
Black-headed_Gull,XC176192-T06,65,data/processed/Black-headed_Gull/XC176192-T06_chunk065.wav,3.0,XC176192-T06.mp3
Black-headed_Gull,XC176192-T06,66,data/processed/Black-headed_Gull/XC176192-T06_chunk066.wav,3.0,XC176192-T06.mp3
Black-headed_Gull,XC176192-T06,67,data/processed/Black-headed_Gull/XC176192-T06_chunk067.wav,3.0,XC176192-T06.mp3
Black-headed_Gull,XC176192-T06,68,data/processed/Black-headed_Gull/XC176192-T06_chunk068.wav,3.0,XC176192-T06.mp3
Black-headed_Gull,XC176192-T06,69,data/processed/Black-headed_Gull/XC176192-T06_chunk069.wav,3.0,XC176192-T06.mp3
Black-headed_Gull,XC176192-T06,70,data/processed/Black-headed_Gull/XC176192-T06_chunk070.wav,3.0,XC176192-T06.mp3
Black-headed_Gull,XC176192-T06,71,data/processed/Black-headed_Gull/XC176192-T06_chunk071.wav,3.0,XC176192-T06.mp3
Black-headed_Gull,XC176192-T06,72,data/processed/Black-headed_Gull/XC176192-T06_chunk072.wav,3.0,XC176192-T06.mp3
Black-headed_Gull,XC176192-T06,73,data/processed/Black-headed_Gull/XC176192-T06_chunk073.wav,3.0,XC176192-T06.mp3
Black-headed_Gull,XC176192-T06,74,data/processed/Black-headed_Gull/XC176192-T06_chunk074.wav,3.0,XC176192-T06.mp3
Black-headed_Gull,XC176192-T06,75,data/processed/Black-headed_Gull/XC176192-T06_chunk075.wav,3.0,XC176192-T06.mp3
Black-headed_Gull,XC176192-T06,76,data/processed/Black-headed_Gull/XC176192-T06_chunk076.wav,3.0,XC176192-T06.mp3
Black-headed_Gull,XC176192-T06,77,data/processed/Black-headed_Gull/XC176192-T06_chunk077.wav,3.0,XC176192-T06.mp3
Black-headed_Gull,XC176192-T06,78,data/processed/Black-headed_Gull/XC176192-T06_chunk078.wav,3.0,XC176192-T06.mp3
Black-headed_Gull,XC176192-T06,79,data/processed/Black-headed_Gull/XC176192-T06_chunk079.wav,3.0,XC176192-T06.mp3
Black-headed_Gull,XC176192-T06,80,data/processed/Black-headed_Gull/XC176192-T06_chunk080.wav,3.0,XC176192-T06.mp3
Black-headed_Gull,XC176192-T06,81,data/processed/Black-headed_Gull/XC176192-T06_chunk081.wav,3.0,XC176192-T06.mp3
Black-headed_Gull,XC176192-T06,82,data/processed/Black-headed_Gull/XC176192-T06_chunk082.wav,3.0,XC176192-T06.mp3
Black-headed_Gull,XC176192-T06,83,data/processed/Black-headed_Gull/XC176192-T06_chunk083.wav,3.0,XC176192-T06.mp3
Black-headed_Gull,XC176192-T06,84,data/processed/Black-headed_Gull/XC176192-T06_chunk084.wav,3.0,XC176192-T06.mp3
Black-headed_Gull,XC176193-T07,0,data/processed/Black-headed_Gull/XC176193-T07_chunk000.wav,3.0,XC176193-T07.mp3
Black-headed_Gull,XC176193-T07,1,data/processed/Black-headed_Gull/XC176193-T07_chunk001.wav,3.0,XC176193-T07.mp3
Black-headed_Gull,XC176193-T07,2,data/processed/Black-headed_Gull/XC176193-T07_chunk002.wav,3.0,XC176193-T07.mp3
Black-headed_Gull,XC176193-T07,3,data/processed/Black-headed_Gull/XC176193-T07_chunk003.wav,3.0,XC176193-T07.mp3
Black-headed_Gull,XC176193-T07,4,data/processed/Black-headed_Gull/XC176193-T07_chunk004.wav,3.0,XC176193-T07.mp3
Black-headed_Gull,XC176193-T07,5,data/processed/Black-headed_Gull/XC176193-T07_chunk005.wav,3.0,XC176193-T07.mp3
Black-headed_Gull,XC176193-T07,6,data/processed/Black-headed_Gull/XC176193-T07_chunk006.wav,3.0,XC176193-T07.mp3
Black-headed_Gull,XC176193-T07,7,data/processed/Black-headed_Gull/XC176193-T07_chunk007.wav,3.0,XC176193-T07.mp3
Black-headed_Gull,XC176193-T07,8,data/processed/Black-headed_Gull/XC176193-T07_chunk008.wav,3.0,XC176193-T07.mp3
Black-headed_Gull,XC176193-T07,9,data/processed/Black-headed_Gull/XC176193-T07_chunk009.wav,3.0,XC176193-T07.mp3
Black-headed_Gull,XC176193-T07,10,data/processed/Black-headed_Gull/XC176193-T07_chunk010.wav,3.0,XC176193-T07.mp3
Black-headed_Gull,XC176193-T07,11,data/processed/Black-headed_Gull/XC176193-T07_chunk011.wav,3.0,XC176193-T07.mp3
Black-headed_Gull,XC176193-T07,12,data/processed/Black-headed_Gull/XC176193-T07_chunk012.wav,3.0,XC176193-T07.mp3
Black-headed_Gull,XC176193-T07,13,data/processed/Black-headed_Gull/XC176193-T07_chunk013.wav,3.0,XC176193-T07.mp3
Black-headed_Gull,XC176193-T07,14,data/processed/Black-headed_Gull/XC176193-T07_chunk014.wav,3.0,XC176193-T07.mp3
Black-headed_Gull,XC176193-T07,15,data/processed/Black-headed_Gull/XC176193-T07_chunk015.wav,3.0,XC176193-T07.mp3
Black-headed_Gull,XC176193-T07,16,data/processed/Black-headed_Gull/XC176193-T07_chunk016.wav,3.0,XC176193-T07.mp3
Black-headed_Gull,XC176193-T07,17,data/processed/Black-headed_Gull/XC176193-T07_chunk017.wav,3.0,XC176193-T07.mp3
Black-headed_Gull,XC176193-T07,18,data/processed/Black-headed_Gull/XC176193-T07_chunk018.wav,3.0,XC176193-T07.mp3
Black-headed_Gull,XC176193-T07,19,data/processed/Black-headed_Gull/XC176193-T07_chunk019.wav,3.0,XC176193-T07.mp3
Black-headed_Gull,XC176193-T07,20,data/processed/Black-headed_Gull/XC176193-T07_chunk020.wav,3.0,XC176193-T07.mp3
Black-headed_Gull,XC176193-T07,21,data/processed/Black-headed_Gull/XC176193-T07_chunk021.wav,3.0,XC176193-T07.mp3
Black-headed_Gull,XC176193-T07,22,data/processed/Black-headed_Gull/XC176193-T07_chunk022.wav,3.0,XC176193-T07.mp3
Black-headed_Gull,XC176193-T07,23,data/processed/Black-headed_Gull/XC176193-T07_chunk023.wav,3.0,XC176193-T07.mp3
Black-headed_Gull,XC176193-T07,24,data/processed/Black-headed_Gull/XC176193-T07_chunk024.wav,3.0,XC176193-T07.mp3
Black-headed_Gull,XC176193-T07,25,data/processed/Black-headed_Gull/XC176193-T07_chunk025.wav,3.0,XC176193-T07.mp3
Black-headed_Gull,XC176193-T07,26,data/processed/Black-headed_Gull/XC176193-T07_chunk026.wav,3.0,XC176193-T07.mp3
Black-headed_Gull,XC176193-T07,27,data/processed/Black-headed_Gull/XC176193-T07_chunk027.wav,3.0,XC176193-T07.mp3
Black-headed_Gull,XC176193-T07,28,data/processed/Black-headed_Gull/XC176193-T07_chunk028.wav,3.0,XC176193-T07.mp3
Black-headed_Gull,XC176193-T07,29,data/processed/Black-headed_Gull/XC176193-T07_chunk029.wav,3.0,XC176193-T07.mp3
Black-headed_Gull,XC176193-T07,30,data/processed/Black-headed_Gull/XC176193-T07_chunk030.wav,3.0,XC176193-T07.mp3
Black-headed_Gull,XC176193-T07,31,data/processed/Black-headed_Gull/XC176193-T07_chunk031.wav,3.0,XC176193-T07.mp3
Black-headed_Gull,XC176193-T07,32,data/processed/Black-headed_Gull/XC176193-T07_chunk032.wav,3.0,XC176193-T07.mp3
Black-headed_Gull,XC176193-T07,33,data/processed/Black-headed_Gull/XC176193-T07_chunk033.wav,3.0,XC176193-T07.mp3
Black-headed_Gull,XC176193-T07,34,data/processed/Black-headed_Gull/XC176193-T07_chunk034.wav,3.0,XC176193-T07.mp3
Black-headed_Gull,XC176193-T07,35,data/processed/Black-headed_Gull/XC176193-T07_chunk035.wav,3.0,XC176193-T07.mp3
Black-headed_Gull,XC176193-T07,36,data/processed/Black-headed_Gull/XC176193-T07_chunk036.wav,3.0,XC176193-T07.mp3
Black-headed_Gull,XC176193-T07,37,data/processed/Black-headed_Gull/XC176193-T07_chunk037.wav,3.0,XC176193-T07.mp3
Black-headed_Gull,XC176193-T07,38,data/processed/Black-headed_Gull/XC176193-T07_chunk038.wav,3.0,XC176193-T07.mp3
Black-headed_Gull,XC176193-T07,39,data/processed/Black-headed_Gull/XC176193-T07_chunk039.wav,3.0,XC176193-T07.mp3
Black-headed_Gull,XC176193-T07,40,data/processed/Black-headed_Gull/XC176193-T07_chunk040.wav,3.0,XC176193-T07.mp3
Black-headed_Gull,XC176193-T07,41,data/processed/Black-headed_Gull/XC176193-T07_chunk041.wav,3.0,XC176193-T07.mp3
Black-headed_Gull,XC176193-T07,42,data/processed/Black-headed_Gull/XC176193-T07_chunk042.wav,3.0,XC176193-T07.mp3
Black-headed_Gull,XC176193-T07,43,data/processed/Black-headed_Gull/XC176193-T07_chunk043.wav,3.0,XC176193-T07.mp3
Black-headed_Gull,XC176193-T07,44,data/processed/Black-headed_Gull/XC176193-T07_chunk044.wav,3.0,XC176193-T07.mp3
Black-headed_Gull,XC176193-T07,45,data/processed/Black-headed_Gull/XC176193-T07_chunk045.wav,3.0,XC176193-T07.mp3
Black-headed_Gull,XC176193-T07,46,data/processed/Black-headed_Gull/XC176193-T07_chunk046.wav,3.0,XC176193-T07.mp3
Black-headed_Gull,XC176193-T07,47,data/processed/Black-headed_Gull/XC176193-T07_chunk047.wav,3.0,XC176193-T07.mp3
Black-headed_Gull,XC176193-T07,48,data/processed/Black-headed_Gull/XC176193-T07_chunk048.wav,3.0,XC176193-T07.mp3
Black-headed_Gull,XC176193-T07,49,data/processed/Black-headed_Gull/XC176193-T07_chunk049.wav,3.0,XC176193-T07.mp3
Black-headed_Gull,XC176193-T07,50,data/processed/Black-headed_Gull/XC176193-T07_chunk050.wav,3.0,XC176193-T07.mp3
Black-headed_Gull,XC176193-T07,51,data/processed/Black-headed_Gull/XC176193-T07_chunk051.wav,3.0,XC176193-T07.mp3
Black-headed_Gull,XC176193-T07,52,data/processed/Black-headed_Gull/XC176193-T07_chunk052.wav,3.0,XC176193-T07.mp3
Black-headed_Gull,XC176193-T07,53,data/processed/Black-headed_Gull/XC176193-T07_chunk053.wav,3.0,XC176193-T07.mp3
Black-headed_Gull,XC176193-T07,54,data/processed/Black-headed_Gull/XC176193-T07_chunk054.wav,3.0,XC176193-T07.mp3
Black-headed_Gull,XC176193-T07,55,data/processed/Black-headed_Gull/XC176193-T07_chunk055.wav,3.0,XC176193-T07.mp3
Black-headed_Gull,XC176193-T07,56,data/processed/Black-headed_Gull/XC176193-T07_chunk056.wav,3.0,XC176193-T07.mp3
Black-headed_Gull,XC176193-T07,57,data/processed/Black-headed_Gull/XC176193-T07_chunk057.wav,3.0,XC176193-T07.mp3
Black-headed_Gull,XC176193-T07,58,data/processed/Black-headed_Gull/XC176193-T07_chunk058.wav,3.0,XC176193-T07.mp3
Black-headed_Gull,XC176193-T07,59,data/processed/Black-headed_Gull/XC176193-T07_chunk059.wav,3.0,XC176193-T07.mp3
Black-headed_Gull,XC176193-T07,60,data/processed/Black-headed_Gull/XC176193-T07_chunk060.wav,3.0,XC176193-T07.mp3
Black-headed_Gull,XC176193-T07,61,data/processed/Black-headed_Gull/XC176193-T07_chunk061.wav,3.0,XC176193-T07.mp3
Black-headed_Gull,XC176193-T07,62,data/processed/Black-headed_Gull/XC176193-T07_chunk062.wav,3.0,XC176193-T07.mp3
Black-headed_Gull,XC176193-T07,63,data/processed/Black-headed_Gull/XC176193-T07_chunk063.wav,3.0,XC176193-T07.mp3
Black-headed_Gull,XC176193-T07,64,data/processed/Black-headed_Gull/XC176193-T07_chunk064.wav,3.0,XC176193-T07.mp3
Black-headed_Gull,XC176193-T07,65,data/processed/Black-headed_Gull/XC176193-T07_chunk065.wav,3.0,XC176193-T07.mp3
Black-headed_Gull,XC176193-T07,66,data/processed/Black-headed_Gull/XC176193-T07_chunk066.wav,3.0,XC176193-T07.mp3
Black-headed_Gull,XC176193-T07,67,data/processed/Black-headed_Gull/XC176193-T07_chunk067.wav,3.0,XC176193-T07.mp3
Black-headed_Gull,XC176193-T07,68,data/processed/Black-headed_Gull/XC176193-T07_chunk068.wav,3.0,XC176193-T07.mp3
Black-headed_Gull,XC176193-T07,69,data/processed/Black-headed_Gull/XC176193-T07_chunk069.wav,3.0,XC176193-T07.mp3
Black-headed_Gull,XC176193-T07,70,data/processed/Black-headed_Gull/XC176193-T07_chunk070.wav,3.0,XC176193-T07.mp3
Black-headed_Gull,XC176193-T07,71,data/processed/Black-headed_Gull/XC176193-T07_chunk071.wav,3.0,XC176193-T07.mp3
Black-headed_Gull,XC176193-T07,72,data/processed/Black-headed_Gull/XC176193-T07_chunk072.wav,3.0,XC176193-T07.mp3
Black-headed_Gull,XC176193-T07,73,data/processed/Black-headed_Gull/XC176193-T07_chunk073.wav,3.0,XC176193-T07.mp3
Black-headed_Gull,XC176193-T07,74,data/processed/Black-headed_Gull/XC176193-T07_chunk074.wav,3.0,XC176193-T07.mp3
Black-headed_Gull,XC176193-T07,75,data/processed/Black-headed_Gull/XC176193-T07_chunk075.wav,3.0,XC176193-T07.mp3
Black-headed_Gull,XC176193-T07,76,data/processed/Black-headed_Gull/XC176193-T07_chunk076.wav,3.0,XC176193-T07.mp3
Black-headed_Gull,XC176193-T07,77,data/processed/Black-headed_Gull/XC176193-T07_chunk077.wav,3.0,XC176193-T07.mp3
Black-headed_Gull,XC176193-T07,78,data/processed/Black-headed_Gull/XC176193-T07_chunk078.wav,3.0,XC176193-T07.mp3
Black-headed_Gull,XC176193-T07,79,data/processed/Black-headed_Gull/XC176193-T07_chunk079.wav,3.0,XC176193-T07.mp3
Black-headed_Gull,XC176193-T07,80,data/processed/Black-headed_Gull/XC176193-T07_chunk080.wav,3.0,XC176193-T07.mp3
Black-headed_Gull,XC176193-T07,81,data/processed/Black-headed_Gull/XC176193-T07_chunk081.wav,3.0,XC176193-T07.mp3
Black-headed_Gull,XC176193-T07,82,data/processed/Black-headed_Gull/XC176193-T07_chunk082.wav,3.0,XC176193-T07.mp3
Black-headed_Gull,XC176193-T07,83,data/processed/Black-headed_Gull/XC176193-T07_chunk083.wav,3.0,XC176193-T07.mp3
Black-headed_Gull,XC176222-T01,0,data/processed/Black-headed_Gull/XC176222-T01_chunk000.wav,3.0,XC176222-T01.mp3
Black-headed_Gull,XC176222-T01,1,data/processed/Black-headed_Gull/XC176222-T01_chunk001.wav,3.0,XC176222-T01.mp3
Black-headed_Gull,XC176222-T01,2,data/processed/Black-headed_Gull/XC176222-T01_chunk002.wav,3.0,XC176222-T01.mp3
Black-headed_Gull,XC176222-T01,3,data/processed/Black-headed_Gull/XC176222-T01_chunk003.wav,3.0,XC176222-T01.mp3
Black-headed_Gull,XC176222-T01,4,data/processed/Black-headed_Gull/XC176222-T01_chunk004.wav,3.0,XC176222-T01.mp3
Black-headed_Gull,XC176222-T01,5,data/processed/Black-headed_Gull/XC176222-T01_chunk005.wav,3.0,XC176222-T01.mp3
Black-headed_Gull,XC176222-T01,6,data/processed/Black-headed_Gull/XC176222-T01_chunk006.wav,3.0,XC176222-T01.mp3
Black-headed_Gull,XC176222-T01,7,data/processed/Black-headed_Gull/XC176222-T01_chunk007.wav,3.0,XC176222-T01.mp3
Black-headed_Gull,XC176222-T01,8,data/processed/Black-headed_Gull/XC176222-T01_chunk008.wav,3.0,XC176222-T01.mp3
Black-headed_Gull,XC176222-T01,9,data/processed/Black-headed_Gull/XC176222-T01_chunk009.wav,3.0,XC176222-T01.mp3
Black-headed_Gull,XC176222-T01,10,data/processed/Black-headed_Gull/XC176222-T01_chunk010.wav,3.0,XC176222-T01.mp3
Black-headed_Gull,XC176222-T01,11,data/processed/Black-headed_Gull/XC176222-T01_chunk011.wav,3.0,XC176222-T01.mp3
Black-headed_Gull,XC176222-T01,12,data/processed/Black-headed_Gull/XC176222-T01_chunk012.wav,3.0,XC176222-T01.mp3
Black-headed_Gull,XC176222-T01,13,data/processed/Black-headed_Gull/XC176222-T01_chunk013.wav,3.0,XC176222-T01.mp3
Black-headed_Gull,XC176222-T01,14,data/processed/Black-headed_Gull/XC176222-T01_chunk014.wav,3.0,XC176222-T01.mp3
Black-headed_Gull,XC176222-T01,15,data/processed/Black-headed_Gull/XC176222-T01_chunk015.wav,3.0,XC176222-T01.mp3
Black-headed_Gull,XC176222-T01,16,data/processed/Black-headed_Gull/XC176222-T01_chunk016.wav,3.0,XC176222-T01.mp3
Black-headed_Gull,XC176222-T01,17,data/processed/Black-headed_Gull/XC176222-T01_chunk017.wav,3.0,XC176222-T01.mp3
Black-headed_Gull,XC176222-T01,18,data/processed/Black-headed_Gull/XC176222-T01_chunk018.wav,3.0,XC176222-T01.mp3
Black-headed_Gull,XC176222-T01,19,data/processed/Black-headed_Gull/XC176222-T01_chunk019.wav,3.0,XC176222-T01.mp3
Black-headed_Gull,XC176222-T01,20,data/processed/Black-headed_Gull/XC176222-T01_chunk020.wav,3.0,XC176222-T01.mp3
Black-headed_Gull,XC176222-T01,21,data/processed/Black-headed_Gull/XC176222-T01_chunk021.wav,3.0,XC176222-T01.mp3
Black-headed_Gull,XC176222-T01,22,data/processed/Black-headed_Gull/XC176222-T01_chunk022.wav,3.0,XC176222-T01.mp3
Black-headed_Gull,XC176222-T01,23,data/processed/Black-headed_Gull/XC176222-T01_chunk023.wav,3.0,XC176222-T01.mp3
Black-headed_Gull,XC176222-T01,24,data/processed/Black-headed_Gull/XC176222-T01_chunk024.wav,3.0,XC176222-T01.mp3
Black-headed_Gull,XC176222-T01,25,data/processed/Black-headed_Gull/XC176222-T01_chunk025.wav,3.0,XC176222-T01.mp3
Black-headed_Gull,XC176222-T01,26,data/processed/Black-headed_Gull/XC176222-T01_chunk026.wav,3.0,XC176222-T01.mp3
Black-headed_Gull,XC176222-T01,27,data/processed/Black-headed_Gull/XC176222-T01_chunk027.wav,3.0,XC176222-T01.mp3
Black-headed_Gull,XC176222-T01,28,data/processed/Black-headed_Gull/XC176222-T01_chunk028.wav,3.0,XC176222-T01.mp3
Black-headed_Gull,XC176222-T01,29,data/processed/Black-headed_Gull/XC176222-T01_chunk029.wav,3.0,XC176222-T01.mp3
Black-headed_Gull,XC176222-T01,30,data/processed/Black-headed_Gull/XC176222-T01_chunk030.wav,3.0,XC176222-T01.mp3
Black-headed_Gull,XC176222-T01,31,data/processed/Black-headed_Gull/XC176222-T01_chunk031.wav,3.0,XC176222-T01.mp3
Black-headed_Gull,XC176222-T01,32,data/processed/Black-headed_Gull/XC176222-T01_chunk032.wav,3.0,XC176222-T01.mp3
Black-headed_Gull,XC176222-T01,33,data/processed/Black-headed_Gull/XC176222-T01_chunk033.wav,3.0,XC176222-T01.mp3
Black-headed_Gull,XC176222-T01,34,data/processed/Black-headed_Gull/XC176222-T01_chunk034.wav,3.0,XC176222-T01.mp3
Black-headed_Gull,XC176222-T01,35,data/processed/Black-headed_Gull/XC176222-T01_chunk035.wav,3.0,XC176222-T01.mp3
Black-headed_Gull,XC176222-T01,36,data/processed/Black-headed_Gull/XC176222-T01_chunk036.wav,3.0,XC176222-T01.mp3
Black-headed_Gull,XC176222-T01,37,data/processed/Black-headed_Gull/XC176222-T01_chunk037.wav,3.0,XC176222-T01.mp3
Black-headed_Gull,XC176222-T01,38,data/processed/Black-headed_Gull/XC176222-T01_chunk038.wav,3.0,XC176222-T01.mp3
Black-headed_Gull,XC176222-T01,39,data/processed/Black-headed_Gull/XC176222-T01_chunk039.wav,3.0,XC176222-T01.mp3
Black-headed_Gull,XC176222-T01,40,data/processed/Black-headed_Gull/XC176222-T01_chunk040.wav,3.0,XC176222-T01.mp3
Black-headed_Gull,XC176222-T01,41,data/processed/Black-headed_Gull/XC176222-T01_chunk041.wav,3.0,XC176222-T01.mp3
Black-headed_Gull,XC176222-T01,42,data/processed/Black-headed_Gull/XC176222-T01_chunk042.wav,3.0,XC176222-T01.mp3
Black-headed_Gull,XC176222-T01,43,data/processed/Black-headed_Gull/XC176222-T01_chunk043.wav,3.0,XC176222-T01.mp3
Black-headed_Gull,XC176222-T01,44,data/processed/Black-headed_Gull/XC176222-T01_chunk044.wav,3.0,XC176222-T01.mp3
Black-headed_Gull,XC176222-T01,45,data/processed/Black-headed_Gull/XC176222-T01_chunk045.wav,3.0,XC176222-T01.mp3
Black-headed_Gull,XC176222-T01,46,data/processed/Black-headed_Gull/XC176222-T01_chunk046.wav,3.0,XC176222-T01.mp3
Black-headed_Gull,XC176222-T01,47,data/processed/Black-headed_Gull/XC176222-T01_chunk047.wav,3.0,XC176222-T01.mp3
Black-headed_Gull,XC176223-T02,0,data/processed/Black-headed_Gull/XC176223-T02_chunk000.wav,3.0,XC176223-T02.mp3
Black-headed_Gull,XC176223-T02,1,data/processed/Black-headed_Gull/XC176223-T02_chunk001.wav,3.0,XC176223-T02.mp3
Black-headed_Gull,XC176223-T02,2,data/processed/Black-headed_Gull/XC176223-T02_chunk002.wav,3.0,XC176223-T02.mp3
Black-headed_Gull,XC176223-T02,3,data/processed/Black-headed_Gull/XC176223-T02_chunk003.wav,3.0,XC176223-T02.mp3
Black-headed_Gull,XC176223-T02,4,data/processed/Black-headed_Gull/XC176223-T02_chunk004.wav,3.0,XC176223-T02.mp3
Black-headed_Gull,XC176223-T02,5,data/processed/Black-headed_Gull/XC176223-T02_chunk005.wav,3.0,XC176223-T02.mp3
Black-headed_Gull,XC176223-T02,6,data/processed/Black-headed_Gull/XC176223-T02_chunk006.wav,3.0,XC176223-T02.mp3
Black-headed_Gull,XC176223-T02,7,data/processed/Black-headed_Gull/XC176223-T02_chunk007.wav,3.0,XC176223-T02.mp3
Black-headed_Gull,XC176223-T02,8,data/processed/Black-headed_Gull/XC176223-T02_chunk008.wav,3.0,XC176223-T02.mp3
Black-headed_Gull,XC176223-T02,9,data/processed/Black-headed_Gull/XC176223-T02_chunk009.wav,3.0,XC176223-T02.mp3
Black-headed_Gull,XC176223-T02,10,data/processed/Black-headed_Gull/XC176223-T02_chunk010.wav,3.0,XC176223-T02.mp3
Black-headed_Gull,XC176223-T02,11,data/processed/Black-headed_Gull/XC176223-T02_chunk011.wav,3.0,XC176223-T02.mp3
Black-headed_Gull,XC176223-T02,12,data/processed/Black-headed_Gull/XC176223-T02_chunk012.wav,3.0,XC176223-T02.mp3
Black-headed_Gull,XC176223-T02,13,data/processed/Black-headed_Gull/XC176223-T02_chunk013.wav,3.0,XC176223-T02.mp3
Black-headed_Gull,XC176223-T02,14,data/processed/Black-headed_Gull/XC176223-T02_chunk014.wav,3.0,XC176223-T02.mp3
Black-headed_Gull,XC176223-T02,15,data/processed/Black-headed_Gull/XC176223-T02_chunk015.wav,3.0,XC176223-T02.mp3
Black-headed_Gull,XC176223-T02,16,data/processed/Black-headed_Gull/XC176223-T02_chunk016.wav,3.0,XC176223-T02.mp3
Black-headed_Gull,XC176223-T02,17,data/processed/Black-headed_Gull/XC176223-T02_chunk017.wav,3.0,XC176223-T02.mp3
Black-headed_Gull,XC176223-T02,18,data/processed/Black-headed_Gull/XC176223-T02_chunk018.wav,3.0,XC176223-T02.mp3
Black-headed_Gull,XC176223-T02,19,data/processed/Black-headed_Gull/XC176223-T02_chunk019.wav,3.0,XC176223-T02.mp3
Black-headed_Gull,XC176223-T02,20,data/processed/Black-headed_Gull/XC176223-T02_chunk020.wav,3.0,XC176223-T02.mp3
Black-headed_Gull,XC176223-T02,21,data/processed/Black-headed_Gull/XC176223-T02_chunk021.wav,3.0,XC176223-T02.mp3
Black-headed_Gull,XC176223-T02,22,data/processed/Black-headed_Gull/XC176223-T02_chunk022.wav,3.0,XC176223-T02.mp3
Black-headed_Gull,XC176223-T02,23,data/processed/Black-headed_Gull/XC176223-T02_chunk023.wav,3.0,XC176223-T02.mp3
Black-headed_Gull,XC176223-T02,24,data/processed/Black-headed_Gull/XC176223-T02_chunk024.wav,3.0,XC176223-T02.mp3
Black-headed_Gull,XC176223-T02,25,data/processed/Black-headed_Gull/XC176223-T02_chunk025.wav,3.0,XC176223-T02.mp3
Black-headed_Gull,XC176223-T02,26,data/processed/Black-headed_Gull/XC176223-T02_chunk026.wav,3.0,XC176223-T02.mp3
Black-headed_Gull,XC176223-T02,27,data/processed/Black-headed_Gull/XC176223-T02_chunk027.wav,3.0,XC176223-T02.mp3
Black-headed_Gull,XC176223-T02,28,data/processed/Black-headed_Gull/XC176223-T02_chunk028.wav,3.0,XC176223-T02.mp3
Black-headed_Gull,XC176223-T02,29,data/processed/Black-headed_Gull/XC176223-T02_chunk029.wav,3.0,XC176223-T02.mp3
Black-headed_Gull,XC176223-T02,30,data/processed/Black-headed_Gull/XC176223-T02_chunk030.wav,3.0,XC176223-T02.mp3
Black-headed_Gull,XC176223-T02,31,data/processed/Black-headed_Gull/XC176223-T02_chunk031.wav,3.0,XC176223-T02.mp3
Black-headed_Gull,XC176223-T02,32,data/processed/Black-headed_Gull/XC176223-T02_chunk032.wav,3.0,XC176223-T02.mp3
Black-headed_Gull,XC176223-T02,33,data/processed/Black-headed_Gull/XC176223-T02_chunk033.wav,3.0,XC176223-T02.mp3
Black-headed_Gull,XC176223-T02,34,data/processed/Black-headed_Gull/XC176223-T02_chunk034.wav,3.0,XC176223-T02.mp3
Black-headed_Gull,XC176223-T02,35,data/processed/Black-headed_Gull/XC176223-T02_chunk035.wav,3.0,XC176223-T02.mp3
Black-headed_Gull,XC176223-T02,36,data/processed/Black-headed_Gull/XC176223-T02_chunk036.wav,3.0,XC176223-T02.mp3
Black-headed_Gull,XC176223-T02,37,data/processed/Black-headed_Gull/XC176223-T02_chunk037.wav,3.0,XC176223-T02.mp3
Black-headed_Gull,XC176223-T02,38,data/processed/Black-headed_Gull/XC176223-T02_chunk038.wav,3.0,XC176223-T02.mp3
Black-headed_Gull,XC176223-T02,39,data/processed/Black-headed_Gull/XC176223-T02_chunk039.wav,3.0,XC176223-T02.mp3
Black-headed_Gull,XC176223-T02,40,data/processed/Black-headed_Gull/XC176223-T02_chunk040.wav,3.0,XC176223-T02.mp3
Black-headed_Gull,XC176223-T02,41,data/processed/Black-headed_Gull/XC176223-T02_chunk041.wav,3.0,XC176223-T02.mp3
Black-headed_Gull,XC176223-T02,42,data/processed/Black-headed_Gull/XC176223-T02_chunk042.wav,3.0,XC176223-T02.mp3
Black-headed_Gull,XC176223-T02,43,data/processed/Black-headed_Gull/XC176223-T02_chunk043.wav,3.0,XC176223-T02.mp3
Black-headed_Gull,XC176223-T02,44,data/processed/Black-headed_Gull/XC176223-T02_chunk044.wav,3.0,XC176223-T02.mp3
Black-headed_Gull,XC176223-T02,45,data/processed/Black-headed_Gull/XC176223-T02_chunk045.wav,3.0,XC176223-T02.mp3
Black-headed_Gull,XC176223-T02,46,data/processed/Black-headed_Gull/XC176223-T02_chunk046.wav,3.0,XC176223-T02.mp3
Black-headed_Gull,XC176223-T02,47,data/processed/Black-headed_Gull/XC176223-T02_chunk047.wav,3.0,XC176223-T02.mp3
Black-headed_Gull,XC176223-T02,48,data/processed/Black-headed_Gull/XC176223-T02_chunk048.wav,3.0,XC176223-T02.mp3
Black-headed_Gull,XC176223-T02,49,data/processed/Black-headed_Gull/XC176223-T02_chunk049.wav,3.0,XC176223-T02.mp3
Black-headed_Gull,XC176223-T02,50,data/processed/Black-headed_Gull/XC176223-T02_chunk050.wav,3.0,XC176223-T02.mp3
Black-headed_Gull,XC176223-T02,51,data/processed/Black-headed_Gull/XC176223-T02_chunk051.wav,3.0,XC176223-T02.mp3
Black-headed_Gull,XC176223-T02,52,data/processed/Black-headed_Gull/XC176223-T02_chunk052.wav,3.0,XC176223-T02.mp3
Black-headed_Gull,XC176223-T02,53,data/processed/Black-headed_Gull/XC176223-T02_chunk053.wav,3.0,XC176223-T02.mp3
Black-headed_Gull,XC176223-T02,54,data/processed/Black-headed_Gull/XC176223-T02_chunk054.wav,3.0,XC176223-T02.mp3
Black-headed_Gull,XC176223-T02,55,data/processed/Black-headed_Gull/XC176223-T02_chunk055.wav,3.0,XC176223-T02.mp3
Black-headed_Gull,XC176223-T02,56,data/processed/Black-headed_Gull/XC176223-T02_chunk056.wav,3.0,XC176223-T02.mp3
Black-headed_Gull,XC176223-T02,57,data/processed/Black-headed_Gull/XC176223-T02_chunk057.wav,3.0,XC176223-T02.mp3
Black-headed_Gull,XC176223-T02,58,data/processed/Black-headed_Gull/XC176223-T02_chunk058.wav,3.0,XC176223-T02.mp3
Black-headed_Gull,XC176223-T02,59,data/processed/Black-headed_Gull/XC176223-T02_chunk059.wav,3.0,XC176223-T02.mp3
Black-headed_Gull,XC176223-T02,60,data/processed/Black-headed_Gull/XC176223-T02_chunk060.wav,3.0,XC176223-T02.mp3
Black-headed_Gull,XC176223-T02,61,data/processed/Black-headed_Gull/XC176223-T02_chunk061.wav,3.0,XC176223-T02.mp3
Black-headed_Gull,XC176223-T02,62,data/processed/Black-headed_Gull/XC176223-T02_chunk062.wav,3.0,XC176223-T02.mp3
Black-headed_Gull,XC176223-T02,63,data/processed/Black-headed_Gull/XC176223-T02_chunk063.wav,3.0,XC176223-T02.mp3
Black-headed_Gull,XC176223-T02,64,data/processed/Black-headed_Gull/XC176223-T02_chunk064.wav,3.0,XC176223-T02.mp3
Black-headed_Gull,XC176223-T02,65,data/processed/Black-headed_Gull/XC176223-T02_chunk065.wav,3.0,XC176223-T02.mp3
Black-headed_Gull,XC176223-T02,66,data/processed/Black-headed_Gull/XC176223-T02_chunk066.wav,3.0,XC176223-T02.mp3
Black-headed_Gull,XC176223-T02,67,data/processed/Black-headed_Gull/XC176223-T02_chunk067.wav,3.0,XC176223-T02.mp3
Black-headed_Gull,XC176223-T02,68,data/processed/Black-headed_Gull/XC176223-T02_chunk068.wav,3.0,XC176223-T02.mp3
Black-headed_Gull,XC176223-T02,69,data/processed/Black-headed_Gull/XC176223-T02_chunk069.wav,3.0,XC176223-T02.mp3
Black-headed_Gull,XC176223-T02,70,data/processed/Black-headed_Gull/XC176223-T02_chunk070.wav,3.0,XC176223-T02.mp3
Black-headed_Gull,XC176223-T02,71,data/processed/Black-headed_Gull/XC176223-T02_chunk071.wav,3.0,XC176223-T02.mp3
Black-headed_Gull,XC176223-T02,72,data/processed/Black-headed_Gull/XC176223-T02_chunk072.wav,3.0,XC176223-T02.mp3
Black-headed_Gull,XC176223-T02,73,data/processed/Black-headed_Gull/XC176223-T02_chunk073.wav,3.0,XC176223-T02.mp3
Black-headed_Gull,XC176223-T02,74,data/processed/Black-headed_Gull/XC176223-T02_chunk074.wav,3.0,XC176223-T02.mp3
Black-headed_Gull,XC176223-T02,75,data/processed/Black-headed_Gull/XC176223-T02_chunk075.wav,3.0,XC176223-T02.mp3
Black-headed_Gull,XC176223-T02,76,data/processed/Black-headed_Gull/XC176223-T02_chunk076.wav,3.0,XC176223-T02.mp3
Black-headed_Gull,XC176223-T02,77,data/processed/Black-headed_Gull/XC176223-T02_chunk077.wav,3.0,XC176223-T02.mp3
Black-headed_Gull,XC176223-T02,78,data/processed/Black-headed_Gull/XC176223-T02_chunk078.wav,3.0,XC176223-T02.mp3
Black-headed_Gull,XC176223-T02,79,data/processed/Black-headed_Gull/XC176223-T02_chunk079.wav,3.0,XC176223-T02.mp3
Black-headed_Gull,XC176223-T02,80,data/processed/Black-headed_Gull/XC176223-T02_chunk080.wav,3.0,XC176223-T02.mp3
Black-headed_Gull,XC176223-T02,81,data/processed/Black-headed_Gull/XC176223-T02_chunk081.wav,3.0,XC176223-T02.mp3
Black-headed_Gull,XC176224-T03,0,data/processed/Black-headed_Gull/XC176224-T03_chunk000.wav,3.0,XC176224-T03.mp3
Black-headed_Gull,XC176224-T03,1,data/processed/Black-headed_Gull/XC176224-T03_chunk001.wav,3.0,XC176224-T03.mp3
Black-headed_Gull,XC176224-T03,2,data/processed/Black-headed_Gull/XC176224-T03_chunk002.wav,3.0,XC176224-T03.mp3
Black-headed_Gull,XC176224-T03,3,data/processed/Black-headed_Gull/XC176224-T03_chunk003.wav,3.0,XC176224-T03.mp3
Black-headed_Gull,XC176224-T03,4,data/processed/Black-headed_Gull/XC176224-T03_chunk004.wav,3.0,XC176224-T03.mp3
Black-headed_Gull,XC176224-T03,5,data/processed/Black-headed_Gull/XC176224-T03_chunk005.wav,3.0,XC176224-T03.mp3
Black-headed_Gull,XC176224-T03,6,data/processed/Black-headed_Gull/XC176224-T03_chunk006.wav,3.0,XC176224-T03.mp3
Black-headed_Gull,XC176224-T03,7,data/processed/Black-headed_Gull/XC176224-T03_chunk007.wav,3.0,XC176224-T03.mp3
Black-headed_Gull,XC176224-T03,8,data/processed/Black-headed_Gull/XC176224-T03_chunk008.wav,3.0,XC176224-T03.mp3
Black-headed_Gull,XC176224-T03,9,data/processed/Black-headed_Gull/XC176224-T03_chunk009.wav,3.0,XC176224-T03.mp3
Black-headed_Gull,XC176224-T03,10,data/processed/Black-headed_Gull/XC176224-T03_chunk010.wav,3.0,XC176224-T03.mp3
Black-headed_Gull,XC176224-T03,11,data/processed/Black-headed_Gull/XC176224-T03_chunk011.wav,3.0,XC176224-T03.mp3
Black-headed_Gull,XC176224-T03,12,data/processed/Black-headed_Gull/XC176224-T03_chunk012.wav,3.0,XC176224-T03.mp3
Black-headed_Gull,XC176224-T03,13,data/processed/Black-headed_Gull/XC176224-T03_chunk013.wav,3.0,XC176224-T03.mp3
Black-headed_Gull,XC176224-T03,14,data/processed/Black-headed_Gull/XC176224-T03_chunk014.wav,3.0,XC176224-T03.mp3
Black-headed_Gull,XC176224-T03,15,data/processed/Black-headed_Gull/XC176224-T03_chunk015.wav,3.0,XC176224-T03.mp3
Black-headed_Gull,XC176224-T03,16,data/processed/Black-headed_Gull/XC176224-T03_chunk016.wav,3.0,XC176224-T03.mp3
Black-headed_Gull,XC176224-T03,17,data/processed/Black-headed_Gull/XC176224-T03_chunk017.wav,3.0,XC176224-T03.mp3
Black-headed_Gull,XC176224-T03,18,data/processed/Black-headed_Gull/XC176224-T03_chunk018.wav,3.0,XC176224-T03.mp3
Black-headed_Gull,XC176224-T03,19,data/processed/Black-headed_Gull/XC176224-T03_chunk019.wav,3.0,XC176224-T03.mp3
Black-headed_Gull,XC176224-T03,20,data/processed/Black-headed_Gull/XC176224-T03_chunk020.wav,3.0,XC176224-T03.mp3
Black-headed_Gull,XC176224-T03,21,data/processed/Black-headed_Gull/XC176224-T03_chunk021.wav,3.0,XC176224-T03.mp3
Black-headed_Gull,XC176224-T03,22,data/processed/Black-headed_Gull/XC176224-T03_chunk022.wav,3.0,XC176224-T03.mp3
Black-headed_Gull,XC176224-T03,23,data/processed/Black-headed_Gull/XC176224-T03_chunk023.wav,3.0,XC176224-T03.mp3
Black-headed_Gull,XC176227-T06,0,data/processed/Black-headed_Gull/XC176227-T06_chunk000.wav,3.0,XC176227-T06.mp3
Black-headed_Gull,XC176227-T06,1,data/processed/Black-headed_Gull/XC176227-T06_chunk001.wav,3.0,XC176227-T06.mp3
Black-headed_Gull,XC176227-T06,2,data/processed/Black-headed_Gull/XC176227-T06_chunk002.wav,3.0,XC176227-T06.mp3
Black-headed_Gull,XC176227-T06,3,data/processed/Black-headed_Gull/XC176227-T06_chunk003.wav,3.0,XC176227-T06.mp3
Black-headed_Gull,XC176227-T06,4,data/processed/Black-headed_Gull/XC176227-T06_chunk004.wav,3.0,XC176227-T06.mp3
Black-headed_Gull,XC176227-T06,5,data/processed/Black-headed_Gull/XC176227-T06_chunk005.wav,3.0,XC176227-T06.mp3
Black-headed_Gull,XC176227-T06,6,data/processed/Black-headed_Gull/XC176227-T06_chunk006.wav,3.0,XC176227-T06.mp3
Black-headed_Gull,XC176227-T06,7,data/processed/Black-headed_Gull/XC176227-T06_chunk007.wav,3.0,XC176227-T06.mp3
Black-headed_Gull,XC176227-T06,8,data/processed/Black-headed_Gull/XC176227-T06_chunk008.wav,3.0,XC176227-T06.mp3
Black-headed_Gull,XC176227-T06,9,data/processed/Black-headed_Gull/XC176227-T06_chunk009.wav,3.0,XC176227-T06.mp3
Black-headed_Gull,XC176227-T06,10,data/processed/Black-headed_Gull/XC176227-T06_chunk010.wav,3.0,XC176227-T06.mp3
Black-headed_Gull,XC176227-T06,11,data/processed/Black-headed_Gull/XC176227-T06_chunk011.wav,3.0,XC176227-T06.mp3
Black-headed_Gull,XC176227-T06,12,data/processed/Black-headed_Gull/XC176227-T06_chunk012.wav,3.0,XC176227-T06.mp3
Black-headed_Gull,XC176227-T06,13,data/processed/Black-headed_Gull/XC176227-T06_chunk013.wav,3.0,XC176227-T06.mp3
Black-headed_Gull,XC176227-T06,14,data/processed/Black-headed_Gull/XC176227-T06_chunk014.wav,3.0,XC176227-T06.mp3
Black-headed_Gull,XC176227-T06,15,data/processed/Black-headed_Gull/XC176227-T06_chunk015.wav,3.0,XC176227-T06.mp3
Black-headed_Gull,XC176227-T06,16,data/processed/Black-headed_Gull/XC176227-T06_chunk016.wav,3.0,XC176227-T06.mp3
Black-headed_Gull,XC176227-T06,17,data/processed/Black-headed_Gull/XC176227-T06_chunk017.wav,3.0,XC176227-T06.mp3
Black-headed_Gull,XC176227-T06,18,data/processed/Black-headed_Gull/XC176227-T06_chunk018.wav,3.0,XC176227-T06.mp3
Black-headed_Gull,XC176227-T06,19,data/processed/Black-headed_Gull/XC176227-T06_chunk019.wav,3.0,XC176227-T06.mp3
Black-headed_Gull,XC176227-T06,20,data/processed/Black-headed_Gull/XC176227-T06_chunk020.wav,3.0,XC176227-T06.mp3
Black-headed_Gull,XC176227-T06,21,data/processed/Black-headed_Gull/XC176227-T06_chunk021.wav,3.0,XC176227-T06.mp3
Black-headed_Gull,XC176227-T06,22,data/processed/Black-headed_Gull/XC176227-T06_chunk022.wav,3.0,XC176227-T06.mp3
Black-headed_Gull,XC176227-T06,23,data/processed/Black-headed_Gull/XC176227-T06_chunk023.wav,3.0,XC176227-T06.mp3
Black-headed_Gull,XC176227-T06,24,data/processed/Black-headed_Gull/XC176227-T06_chunk024.wav,3.0,XC176227-T06.mp3
Black-headed_Gull,XC176227-T06,25,data/processed/Black-headed_Gull/XC176227-T06_chunk025.wav,3.0,XC176227-T06.mp3
Black-headed_Gull,XC176227-T06,26,data/processed/Black-headed_Gull/XC176227-T06_chunk026.wav,3.0,XC176227-T06.mp3
Black-headed_Gull,XC176227-T06,27,data/processed/Black-headed_Gull/XC176227-T06_chunk027.wav,3.0,XC176227-T06.mp3
Black-headed_Gull,XC176227-T06,28,data/processed/Black-headed_Gull/XC176227-T06_chunk028.wav,3.0,XC176227-T06.mp3
Black-headed_Gull,XC176227-T06,29,data/processed/Black-headed_Gull/XC176227-T06_chunk029.wav,3.0,XC176227-T06.mp3
Black-headed_Gull,XC176227-T06,30,data/processed/Black-headed_Gull/XC176227-T06_chunk030.wav,3.0,XC176227-T06.mp3
Black-headed_Gull,XC176227-T06,31,data/processed/Black-headed_Gull/XC176227-T06_chunk031.wav,3.0,XC176227-T06.mp3
Black-headed_Gull,XC176227-T06,32,data/processed/Black-headed_Gull/XC176227-T06_chunk032.wav,3.0,XC176227-T06.mp3
Black-headed_Gull,XC176227-T06,33,data/processed/Black-headed_Gull/XC176227-T06_chunk033.wav,3.0,XC176227-T06.mp3
Black-headed_Gull,XC176227-T06,34,data/processed/Black-headed_Gull/XC176227-T06_chunk034.wav,3.0,XC176227-T06.mp3
Black-headed_Gull,XC176227-T06,35,data/processed/Black-headed_Gull/XC176227-T06_chunk035.wav,3.0,XC176227-T06.mp3
Black-headed_Gull,XC176227-T06,36,data/processed/Black-headed_Gull/XC176227-T06_chunk036.wav,3.0,XC176227-T06.mp3
Black-headed_Gull,XC176227-T06,37,data/processed/Black-headed_Gull/XC176227-T06_chunk037.wav,3.0,XC176227-T06.mp3
Black-headed_Gull,XC176227-T06,38,data/processed/Black-headed_Gull/XC176227-T06_chunk038.wav,3.0,XC176227-T06.mp3
Black-headed_Gull,XC176227-T06,39,data/processed/Black-headed_Gull/XC176227-T06_chunk039.wav,3.0,XC176227-T06.mp3
Black-headed_Gull,XC176227-T06,40,data/processed/Black-headed_Gull/XC176227-T06_chunk040.wav,3.0,XC176227-T06.mp3
Black-headed_Gull,XC176227-T06,41,data/processed/Black-headed_Gull/XC176227-T06_chunk041.wav,3.0,XC176227-T06.mp3
Black-headed_Gull,XC176227-T06,42,data/processed/Black-headed_Gull/XC176227-T06_chunk042.wav,3.0,XC176227-T06.mp3
Black-headed_Gull,XC176227-T06,43,data/processed/Black-headed_Gull/XC176227-T06_chunk043.wav,3.0,XC176227-T06.mp3
Black-headed_Gull,XC176227-T06,44,data/processed/Black-headed_Gull/XC176227-T06_chunk044.wav,3.0,XC176227-T06.mp3
Black-headed_Gull,XC176227-T06,45,data/processed/Black-headed_Gull/XC176227-T06_chunk045.wav,3.0,XC176227-T06.mp3
Black-headed_Gull,XC176227-T06,46,data/processed/Black-headed_Gull/XC176227-T06_chunk046.wav,3.0,XC176227-T06.mp3
Black-headed_Gull,XC176227-T06,47,data/processed/Black-headed_Gull/XC176227-T06_chunk047.wav,3.0,XC176227-T06.mp3
Black-headed_Gull,XC176227-T06,48,data/processed/Black-headed_Gull/XC176227-T06_chunk048.wav,3.0,XC176227-T06.mp3
Black-headed_Gull,XC176227-T06,49,data/processed/Black-headed_Gull/XC176227-T06_chunk049.wav,3.0,XC176227-T06.mp3
Black-headed_Gull,XC176227-T06,50,data/processed/Black-headed_Gull/XC176227-T06_chunk050.wav,3.0,XC176227-T06.mp3
Black-headed_Gull,XC176227-T06,51,data/processed/Black-headed_Gull/XC176227-T06_chunk051.wav,3.0,XC176227-T06.mp3
Black-headed_Gull,XC176227-T06,52,data/processed/Black-headed_Gull/XC176227-T06_chunk052.wav,3.0,XC176227-T06.mp3
Black-headed_Gull,XC176227-T06,53,data/processed/Black-headed_Gull/XC176227-T06_chunk053.wav,3.0,XC176227-T06.mp3
Black-headed_Gull,XC176227-T06,54,data/processed/Black-headed_Gull/XC176227-T06_chunk054.wav,3.0,XC176227-T06.mp3
Black-headed_Gull,XC176227-T06,55,data/processed/Black-headed_Gull/XC176227-T06_chunk055.wav,3.0,XC176227-T06.mp3
Black-headed_Gull,XC176227-T06,56,data/processed/Black-headed_Gull/XC176227-T06_chunk056.wav,3.0,XC176227-T06.mp3
Black-headed_Gull,XC176227-T06,57,data/processed/Black-headed_Gull/XC176227-T06_chunk057.wav,3.0,XC176227-T06.mp3
Black-headed_Gull,XC176227-T06,58,data/processed/Black-headed_Gull/XC176227-T06_chunk058.wav,3.0,XC176227-T06.mp3
Black-headed_Gull,XC176227-T06,59,data/processed/Black-headed_Gull/XC176227-T06_chunk059.wav,3.0,XC176227-T06.mp3
Black-headed_Gull,XC176227-T06,60,data/processed/Black-headed_Gull/XC176227-T06_chunk060.wav,3.0,XC176227-T06.mp3
Black-headed_Gull,XC183406-black-headed-gull1,0,data/processed/Black-headed_Gull/XC183406-black-headed-gull1_chunk000.wav,3.0,XC183406-black-headed-gull1.mp3
Black-headed_Gull,XC183406-black-headed-gull1,1,data/processed/Black-headed_Gull/XC183406-black-headed-gull1_chunk001.wav,3.0,XC183406-black-headed-gull1.mp3
Black-headed_Gull,XC183406-black-headed-gull1,2,data/processed/Black-headed_Gull/XC183406-black-headed-gull1_chunk002.wav,3.0,XC183406-black-headed-gull1.mp3
Black-headed_Gull,XC183406-black-headed-gull1,3,data/processed/Black-headed_Gull/XC183406-black-headed-gull1_chunk003.wav,3.0,XC183406-black-headed-gull1.mp3
Black-headed_Gull,XC183407-black-headed-gull2,0,data/processed/Black-headed_Gull/XC183407-black-headed-gull2_chunk000.wav,3.0,XC183407-black-headed-gull2.mp3
Black-headed_Gull,XC183407-black-headed-gull2,1,data/processed/Black-headed_Gull/XC183407-black-headed-gull2_chunk001.wav,3.0,XC183407-black-headed-gull2.mp3
Black-headed_Gull,XC183407-black-headed-gull2,2,data/processed/Black-headed_Gull/XC183407-black-headed-gull2_chunk002.wav,3.0,XC183407-black-headed-gull2.mp3
Black-headed_Gull,XC183407-black-headed-gull2,3,data/processed/Black-headed_Gull/XC183407-black-headed-gull2_chunk003.wav,3.0,XC183407-black-headed-gull2.mp3
Black-headed_Gull,XC183409-black-headed-gull-loud,0,data/processed/Black-headed_Gull/XC183409-black-headed-gull-loud_chunk000.wav,3.0,XC183409-black-headed-gull-loud.mp3
Black-headed_Gull,XC183409-black-headed-gull-loud,1,data/processed/Black-headed_Gull/XC183409-black-headed-gull-loud_chunk001.wav,3.0,XC183409-black-headed-gull-loud.mp3
Black-headed_Gull,XC183409-black-headed-gull-loud,2,data/processed/Black-headed_Gull/XC183409-black-headed-gull-loud_chunk002.wav,3.0,XC183409-black-headed-gull-loud.mp3
Black-headed_Gull,XC183409-black-headed-gull-loud,3,data/processed/Black-headed_Gull/XC183409-black-headed-gull-loud_chunk003.wav,3.0,XC183409-black-headed-gull-loud.mp3
Black-headed_Gull,XC183409-black-headed-gull-loud,4,data/processed/Black-headed_Gull/XC183409-black-headed-gull-loud_chunk004.wav,3.0,XC183409-black-headed-gull-loud.mp3
Black-headed_Gull,XC183409-black-headed-gull-loud,5,data/processed/Black-headed_Gull/XC183409-black-headed-gull-loud_chunk005.wav,3.0,XC183409-black-headed-gull-loud.mp3
Black-headed_Gull,XC183409-black-headed-gull-loud,6,data/processed/Black-headed_Gull/XC183409-black-headed-gull-loud_chunk006.wav,3.0,XC183409-black-headed-gull-loud.mp3
Black-headed_Gull,XC183409-black-headed-gull-loud,7,data/processed/Black-headed_Gull/XC183409-black-headed-gull-loud_chunk007.wav,3.0,XC183409-black-headed-gull-loud.mp3
Black-headed_Gull,XC187085-Ch.,0,data/processed/Black-headed_Gull/XC187085-Ch._chunk000.wav,3.0,XC187085-Ch. ridib 140713_011.MP3
Black-headed_Gull,XC187085-Ch.,1,data/processed/Black-headed_Gull/XC187085-Ch._chunk001.wav,3.0,XC187085-Ch. ridib 140713_011.MP3
Black-headed_Gull,XC187085-Ch.,2,data/processed/Black-headed_Gull/XC187085-Ch._chunk002.wav,3.0,XC187085-Ch. ridib 140713_011.MP3
Black-headed_Gull,XC187085-Ch.,3,data/processed/Black-headed_Gull/XC187085-Ch._chunk003.wav,3.0,XC187085-Ch. ridib 140713_011.MP3
Black-headed_Gull,XC187085-Ch.,4,data/processed/Black-headed_Gull/XC187085-Ch._chunk004.wav,3.0,XC187085-Ch. ridib 140713_011.MP3
Black-headed_Gull,XC187085-Ch.,5,data/processed/Black-headed_Gull/XC187085-Ch._chunk005.wav,3.0,XC187085-Ch. ridib 140713_011.MP3
Black-headed_Gull,XC187085-Ch.,6,data/processed/Black-headed_Gull/XC187085-Ch._chunk006.wav,3.0,XC187085-Ch. ridib 140713_011.MP3
Black-headed_Gull,XC187085-Ch.,7,data/processed/Black-headed_Gull/XC187085-Ch._chunk007.wav,3.0,XC187085-Ch. ridib 140713_011.MP3
Black-headed_Gull,XC187085-Ch.,8,data/processed/Black-headed_Gull/XC187085-Ch._chunk008.wav,3.0,XC187085-Ch. ridib 140713_011.MP3
Black-headed_Gull,XC187085-Ch.,9,data/processed/Black-headed_Gull/XC187085-Ch._chunk009.wav,3.0,XC187085-Ch. ridib 140713_011.MP3
Black-headed_Gull,XC187085-Ch.,10,data/processed/Black-headed_Gull/XC187085-Ch._chunk010.wav,3.0,XC187085-Ch. ridib 140713_011.MP3
Black-headed_Gull,XC187085-Ch.,11,data/processed/Black-headed_Gull/XC187085-Ch._chunk011.wav,3.0,XC187085-Ch. ridib 140713_011.MP3
Black-headed_Gull,XC187085-Ch.,12,data/processed/Black-headed_Gull/XC187085-Ch._chunk012.wav,3.0,XC187085-Ch. ridib 140713_011.MP3
Black-headed_Gull,XC187085-Ch.,13,data/processed/Black-headed_Gull/XC187085-Ch._chunk013.wav,3.0,XC187085-Ch. ridib 140713_011.MP3
Black-headed_Gull,XC187085-Ch.,14,data/processed/Black-headed_Gull/XC187085-Ch._chunk014.wav,3.0,XC187085-Ch. ridib 140713_011.MP3
Black-headed_Gull,XC187085-Ch.,15,data/processed/Black-headed_Gull/XC187085-Ch._chunk015.wav,3.0,XC187085-Ch. ridib 140713_011.MP3
Black-headed_Gull,XC187085-Ch.,16,data/processed/Black-headed_Gull/XC187085-Ch._chunk016.wav,3.0,XC187085-Ch. ridib 140713_011.MP3
Black-headed_Gull,XC187085-Ch.,17,data/processed/Black-headed_Gull/XC187085-Ch._chunk017.wav,3.0,XC187085-Ch. ridib 140713_011.MP3
Black-headed_Gull,XC187085-Ch.,18,data/processed/Black-headed_Gull/XC187085-Ch._chunk018.wav,3.0,XC187085-Ch. ridib 140713_011.MP3
Black-headed_Gull,XC187085-Ch.,19,data/processed/Black-headed_Gull/XC187085-Ch._chunk019.wav,3.0,XC187085-Ch. ridib 140713_011.MP3
Black-headed_Gull,XC187085-Ch.,20,data/processed/Black-headed_Gull/XC187085-Ch._chunk020.wav,3.0,XC187085-Ch. ridib 140713_011.MP3
Black-headed_Gull,XC187085-Ch.,21,data/processed/Black-headed_Gull/XC187085-Ch._chunk021.wav,3.0,XC187085-Ch. ridib 140713_011.MP3
Black-headed_Gull,XC187085-Ch.,22,data/processed/Black-headed_Gull/XC187085-Ch._chunk022.wav,3.0,XC187085-Ch. ridib 140713_011.MP3
Black-headed_Gull,XC187085-Ch.,23,data/processed/Black-headed_Gull/XC187085-Ch._chunk023.wav,3.0,XC187085-Ch. ridib 140713_011.MP3
Black-headed_Gull,XC187085-Ch.,24,data/processed/Black-headed_Gull/XC187085-Ch._chunk024.wav,3.0,XC187085-Ch. ridib 140713_011.MP3
Black-headed_Gull,XC187085-Ch.,25,data/processed/Black-headed_Gull/XC187085-Ch._chunk025.wav,3.0,XC187085-Ch. ridib 140713_011.MP3
Black-headed_Gull,XC187085-Ch.,26,data/processed/Black-headed_Gull/XC187085-Ch._chunk026.wav,3.0,XC187085-Ch. ridib 140713_011.MP3
Black-headed_Gull,XC187085-Ch.,27,data/processed/Black-headed_Gull/XC187085-Ch._chunk027.wav,3.0,XC187085-Ch. ridib 140713_011.MP3
Black-headed_Gull,XC187085-Ch.,28,data/processed/Black-headed_Gull/XC187085-Ch._chunk028.wav,3.0,XC187085-Ch. ridib 140713_011.MP3
Black-headed_Gull,XC187085-Ch.,29,data/processed/Black-headed_Gull/XC187085-Ch._chunk029.wav,3.0,XC187085-Ch. ridib 140713_011.MP3
Black-headed_Gull,XC187085-Ch.,30,data/processed/Black-headed_Gull/XC187085-Ch._chunk030.wav,3.0,XC187085-Ch. ridib 140713_011.MP3
Black-headed_Gull,XC187085-Ch.,31,data/processed/Black-headed_Gull/XC187085-Ch._chunk031.wav,3.0,XC187085-Ch. ridib 140713_011.MP3
Black-headed_Gull,XC187085-Ch.,32,data/processed/Black-headed_Gull/XC187085-Ch._chunk032.wav,3.0,XC187085-Ch. ridib 140713_011.MP3
Black-headed_Gull,XC187085-Ch.,33,data/processed/Black-headed_Gull/XC187085-Ch._chunk033.wav,3.0,XC187085-Ch. ridib 140713_011.MP3
Black-headed_Gull,XC187087-140713_013,0,data/processed/Black-headed_Gull/XC187087-140713_013_chunk000.wav,3.0,XC187087-140713_013.MP3
Black-headed_Gull,XC187087-140713_013,1,data/processed/Black-headed_Gull/XC187087-140713_013_chunk001.wav,3.0,XC187087-140713_013.MP3
Black-headed_Gull,XC187087-140713_013,2,data/processed/Black-headed_Gull/XC187087-140713_013_chunk002.wav,3.0,XC187087-140713_013.MP3
Black-headed_Gull,XC187087-140713_013,3,data/processed/Black-headed_Gull/XC187087-140713_013_chunk003.wav,3.0,XC187087-140713_013.MP3
Black-headed_Gull,XC187087-140713_013,4,data/processed/Black-headed_Gull/XC187087-140713_013_chunk004.wav,3.0,XC187087-140713_013.MP3
Black-headed_Gull,XC187087-140713_013,5,data/processed/Black-headed_Gull/XC187087-140713_013_chunk005.wav,3.0,XC187087-140713_013.MP3
Black-headed_Gull,XC187087-140713_013,6,data/processed/Black-headed_Gull/XC187087-140713_013_chunk006.wav,3.0,XC187087-140713_013.MP3
Black-headed_Gull,XC187087-140713_013,7,data/processed/Black-headed_Gull/XC187087-140713_013_chunk007.wav,3.0,XC187087-140713_013.MP3
Black-headed_Gull,XC187087-140713_013,8,data/processed/Black-headed_Gull/XC187087-140713_013_chunk008.wav,3.0,XC187087-140713_013.MP3
Black-headed_Gull,XC187087-140713_013,9,data/processed/Black-headed_Gull/XC187087-140713_013_chunk009.wav,3.0,XC187087-140713_013.MP3
Black-headed_Gull,XC187087-140713_013,10,data/processed/Black-headed_Gull/XC187087-140713_013_chunk010.wav,3.0,XC187087-140713_013.MP3
Black-headed_Gull,XC187087-140713_013,11,data/processed/Black-headed_Gull/XC187087-140713_013_chunk011.wav,3.0,XC187087-140713_013.MP3
Black-headed_Gull,XC187087-140713_013,12,data/processed/Black-headed_Gull/XC187087-140713_013_chunk012.wav,3.0,XC187087-140713_013.MP3
Black-headed_Gull,XC187087-140713_013,13,data/processed/Black-headed_Gull/XC187087-140713_013_chunk013.wav,3.0,XC187087-140713_013.MP3
Black-headed_Gull,XC187087-140713_013,14,data/processed/Black-headed_Gull/XC187087-140713_013_chunk014.wav,3.0,XC187087-140713_013.MP3
Black-headed_Gull,XC187087-140713_013,15,data/processed/Black-headed_Gull/XC187087-140713_013_chunk015.wav,3.0,XC187087-140713_013.MP3
Black-headed_Gull,XC187087-140713_013,16,data/processed/Black-headed_Gull/XC187087-140713_013_chunk016.wav,3.0,XC187087-140713_013.MP3
Black-headed_Gull,XC187087-140713_013,17,data/processed/Black-headed_Gull/XC187087-140713_013_chunk017.wav,3.0,XC187087-140713_013.MP3
Black-headed_Gull,XC187087-140713_013,18,data/processed/Black-headed_Gull/XC187087-140713_013_chunk018.wav,3.0,XC187087-140713_013.MP3
Black-headed_Gull,XC187087-140713_013,19,data/processed/Black-headed_Gull/XC187087-140713_013_chunk019.wav,3.0,XC187087-140713_013.MP3
Black-headed_Gull,XC187087-140713_013,20,data/processed/Black-headed_Gull/XC187087-140713_013_chunk020.wav,3.0,XC187087-140713_013.MP3
Black-headed_Gull,XC187087-140713_013,21,data/processed/Black-headed_Gull/XC187087-140713_013_chunk021.wav,3.0,XC187087-140713_013.MP3
Black-headed_Gull,"XC187089-140713_014,1",0,"data/processed/Black-headed_Gull/XC187089-140713_014,1_chunk000.wav",3.0,"XC187089-140713_014,1.MP3"
Black-headed_Gull,"XC187089-140713_014,1",1,"data/processed/Black-headed_Gull/XC187089-140713_014,1_chunk001.wav",3.0,"XC187089-140713_014,1.MP3"
Black-headed_Gull,"XC187089-140713_014,1",2,"data/processed/Black-headed_Gull/XC187089-140713_014,1_chunk002.wav",3.0,"XC187089-140713_014,1.MP3"
Black-headed_Gull,"XC187089-140713_014,1",3,"data/processed/Black-headed_Gull/XC187089-140713_014,1_chunk003.wav",3.0,"XC187089-140713_014,1.MP3"
Black-headed_Gull,"XC187089-140713_014,1",4,"data/processed/Black-headed_Gull/XC187089-140713_014,1_chunk004.wav",3.0,"XC187089-140713_014,1.MP3"
Black-headed_Gull,"XC187089-140713_014,1",5,"data/processed/Black-headed_Gull/XC187089-140713_014,1_chunk005.wav",3.0,"XC187089-140713_014,1.MP3"
Black-headed_Gull,"XC187089-140713_014,1",6,"data/processed/Black-headed_Gull/XC187089-140713_014,1_chunk006.wav",3.0,"XC187089-140713_014,1.MP3"
Black-headed_Gull,"XC187089-140713_014,1",7,"data/processed/Black-headed_Gull/XC187089-140713_014,1_chunk007.wav",3.0,"XC187089-140713_014,1.MP3"
Black-headed_Gull,"XC187089-140713_014,1",8,"data/processed/Black-headed_Gull/XC187089-140713_014,1_chunk008.wav",3.0,"XC187089-140713_014,1.MP3"
Black-headed_Gull,"XC187089-140713_014,1",9,"data/processed/Black-headed_Gull/XC187089-140713_014,1_chunk009.wav",3.0,"XC187089-140713_014,1.MP3"
Black-headed_Gull,"XC187089-140713_014,1",10,"data/processed/Black-headed_Gull/XC187089-140713_014,1_chunk010.wav",3.0,"XC187089-140713_014,1.MP3"
Black-headed_Gull,"XC187089-140713_014,1",11,"data/processed/Black-headed_Gull/XC187089-140713_014,1_chunk011.wav",3.0,"XC187089-140713_014,1.MP3"
Black-headed_Gull,"XC187089-140713_014,1",12,"data/processed/Black-headed_Gull/XC187089-140713_014,1_chunk012.wav",3.0,"XC187089-140713_014,1.MP3"
Black-headed_Gull,"XC187089-140713_014,1",13,"data/processed/Black-headed_Gull/XC187089-140713_014,1_chunk013.wav",3.0,"XC187089-140713_014,1.MP3"
Black-headed_Gull,"XC187089-140713_014,1",14,"data/processed/Black-headed_Gull/XC187089-140713_014,1_chunk014.wav",3.0,"XC187089-140713_014,1.MP3"
Black-headed_Gull,"XC187089-140713_014,1",15,"data/processed/Black-headed_Gull/XC187089-140713_014,1_chunk015.wav",3.0,"XC187089-140713_014,1.MP3"
Black-headed_Gull,"XC187089-140713_014,1",16,"data/processed/Black-headed_Gull/XC187089-140713_014,1_chunk016.wav",3.0,"XC187089-140713_014,1.MP3"
Black-headed_Gull,"XC187089-140713_014,1",17,"data/processed/Black-headed_Gull/XC187089-140713_014,1_chunk017.wav",3.0,"XC187089-140713_014,1.MP3"
Black-headed_Gull,"XC187089-140713_014,1",18,"data/processed/Black-headed_Gull/XC187089-140713_014,1_chunk018.wav",3.0,"XC187089-140713_014,1.MP3"
Black-headed_Gull,"XC187089-140713_014,1",19,"data/processed/Black-headed_Gull/XC187089-140713_014,1_chunk019.wav",3.0,"XC187089-140713_014,1.MP3"
Black-headed_Gull,"XC187089-140713_014,1",20,"data/processed/Black-headed_Gull/XC187089-140713_014,1_chunk020.wav",3.0,"XC187089-140713_014,1.MP3"
Black-headed_Gull,"XC187089-140713_014,1",21,"data/processed/Black-headed_Gull/XC187089-140713_014,1_chunk021.wav",3.0,"XC187089-140713_014,1.MP3"
Black-headed_Gull,"XC187089-140713_014,1",22,"data/processed/Black-headed_Gull/XC187089-140713_014,1_chunk022.wav",3.0,"XC187089-140713_014,1.MP3"
Black-headed_Gull,"XC187089-140713_014,1",23,"data/processed/Black-headed_Gull/XC187089-140713_014,1_chunk023.wav",3.0,"XC187089-140713_014,1.MP3"
Black-headed_Gull,"XC187089-140713_014,1",24,"data/processed/Black-headed_Gull/XC187089-140713_014,1_chunk024.wav",3.0,"XC187089-140713_014,1.MP3"
Black-headed_Gull,"XC187089-140713_014,1",25,"data/processed/Black-headed_Gull/XC187089-140713_014,1_chunk025.wav",3.0,"XC187089-140713_014,1.MP3"
Black-headed_Gull,"XC187089-140713_014,1",26,"data/processed/Black-headed_Gull/XC187089-140713_014,1_chunk026.wav",3.0,"XC187089-140713_014,1.MP3"
Black-headed_Gull,"XC187089-140713_014,1",27,"data/processed/Black-headed_Gull/XC187089-140713_014,1_chunk027.wav",3.0,"XC187089-140713_014,1.MP3"
Black-headed_Gull,"XC187089-140713_014,1",28,"data/processed/Black-headed_Gull/XC187089-140713_014,1_chunk028.wav",3.0,"XC187089-140713_014,1.MP3"
Black-headed_Gull,"XC187089-140713_014,1",29,"data/processed/Black-headed_Gull/XC187089-140713_014,1_chunk029.wav",3.0,"XC187089-140713_014,1.MP3"
Black-headed_Gull,"XC187089-140713_014,1",30,"data/processed/Black-headed_Gull/XC187089-140713_014,1_chunk030.wav",3.0,"XC187089-140713_014,1.MP3"
Black-headed_Gull,"XC187089-140713_014,1",31,"data/processed/Black-headed_Gull/XC187089-140713_014,1_chunk031.wav",3.0,"XC187089-140713_014,1.MP3"
Black-headed_Gull,"XC187089-140713_014,1",32,"data/processed/Black-headed_Gull/XC187089-140713_014,1_chunk032.wav",3.0,"XC187089-140713_014,1.MP3"
Black-headed_Gull,"XC187089-140713_014,1",33,"data/processed/Black-headed_Gull/XC187089-140713_014,1_chunk033.wav",3.0,"XC187089-140713_014,1.MP3"
Black-headed_Gull,"XC187089-140713_014,1",34,"data/processed/Black-headed_Gull/XC187089-140713_014,1_chunk034.wav",3.0,"XC187089-140713_014,1.MP3"
Black-headed_Gull,"XC187089-140713_014,1",35,"data/processed/Black-headed_Gull/XC187089-140713_014,1_chunk035.wav",3.0,"XC187089-140713_014,1.MP3"
Black-headed_Gull,"XC187089-140713_014,1",36,"data/processed/Black-headed_Gull/XC187089-140713_014,1_chunk036.wav",3.0,"XC187089-140713_014,1.MP3"
Black-headed_Gull,"XC187089-140713_014,1",37,"data/processed/Black-headed_Gull/XC187089-140713_014,1_chunk037.wav",3.0,"XC187089-140713_014,1.MP3"
Black-headed_Gull,"XC187089-140713_014,1",38,"data/processed/Black-headed_Gull/XC187089-140713_014,1_chunk038.wav",3.0,"XC187089-140713_014,1.MP3"
Black-headed_Gull,XC187180-L.r.,0,data/processed/Black-headed_Gull/XC187180-L.r._chunk000.wav,3.0,"XC187180-L.r. 0713_102837,AAA.MP3"
Black-headed_Gull,XC187180-L.r.,1,data/processed/Black-headed_Gull/XC187180-L.r._chunk001.wav,3.0,"XC187180-L.r. 0713_102837,AAA.MP3"
Black-headed_Gull,XC187180-L.r.,2,data/processed/Black-headed_Gull/XC187180-L.r._chunk002.wav,3.0,"XC187180-L.r. 0713_102837,AAA.MP3"
Black-headed_Gull,XC187180-L.r.,3,data/processed/Black-headed_Gull/XC187180-L.r._chunk003.wav,3.0,"XC187180-L.r. 0713_102837,AAA.MP3"
Black-headed_Gull,XC187180-L.r.,4,data/processed/Black-headed_Gull/XC187180-L.r._chunk004.wav,3.0,"XC187180-L.r. 0713_102837,AAA.MP3"
Black-headed_Gull,XC187180-L.r.,5,data/processed/Black-headed_Gull/XC187180-L.r._chunk005.wav,3.0,"XC187180-L.r. 0713_102837,AAA.MP3"
Black-headed_Gull,XC187180-L.r.,6,data/processed/Black-headed_Gull/XC187180-L.r._chunk006.wav,3.0,"XC187180-L.r. 0713_102837,AAA.MP3"
Black-headed_Gull,XC187180-L.r.,7,data/processed/Black-headed_Gull/XC187180-L.r._chunk007.wav,3.0,"XC187180-L.r. 0713_102837,AAA.MP3"
Black-headed_Gull,XC187180-L.r.,8,data/processed/Black-headed_Gull/XC187180-L.r._chunk008.wav,3.0,"XC187180-L.r. 0713_102837,AAA.MP3"
Black-headed_Gull,XC187180-L.r.,9,data/processed/Black-headed_Gull/XC187180-L.r._chunk009.wav,3.0,"XC187180-L.r. 0713_102837,AAA.MP3"
Black-headed_Gull,XC187180-L.r.,10,data/processed/Black-headed_Gull/XC187180-L.r._chunk010.wav,3.0,"XC187180-L.r. 0713_102837,AAA.MP3"
Black-headed_Gull,XC187180-L.r.,11,data/processed/Black-headed_Gull/XC187180-L.r._chunk011.wav,3.0,"XC187180-L.r. 0713_102837,AAA.MP3"
Black-headed_Gull,XC187180-L.r.,12,data/processed/Black-headed_Gull/XC187180-L.r._chunk012.wav,3.0,"XC187180-L.r. 0713_102837,AAA.MP3"
Black-headed_Gull,XC187180-L.r.,13,data/processed/Black-headed_Gull/XC187180-L.r._chunk013.wav,3.0,"XC187180-L.r. 0713_102837,AAA.MP3"
Black-headed_Gull,XC187180-L.r.,14,data/processed/Black-headed_Gull/XC187180-L.r._chunk014.wav,3.0,"XC187180-L.r. 0713_102837,AAA.MP3"
Black-headed_Gull,XC187180-L.r.,15,data/processed/Black-headed_Gull/XC187180-L.r._chunk015.wav,3.0,"XC187180-L.r. 0713_102837,AAA.MP3"
Black-headed_Gull,XC187180-L.r.,16,data/processed/Black-headed_Gull/XC187180-L.r._chunk016.wav,3.0,"XC187180-L.r. 0713_102837,AAA.MP3"
Black-headed_Gull,XC187180-L.r.,17,data/processed/Black-headed_Gull/XC187180-L.r._chunk017.wav,3.0,"XC187180-L.r. 0713_102837,AAA.MP3"
Black-headed_Gull,XC187180-L.r.,18,data/processed/Black-headed_Gull/XC187180-L.r._chunk018.wav,3.0,"XC187180-L.r. 0713_102837,AAA.MP3"
Black-headed_Gull,XC187180-L.r.,19,data/processed/Black-headed_Gull/XC187180-L.r._chunk019.wav,3.0,"XC187180-L.r. 0713_102837,AAA.MP3"
Black-headed_Gull,XC187180-L.r.,20,data/processed/Black-headed_Gull/XC187180-L.r._chunk020.wav,3.0,"XC187180-L.r. 0713_102837,AAA.MP3"
Black-headed_Gull,XC187180-L.r.,21,data/processed/Black-headed_Gull/XC187180-L.r._chunk021.wav,3.0,"XC187180-L.r. 0713_102837,AAA.MP3"
Black-headed_Gull,XC187180-L.r.,22,data/processed/Black-headed_Gull/XC187180-L.r._chunk022.wav,3.0,"XC187180-L.r. 0713_102837,AAA.MP3"
Black-headed_Gull,XC187180-L.r.,23,data/processed/Black-headed_Gull/XC187180-L.r._chunk023.wav,3.0,"XC187180-L.r. 0713_102837,AAA.MP3"
Black-headed_Gull,XC187180-L.r.,24,data/processed/Black-headed_Gull/XC187180-L.r._chunk024.wav,3.0,"XC187180-L.r. 0713_102837,AAA.MP3"
Black-headed_Gull,XC187180-L.r.,25,data/processed/Black-headed_Gull/XC187180-L.r._chunk025.wav,3.0,"XC187180-L.r. 0713_102837,AAA.MP3"
Black-headed_Gull,XC187180-L.r.,26,data/processed/Black-headed_Gull/XC187180-L.r._chunk026.wav,3.0,"XC187180-L.r. 0713_102837,AAA.MP3"
Black-headed_Gull,XC187180-L.r.,27,data/processed/Black-headed_Gull/XC187180-L.r._chunk027.wav,3.0,"XC187180-L.r. 0713_102837,AAA.MP3"
Black-headed_Gull,XC187180-L.r.,28,data/processed/Black-headed_Gull/XC187180-L.r._chunk028.wav,3.0,"XC187180-L.r. 0713_102837,AAA.MP3"
Black-headed_Gull,XC187180-L.r.,29,data/processed/Black-headed_Gull/XC187180-L.r._chunk029.wav,3.0,"XC187180-L.r. 0713_102837,AAA.MP3"
Black-headed_Gull,XC187180-L.r.,30,data/processed/Black-headed_Gull/XC187180-L.r._chunk030.wav,3.0,"XC187180-L.r. 0713_102837,AAA.MP3"
Black-headed_Gull,XC187180-L.r.,31,data/processed/Black-headed_Gull/XC187180-L.r._chunk031.wav,3.0,"XC187180-L.r. 0713_102837,AAA.MP3"
Black-headed_Gull,XC187180-L.r.,32,data/processed/Black-headed_Gull/XC187180-L.r._chunk032.wav,3.0,"XC187180-L.r. 0713_102837,AAA.MP3"
Black-headed_Gull,XC187180-L.r.,33,data/processed/Black-headed_Gull/XC187180-L.r._chunk033.wav,3.0,"XC187180-L.r. 0713_102837,AAA.MP3"
Black-headed_Gull,XC187180-L.r.,34,data/processed/Black-headed_Gull/XC187180-L.r._chunk034.wav,3.0,"XC187180-L.r. 0713_102837,AAA.MP3"
Black-headed_Gull,XC187180-L.r.,35,data/processed/Black-headed_Gull/XC187180-L.r._chunk035.wav,3.0,"XC187180-L.r. 0713_102837,AAA.MP3"
Black-headed_Gull,XC187180-L.r.,36,data/processed/Black-headed_Gull/XC187180-L.r._chunk036.wav,3.0,"XC187180-L.r. 0713_102837,AAA.MP3"
Black-headed_Gull,XC187180-L.r.,37,data/processed/Black-headed_Gull/XC187180-L.r._chunk037.wav,3.0,"XC187180-L.r. 0713_102837,AAA.MP3"
Black-headed_Gull,XC187180-L.r.,38,data/processed/Black-headed_Gull/XC187180-L.r._chunk038.wav,3.0,"XC187180-L.r. 0713_102837,AAA.MP3"
Black-headed_Gull,XC187180-L.r.,39,data/processed/Black-headed_Gull/XC187180-L.r._chunk039.wav,3.0,"XC187180-L.r. 0713_102837,AAA.MP3"
Black-headed_Gull,XC187180-L.r.,40,data/processed/Black-headed_Gull/XC187180-L.r._chunk040.wav,3.0,"XC187180-L.r. 0713_102837,AAA.MP3"
Black-headed_Gull,XC187180-L.r.,41,data/processed/Black-headed_Gull/XC187180-L.r._chunk041.wav,3.0,"XC187180-L.r. 0713_102837,AAA.MP3"
Black-headed_Gull,XC187180-L.r.,42,data/processed/Black-headed_Gull/XC187180-L.r._chunk042.wav,3.0,"XC187180-L.r. 0713_102837,AAA.MP3"
Black-headed_Gull,XC187180-L.r.,43,data/processed/Black-headed_Gull/XC187180-L.r._chunk043.wav,3.0,"XC187180-L.r. 0713_102837,AAA.MP3"
Black-headed_Gull,XC187180-L.r.,44,data/processed/Black-headed_Gull/XC187180-L.r._chunk044.wav,3.0,"XC187180-L.r. 0713_102837,AAA.MP3"
Black-headed_Gull,XC187180-L.r.,45,data/processed/Black-headed_Gull/XC187180-L.r._chunk045.wav,3.0,"XC187180-L.r. 0713_102837,AAA.MP3"
Black-headed_Gull,XC187180-L.r.,46,data/processed/Black-headed_Gull/XC187180-L.r._chunk046.wav,3.0,"XC187180-L.r. 0713_102837,AAA.MP3"
Black-headed_Gull,XC187180-L.r.,47,data/processed/Black-headed_Gull/XC187180-L.r._chunk047.wav,3.0,"XC187180-L.r. 0713_102837,AAA.MP3"
Black-headed_Gull,XC187180-L.r.,48,data/processed/Black-headed_Gull/XC187180-L.r._chunk048.wav,3.0,"XC187180-L.r. 0713_102837,AAA.MP3"
Black-headed_Gull,XC187180-L.r.,49,data/processed/Black-headed_Gull/XC187180-L.r._chunk049.wav,3.0,"XC187180-L.r. 0713_102837,AAA.MP3"
Black-headed_Gull,XC189380-Black-headed,0,data/processed/Black-headed_Gull/XC189380-Black-headed_chunk000.wav,3.0,XC189380-Black-headed Gull_Extremadura.mp3
Black-headed_Gull,XC189380-Black-headed,1,data/processed/Black-headed_Gull/XC189380-Black-headed_chunk001.wav,3.0,XC189380-Black-headed Gull_Extremadura.mp3
Black-headed_Gull,XC189380-Black-headed,2,data/processed/Black-headed_Gull/XC189380-Black-headed_chunk002.wav,3.0,XC189380-Black-headed Gull_Extremadura.mp3
Black-headed_Gull,XC189380-Black-headed,3,data/processed/Black-headed_Gull/XC189380-Black-headed_chunk003.wav,3.0,XC189380-Black-headed Gull_Extremadura.mp3
Black-headed_Gull,XC189380-Black-headed,4,data/processed/Black-headed_Gull/XC189380-Black-headed_chunk004.wav,3.0,XC189380-Black-headed Gull_Extremadura.mp3
Black-headed_Gull,XC189380-Black-headed,5,data/processed/Black-headed_Gull/XC189380-Black-headed_chunk005.wav,3.0,XC189380-Black-headed Gull_Extremadura.mp3
Black-headed_Gull,XC189380-Black-headed,6,data/processed/Black-headed_Gull/XC189380-Black-headed_chunk006.wav,3.0,XC189380-Black-headed Gull_Extremadura.mp3
Black-headed_Gull,XC189380-Black-headed,7,data/processed/Black-headed_Gull/XC189380-Black-headed_chunk007.wav,3.0,XC189380-Black-headed Gull_Extremadura.mp3
Black-headed_Gull,XC189380-Black-headed,8,data/processed/Black-headed_Gull/XC189380-Black-headed_chunk008.wav,3.0,XC189380-Black-headed Gull_Extremadura.mp3
Black-headed_Gull,XC189380-Black-headed,9,data/processed/Black-headed_Gull/XC189380-Black-headed_chunk009.wav,3.0,XC189380-Black-headed Gull_Extremadura.mp3
Black-headed_Gull,XC197624-Lachmöwen,0,data/processed/Black-headed_Gull/XC197624-Lachmöwen_chunk000.wav,3.0,XC197624-Lachmöwen.mp3
Black-headed_Gull,XC197624-Lachmöwen,1,data/processed/Black-headed_Gull/XC197624-Lachmöwen_chunk001.wav,3.0,XC197624-Lachmöwen.mp3
Black-headed_Gull,XC197624-Lachmöwen,2,data/processed/Black-headed_Gull/XC197624-Lachmöwen_chunk002.wav,3.0,XC197624-Lachmöwen.mp3
Black-headed_Gull,XC197624-Lachmöwen,3,data/processed/Black-headed_Gull/XC197624-Lachmöwen_chunk003.wav,3.0,XC197624-Lachmöwen.mp3
Black-headed_Gull,XC197624-Lachmöwen,4,data/processed/Black-headed_Gull/XC197624-Lachmöwen_chunk004.wav,3.0,XC197624-Lachmöwen.mp3
Black-headed_Gull,XC197624-Lachmöwen,5,data/processed/Black-headed_Gull/XC197624-Lachmöwen_chunk005.wav,3.0,XC197624-Lachmöwen.mp3
Black-headed_Gull,XC197624-Lachmöwen,6,data/processed/Black-headed_Gull/XC197624-Lachmöwen_chunk006.wav,3.0,XC197624-Lachmöwen.mp3
Black-headed_Gull,XC202605-LS112810,0,data/processed/Black-headed_Gull/XC202605-LS112810_chunk000.wav,3.0,XC202605-LS112810.mp3
Black-headed_Gull,XC202605-LS112810,1,data/processed/Black-headed_Gull/XC202605-LS112810_chunk001.wav,3.0,XC202605-LS112810.mp3
Black-headed_Gull,XC202605-LS112810,2,data/processed/Black-headed_Gull/XC202605-LS112810_chunk002.wav,3.0,XC202605-LS112810.mp3
Black-headed_Gull,XC202605-LS112810,3,data/processed/Black-headed_Gull/XC202605-LS112810_chunk003.wav,3.0,XC202605-LS112810.mp3
Black-headed_Gull,XC202605-LS112810,4,data/processed/Black-headed_Gull/XC202605-LS112810_chunk004.wav,3.0,XC202605-LS112810.mp3
Black-headed_Gull,XC202605-LS112810,5,data/processed/Black-headed_Gull/XC202605-LS112810_chunk005.wav,3.0,XC202605-LS112810.mp3
Black-headed_Gull,XC202605-LS112810,6,data/processed/Black-headed_Gull/XC202605-LS112810_chunk006.wav,3.0,XC202605-LS112810.mp3
Black-headed_Gull,XC202605-LS112810,7,data/processed/Black-headed_Gull/XC202605-LS112810_chunk007.wav,3.0,XC202605-LS112810.mp3
Black-headed_Gull,XC202605-LS112810,8,data/processed/Black-headed_Gull/XC202605-LS112810_chunk008.wav,3.0,XC202605-LS112810.mp3
Black-headed_Gull,XC202605-LS112810,9,data/processed/Black-headed_Gull/XC202605-LS112810_chunk009.wav,3.0,XC202605-LS112810.mp3
Black-headed_Gull,XC202605-LS112810,10,data/processed/Black-headed_Gull/XC202605-LS112810_chunk010.wav,3.0,XC202605-LS112810.mp3
Black-headed_Gull,XC202605-LS112810,11,data/processed/Black-headed_Gull/XC202605-LS112810_chunk011.wav,3.0,XC202605-LS112810.mp3
Black-headed_Gull,XC202605-LS112810,12,data/processed/Black-headed_Gull/XC202605-LS112810_chunk012.wav,3.0,XC202605-LS112810.mp3
Black-headed_Gull,XC202605-LS112810,13,data/processed/Black-headed_Gull/XC202605-LS112810_chunk013.wav,3.0,XC202605-LS112810.mp3
Black-headed_Gull,XC202605-LS112810,14,data/processed/Black-headed_Gull/XC202605-LS112810_chunk014.wav,3.0,XC202605-LS112810.mp3
Black-headed_Gull,XC202605-LS112810,15,data/processed/Black-headed_Gull/XC202605-LS112810_chunk015.wav,3.0,XC202605-LS112810.mp3
Black-headed_Gull,XC202605-LS112810,16,data/processed/Black-headed_Gull/XC202605-LS112810_chunk016.wav,3.0,XC202605-LS112810.mp3
Black-headed_Gull,XC202605-LS112810,17,data/processed/Black-headed_Gull/XC202605-LS112810_chunk017.wav,3.0,XC202605-LS112810.mp3
Black-headed_Gull,XC202605-LS112810,18,data/processed/Black-headed_Gull/XC202605-LS112810_chunk018.wav,3.0,XC202605-LS112810.mp3
Black-headed_Gull,XC202605-LS112810,19,data/processed/Black-headed_Gull/XC202605-LS112810_chunk019.wav,3.0,XC202605-LS112810.mp3
Black-headed_Gull,XC202605-LS112810,20,data/processed/Black-headed_Gull/XC202605-LS112810_chunk020.wav,3.0,XC202605-LS112810.mp3
Black-headed_Gull,XC202605-LS112810,21,data/processed/Black-headed_Gull/XC202605-LS112810_chunk021.wav,3.0,XC202605-LS112810.mp3
Black-headed_Gull,XC202605-LS112810,22,data/processed/Black-headed_Gull/XC202605-LS112810_chunk022.wav,3.0,XC202605-LS112810.mp3
Black-headed_Gull,XC202605-LS112810,23,data/processed/Black-headed_Gull/XC202605-LS112810_chunk023.wav,3.0,XC202605-LS112810.mp3
Black-headed_Gull,XC202605-LS112810,24,data/processed/Black-headed_Gull/XC202605-LS112810_chunk024.wav,3.0,XC202605-LS112810.mp3
Black-headed_Gull,XC202605-LS112810,25,data/processed/Black-headed_Gull/XC202605-LS112810_chunk025.wav,3.0,XC202605-LS112810.mp3
Black-headed_Gull,XC202605-LS112810,26,data/processed/Black-headed_Gull/XC202605-LS112810_chunk026.wav,3.0,XC202605-LS112810.mp3
Black-headed_Gull,XC202605-LS112810,27,data/processed/Black-headed_Gull/XC202605-LS112810_chunk027.wav,3.0,XC202605-LS112810.mp3
Black-headed_Gull,XC202605-LS112810,28,data/processed/Black-headed_Gull/XC202605-LS112810_chunk028.wav,3.0,XC202605-LS112810.mp3
Black-headed_Gull,XC202605-LS112810,29,data/processed/Black-headed_Gull/XC202605-LS112810_chunk029.wav,3.0,XC202605-LS112810.mp3
Black-headed_Gull,XC202605-LS112810,30,data/processed/Black-headed_Gull/XC202605-LS112810_chunk030.wav,3.0,XC202605-LS112810.mp3
Black-headed_Gull,XC202605-LS112810,31,data/processed/Black-headed_Gull/XC202605-LS112810_chunk031.wav,3.0,XC202605-LS112810.mp3
Black-headed_Gull,XC202605-LS112810,32,data/processed/Black-headed_Gull/XC202605-LS112810_chunk032.wav,3.0,XC202605-LS112810.mp3
Black-headed_Gull,XC202605-LS112810,33,data/processed/Black-headed_Gull/XC202605-LS112810_chunk033.wav,3.0,XC202605-LS112810.mp3
Black-headed_Gull,XC202605-LS112810,34,data/processed/Black-headed_Gull/XC202605-LS112810_chunk034.wav,3.0,XC202605-LS112810.mp3
Black-headed_Gull,XC202605-LS112810,35,data/processed/Black-headed_Gull/XC202605-LS112810_chunk035.wav,3.0,XC202605-LS112810.mp3
Black-headed_Gull,XC202605-LS112810,36,data/processed/Black-headed_Gull/XC202605-LS112810_chunk036.wav,3.0,XC202605-LS112810.mp3
Black-headed_Gull,XC202605-LS112810,37,data/processed/Black-headed_Gull/XC202605-LS112810_chunk037.wav,3.0,XC202605-LS112810.mp3
Black-headed_Gull,XC202605-LS112810,38,data/processed/Black-headed_Gull/XC202605-LS112810_chunk038.wav,3.0,XC202605-LS112810.mp3
Black-headed_Gull,XC202605-LS112810,39,data/processed/Black-headed_Gull/XC202605-LS112810_chunk039.wav,3.0,XC202605-LS112810.mp3
Black-headed_Gull,XC202702-LS112768,0,data/processed/Black-headed_Gull/XC202702-LS112768_chunk000.wav,3.0,XC202702-LS112768.mp3
Black-headed_Gull,XC202702-LS112768,1,data/processed/Black-headed_Gull/XC202702-LS112768_chunk001.wav,3.0,XC202702-LS112768.mp3
Black-headed_Gull,XC202702-LS112768,2,data/processed/Black-headed_Gull/XC202702-LS112768_chunk002.wav,3.0,XC202702-LS112768.mp3
Black-headed_Gull,XC202702-LS112768,3,data/processed/Black-headed_Gull/XC202702-LS112768_chunk003.wav,3.0,XC202702-LS112768.mp3
Black-headed_Gull,XC202702-LS112768,4,data/processed/Black-headed_Gull/XC202702-LS112768_chunk004.wav,3.0,XC202702-LS112768.mp3
Black-headed_Gull,XC202702-LS112768,5,data/processed/Black-headed_Gull/XC202702-LS112768_chunk005.wav,3.0,XC202702-LS112768.mp3
Black-headed_Gull,XC202702-LS112768,6,data/processed/Black-headed_Gull/XC202702-LS112768_chunk006.wav,3.0,XC202702-LS112768.mp3
Black-headed_Gull,XC202702-LS112768,7,data/processed/Black-headed_Gull/XC202702-LS112768_chunk007.wav,3.0,XC202702-LS112768.mp3
Black-headed_Gull,XC202702-LS112768,8,data/processed/Black-headed_Gull/XC202702-LS112768_chunk008.wav,3.0,XC202702-LS112768.mp3
Black-headed_Gull,XC202702-LS112768,9,data/processed/Black-headed_Gull/XC202702-LS112768_chunk009.wav,3.0,XC202702-LS112768.mp3
Black-headed_Gull,XC202702-LS112768,10,data/processed/Black-headed_Gull/XC202702-LS112768_chunk010.wav,3.0,XC202702-LS112768.mp3
Black-headed_Gull,XC202702-LS112768,11,data/processed/Black-headed_Gull/XC202702-LS112768_chunk011.wav,3.0,XC202702-LS112768.mp3
Black-headed_Gull,XC202702-LS112768,12,data/processed/Black-headed_Gull/XC202702-LS112768_chunk012.wav,3.0,XC202702-LS112768.mp3
Black-headed_Gull,XC202702-LS112768,13,data/processed/Black-headed_Gull/XC202702-LS112768_chunk013.wav,3.0,XC202702-LS112768.mp3
Black-headed_Gull,XC202702-LS112768,14,data/processed/Black-headed_Gull/XC202702-LS112768_chunk014.wav,3.0,XC202702-LS112768.mp3
Black-headed_Gull,XC202702-LS112768,15,data/processed/Black-headed_Gull/XC202702-LS112768_chunk015.wav,3.0,XC202702-LS112768.mp3
Black-headed_Gull,XC202702-LS112768,16,data/processed/Black-headed_Gull/XC202702-LS112768_chunk016.wav,3.0,XC202702-LS112768.mp3
Black-headed_Gull,XC202702-LS112768,17,data/processed/Black-headed_Gull/XC202702-LS112768_chunk017.wav,3.0,XC202702-LS112768.mp3
Black-headed_Gull,XC202702-LS112768,18,data/processed/Black-headed_Gull/XC202702-LS112768_chunk018.wav,3.0,XC202702-LS112768.mp3
Black-headed_Gull,XC202702-LS112768,19,data/processed/Black-headed_Gull/XC202702-LS112768_chunk019.wav,3.0,XC202702-LS112768.mp3
Black-headed_Gull,XC202702-LS112768,20,data/processed/Black-headed_Gull/XC202702-LS112768_chunk020.wav,3.0,XC202702-LS112768.mp3
Black-headed_Gull,XC202702-LS112768,21,data/processed/Black-headed_Gull/XC202702-LS112768_chunk021.wav,3.0,XC202702-LS112768.mp3
Black-headed_Gull,XC202702-LS112768,22,data/processed/Black-headed_Gull/XC202702-LS112768_chunk022.wav,3.0,XC202702-LS112768.mp3
Black-headed_Gull,XC202702-LS112768,23,data/processed/Black-headed_Gull/XC202702-LS112768_chunk023.wav,3.0,XC202702-LS112768.mp3
Black-headed_Gull,XC202702-LS112768,24,data/processed/Black-headed_Gull/XC202702-LS112768_chunk024.wav,3.0,XC202702-LS112768.mp3
Black-headed_Gull,XC202702-LS112768,25,data/processed/Black-headed_Gull/XC202702-LS112768_chunk025.wav,3.0,XC202702-LS112768.mp3
Black-headed_Gull,XC202702-LS112768,26,data/processed/Black-headed_Gull/XC202702-LS112768_chunk026.wav,3.0,XC202702-LS112768.mp3
Black-headed_Gull,XC202702-LS112768,27,data/processed/Black-headed_Gull/XC202702-LS112768_chunk027.wav,3.0,XC202702-LS112768.mp3
Black-headed_Gull,XC202702-LS112768,28,data/processed/Black-headed_Gull/XC202702-LS112768_chunk028.wav,3.0,XC202702-LS112768.mp3
Black-headed_Gull,XC202702-LS112768,29,data/processed/Black-headed_Gull/XC202702-LS112768_chunk029.wav,3.0,XC202702-LS112768.mp3
Black-headed_Gull,XC202702-LS112768,30,data/processed/Black-headed_Gull/XC202702-LS112768_chunk030.wav,3.0,XC202702-LS112768.mp3
Black-headed_Gull,XC202702-LS112768,31,data/processed/Black-headed_Gull/XC202702-LS112768_chunk031.wav,3.0,XC202702-LS112768.mp3
Black-headed_Gull,XC202702-LS112768,32,data/processed/Black-headed_Gull/XC202702-LS112768_chunk032.wav,3.0,XC202702-LS112768.mp3
Black-headed_Gull,XC202702-LS112768,33,data/processed/Black-headed_Gull/XC202702-LS112768_chunk033.wav,3.0,XC202702-LS112768.mp3
Black-headed_Gull,XC202702-LS112768,34,data/processed/Black-headed_Gull/XC202702-LS112768_chunk034.wav,3.0,XC202702-LS112768.mp3
Black-headed_Gull,XC202702-LS112768,35,data/processed/Black-headed_Gull/XC202702-LS112768_chunk035.wav,3.0,XC202702-LS112768.mp3
Black-headed_Gull,XC202702-LS112768,36,data/processed/Black-headed_Gull/XC202702-LS112768_chunk036.wav,3.0,XC202702-LS112768.mp3
Black-headed_Gull,XC202702-LS112768,37,data/processed/Black-headed_Gull/XC202702-LS112768_chunk037.wav,3.0,XC202702-LS112768.mp3
Black-headed_Gull,XC202702-LS112768,38,data/processed/Black-headed_Gull/XC202702-LS112768_chunk038.wav,3.0,XC202702-LS112768.mp3
Black-headed_Gull,XC202702-LS112768,39,data/processed/Black-headed_Gull/XC202702-LS112768_chunk039.wav,3.0,XC202702-LS112768.mp3
Black-headed_Gull,XC202702-LS112768,40,data/processed/Black-headed_Gull/XC202702-LS112768_chunk040.wav,3.0,XC202702-LS112768.mp3
Black-headed_Gull,XC202702-LS112768,41,data/processed/Black-headed_Gull/XC202702-LS112768_chunk041.wav,3.0,XC202702-LS112768.mp3
Black-headed_Gull,XC202702-LS112768,42,data/processed/Black-headed_Gull/XC202702-LS112768_chunk042.wav,3.0,XC202702-LS112768.mp3
Black-headed_Gull,XC202702-LS112768,43,data/processed/Black-headed_Gull/XC202702-LS112768_chunk043.wav,3.0,XC202702-LS112768.mp3
Black-headed_Gull,XC202702-LS112768,44,data/processed/Black-headed_Gull/XC202702-LS112768_chunk044.wav,3.0,XC202702-LS112768.mp3
Black-headed_Gull,XC202702-LS112768,45,data/processed/Black-headed_Gull/XC202702-LS112768_chunk045.wav,3.0,XC202702-LS112768.mp3
Black-headed_Gull,XC202702-LS112768,46,data/processed/Black-headed_Gull/XC202702-LS112768_chunk046.wav,3.0,XC202702-LS112768.mp3
Black-headed_Gull,XC202702-LS112768,47,data/processed/Black-headed_Gull/XC202702-LS112768_chunk047.wav,3.0,XC202702-LS112768.mp3
Black-headed_Gull,XC202702-LS112768,48,data/processed/Black-headed_Gull/XC202702-LS112768_chunk048.wav,3.0,XC202702-LS112768.mp3
Black-headed_Gull,XC202702-LS112768,49,data/processed/Black-headed_Gull/XC202702-LS112768_chunk049.wav,3.0,XC202702-LS112768.mp3
Black-headed_Gull,XC202702-LS112768,50,data/processed/Black-headed_Gull/XC202702-LS112768_chunk050.wav,3.0,XC202702-LS112768.mp3
Black-headed_Gull,XC202702-LS112768,51,data/processed/Black-headed_Gull/XC202702-LS112768_chunk051.wav,3.0,XC202702-LS112768.mp3
Black-headed_Gull,XC202702-LS112768,52,data/processed/Black-headed_Gull/XC202702-LS112768_chunk052.wav,3.0,XC202702-LS112768.mp3
Black-headed_Gull,XC202702-LS112768,53,data/processed/Black-headed_Gull/XC202702-LS112768_chunk053.wav,3.0,XC202702-LS112768.mp3
Black-headed_Gull,XC202702-LS112768,54,data/processed/Black-headed_Gull/XC202702-LS112768_chunk054.wav,3.0,XC202702-LS112768.mp3
Black-headed_Gull,XC202702-LS112768,55,data/processed/Black-headed_Gull/XC202702-LS112768_chunk055.wav,3.0,XC202702-LS112768.mp3
Black-headed_Gull,XC202702-LS112768,56,data/processed/Black-headed_Gull/XC202702-LS112768_chunk056.wav,3.0,XC202702-LS112768.mp3
Black-headed_Gull,XC202702-LS112768,57,data/processed/Black-headed_Gull/XC202702-LS112768_chunk057.wav,3.0,XC202702-LS112768.mp3
Black-headed_Gull,XC202702-LS112768,58,data/processed/Black-headed_Gull/XC202702-LS112768_chunk058.wav,3.0,XC202702-LS112768.mp3
Black-headed_Gull,XC202702-LS112768,59,data/processed/Black-headed_Gull/XC202702-LS112768_chunk059.wav,3.0,XC202702-LS112768.mp3
Black-headed_Gull,XC202702-LS112768,60,data/processed/Black-headed_Gull/XC202702-LS112768_chunk060.wav,3.0,XC202702-LS112768.mp3
Black-headed_Gull,XC202702-LS112768,61,data/processed/Black-headed_Gull/XC202702-LS112768_chunk061.wav,3.0,XC202702-LS112768.mp3
Black-headed_Gull,XC202702-LS112768,62,data/processed/Black-headed_Gull/XC202702-LS112768_chunk062.wav,3.0,XC202702-LS112768.mp3
Black-headed_Gull,XC202702-LS112768,63,data/processed/Black-headed_Gull/XC202702-LS112768_chunk063.wav,3.0,XC202702-LS112768.mp3
Black-headed_Gull,XC202702-LS112768,64,data/processed/Black-headed_Gull/XC202702-LS112768_chunk064.wav,3.0,XC202702-LS112768.mp3
Black-headed_Gull,XC202702-LS112768,65,data/processed/Black-headed_Gull/XC202702-LS112768_chunk065.wav,3.0,XC202702-LS112768.mp3
Black-headed_Gull,XC202702-LS112768,66,data/processed/Black-headed_Gull/XC202702-LS112768_chunk066.wav,3.0,XC202702-LS112768.mp3
Black-headed_Gull,XC202702-LS112768,67,data/processed/Black-headed_Gull/XC202702-LS112768_chunk067.wav,3.0,XC202702-LS112768.mp3
Black-headed_Gull,XC202702-LS112768,68,data/processed/Black-headed_Gull/XC202702-LS112768_chunk068.wav,3.0,XC202702-LS112768.mp3
Black-headed_Gull,XC202702-LS112768,69,data/processed/Black-headed_Gull/XC202702-LS112768_chunk069.wav,3.0,XC202702-LS112768.mp3
Black-headed_Gull,XC202702-LS112768,70,data/processed/Black-headed_Gull/XC202702-LS112768_chunk070.wav,3.0,XC202702-LS112768.mp3
Black-headed_Gull,XC202702-LS112768,71,data/processed/Black-headed_Gull/XC202702-LS112768_chunk071.wav,3.0,XC202702-LS112768.mp3
Black-headed_Gull,XC202702-LS112768,72,data/processed/Black-headed_Gull/XC202702-LS112768_chunk072.wav,3.0,XC202702-LS112768.mp3
Black-headed_Gull,XC202702-LS112768,73,data/processed/Black-headed_Gull/XC202702-LS112768_chunk073.wav,3.0,XC202702-LS112768.mp3
Black-headed_Gull,XC202702-LS112768,74,data/processed/Black-headed_Gull/XC202702-LS112768_chunk074.wav,3.0,XC202702-LS112768.mp3
Black-headed_Gull,XC202702-LS112768,75,data/processed/Black-headed_Gull/XC202702-LS112768_chunk075.wav,3.0,XC202702-LS112768.mp3
Black-headed_Gull,XC202702-LS112768,76,data/processed/Black-headed_Gull/XC202702-LS112768_chunk076.wav,3.0,XC202702-LS112768.mp3
Black-headed_Gull,XC202702-LS112768,77,data/processed/Black-headed_Gull/XC202702-LS112768_chunk077.wav,3.0,XC202702-LS112768.mp3
Black-headed_Gull,XC202702-LS112768,78,data/processed/Black-headed_Gull/XC202702-LS112768_chunk078.wav,3.0,XC202702-LS112768.mp3
Black-headed_Gull,XC202702-LS112768,79,data/processed/Black-headed_Gull/XC202702-LS112768_chunk079.wav,3.0,XC202702-LS112768.mp3
Black-headed_Gull,XC202702-LS112768,80,data/processed/Black-headed_Gull/XC202702-LS112768_chunk080.wav,3.0,XC202702-LS112768.mp3
Black-headed_Gull,XC202702-LS112768,81,data/processed/Black-headed_Gull/XC202702-LS112768_chunk081.wav,3.0,XC202702-LS112768.mp3
Black-headed_Gull,XC202702-LS112768,82,data/processed/Black-headed_Gull/XC202702-LS112768_chunk082.wav,3.0,XC202702-LS112768.mp3
Black-headed_Gull,XC202702-LS112768,83,data/processed/Black-headed_Gull/XC202702-LS112768_chunk083.wav,3.0,XC202702-LS112768.mp3
Black-headed_Gull,XC203269-LS112886,0,data/processed/Black-headed_Gull/XC203269-LS112886_chunk000.wav,3.0,XC203269-LS112886.mp3
Black-headed_Gull,XC203269-LS112886,1,data/processed/Black-headed_Gull/XC203269-LS112886_chunk001.wav,3.0,XC203269-LS112886.mp3
Black-headed_Gull,XC203269-LS112886,2,data/processed/Black-headed_Gull/XC203269-LS112886_chunk002.wav,3.0,XC203269-LS112886.mp3
Black-headed_Gull,XC203269-LS112886,3,data/processed/Black-headed_Gull/XC203269-LS112886_chunk003.wav,3.0,XC203269-LS112886.mp3
Black-headed_Gull,XC203269-LS112886,4,data/processed/Black-headed_Gull/XC203269-LS112886_chunk004.wav,3.0,XC203269-LS112886.mp3
Black-headed_Gull,XC203269-LS112886,5,data/processed/Black-headed_Gull/XC203269-LS112886_chunk005.wav,3.0,XC203269-LS112886.mp3
Black-headed_Gull,XC203269-LS112886,6,data/processed/Black-headed_Gull/XC203269-LS112886_chunk006.wav,3.0,XC203269-LS112886.mp3
Black-headed_Gull,XC203269-LS112886,7,data/processed/Black-headed_Gull/XC203269-LS112886_chunk007.wav,3.0,XC203269-LS112886.mp3
Black-headed_Gull,XC203269-LS112886,8,data/processed/Black-headed_Gull/XC203269-LS112886_chunk008.wav,3.0,XC203269-LS112886.mp3
Black-headed_Gull,XC203269-LS112886,9,data/processed/Black-headed_Gull/XC203269-LS112886_chunk009.wav,3.0,XC203269-LS112886.mp3
Black-headed_Gull,XC203269-LS112886,10,data/processed/Black-headed_Gull/XC203269-LS112886_chunk010.wav,3.0,XC203269-LS112886.mp3
Black-headed_Gull,XC203269-LS112886,11,data/processed/Black-headed_Gull/XC203269-LS112886_chunk011.wav,3.0,XC203269-LS112886.mp3
Black-headed_Gull,XC203269-LS112886,12,data/processed/Black-headed_Gull/XC203269-LS112886_chunk012.wav,3.0,XC203269-LS112886.mp3
Black-headed_Gull,XC203269-LS112886,13,data/processed/Black-headed_Gull/XC203269-LS112886_chunk013.wav,3.0,XC203269-LS112886.mp3
Black-headed_Gull,XC203269-LS112886,14,data/processed/Black-headed_Gull/XC203269-LS112886_chunk014.wav,3.0,XC203269-LS112886.mp3
Black-headed_Gull,XC203269-LS112886,15,data/processed/Black-headed_Gull/XC203269-LS112886_chunk015.wav,3.0,XC203269-LS112886.mp3
Black-headed_Gull,XC203269-LS112886,16,data/processed/Black-headed_Gull/XC203269-LS112886_chunk016.wav,3.0,XC203269-LS112886.mp3
Black-headed_Gull,XC203269-LS112886,17,data/processed/Black-headed_Gull/XC203269-LS112886_chunk017.wav,3.0,XC203269-LS112886.mp3
Black-headed_Gull,XC203269-LS112886,18,data/processed/Black-headed_Gull/XC203269-LS112886_chunk018.wav,3.0,XC203269-LS112886.mp3
Black-headed_Gull,XC203269-LS112886,19,data/processed/Black-headed_Gull/XC203269-LS112886_chunk019.wav,3.0,XC203269-LS112886.mp3
Black-headed_Gull,XC203269-LS112886,20,data/processed/Black-headed_Gull/XC203269-LS112886_chunk020.wav,3.0,XC203269-LS112886.mp3
Black-headed_Gull,XC203269-LS112886,21,data/processed/Black-headed_Gull/XC203269-LS112886_chunk021.wav,3.0,XC203269-LS112886.mp3
Black-headed_Gull,XC203269-LS112886,22,data/processed/Black-headed_Gull/XC203269-LS112886_chunk022.wav,3.0,XC203269-LS112886.mp3
Black-headed_Gull,XC203269-LS112886,23,data/processed/Black-headed_Gull/XC203269-LS112886_chunk023.wav,3.0,XC203269-LS112886.mp3
Black-headed_Gull,XC203269-LS112886,24,data/processed/Black-headed_Gull/XC203269-LS112886_chunk024.wav,3.0,XC203269-LS112886.mp3
Black-headed_Gull,XC203269-LS112886,25,data/processed/Black-headed_Gull/XC203269-LS112886_chunk025.wav,3.0,XC203269-LS112886.mp3
Black-headed_Gull,XC203269-LS112886,26,data/processed/Black-headed_Gull/XC203269-LS112886_chunk026.wav,3.0,XC203269-LS112886.mp3
Black-headed_Gull,XC203269-LS112886,27,data/processed/Black-headed_Gull/XC203269-LS112886_chunk027.wav,3.0,XC203269-LS112886.mp3
Black-headed_Gull,XC203269-LS112886,28,data/processed/Black-headed_Gull/XC203269-LS112886_chunk028.wav,3.0,XC203269-LS112886.mp3
Black-headed_Gull,XC203269-LS112886,29,data/processed/Black-headed_Gull/XC203269-LS112886_chunk029.wav,3.0,XC203269-LS112886.mp3
Black-headed_Gull,XC203269-LS112886,30,data/processed/Black-headed_Gull/XC203269-LS112886_chunk030.wav,3.0,XC203269-LS112886.mp3
Black-headed_Gull,XC203269-LS112886,31,data/processed/Black-headed_Gull/XC203269-LS112886_chunk031.wav,3.0,XC203269-LS112886.mp3
Black-headed_Gull,XC203269-LS112886,32,data/processed/Black-headed_Gull/XC203269-LS112886_chunk032.wav,3.0,XC203269-LS112886.mp3
Black-headed_Gull,XC203269-LS112886,33,data/processed/Black-headed_Gull/XC203269-LS112886_chunk033.wav,3.0,XC203269-LS112886.mp3
Black-headed_Gull,XC203269-LS112886,34,data/processed/Black-headed_Gull/XC203269-LS112886_chunk034.wav,3.0,XC203269-LS112886.mp3
Black-headed_Gull,XC203269-LS112886,35,data/processed/Black-headed_Gull/XC203269-LS112886_chunk035.wav,3.0,XC203269-LS112886.mp3
Black-headed_Gull,XC203269-LS112886,36,data/processed/Black-headed_Gull/XC203269-LS112886_chunk036.wav,3.0,XC203269-LS112886.mp3
Black-headed_Gull,XC203269-LS112886,37,data/processed/Black-headed_Gull/XC203269-LS112886_chunk037.wav,3.0,XC203269-LS112886.mp3
Black-headed_Gull,XC203269-LS112886,38,data/processed/Black-headed_Gull/XC203269-LS112886_chunk038.wav,3.0,XC203269-LS112886.mp3
Black-headed_Gull,XC203269-LS112886,39,data/processed/Black-headed_Gull/XC203269-LS112886_chunk039.wav,3.0,XC203269-LS112886.mp3
Black-headed_Gull,XC203269-LS112886,40,data/processed/Black-headed_Gull/XC203269-LS112886_chunk040.wav,3.0,XC203269-LS112886.mp3
Black-headed_Gull,XC203269-LS112886,41,data/processed/Black-headed_Gull/XC203269-LS112886_chunk041.wav,3.0,XC203269-LS112886.mp3
Black-headed_Gull,XC203269-LS112886,42,data/processed/Black-headed_Gull/XC203269-LS112886_chunk042.wav,3.0,XC203269-LS112886.mp3
Black-headed_Gull,XC203269-LS112886,43,data/processed/Black-headed_Gull/XC203269-LS112886_chunk043.wav,3.0,XC203269-LS112886.mp3
Black-headed_Gull,XC203269-LS112886,44,data/processed/Black-headed_Gull/XC203269-LS112886_chunk044.wav,3.0,XC203269-LS112886.mp3
Black-headed_Gull,XC203269-LS112886,45,data/processed/Black-headed_Gull/XC203269-LS112886_chunk045.wav,3.0,XC203269-LS112886.mp3
Black-headed_Gull,XC203269-LS112886,46,data/processed/Black-headed_Gull/XC203269-LS112886_chunk046.wav,3.0,XC203269-LS112886.mp3
Black-headed_Gull,XC203269-LS112886,47,data/processed/Black-headed_Gull/XC203269-LS112886_chunk047.wav,3.0,XC203269-LS112886.mp3
Black-headed_Gull,XC203269-LS112886,48,data/processed/Black-headed_Gull/XC203269-LS112886_chunk048.wav,3.0,XC203269-LS112886.mp3
Black-headed_Gull,XC203269-LS112886,49,data/processed/Black-headed_Gull/XC203269-LS112886_chunk049.wav,3.0,XC203269-LS112886.mp3
Black-headed_Gull,XC203269-LS112886,50,data/processed/Black-headed_Gull/XC203269-LS112886_chunk050.wav,3.0,XC203269-LS112886.mp3
Black-headed_Gull,XC203269-LS112886,51,data/processed/Black-headed_Gull/XC203269-LS112886_chunk051.wav,3.0,XC203269-LS112886.mp3
Black-headed_Gull,XC203269-LS112886,52,data/processed/Black-headed_Gull/XC203269-LS112886_chunk052.wav,3.0,XC203269-LS112886.mp3
Black-headed_Gull,XC203269-LS112886,53,data/processed/Black-headed_Gull/XC203269-LS112886_chunk053.wav,3.0,XC203269-LS112886.mp3
Black-headed_Gull,XC203269-LS112886,54,data/processed/Black-headed_Gull/XC203269-LS112886_chunk054.wav,3.0,XC203269-LS112886.mp3
Black-headed_Gull,XC203269-LS112886,55,data/processed/Black-headed_Gull/XC203269-LS112886_chunk055.wav,3.0,XC203269-LS112886.mp3
Black-headed_Gull,XC203269-LS112886,56,data/processed/Black-headed_Gull/XC203269-LS112886_chunk056.wav,3.0,XC203269-LS112886.mp3
Black-headed_Gull,XC203269-LS112886,57,data/processed/Black-headed_Gull/XC203269-LS112886_chunk057.wav,3.0,XC203269-LS112886.mp3
Black-headed_Gull,XC203269-LS112886,58,data/processed/Black-headed_Gull/XC203269-LS112886_chunk058.wav,3.0,XC203269-LS112886.mp3
Black-headed_Gull,XC203269-LS112886,59,data/processed/Black-headed_Gull/XC203269-LS112886_chunk059.wav,3.0,XC203269-LS112886.mp3
Black-headed_Gull,XC203269-LS112886,60,data/processed/Black-headed_Gull/XC203269-LS112886_chunk060.wav,3.0,XC203269-LS112886.mp3
Black-headed_Gull,XC203269-LS112886,61,data/processed/Black-headed_Gull/XC203269-LS112886_chunk061.wav,3.0,XC203269-LS112886.mp3
Black-headed_Gull,XC203269-LS112886,62,data/processed/Black-headed_Gull/XC203269-LS112886_chunk062.wav,3.0,XC203269-LS112886.mp3
Black-headed_Gull,XC203269-LS112886,63,data/processed/Black-headed_Gull/XC203269-LS112886_chunk063.wav,3.0,XC203269-LS112886.mp3
Black-headed_Gull,XC203269-LS112886,64,data/processed/Black-headed_Gull/XC203269-LS112886_chunk064.wav,3.0,XC203269-LS112886.mp3
Black-headed_Gull,XC203269-LS112886,65,data/processed/Black-headed_Gull/XC203269-LS112886_chunk065.wav,3.0,XC203269-LS112886.mp3
Black-headed_Gull,XC203269-LS112886,66,data/processed/Black-headed_Gull/XC203269-LS112886_chunk066.wav,3.0,XC203269-LS112886.mp3
Black-headed_Gull,XC203269-LS112886,67,data/processed/Black-headed_Gull/XC203269-LS112886_chunk067.wav,3.0,XC203269-LS112886.mp3
Black-headed_Gull,XC203269-LS112886,68,data/processed/Black-headed_Gull/XC203269-LS112886_chunk068.wav,3.0,XC203269-LS112886.mp3
Black-headed_Gull,XC203269-LS112886,69,data/processed/Black-headed_Gull/XC203269-LS112886_chunk069.wav,3.0,XC203269-LS112886.mp3
Black-headed_Gull,XC203269-LS112886,70,data/processed/Black-headed_Gull/XC203269-LS112886_chunk070.wav,3.0,XC203269-LS112886.mp3
Black-headed_Gull,XC203269-LS112886,71,data/processed/Black-headed_Gull/XC203269-LS112886_chunk071.wav,3.0,XC203269-LS112886.mp3
Black-headed_Gull,XC203269-LS112886,72,data/processed/Black-headed_Gull/XC203269-LS112886_chunk072.wav,3.0,XC203269-LS112886.mp3
Black-headed_Gull,XC203269-LS112886,73,data/processed/Black-headed_Gull/XC203269-LS112886_chunk073.wav,3.0,XC203269-LS112886.mp3
Black-headed_Gull,XC203269-LS112886,74,data/processed/Black-headed_Gull/XC203269-LS112886_chunk074.wav,3.0,XC203269-LS112886.mp3
Black-headed_Gull,XC203269-LS112886,75,data/processed/Black-headed_Gull/XC203269-LS112886_chunk075.wav,3.0,XC203269-LS112886.mp3
Black-headed_Gull,XC203269-LS112886,76,data/processed/Black-headed_Gull/XC203269-LS112886_chunk076.wav,3.0,XC203269-LS112886.mp3
Black-headed_Gull,XC203269-LS112886,77,data/processed/Black-headed_Gull/XC203269-LS112886_chunk077.wav,3.0,XC203269-LS112886.mp3
Black-headed_Gull,XC203269-LS112886,78,data/processed/Black-headed_Gull/XC203269-LS112886_chunk078.wav,3.0,XC203269-LS112886.mp3
Black-headed_Gull,XC203269-LS112886,79,data/processed/Black-headed_Gull/XC203269-LS112886_chunk079.wav,3.0,XC203269-LS112886.mp3
Black-headed_Gull,XC203269-LS112886,80,data/processed/Black-headed_Gull/XC203269-LS112886_chunk080.wav,3.0,XC203269-LS112886.mp3
Black-headed_Gull,XC203269-LS112886,81,data/processed/Black-headed_Gull/XC203269-LS112886_chunk081.wav,3.0,XC203269-LS112886.mp3
Black-headed_Gull,XC203269-LS112886,82,data/processed/Black-headed_Gull/XC203269-LS112886_chunk082.wav,3.0,XC203269-LS112886.mp3
Black-headed_Gull,XC203271-LS112888,0,data/processed/Black-headed_Gull/XC203271-LS112888_chunk000.wav,3.0,XC203271-LS112888.mp3
Black-headed_Gull,XC203271-LS112888,1,data/processed/Black-headed_Gull/XC203271-LS112888_chunk001.wav,3.0,XC203271-LS112888.mp3
Black-headed_Gull,XC203271-LS112888,2,data/processed/Black-headed_Gull/XC203271-LS112888_chunk002.wav,3.0,XC203271-LS112888.mp3
Black-headed_Gull,XC203271-LS112888,3,data/processed/Black-headed_Gull/XC203271-LS112888_chunk003.wav,3.0,XC203271-LS112888.mp3
Black-headed_Gull,XC203271-LS112888,4,data/processed/Black-headed_Gull/XC203271-LS112888_chunk004.wav,3.0,XC203271-LS112888.mp3
Black-headed_Gull,XC203271-LS112888,5,data/processed/Black-headed_Gull/XC203271-LS112888_chunk005.wav,3.0,XC203271-LS112888.mp3
Black-headed_Gull,XC203271-LS112888,6,data/processed/Black-headed_Gull/XC203271-LS112888_chunk006.wav,3.0,XC203271-LS112888.mp3
Black-headed_Gull,XC203271-LS112888,7,data/processed/Black-headed_Gull/XC203271-LS112888_chunk007.wav,3.0,XC203271-LS112888.mp3
Black-headed_Gull,XC203271-LS112888,8,data/processed/Black-headed_Gull/XC203271-LS112888_chunk008.wav,3.0,XC203271-LS112888.mp3
Black-headed_Gull,XC203271-LS112888,9,data/processed/Black-headed_Gull/XC203271-LS112888_chunk009.wav,3.0,XC203271-LS112888.mp3
Black-headed_Gull,XC203271-LS112888,10,data/processed/Black-headed_Gull/XC203271-LS112888_chunk010.wav,3.0,XC203271-LS112888.mp3
Black-headed_Gull,XC203271-LS112888,11,data/processed/Black-headed_Gull/XC203271-LS112888_chunk011.wav,3.0,XC203271-LS112888.mp3
Black-headed_Gull,XC203271-LS112888,12,data/processed/Black-headed_Gull/XC203271-LS112888_chunk012.wav,3.0,XC203271-LS112888.mp3
Black-headed_Gull,XC203271-LS112888,13,data/processed/Black-headed_Gull/XC203271-LS112888_chunk013.wav,3.0,XC203271-LS112888.mp3
Black-headed_Gull,XC203271-LS112888,14,data/processed/Black-headed_Gull/XC203271-LS112888_chunk014.wav,3.0,XC203271-LS112888.mp3
Black-headed_Gull,XC203271-LS112888,15,data/processed/Black-headed_Gull/XC203271-LS112888_chunk015.wav,3.0,XC203271-LS112888.mp3
Black-headed_Gull,XC203271-LS112888,16,data/processed/Black-headed_Gull/XC203271-LS112888_chunk016.wav,3.0,XC203271-LS112888.mp3
Black-headed_Gull,XC203271-LS112888,17,data/processed/Black-headed_Gull/XC203271-LS112888_chunk017.wav,3.0,XC203271-LS112888.mp3
Black-headed_Gull,XC203271-LS112888,18,data/processed/Black-headed_Gull/XC203271-LS112888_chunk018.wav,3.0,XC203271-LS112888.mp3
Black-headed_Gull,XC203271-LS112888,19,data/processed/Black-headed_Gull/XC203271-LS112888_chunk019.wav,3.0,XC203271-LS112888.mp3
Black-headed_Gull,XC203271-LS112888,20,data/processed/Black-headed_Gull/XC203271-LS112888_chunk020.wav,3.0,XC203271-LS112888.mp3
Black-headed_Gull,XC203271-LS112888,21,data/processed/Black-headed_Gull/XC203271-LS112888_chunk021.wav,3.0,XC203271-LS112888.mp3
Black-headed_Gull,XC203271-LS112888,22,data/processed/Black-headed_Gull/XC203271-LS112888_chunk022.wav,3.0,XC203271-LS112888.mp3
Black-headed_Gull,XC203271-LS112888,23,data/processed/Black-headed_Gull/XC203271-LS112888_chunk023.wav,3.0,XC203271-LS112888.mp3
Black-headed_Gull,XC203271-LS112888,24,data/processed/Black-headed_Gull/XC203271-LS112888_chunk024.wav,3.0,XC203271-LS112888.mp3
Black-headed_Gull,XC203271-LS112888,25,data/processed/Black-headed_Gull/XC203271-LS112888_chunk025.wav,3.0,XC203271-LS112888.mp3
Black-headed_Gull,XC203271-LS112888,26,data/processed/Black-headed_Gull/XC203271-LS112888_chunk026.wav,3.0,XC203271-LS112888.mp3
Black-headed_Gull,XC203271-LS112888,27,data/processed/Black-headed_Gull/XC203271-LS112888_chunk027.wav,3.0,XC203271-LS112888.mp3
Black-headed_Gull,XC203271-LS112888,28,data/processed/Black-headed_Gull/XC203271-LS112888_chunk028.wav,3.0,XC203271-LS112888.mp3
Black-headed_Gull,XC203271-LS112888,29,data/processed/Black-headed_Gull/XC203271-LS112888_chunk029.wav,3.0,XC203271-LS112888.mp3
Black-headed_Gull,XC203271-LS112888,30,data/processed/Black-headed_Gull/XC203271-LS112888_chunk030.wav,3.0,XC203271-LS112888.mp3
Black-headed_Gull,XC203271-LS112888,31,data/processed/Black-headed_Gull/XC203271-LS112888_chunk031.wav,3.0,XC203271-LS112888.mp3
Black-headed_Gull,XC203271-LS112888,32,data/processed/Black-headed_Gull/XC203271-LS112888_chunk032.wav,3.0,XC203271-LS112888.mp3
Black-headed_Gull,XC203271-LS112888,33,data/processed/Black-headed_Gull/XC203271-LS112888_chunk033.wav,3.0,XC203271-LS112888.mp3
Black-headed_Gull,XC203273-LS112890,0,data/processed/Black-headed_Gull/XC203273-LS112890_chunk000.wav,3.0,XC203273-LS112890.mp3
Black-headed_Gull,XC203273-LS112890,1,data/processed/Black-headed_Gull/XC203273-LS112890_chunk001.wav,3.0,XC203273-LS112890.mp3
Black-headed_Gull,XC203273-LS112890,2,data/processed/Black-headed_Gull/XC203273-LS112890_chunk002.wav,3.0,XC203273-LS112890.mp3
Black-headed_Gull,XC203273-LS112890,3,data/processed/Black-headed_Gull/XC203273-LS112890_chunk003.wav,3.0,XC203273-LS112890.mp3
Black-headed_Gull,XC203273-LS112890,4,data/processed/Black-headed_Gull/XC203273-LS112890_chunk004.wav,3.0,XC203273-LS112890.mp3
Black-headed_Gull,XC203273-LS112890,5,data/processed/Black-headed_Gull/XC203273-LS112890_chunk005.wav,3.0,XC203273-LS112890.mp3
Black-headed_Gull,XC203273-LS112890,6,data/processed/Black-headed_Gull/XC203273-LS112890_chunk006.wav,3.0,XC203273-LS112890.mp3
Black-headed_Gull,XC203273-LS112890,7,data/processed/Black-headed_Gull/XC203273-LS112890_chunk007.wav,3.0,XC203273-LS112890.mp3
Black-headed_Gull,XC203273-LS112890,8,data/processed/Black-headed_Gull/XC203273-LS112890_chunk008.wav,3.0,XC203273-LS112890.mp3
Black-headed_Gull,XC203273-LS112890,9,data/processed/Black-headed_Gull/XC203273-LS112890_chunk009.wav,3.0,XC203273-LS112890.mp3
Black-headed_Gull,XC203273-LS112890,10,data/processed/Black-headed_Gull/XC203273-LS112890_chunk010.wav,3.0,XC203273-LS112890.mp3
Black-headed_Gull,XC203273-LS112890,11,data/processed/Black-headed_Gull/XC203273-LS112890_chunk011.wav,3.0,XC203273-LS112890.mp3
Black-headed_Gull,XC203273-LS112890,12,data/processed/Black-headed_Gull/XC203273-LS112890_chunk012.wav,3.0,XC203273-LS112890.mp3
Black-headed_Gull,XC203273-LS112890,13,data/processed/Black-headed_Gull/XC203273-LS112890_chunk013.wav,3.0,XC203273-LS112890.mp3
Black-headed_Gull,XC203273-LS112890,14,data/processed/Black-headed_Gull/XC203273-LS112890_chunk014.wav,3.0,XC203273-LS112890.mp3
Black-headed_Gull,XC203273-LS112890,15,data/processed/Black-headed_Gull/XC203273-LS112890_chunk015.wav,3.0,XC203273-LS112890.mp3
Black-headed_Gull,XC203273-LS112890,16,data/processed/Black-headed_Gull/XC203273-LS112890_chunk016.wav,3.0,XC203273-LS112890.mp3
Black-headed_Gull,XC203273-LS112890,17,data/processed/Black-headed_Gull/XC203273-LS112890_chunk017.wav,3.0,XC203273-LS112890.mp3
Black-headed_Gull,XC203273-LS112890,18,data/processed/Black-headed_Gull/XC203273-LS112890_chunk018.wav,3.0,XC203273-LS112890.mp3
Black-headed_Gull,XC203273-LS112890,19,data/processed/Black-headed_Gull/XC203273-LS112890_chunk019.wav,3.0,XC203273-LS112890.mp3
Black-headed_Gull,XC203273-LS112890,20,data/processed/Black-headed_Gull/XC203273-LS112890_chunk020.wav,3.0,XC203273-LS112890.mp3
Black-headed_Gull,XC203273-LS112890,21,data/processed/Black-headed_Gull/XC203273-LS112890_chunk021.wav,3.0,XC203273-LS112890.mp3
Black-headed_Gull,XC203273-LS112890,22,data/processed/Black-headed_Gull/XC203273-LS112890_chunk022.wav,3.0,XC203273-LS112890.mp3
Black-headed_Gull,XC203273-LS112890,23,data/processed/Black-headed_Gull/XC203273-LS112890_chunk023.wav,3.0,XC203273-LS112890.mp3
Black-headed_Gull,XC203273-LS112890,24,data/processed/Black-headed_Gull/XC203273-LS112890_chunk024.wav,3.0,XC203273-LS112890.mp3
Black-headed_Gull,XC203273-LS112890,25,data/processed/Black-headed_Gull/XC203273-LS112890_chunk025.wav,3.0,XC203273-LS112890.mp3
Black-headed_Gull,XC203273-LS112890,26,data/processed/Black-headed_Gull/XC203273-LS112890_chunk026.wav,3.0,XC203273-LS112890.mp3
Black-headed_Gull,XC203273-LS112890,27,data/processed/Black-headed_Gull/XC203273-LS112890_chunk027.wav,3.0,XC203273-LS112890.mp3
Black-headed_Gull,XC203273-LS112890,28,data/processed/Black-headed_Gull/XC203273-LS112890_chunk028.wav,3.0,XC203273-LS112890.mp3
Black-headed_Gull,XC203273-LS112890,29,data/processed/Black-headed_Gull/XC203273-LS112890_chunk029.wav,3.0,XC203273-LS112890.mp3
Black-headed_Gull,XC203273-LS112890,30,data/processed/Black-headed_Gull/XC203273-LS112890_chunk030.wav,3.0,XC203273-LS112890.mp3
Black-headed_Gull,XC203273-LS112890,31,data/processed/Black-headed_Gull/XC203273-LS112890_chunk031.wav,3.0,XC203273-LS112890.mp3
Black-headed_Gull,XC203273-LS112890,32,data/processed/Black-headed_Gull/XC203273-LS112890_chunk032.wav,3.0,XC203273-LS112890.mp3
Black-headed_Gull,XC203273-LS112890,33,data/processed/Black-headed_Gull/XC203273-LS112890_chunk033.wav,3.0,XC203273-LS112890.mp3
Black-headed_Gull,XC203273-LS112890,34,data/processed/Black-headed_Gull/XC203273-LS112890_chunk034.wav,3.0,XC203273-LS112890.mp3
Black-headed_Gull,XC203273-LS112890,35,data/processed/Black-headed_Gull/XC203273-LS112890_chunk035.wav,3.0,XC203273-LS112890.mp3
Black-headed_Gull,XC203273-LS112890,36,data/processed/Black-headed_Gull/XC203273-LS112890_chunk036.wav,3.0,XC203273-LS112890.mp3
Black-headed_Gull,XC203273-LS112890,37,data/processed/Black-headed_Gull/XC203273-LS112890_chunk037.wav,3.0,XC203273-LS112890.mp3
Black-headed_Gull,XC203273-LS112890,38,data/processed/Black-headed_Gull/XC203273-LS112890_chunk038.wav,3.0,XC203273-LS112890.mp3
Black-headed_Gull,XC203273-LS112890,39,data/processed/Black-headed_Gull/XC203273-LS112890_chunk039.wav,3.0,XC203273-LS112890.mp3
Black-headed_Gull,XC203273-LS112890,40,data/processed/Black-headed_Gull/XC203273-LS112890_chunk040.wav,3.0,XC203273-LS112890.mp3
Black-headed_Gull,XC203273-LS112890,41,data/processed/Black-headed_Gull/XC203273-LS112890_chunk041.wav,3.0,XC203273-LS112890.mp3
Black-headed_Gull,XC203273-LS112890,42,data/processed/Black-headed_Gull/XC203273-LS112890_chunk042.wav,3.0,XC203273-LS112890.mp3
Black-headed_Gull,XC203273-LS112890,43,data/processed/Black-headed_Gull/XC203273-LS112890_chunk043.wav,3.0,XC203273-LS112890.mp3
Black-headed_Gull,XC203273-LS112890,44,data/processed/Black-headed_Gull/XC203273-LS112890_chunk044.wav,3.0,XC203273-LS112890.mp3
Black-headed_Gull,XC203273-LS112890,45,data/processed/Black-headed_Gull/XC203273-LS112890_chunk045.wav,3.0,XC203273-LS112890.mp3
Black-headed_Gull,XC203273-LS112890,46,data/processed/Black-headed_Gull/XC203273-LS112890_chunk046.wav,3.0,XC203273-LS112890.mp3
Black-headed_Gull,XC203273-LS112890,47,data/processed/Black-headed_Gull/XC203273-LS112890_chunk047.wav,3.0,XC203273-LS112890.mp3
Black-headed_Gull,XC203273-LS112890,48,data/processed/Black-headed_Gull/XC203273-LS112890_chunk048.wav,3.0,XC203273-LS112890.mp3
Black-headed_Gull,XC203273-LS112890,49,data/processed/Black-headed_Gull/XC203273-LS112890_chunk049.wav,3.0,XC203273-LS112890.mp3
Black-headed_Gull,XC203273-LS112890,50,data/processed/Black-headed_Gull/XC203273-LS112890_chunk050.wav,3.0,XC203273-LS112890.mp3
Black-headed_Gull,XC203273-LS112890,51,data/processed/Black-headed_Gull/XC203273-LS112890_chunk051.wav,3.0,XC203273-LS112890.mp3
Black-headed_Gull,XC203273-LS112890,52,data/processed/Black-headed_Gull/XC203273-LS112890_chunk052.wav,3.0,XC203273-LS112890.mp3
Black-headed_Gull,XC203273-LS112890,53,data/processed/Black-headed_Gull/XC203273-LS112890_chunk053.wav,3.0,XC203273-LS112890.mp3
Black-headed_Gull,XC203273-LS112890,54,data/processed/Black-headed_Gull/XC203273-LS112890_chunk054.wav,3.0,XC203273-LS112890.mp3
Black-headed_Gull,XC203273-LS112890,55,data/processed/Black-headed_Gull/XC203273-LS112890_chunk055.wav,3.0,XC203273-LS112890.mp3
Black-headed_Gull,XC203273-LS112890,56,data/processed/Black-headed_Gull/XC203273-LS112890_chunk056.wav,3.0,XC203273-LS112890.mp3
Black-headed_Gull,XC203273-LS112890,57,data/processed/Black-headed_Gull/XC203273-LS112890_chunk057.wav,3.0,XC203273-LS112890.mp3
Black-headed_Gull,XC203273-LS112890,58,data/processed/Black-headed_Gull/XC203273-LS112890_chunk058.wav,3.0,XC203273-LS112890.mp3
Black-headed_Gull,XC203273-LS112890,59,data/processed/Black-headed_Gull/XC203273-LS112890_chunk059.wav,3.0,XC203273-LS112890.mp3
Black-headed_Gull,XC203273-LS112890,60,data/processed/Black-headed_Gull/XC203273-LS112890_chunk060.wav,3.0,XC203273-LS112890.mp3
Black-headed_Gull,XC203273-LS112890,61,data/processed/Black-headed_Gull/XC203273-LS112890_chunk061.wav,3.0,XC203273-LS112890.mp3
Black-headed_Gull,XC203273-LS112890,62,data/processed/Black-headed_Gull/XC203273-LS112890_chunk062.wav,3.0,XC203273-LS112890.mp3
Black-headed_Gull,XC203273-LS112890,63,data/processed/Black-headed_Gull/XC203273-LS112890_chunk063.wav,3.0,XC203273-LS112890.mp3
Black-headed_Gull,XC203273-LS112890,64,data/processed/Black-headed_Gull/XC203273-LS112890_chunk064.wav,3.0,XC203273-LS112890.mp3
Black-headed_Gull,XC203273-LS112890,65,data/processed/Black-headed_Gull/XC203273-LS112890_chunk065.wav,3.0,XC203273-LS112890.mp3
Black-headed_Gull,XC203273-LS112890,66,data/processed/Black-headed_Gull/XC203273-LS112890_chunk066.wav,3.0,XC203273-LS112890.mp3
Black-headed_Gull,XC203273-LS112890,67,data/processed/Black-headed_Gull/XC203273-LS112890_chunk067.wav,3.0,XC203273-LS112890.mp3
Black-headed_Gull,XC203273-LS112890,68,data/processed/Black-headed_Gull/XC203273-LS112890_chunk068.wav,3.0,XC203273-LS112890.mp3
Black-headed_Gull,XC203273-LS112890,69,data/processed/Black-headed_Gull/XC203273-LS112890_chunk069.wav,3.0,XC203273-LS112890.mp3
Black-headed_Gull,XC203273-LS112890,70,data/processed/Black-headed_Gull/XC203273-LS112890_chunk070.wav,3.0,XC203273-LS112890.mp3
Black-headed_Gull,XC203273-LS112890,71,data/processed/Black-headed_Gull/XC203273-LS112890_chunk071.wav,3.0,XC203273-LS112890.mp3
Black-headed_Gull,XC203273-LS112890,72,data/processed/Black-headed_Gull/XC203273-LS112890_chunk072.wav,3.0,XC203273-LS112890.mp3
Black-headed_Gull,XC203273-LS112890,73,data/processed/Black-headed_Gull/XC203273-LS112890_chunk073.wav,3.0,XC203273-LS112890.mp3
Black-headed_Gull,XC203273-LS112890,74,data/processed/Black-headed_Gull/XC203273-LS112890_chunk074.wav,3.0,XC203273-LS112890.mp3
Black-headed_Gull,XC203273-LS112890,75,data/processed/Black-headed_Gull/XC203273-LS112890_chunk075.wav,3.0,XC203273-LS112890.mp3
Black-headed_Gull,XC203273-LS112890,76,data/processed/Black-headed_Gull/XC203273-LS112890_chunk076.wav,3.0,XC203273-LS112890.mp3
Black-headed_Gull,XC203273-LS112890,77,data/processed/Black-headed_Gull/XC203273-LS112890_chunk077.wav,3.0,XC203273-LS112890.mp3
Black-headed_Gull,XC203273-LS112890,78,data/processed/Black-headed_Gull/XC203273-LS112890_chunk078.wav,3.0,XC203273-LS112890.mp3
Black-headed_Gull,XC203273-LS112890,79,data/processed/Black-headed_Gull/XC203273-LS112890_chunk079.wav,3.0,XC203273-LS112890.mp3
Black-headed_Gull,XC203273-LS112890,80,data/processed/Black-headed_Gull/XC203273-LS112890_chunk080.wav,3.0,XC203273-LS112890.mp3
Black-headed_Gull,XC203273-LS112890,81,data/processed/Black-headed_Gull/XC203273-LS112890_chunk081.wav,3.0,XC203273-LS112890.mp3
Black-headed_Gull,XC203273-LS112890,82,data/processed/Black-headed_Gull/XC203273-LS112890_chunk082.wav,3.0,XC203273-LS112890.mp3
Black-headed_Gull,XC203273-LS112890,83,data/processed/Black-headed_Gull/XC203273-LS112890_chunk083.wav,3.0,XC203273-LS112890.mp3
Black-headed_Gull,XC204987-Skrattmas-duett-(2013-06-06,0,data/processed/Black-headed_Gull/XC204987-Skrattmas-duett-(2013-06-06_chunk000.wav,3.0,XC204987-Skrattmas-duett-(2013-06-06 12.22)-LS113576.mp3
Black-headed_Gull,XC204987-Skrattmas-duett-(2013-06-06,1,data/processed/Black-headed_Gull/XC204987-Skrattmas-duett-(2013-06-06_chunk001.wav,3.0,XC204987-Skrattmas-duett-(2013-06-06 12.22)-LS113576.mp3
Black-headed_Gull,XC204987-Skrattmas-duett-(2013-06-06,2,data/processed/Black-headed_Gull/XC204987-Skrattmas-duett-(2013-06-06_chunk002.wav,3.0,XC204987-Skrattmas-duett-(2013-06-06 12.22)-LS113576.mp3
Black-headed_Gull,XC204987-Skrattmas-duett-(2013-06-06,3,data/processed/Black-headed_Gull/XC204987-Skrattmas-duett-(2013-06-06_chunk003.wav,3.0,XC204987-Skrattmas-duett-(2013-06-06 12.22)-LS113576.mp3
Black-headed_Gull,XC204987-Skrattmas-duett-(2013-06-06,4,data/processed/Black-headed_Gull/XC204987-Skrattmas-duett-(2013-06-06_chunk004.wav,3.0,XC204987-Skrattmas-duett-(2013-06-06 12.22)-LS113576.mp3
Black-headed_Gull,XC204987-Skrattmas-duett-(2013-06-06,5,data/processed/Black-headed_Gull/XC204987-Skrattmas-duett-(2013-06-06_chunk005.wav,3.0,XC204987-Skrattmas-duett-(2013-06-06 12.22)-LS113576.mp3
Black-headed_Gull,XC204987-Skrattmas-duett-(2013-06-06,6,data/processed/Black-headed_Gull/XC204987-Skrattmas-duett-(2013-06-06_chunk006.wav,3.0,XC204987-Skrattmas-duett-(2013-06-06 12.22)-LS113576.mp3
Black-headed_Gull,XC204987-Skrattmas-duett-(2013-06-06,7,data/processed/Black-headed_Gull/XC204987-Skrattmas-duett-(2013-06-06_chunk007.wav,3.0,XC204987-Skrattmas-duett-(2013-06-06 12.22)-LS113576.mp3
Black-headed_Gull,XC204987-Skrattmas-duett-(2013-06-06,8,data/processed/Black-headed_Gull/XC204987-Skrattmas-duett-(2013-06-06_chunk008.wav,3.0,XC204987-Skrattmas-duett-(2013-06-06 12.22)-LS113576.mp3
Black-headed_Gull,XC204987-Skrattmas-duett-(2013-06-06,9,data/processed/Black-headed_Gull/XC204987-Skrattmas-duett-(2013-06-06_chunk009.wav,3.0,XC204987-Skrattmas-duett-(2013-06-06 12.22)-LS113576.mp3
Black-headed_Gull,XC204987-Skrattmas-duett-(2013-06-06,10,data/processed/Black-headed_Gull/XC204987-Skrattmas-duett-(2013-06-06_chunk010.wav,3.0,XC204987-Skrattmas-duett-(2013-06-06 12.22)-LS113576.mp3
Black-headed_Gull,XC204987-Skrattmas-duett-(2013-06-06,11,data/processed/Black-headed_Gull/XC204987-Skrattmas-duett-(2013-06-06_chunk011.wav,3.0,XC204987-Skrattmas-duett-(2013-06-06 12.22)-LS113576.mp3
Black-headed_Gull,XC204987-Skrattmas-duett-(2013-06-06,12,data/processed/Black-headed_Gull/XC204987-Skrattmas-duett-(2013-06-06_chunk012.wav,3.0,XC204987-Skrattmas-duett-(2013-06-06 12.22)-LS113576.mp3
Black-headed_Gull,XC204987-Skrattmas-duett-(2013-06-06,13,data/processed/Black-headed_Gull/XC204987-Skrattmas-duett-(2013-06-06_chunk013.wav,3.0,XC204987-Skrattmas-duett-(2013-06-06 12.22)-LS113576.mp3
Black-headed_Gull,XC204987-Skrattmas-duett-(2013-06-06,14,data/processed/Black-headed_Gull/XC204987-Skrattmas-duett-(2013-06-06_chunk014.wav,3.0,XC204987-Skrattmas-duett-(2013-06-06 12.22)-LS113576.mp3
Black-headed_Gull,XC204987-Skrattmas-duett-(2013-06-06,15,data/processed/Black-headed_Gull/XC204987-Skrattmas-duett-(2013-06-06_chunk015.wav,3.0,XC204987-Skrattmas-duett-(2013-06-06 12.22)-LS113576.mp3
Black-headed_Gull,XC204987-Skrattmas-duett-(2013-06-06,16,data/processed/Black-headed_Gull/XC204987-Skrattmas-duett-(2013-06-06_chunk016.wav,3.0,XC204987-Skrattmas-duett-(2013-06-06 12.22)-LS113576.mp3
Black-headed_Gull,XC204987-Skrattmas-duett-(2013-06-06,17,data/processed/Black-headed_Gull/XC204987-Skrattmas-duett-(2013-06-06_chunk017.wav,3.0,XC204987-Skrattmas-duett-(2013-06-06 12.22)-LS113576.mp3
Black-headed_Gull,XC204987-Skrattmas-duett-(2013-06-06,18,data/processed/Black-headed_Gull/XC204987-Skrattmas-duett-(2013-06-06_chunk018.wav,3.0,XC204987-Skrattmas-duett-(2013-06-06 12.22)-LS113576.mp3
Black-headed_Gull,XC204987-Skrattmas-duett-(2013-06-06,19,data/processed/Black-headed_Gull/XC204987-Skrattmas-duett-(2013-06-06_chunk019.wav,3.0,XC204987-Skrattmas-duett-(2013-06-06 12.22)-LS113576.mp3
Black-headed_Gull,XC204987-Skrattmas-duett-(2013-06-06,20,data/processed/Black-headed_Gull/XC204987-Skrattmas-duett-(2013-06-06_chunk020.wav,3.0,XC204987-Skrattmas-duett-(2013-06-06 12.22)-LS113576.mp3
Black-headed_Gull,XC204987-Skrattmas-duett-(2013-06-06,21,data/processed/Black-headed_Gull/XC204987-Skrattmas-duett-(2013-06-06_chunk021.wav,3.0,XC204987-Skrattmas-duett-(2013-06-06 12.22)-LS113576.mp3
Black-headed_Gull,XC204987-Skrattmas-duett-(2013-06-06,22,data/processed/Black-headed_Gull/XC204987-Skrattmas-duett-(2013-06-06_chunk022.wav,3.0,XC204987-Skrattmas-duett-(2013-06-06 12.22)-LS113576.mp3
Black-headed_Gull,XC204987-Skrattmas-duett-(2013-06-06,23,data/processed/Black-headed_Gull/XC204987-Skrattmas-duett-(2013-06-06_chunk023.wav,3.0,XC204987-Skrattmas-duett-(2013-06-06 12.22)-LS113576.mp3
Black-headed_Gull,XC204987-Skrattmas-duett-(2013-06-06,24,data/processed/Black-headed_Gull/XC204987-Skrattmas-duett-(2013-06-06_chunk024.wav,3.0,XC204987-Skrattmas-duett-(2013-06-06 12.22)-LS113576.mp3
Black-headed_Gull,XC204987-Skrattmas-duett-(2013-06-06,25,data/processed/Black-headed_Gull/XC204987-Skrattmas-duett-(2013-06-06_chunk025.wav,3.0,XC204987-Skrattmas-duett-(2013-06-06 12.22)-LS113576.mp3
Black-headed_Gull,XC204987-Skrattmas-duett-(2013-06-06,26,data/processed/Black-headed_Gull/XC204987-Skrattmas-duett-(2013-06-06_chunk026.wav,3.0,XC204987-Skrattmas-duett-(2013-06-06 12.22)-LS113576.mp3
Black-headed_Gull,XC204987-Skrattmas-duett-(2013-06-06,27,data/processed/Black-headed_Gull/XC204987-Skrattmas-duett-(2013-06-06_chunk027.wav,3.0,XC204987-Skrattmas-duett-(2013-06-06 12.22)-LS113576.mp3
Black-headed_Gull,XC204987-Skrattmas-duett-(2013-06-06,28,data/processed/Black-headed_Gull/XC204987-Skrattmas-duett-(2013-06-06_chunk028.wav,3.0,XC204987-Skrattmas-duett-(2013-06-06 12.22)-LS113576.mp3
Black-headed_Gull,XC204987-Skrattmas-duett-(2013-06-06,29,data/processed/Black-headed_Gull/XC204987-Skrattmas-duett-(2013-06-06_chunk029.wav,3.0,XC204987-Skrattmas-duett-(2013-06-06 12.22)-LS113576.mp3
Black-headed_Gull,XC204987-Skrattmas-duett-(2013-06-06,30,data/processed/Black-headed_Gull/XC204987-Skrattmas-duett-(2013-06-06_chunk030.wav,3.0,XC204987-Skrattmas-duett-(2013-06-06 12.22)-LS113576.mp3
Black-headed_Gull,XC204987-Skrattmas-duett-(2013-06-06,31,data/processed/Black-headed_Gull/XC204987-Skrattmas-duett-(2013-06-06_chunk031.wav,3.0,XC204987-Skrattmas-duett-(2013-06-06 12.22)-LS113576.mp3
Black-headed_Gull,XC204987-Skrattmas-duett-(2013-06-06,32,data/processed/Black-headed_Gull/XC204987-Skrattmas-duett-(2013-06-06_chunk032.wav,3.0,XC204987-Skrattmas-duett-(2013-06-06 12.22)-LS113576.mp3
Black-headed_Gull,XC204987-Skrattmas-duett-(2013-06-06,33,data/processed/Black-headed_Gull/XC204987-Skrattmas-duett-(2013-06-06_chunk033.wav,3.0,XC204987-Skrattmas-duett-(2013-06-06 12.22)-LS113576.mp3
Black-headed_Gull,XC204987-Skrattmas-duett-(2013-06-06,34,data/processed/Black-headed_Gull/XC204987-Skrattmas-duett-(2013-06-06_chunk034.wav,3.0,XC204987-Skrattmas-duett-(2013-06-06 12.22)-LS113576.mp3
Black-headed_Gull,XC204987-Skrattmas-duett-(2013-06-06,35,data/processed/Black-headed_Gull/XC204987-Skrattmas-duett-(2013-06-06_chunk035.wav,3.0,XC204987-Skrattmas-duett-(2013-06-06 12.22)-LS113576.mp3
Black-headed_Gull,XC204987-Skrattmas-duett-(2013-06-06,36,data/processed/Black-headed_Gull/XC204987-Skrattmas-duett-(2013-06-06_chunk036.wav,3.0,XC204987-Skrattmas-duett-(2013-06-06 12.22)-LS113576.mp3
Black-headed_Gull,XC204987-Skrattmas-duett-(2013-06-06,37,data/processed/Black-headed_Gull/XC204987-Skrattmas-duett-(2013-06-06_chunk037.wav,3.0,XC204987-Skrattmas-duett-(2013-06-06 12.22)-LS113576.mp3
Black-headed_Gull,XC204987-Skrattmas-duett-(2013-06-06,38,data/processed/Black-headed_Gull/XC204987-Skrattmas-duett-(2013-06-06_chunk038.wav,3.0,XC204987-Skrattmas-duett-(2013-06-06 12.22)-LS113576.mp3
Black-headed_Gull,XC204987-Skrattmas-duett-(2013-06-06,39,data/processed/Black-headed_Gull/XC204987-Skrattmas-duett-(2013-06-06_chunk039.wav,3.0,XC204987-Skrattmas-duett-(2013-06-06 12.22)-LS113576.mp3
Black-headed_Gull,XC204987-Skrattmas-duett-(2013-06-06,40,data/processed/Black-headed_Gull/XC204987-Skrattmas-duett-(2013-06-06_chunk040.wav,3.0,XC204987-Skrattmas-duett-(2013-06-06 12.22)-LS113576.mp3
Black-headed_Gull,XC204987-Skrattmas-duett-(2013-06-06,41,data/processed/Black-headed_Gull/XC204987-Skrattmas-duett-(2013-06-06_chunk041.wav,3.0,XC204987-Skrattmas-duett-(2013-06-06 12.22)-LS113576.mp3
Black-headed_Gull,XC204987-Skrattmas-duett-(2013-06-06,42,data/processed/Black-headed_Gull/XC204987-Skrattmas-duett-(2013-06-06_chunk042.wav,3.0,XC204987-Skrattmas-duett-(2013-06-06 12.22)-LS113576.mp3
Black-headed_Gull,XC204987-Skrattmas-duett-(2013-06-06,43,data/processed/Black-headed_Gull/XC204987-Skrattmas-duett-(2013-06-06_chunk043.wav,3.0,XC204987-Skrattmas-duett-(2013-06-06 12.22)-LS113576.mp3
Black-headed_Gull,XC204987-Skrattmas-duett-(2013-06-06,44,data/processed/Black-headed_Gull/XC204987-Skrattmas-duett-(2013-06-06_chunk044.wav,3.0,XC204987-Skrattmas-duett-(2013-06-06 12.22)-LS113576.mp3
Black-headed_Gull,XC204987-Skrattmas-duett-(2013-06-06,45,data/processed/Black-headed_Gull/XC204987-Skrattmas-duett-(2013-06-06_chunk045.wav,3.0,XC204987-Skrattmas-duett-(2013-06-06 12.22)-LS113576.mp3
Black-headed_Gull,XC204987-Skrattmas-duett-(2013-06-06,46,data/processed/Black-headed_Gull/XC204987-Skrattmas-duett-(2013-06-06_chunk046.wav,3.0,XC204987-Skrattmas-duett-(2013-06-06 12.22)-LS113576.mp3
Black-headed_Gull,XC204987-Skrattmas-duett-(2013-06-06,47,data/processed/Black-headed_Gull/XC204987-Skrattmas-duett-(2013-06-06_chunk047.wav,3.0,XC204987-Skrattmas-duett-(2013-06-06 12.22)-LS113576.mp3
Black-headed_Gull,XC204987-Skrattmas-duett-(2013-06-06,48,data/processed/Black-headed_Gull/XC204987-Skrattmas-duett-(2013-06-06_chunk048.wav,3.0,XC204987-Skrattmas-duett-(2013-06-06 12.22)-LS113576.mp3
Black-headed_Gull,XC204987-Skrattmas-duett-(2013-06-06,49,data/processed/Black-headed_Gull/XC204987-Skrattmas-duett-(2013-06-06_chunk049.wav,3.0,XC204987-Skrattmas-duett-(2013-06-06 12.22)-LS113576.mp3
Black-headed_Gull,XC204987-Skrattmas-duett-(2013-06-06,50,data/processed/Black-headed_Gull/XC204987-Skrattmas-duett-(2013-06-06_chunk050.wav,3.0,XC204987-Skrattmas-duett-(2013-06-06 12.22)-LS113576.mp3
Black-headed_Gull,XC204987-Skrattmas-duett-(2013-06-06,51,data/processed/Black-headed_Gull/XC204987-Skrattmas-duett-(2013-06-06_chunk051.wav,3.0,XC204987-Skrattmas-duett-(2013-06-06 12.22)-LS113576.mp3
Black-headed_Gull,XC204987-Skrattmas-duett-(2013-06-06,52,data/processed/Black-headed_Gull/XC204987-Skrattmas-duett-(2013-06-06_chunk052.wav,3.0,XC204987-Skrattmas-duett-(2013-06-06 12.22)-LS113576.mp3
Black-headed_Gull,XC204987-Skrattmas-duett-(2013-06-06,53,data/processed/Black-headed_Gull/XC204987-Skrattmas-duett-(2013-06-06_chunk053.wav,3.0,XC204987-Skrattmas-duett-(2013-06-06 12.22)-LS113576.mp3
Black-headed_Gull,XC204987-Skrattmas-duett-(2013-06-06,54,data/processed/Black-headed_Gull/XC204987-Skrattmas-duett-(2013-06-06_chunk054.wav,3.0,XC204987-Skrattmas-duett-(2013-06-06 12.22)-LS113576.mp3
Black-headed_Gull,XC210920-B06h31m46s29sep2014_BHGull_call_feeding,0,data/processed/Black-headed_Gull/XC210920-B06h31m46s29sep2014_BHGull_call_feeding_chunk000.wav,3.0,XC210920-B06h31m46s29sep2014_BHGull_call_feeding.mp3
Black-headed_Gull,XC210920-B06h31m46s29sep2014_BHGull_call_feeding,1,data/processed/Black-headed_Gull/XC210920-B06h31m46s29sep2014_BHGull_call_feeding_chunk001.wav,3.0,XC210920-B06h31m46s29sep2014_BHGull_call_feeding.mp3
Black-headed_Gull,XC210920-B06h31m46s29sep2014_BHGull_call_feeding,2,data/processed/Black-headed_Gull/XC210920-B06h31m46s29sep2014_BHGull_call_feeding_chunk002.wav,3.0,XC210920-B06h31m46s29sep2014_BHGull_call_feeding.mp3
Black-headed_Gull,XC210920-B06h31m46s29sep2014_BHGull_call_feeding,3,data/processed/Black-headed_Gull/XC210920-B06h31m46s29sep2014_BHGull_call_feeding_chunk003.wav,3.0,XC210920-B06h31m46s29sep2014_BHGull_call_feeding.mp3
Black-headed_Gull,XC210920-B06h31m46s29sep2014_BHGull_call_feeding,4,data/processed/Black-headed_Gull/XC210920-B06h31m46s29sep2014_BHGull_call_feeding_chunk004.wav,3.0,XC210920-B06h31m46s29sep2014_BHGull_call_feeding.mp3
Black-headed_Gull,XC210920-B06h31m46s29sep2014_BHGull_call_feeding,5,data/processed/Black-headed_Gull/XC210920-B06h31m46s29sep2014_BHGull_call_feeding_chunk005.wav,3.0,XC210920-B06h31m46s29sep2014_BHGull_call_feeding.mp3
Black-headed_Gull,XC210920-B06h31m46s29sep2014_BHGull_call_feeding,6,data/processed/Black-headed_Gull/XC210920-B06h31m46s29sep2014_BHGull_call_feeding_chunk006.wav,3.0,XC210920-B06h31m46s29sep2014_BHGull_call_feeding.mp3
Black-headed_Gull,XC210920-B06h31m46s29sep2014_BHGull_call_feeding,7,data/processed/Black-headed_Gull/XC210920-B06h31m46s29sep2014_BHGull_call_feeding_chunk007.wav,3.0,XC210920-B06h31m46s29sep2014_BHGull_call_feeding.mp3
Black-headed_Gull,XC210920-B06h31m46s29sep2014_BHGull_call_feeding,8,data/processed/Black-headed_Gull/XC210920-B06h31m46s29sep2014_BHGull_call_feeding_chunk008.wav,3.0,XC210920-B06h31m46s29sep2014_BHGull_call_feeding.mp3
Black-headed_Gull,XC210920-B06h31m46s29sep2014_BHGull_call_feeding,9,data/processed/Black-headed_Gull/XC210920-B06h31m46s29sep2014_BHGull_call_feeding_chunk009.wav,3.0,XC210920-B06h31m46s29sep2014_BHGull_call_feeding.mp3
Black-headed_Gull,XC210920-B06h31m46s29sep2014_BHGull_call_feeding,10,data/processed/Black-headed_Gull/XC210920-B06h31m46s29sep2014_BHGull_call_feeding_chunk010.wav,3.0,XC210920-B06h31m46s29sep2014_BHGull_call_feeding.mp3
Black-headed_Gull,XC210920-B06h31m46s29sep2014_BHGull_call_feeding,11,data/processed/Black-headed_Gull/XC210920-B06h31m46s29sep2014_BHGull_call_feeding_chunk011.wav,3.0,XC210920-B06h31m46s29sep2014_BHGull_call_feeding.mp3
Black-headed_Gull,XC210920-B06h31m46s29sep2014_BHGull_call_feeding,12,data/processed/Black-headed_Gull/XC210920-B06h31m46s29sep2014_BHGull_call_feeding_chunk012.wav,3.0,XC210920-B06h31m46s29sep2014_BHGull_call_feeding.mp3
Black-headed_Gull,XC210920-B06h31m46s29sep2014_BHGull_call_feeding,13,data/processed/Black-headed_Gull/XC210920-B06h31m46s29sep2014_BHGull_call_feeding_chunk013.wav,3.0,XC210920-B06h31m46s29sep2014_BHGull_call_feeding.mp3
Black-headed_Gull,XC210920-B06h31m46s29sep2014_BHGull_call_feeding,14,data/processed/Black-headed_Gull/XC210920-B06h31m46s29sep2014_BHGull_call_feeding_chunk014.wav,3.0,XC210920-B06h31m46s29sep2014_BHGull_call_feeding.mp3
Black-headed_Gull,XC210920-B06h31m46s29sep2014_BHGull_call_feeding,15,data/processed/Black-headed_Gull/XC210920-B06h31m46s29sep2014_BHGull_call_feeding_chunk015.wav,3.0,XC210920-B06h31m46s29sep2014_BHGull_call_feeding.mp3
Black-headed_Gull,XC210920-B06h31m46s29sep2014_BHGull_call_feeding,16,data/processed/Black-headed_Gull/XC210920-B06h31m46s29sep2014_BHGull_call_feeding_chunk016.wav,3.0,XC210920-B06h31m46s29sep2014_BHGull_call_feeding.mp3
Black-headed_Gull,XC210920-B06h31m46s29sep2014_BHGull_call_feeding,17,data/processed/Black-headed_Gull/XC210920-B06h31m46s29sep2014_BHGull_call_feeding_chunk017.wav,3.0,XC210920-B06h31m46s29sep2014_BHGull_call_feeding.mp3
Black-headed_Gull,XC210920-B06h31m46s29sep2014_BHGull_call_feeding,18,data/processed/Black-headed_Gull/XC210920-B06h31m46s29sep2014_BHGull_call_feeding_chunk018.wav,3.0,XC210920-B06h31m46s29sep2014_BHGull_call_feeding.mp3
Black-headed_Gull,XC211911-LS112134,0,data/processed/Black-headed_Gull/XC211911-LS112134_chunk000.wav,3.0,XC211911-LS112134 Lachmöwe Friedrichshafen Hafen 2015 02 01Xeno.mp3
Black-headed_Gull,XC211911-LS112134,1,data/processed/Black-headed_Gull/XC211911-LS112134_chunk001.wav,3.0,XC211911-LS112134 Lachmöwe Friedrichshafen Hafen 2015 02 01Xeno.mp3
Black-headed_Gull,XC211911-LS112134,2,data/processed/Black-headed_Gull/XC211911-LS112134_chunk002.wav,3.0,XC211911-LS112134 Lachmöwe Friedrichshafen Hafen 2015 02 01Xeno.mp3
Black-headed_Gull,XC211911-LS112134,3,data/processed/Black-headed_Gull/XC211911-LS112134_chunk003.wav,3.0,XC211911-LS112134 Lachmöwe Friedrichshafen Hafen 2015 02 01Xeno.mp3
Black-headed_Gull,XC211911-LS112134,4,data/processed/Black-headed_Gull/XC211911-LS112134_chunk004.wav,3.0,XC211911-LS112134 Lachmöwe Friedrichshafen Hafen 2015 02 01Xeno.mp3
Black-headed_Gull,XC211911-LS112134,5,data/processed/Black-headed_Gull/XC211911-LS112134_chunk005.wav,3.0,XC211911-LS112134 Lachmöwe Friedrichshafen Hafen 2015 02 01Xeno.mp3
Black-headed_Gull,XC211911-LS112134,6,data/processed/Black-headed_Gull/XC211911-LS112134_chunk006.wav,3.0,XC211911-LS112134 Lachmöwe Friedrichshafen Hafen 2015 02 01Xeno.mp3
Black-headed_Gull,XC211911-LS112134,7,data/processed/Black-headed_Gull/XC211911-LS112134_chunk007.wav,3.0,XC211911-LS112134 Lachmöwe Friedrichshafen Hafen 2015 02 01Xeno.mp3
Black-headed_Gull,XC211911-LS112134,8,data/processed/Black-headed_Gull/XC211911-LS112134_chunk008.wav,3.0,XC211911-LS112134 Lachmöwe Friedrichshafen Hafen 2015 02 01Xeno.mp3
Black-headed_Gull,XC211911-LS112134,9,data/processed/Black-headed_Gull/XC211911-LS112134_chunk009.wav,3.0,XC211911-LS112134 Lachmöwe Friedrichshafen Hafen 2015 02 01Xeno.mp3
Black-headed_Gull,XC211911-LS112134,10,data/processed/Black-headed_Gull/XC211911-LS112134_chunk010.wav,3.0,XC211911-LS112134 Lachmöwe Friedrichshafen Hafen 2015 02 01Xeno.mp3
Black-headed_Gull,XC211911-LS112134,11,data/processed/Black-headed_Gull/XC211911-LS112134_chunk011.wav,3.0,XC211911-LS112134 Lachmöwe Friedrichshafen Hafen 2015 02 01Xeno.mp3
Black-headed_Gull,XC211911-LS112134,12,data/processed/Black-headed_Gull/XC211911-LS112134_chunk012.wav,3.0,XC211911-LS112134 Lachmöwe Friedrichshafen Hafen 2015 02 01Xeno.mp3
Black-headed_Gull,XC211911-LS112134,13,data/processed/Black-headed_Gull/XC211911-LS112134_chunk013.wav,3.0,XC211911-LS112134 Lachmöwe Friedrichshafen Hafen 2015 02 01Xeno.mp3
Black-headed_Gull,XC211911-LS112134,14,data/processed/Black-headed_Gull/XC211911-LS112134_chunk014.wav,3.0,XC211911-LS112134 Lachmöwe Friedrichshafen Hafen 2015 02 01Xeno.mp3
Black-headed_Gull,XC213343-Default,0,data/processed/Black-headed_Gull/XC213343-Default_chunk000.wav,3.0,XC213343-Default Project.mp3
Black-headed_Gull,XC213343-Default,1,data/processed/Black-headed_Gull/XC213343-Default_chunk001.wav,3.0,XC213343-Default Project.mp3
Black-headed_Gull,XC213343-Default,2,data/processed/Black-headed_Gull/XC213343-Default_chunk002.wav,3.0,XC213343-Default Project.mp3
Black-headed_Gull,XC213343-Default,3,data/processed/Black-headed_Gull/XC213343-Default_chunk003.wav,3.0,XC213343-Default Project.mp3
Black-headed_Gull,XC213343-Default,4,data/processed/Black-headed_Gull/XC213343-Default_chunk004.wav,3.0,XC213343-Default Project.mp3
Black-headed_Gull,XC213343-Default,5,data/processed/Black-headed_Gull/XC213343-Default_chunk005.wav,3.0,XC213343-Default Project.mp3
Black-headed_Gull,XC213343-Default,6,data/processed/Black-headed_Gull/XC213343-Default_chunk006.wav,3.0,XC213343-Default Project.mp3
Black-headed_Gull,XC213343-Default,7,data/processed/Black-headed_Gull/XC213343-Default_chunk007.wav,3.0,XC213343-Default Project.mp3
Black-headed_Gull,XC213343-Default,8,data/processed/Black-headed_Gull/XC213343-Default_chunk008.wav,3.0,XC213343-Default Project.mp3
Black-headed_Gull,XC213343-Default,9,data/processed/Black-headed_Gull/XC213343-Default_chunk009.wav,3.0,XC213343-Default Project.mp3
Black-headed_Gull,XC213343-Default,10,data/processed/Black-headed_Gull/XC213343-Default_chunk010.wav,3.0,XC213343-Default Project.mp3
Black-headed_Gull,XC213343-Default,11,data/processed/Black-headed_Gull/XC213343-Default_chunk011.wav,3.0,XC213343-Default Project.mp3
Black-headed_Gull,XC213343-Default,12,data/processed/Black-headed_Gull/XC213343-Default_chunk012.wav,3.0,XC213343-Default Project.mp3
Black-headed_Gull,XC213343-Default,13,data/processed/Black-headed_Gull/XC213343-Default_chunk013.wav,3.0,XC213343-Default Project.mp3
Black-headed_Gull,XC213343-Default,14,data/processed/Black-headed_Gull/XC213343-Default_chunk014.wav,3.0,XC213343-Default Project.mp3
Black-headed_Gull,XC213343-Default,15,data/processed/Black-headed_Gull/XC213343-Default_chunk015.wav,3.0,XC213343-Default Project.mp3
Black-headed_Gull,XC213343-Default,16,data/processed/Black-headed_Gull/XC213343-Default_chunk016.wav,3.0,XC213343-Default Project.mp3
Black-headed_Gull,XC237221-Default,0,data/processed/Black-headed_Gull/XC237221-Default_chunk000.wav,3.0,XC237221-Default Project.mp3
Black-headed_Gull,XC237221-Default,1,data/processed/Black-headed_Gull/XC237221-Default_chunk001.wav,3.0,XC237221-Default Project.mp3
Black-headed_Gull,XC237221-Default,2,data/processed/Black-headed_Gull/XC237221-Default_chunk002.wav,3.0,XC237221-Default Project.mp3
Black-headed_Gull,XC237221-Default,3,data/processed/Black-headed_Gull/XC237221-Default_chunk003.wav,3.0,XC237221-Default Project.mp3
Black-headed_Gull,XC237221-Default,4,data/processed/Black-headed_Gull/XC237221-Default_chunk004.wav,3.0,XC237221-Default Project.mp3
Black-headed_Gull,XC237221-Default,5,data/processed/Black-headed_Gull/XC237221-Default_chunk005.wav,3.0,XC237221-Default Project.mp3
Black-headed_Gull,XC237221-Default,6,data/processed/Black-headed_Gull/XC237221-Default_chunk006.wav,3.0,XC237221-Default Project.mp3
Black-headed_Gull,gabbianocomune2,0,data/processed/Black-headed_Gull/gabbianocomune2_chunk000.wav,3.0,gabbianocomune2.mp3
Black-headed_Gull,gabbianocomune2,1,data/processed/Black-headed_Gull/gabbianocomune2_chunk001.wav,3.0,gabbianocomune2.mp3
Black-headed_Gull,gabbianocomune2,2,data/processed/Black-headed_Gull/gabbianocomune2_chunk002.wav,3.0,gabbianocomune2.mp3
Black-headed_Gull,gabbianocomune2,3,data/processed/Black-headed_Gull/gabbianocomune2_chunk003.wav,3.0,gabbianocomune2.mp3
Black-headed_Gull,gabbianocomune2,4,data/processed/Black-headed_Gull/gabbianocomune2_chunk004.wav,3.0,gabbianocomune2.mp3
Black-headed_Gull,gabbianocomune2,5,data/processed/Black-headed_Gull/gabbianocomune2_chunk005.wav,3.0,gabbianocomune2.mp3
Black-headed_Gull,gabbianocomune2,6,data/processed/Black-headed_Gull/gabbianocomune2_chunk006.wav,3.0,gabbianocomune2.mp3
Black-headed_Gull,gabbianocomune2,7,data/processed/Black-headed_Gull/gabbianocomune2_chunk007.wav,3.0,gabbianocomune2.mp3
Black-headed_Gull,gabbianocomune2,8,data/processed/Black-headed_Gull/gabbianocomune2_chunk008.wav,3.0,gabbianocomune2.mp3
Black-headed_Gull,gabbianocomune3,0,data/processed/Black-headed_Gull/gabbianocomune3_chunk000.wav,3.0,gabbianocomune3.mp3
Black-tailed_Gull,061-005-02(v2.1),0,data/processed/Black-tailed_Gull/061-005-02(v2.1)_chunk000.wav,3.0,061-005-02(v2.1).mp3
Black-tailed_Gull,061-005-02(v2.1),1,data/processed/Black-tailed_Gull/061-005-02(v2.1)_chunk001.wav,3.0,061-005-02(v2.1).mp3
Black-tailed_Gull,061-005-02(v2.1),2,data/processed/Black-tailed_Gull/061-005-02(v2.1)_chunk002.wav,3.0,061-005-02(v2.1).mp3
Black-tailed_Gull,"XC1002546-Larus-crassirostris-Пелис-3,-B",0,"data/processed/Black-tailed_Gull/XC1002546-Larus-crassirostris-Пелис-3,-B_chunk000.wav",3.0,"XC1002546-Larus-crassirostris-Пелис-3,-B.mp3"
Black-tailed_Gull,"XC1002546-Larus-crassirostris-Пелис-3,-B",1,"data/processed/Black-tailed_Gull/XC1002546-Larus-crassirostris-Пелис-3,-B_chunk001.wav",3.0,"XC1002546-Larus-crassirostris-Пелис-3,-B.mp3"
Black-tailed_Gull,"XC1002546-Larus-crassirostris-Пелис-3,-B",2,"data/processed/Black-tailed_Gull/XC1002546-Larus-crassirostris-Пелис-3,-B_chunk002.wav",3.0,"XC1002546-Larus-crassirostris-Пелис-3,-B.mp3"
Black-tailed_Gull,"XC1002546-Larus-crassirostris-Пелис-3,-B",3,"data/processed/Black-tailed_Gull/XC1002546-Larus-crassirostris-Пелис-3,-B_chunk003.wav",3.0,"XC1002546-Larus-crassirostris-Пелис-3,-B.mp3"
Black-tailed_Gull,"XC1002546-Larus-crassirostris-Пелис-3,-B",4,"data/processed/Black-tailed_Gull/XC1002546-Larus-crassirostris-Пелис-3,-B_chunk004.wav",3.0,"XC1002546-Larus-crassirostris-Пелис-3,-B.mp3"
Black-tailed_Gull,"XC1002546-Larus-crassirostris-Пелис-3,-B",5,"data/processed/Black-tailed_Gull/XC1002546-Larus-crassirostris-Пелис-3,-B_chunk005.wav",3.0,"XC1002546-Larus-crassirostris-Пелис-3,-B.mp3"
Black-tailed_Gull,"XC1002546-Larus-crassirostris-Пелис-3,-B",6,"data/processed/Black-tailed_Gull/XC1002546-Larus-crassirostris-Пелис-3,-B_chunk006.wav",3.0,"XC1002546-Larus-crassirostris-Пелис-3,-B.mp3"
Black-tailed_Gull,"XC1002546-Larus-crassirostris-Пелис-3,-B",7,"data/processed/Black-tailed_Gull/XC1002546-Larus-crassirostris-Пелис-3,-B_chunk007.wav",3.0,"XC1002546-Larus-crassirostris-Пелис-3,-B.mp3"
Black-tailed_Gull,"XC1002546-Larus-crassirostris-Пелис-3,-B",8,"data/processed/Black-tailed_Gull/XC1002546-Larus-crassirostris-Пелис-3,-B_chunk008.wav",3.0,"XC1002546-Larus-crassirostris-Пелис-3,-B.mp3"
Black-tailed_Gull,"XC1002546-Larus-crassirostris-Пелис-3,-B",9,"data/processed/Black-tailed_Gull/XC1002546-Larus-crassirostris-Пелис-3,-B_chunk009.wav",3.0,"XC1002546-Larus-crassirostris-Пелис-3,-B.mp3"
Black-tailed_Gull,"XC1002546-Larus-crassirostris-Пелис-3,-B",10,"data/processed/Black-tailed_Gull/XC1002546-Larus-crassirostris-Пелис-3,-B_chunk010.wav",3.0,"XC1002546-Larus-crassirostris-Пелис-3,-B.mp3"
Black-tailed_Gull,"XC1002546-Larus-crassirostris-Пелис-3,-B",11,"data/processed/Black-tailed_Gull/XC1002546-Larus-crassirostris-Пелис-3,-B_chunk011.wav",3.0,"XC1002546-Larus-crassirostris-Пелис-3,-B.mp3"
Black-tailed_Gull,"XC1002546-Larus-crassirostris-Пелис-3,-B",12,"data/processed/Black-tailed_Gull/XC1002546-Larus-crassirostris-Пелис-3,-B_chunk012.wav",3.0,"XC1002546-Larus-crassirostris-Пелис-3,-B.mp3"
Black-tailed_Gull,XC1008519-250621_1618_黑尾鸥_青岛,0,data/processed/Black-tailed_Gull/XC1008519-250621_1618_黑尾鸥_青岛_chunk000.wav,3.0,XC1008519-250621_1618_黑尾鸥_青岛.wav
Black-tailed_Gull,XC1008519-250621_1618_黑尾鸥_青岛,1,data/processed/Black-tailed_Gull/XC1008519-250621_1618_黑尾鸥_青岛_chunk001.wav,3.0,XC1008519-250621_1618_黑尾鸥_青岛.wav
Black-tailed_Gull,XC1008519-250621_1618_黑尾鸥_青岛,2,data/processed/Black-tailed_Gull/XC1008519-250621_1618_黑尾鸥_青岛_chunk002.wav,3.0,XC1008519-250621_1618_黑尾鸥_青岛.wav
Black-tailed_Gull,XC1008519-250621_1618_黑尾鸥_青岛,3,data/processed/Black-tailed_Gull/XC1008519-250621_1618_黑尾鸥_青岛_chunk003.wav,3.0,XC1008519-250621_1618_黑尾鸥_青岛.wav
Black-tailed_Gull,XC1008519-250621_1618_黑尾鸥_青岛,4,data/processed/Black-tailed_Gull/XC1008519-250621_1618_黑尾鸥_青岛_chunk004.wav,3.0,XC1008519-250621_1618_黑尾鸥_青岛.wav
Black-tailed_Gull,XC1008519-250621_1618_黑尾鸥_青岛,5,data/processed/Black-tailed_Gull/XC1008519-250621_1618_黑尾鸥_青岛_chunk005.wav,3.0,XC1008519-250621_1618_黑尾鸥_青岛.wav
Black-tailed_Gull,XC1008519-250621_1618_黑尾鸥_青岛,6,data/processed/Black-tailed_Gull/XC1008519-250621_1618_黑尾鸥_青岛_chunk006.wav,3.0,XC1008519-250621_1618_黑尾鸥_青岛.wav
Black-tailed_Gull,XC1008519-250621_1618_黑尾鸥_青岛,7,data/processed/Black-tailed_Gull/XC1008519-250621_1618_黑尾鸥_青岛_chunk007.wav,3.0,XC1008519-250621_1618_黑尾鸥_青岛.wav
Black-tailed_Gull,XC1008519-250621_1618_黑尾鸥_青岛,8,data/processed/Black-tailed_Gull/XC1008519-250621_1618_黑尾鸥_青岛_chunk008.wav,3.0,XC1008519-250621_1618_黑尾鸥_青岛.wav
Black-tailed_Gull,XC1008519-250621_1618_黑尾鸥_青岛,9,data/processed/Black-tailed_Gull/XC1008519-250621_1618_黑尾鸥_青岛_chunk009.wav,3.0,XC1008519-250621_1618_黑尾鸥_青岛.wav
Black-tailed_Gull,XC1008519-250621_1618_黑尾鸥_青岛,10,data/processed/Black-tailed_Gull/XC1008519-250621_1618_黑尾鸥_青岛_chunk010.wav,3.0,XC1008519-250621_1618_黑尾鸥_青岛.wav
Black-tailed_Gull,XC1008519-250621_1618_黑尾鸥_青岛,11,data/processed/Black-tailed_Gull/XC1008519-250621_1618_黑尾鸥_青岛_chunk011.wav,3.0,XC1008519-250621_1618_黑尾鸥_青岛.wav
Black-tailed_Gull,XC1008519-250621_1618_黑尾鸥_青岛,12,data/processed/Black-tailed_Gull/XC1008519-250621_1618_黑尾鸥_青岛_chunk012.wav,3.0,XC1008519-250621_1618_黑尾鸥_青岛.wav
Black-tailed_Gull,XC1008519-250621_1618_黑尾鸥_青岛,13,data/processed/Black-tailed_Gull/XC1008519-250621_1618_黑尾鸥_青岛_chunk013.wav,3.0,XC1008519-250621_1618_黑尾鸥_青岛.wav
Black-tailed_Gull,XC1008519-250621_1618_黑尾鸥_青岛,14,data/processed/Black-tailed_Gull/XC1008519-250621_1618_黑尾鸥_青岛_chunk014.wav,3.0,XC1008519-250621_1618_黑尾鸥_青岛.wav
Black-tailed_Gull,XC1008519-250621_1618_黑尾鸥_青岛,15,data/processed/Black-tailed_Gull/XC1008519-250621_1618_黑尾鸥_青岛_chunk015.wav,3.0,XC1008519-250621_1618_黑尾鸥_青岛.wav
Black-tailed_Gull,XC1008519-250621_1618_黑尾鸥_青岛,16,data/processed/Black-tailed_Gull/XC1008519-250621_1618_黑尾鸥_青岛_chunk016.wav,3.0,XC1008519-250621_1618_黑尾鸥_青岛.wav
Black-tailed_Gull,XC1008519-250621_1618_黑尾鸥_青岛,17,data/processed/Black-tailed_Gull/XC1008519-250621_1618_黑尾鸥_青岛_chunk017.wav,3.0,XC1008519-250621_1618_黑尾鸥_青岛.wav
Black-tailed_Gull,XC1008519-250621_1618_黑尾鸥_青岛,18,data/processed/Black-tailed_Gull/XC1008519-250621_1618_黑尾鸥_青岛_chunk018.wav,3.0,XC1008519-250621_1618_黑尾鸥_青岛.wav
Black-tailed_Gull,XC1008519-250621_1618_黑尾鸥_青岛,19,data/processed/Black-tailed_Gull/XC1008519-250621_1618_黑尾鸥_青岛_chunk019.wav,3.0,XC1008519-250621_1618_黑尾鸥_青岛.wav
Black-tailed_Gull,XC1008519-250621_1618_黑尾鸥_青岛,20,data/processed/Black-tailed_Gull/XC1008519-250621_1618_黑尾鸥_青岛_chunk020.wav,3.0,XC1008519-250621_1618_黑尾鸥_青岛.wav
Black-tailed_Gull,XC1008519-250621_1618_黑尾鸥_青岛,21,data/processed/Black-tailed_Gull/XC1008519-250621_1618_黑尾鸥_青岛_chunk021.wav,3.0,XC1008519-250621_1618_黑尾鸥_青岛.wav
Black-tailed_Gull,XC1008519-250621_1618_黑尾鸥_青岛,22,data/processed/Black-tailed_Gull/XC1008519-250621_1618_黑尾鸥_青岛_chunk022.wav,3.0,XC1008519-250621_1618_黑尾鸥_青岛.wav
Black-tailed_Gull,XC1008519-250621_1618_黑尾鸥_青岛,23,data/processed/Black-tailed_Gull/XC1008519-250621_1618_黑尾鸥_青岛_chunk023.wav,3.0,XC1008519-250621_1618_黑尾鸥_青岛.wav
Black-tailed_Gull,XC1008519-250621_1618_黑尾鸥_青岛,24,data/processed/Black-tailed_Gull/XC1008519-250621_1618_黑尾鸥_青岛_chunk024.wav,3.0,XC1008519-250621_1618_黑尾鸥_青岛.wav
Black-tailed_Gull,XC1008519-250621_1618_黑尾鸥_青岛,25,data/processed/Black-tailed_Gull/XC1008519-250621_1618_黑尾鸥_青岛_chunk025.wav,3.0,XC1008519-250621_1618_黑尾鸥_青岛.wav
Black-tailed_Gull,XC1008519-250621_1618_黑尾鸥_青岛,26,data/processed/Black-tailed_Gull/XC1008519-250621_1618_黑尾鸥_青岛_chunk026.wav,3.0,XC1008519-250621_1618_黑尾鸥_青岛.wav
Black-tailed_Gull,XC1008519-250621_1618_黑尾鸥_青岛,27,data/processed/Black-tailed_Gull/XC1008519-250621_1618_黑尾鸥_青岛_chunk027.wav,3.0,XC1008519-250621_1618_黑尾鸥_青岛.wav
Black-tailed_Gull,XC1008519-250621_1618_黑尾鸥_青岛,28,data/processed/Black-tailed_Gull/XC1008519-250621_1618_黑尾鸥_青岛_chunk028.wav,3.0,XC1008519-250621_1618_黑尾鸥_青岛.wav
Black-tailed_Gull,XC1008519-250621_1618_黑尾鸥_青岛,29,data/processed/Black-tailed_Gull/XC1008519-250621_1618_黑尾鸥_青岛_chunk029.wav,3.0,XC1008519-250621_1618_黑尾鸥_青岛.wav
Black-tailed_Gull,XC1008519-250621_1618_黑尾鸥_青岛,30,data/processed/Black-tailed_Gull/XC1008519-250621_1618_黑尾鸥_青岛_chunk030.wav,3.0,XC1008519-250621_1618_黑尾鸥_青岛.wav
Black-tailed_Gull,XC1008519-250621_1618_黑尾鸥_青岛,31,data/processed/Black-tailed_Gull/XC1008519-250621_1618_黑尾鸥_青岛_chunk031.wav,3.0,XC1008519-250621_1618_黑尾鸥_青岛.wav
Black-tailed_Gull,XC1008519-250621_1618_黑尾鸥_青岛,32,data/processed/Black-tailed_Gull/XC1008519-250621_1618_黑尾鸥_青岛_chunk032.wav,3.0,XC1008519-250621_1618_黑尾鸥_青岛.wav
Black-tailed_Gull,XC1008519-250621_1618_黑尾鸥_青岛,33,data/processed/Black-tailed_Gull/XC1008519-250621_1618_黑尾鸥_青岛_chunk033.wav,3.0,XC1008519-250621_1618_黑尾鸥_青岛.wav
Black-tailed_Gull,XC1008519-250621_1618_黑尾鸥_青岛,34,data/processed/Black-tailed_Gull/XC1008519-250621_1618_黑尾鸥_青岛_chunk034.wav,3.0,XC1008519-250621_1618_黑尾鸥_青岛.wav
Black-tailed_Gull,XC1008519-250621_1618_黑尾鸥_青岛,35,data/processed/Black-tailed_Gull/XC1008519-250621_1618_黑尾鸥_青岛_chunk035.wav,3.0,XC1008519-250621_1618_黑尾鸥_青岛.wav
Black-tailed_Gull,XC1008519-250621_1618_黑尾鸥_青岛,36,data/processed/Black-tailed_Gull/XC1008519-250621_1618_黑尾鸥_青岛_chunk036.wav,3.0,XC1008519-250621_1618_黑尾鸥_青岛.wav
Black-tailed_Gull,XC1008519-250621_1618_黑尾鸥_青岛,37,data/processed/Black-tailed_Gull/XC1008519-250621_1618_黑尾鸥_青岛_chunk037.wav,3.0,XC1008519-250621_1618_黑尾鸥_青岛.wav
Black-tailed_Gull,XC1008519-250621_1618_黑尾鸥_青岛,38,data/processed/Black-tailed_Gull/XC1008519-250621_1618_黑尾鸥_青岛_chunk038.wav,3.0,XC1008519-250621_1618_黑尾鸥_青岛.wav
Black-tailed_Gull,XC1008519-250621_1618_黑尾鸥_青岛,39,data/processed/Black-tailed_Gull/XC1008519-250621_1618_黑尾鸥_青岛_chunk039.wav,3.0,XC1008519-250621_1618_黑尾鸥_青岛.wav
Black-tailed_Gull,XC1008519-250621_1618_黑尾鸥_青岛,40,data/processed/Black-tailed_Gull/XC1008519-250621_1618_黑尾鸥_青岛_chunk040.wav,3.0,XC1008519-250621_1618_黑尾鸥_青岛.wav
Black-tailed_Gull,XC1008519-250621_1618_黑尾鸥_青岛,41,data/processed/Black-tailed_Gull/XC1008519-250621_1618_黑尾鸥_青岛_chunk041.wav,3.0,XC1008519-250621_1618_黑尾鸥_青岛.wav
Black-tailed_Gull,XC1008519-250621_1618_黑尾鸥_青岛,42,data/processed/Black-tailed_Gull/XC1008519-250621_1618_黑尾鸥_青岛_chunk042.wav,3.0,XC1008519-250621_1618_黑尾鸥_青岛.wav
Black-tailed_Gull,XC1008519-250621_1618_黑尾鸥_青岛,43,data/processed/Black-tailed_Gull/XC1008519-250621_1618_黑尾鸥_青岛_chunk043.wav,3.0,XC1008519-250621_1618_黑尾鸥_青岛.wav
Black-tailed_Gull,XC1016634-black-tailed-gull-vardijarv-250628_1292,0,data/processed/Black-tailed_Gull/XC1016634-black-tailed-gull-vardijarv-250628_1292_chunk000.wav,3.0,XC1016634-black-tailed-gull-vardijarv-250628_1292.mp3
Black-tailed_Gull,XC1016634-black-tailed-gull-vardijarv-250628_1292,1,data/processed/Black-tailed_Gull/XC1016634-black-tailed-gull-vardijarv-250628_1292_chunk001.wav,3.0,XC1016634-black-tailed-gull-vardijarv-250628_1292.mp3
Black-tailed_Gull,XC1016634-black-tailed-gull-vardijarv-250628_1292,2,data/processed/Black-tailed_Gull/XC1016634-black-tailed-gull-vardijarv-250628_1292_chunk002.wav,3.0,XC1016634-black-tailed-gull-vardijarv-250628_1292.mp3
Black-tailed_Gull,XC1016634-black-tailed-gull-vardijarv-250628_1292,3,data/processed/Black-tailed_Gull/XC1016634-black-tailed-gull-vardijarv-250628_1292_chunk003.wav,3.0,XC1016634-black-tailed-gull-vardijarv-250628_1292.mp3
Black-tailed_Gull,XC1016634-black-tailed-gull-vardijarv-250628_1292,4,data/processed/Black-tailed_Gull/XC1016634-black-tailed-gull-vardijarv-250628_1292_chunk004.wav,3.0,XC1016634-black-tailed-gull-vardijarv-250628_1292.mp3
Black-tailed_Gull,XC1016634-black-tailed-gull-vardijarv-250628_1292,5,data/processed/Black-tailed_Gull/XC1016634-black-tailed-gull-vardijarv-250628_1292_chunk005.wav,3.0,XC1016634-black-tailed-gull-vardijarv-250628_1292.mp3
Black-tailed_Gull,XC1016634-black-tailed-gull-vardijarv-250628_1292,6,data/processed/Black-tailed_Gull/XC1016634-black-tailed-gull-vardijarv-250628_1292_chunk006.wav,3.0,XC1016634-black-tailed-gull-vardijarv-250628_1292.mp3
Black-tailed_Gull,XC1016634-black-tailed-gull-vardijarv-250628_1292,7,data/processed/Black-tailed_Gull/XC1016634-black-tailed-gull-vardijarv-250628_1292_chunk007.wav,3.0,XC1016634-black-tailed-gull-vardijarv-250628_1292.mp3
Black-tailed_Gull,XC1016634-black-tailed-gull-vardijarv-250628_1292,8,data/processed/Black-tailed_Gull/XC1016634-black-tailed-gull-vardijarv-250628_1292_chunk008.wav,3.0,XC1016634-black-tailed-gull-vardijarv-250628_1292.mp3
Black-tailed_Gull,XC1101468-Black-tailed-Gull-黑尾鸥--call-声景-连云港兴庄河口--X8-CICADA-2508241039_1536---A,0,data/processed/Black-tailed_Gull/XC1101468-Black-tailed-Gull-黑尾鸥--call-声景-连云港兴庄河口--X8-CICADA-2508241039_1536---A_chunk000.wav,3.0,XC1101468-Black-tailed-Gull-黑尾鸥--call-声景-连云港兴庄河口--X8-CICADA-2508241039_1536---A.mp3
Black-tailed_Gull,XC1101468-Black-tailed-Gull-黑尾鸥--call-声景-连云港兴庄河口--X8-CICADA-2508241039_1536---A,1,data/processed/Black-tailed_Gull/XC1101468-Black-tailed-Gull-黑尾鸥--call-声景-连云港兴庄河口--X8-CICADA-2508241039_1536---A_chunk001.wav,3.0,XC1101468-Black-tailed-Gull-黑尾鸥--call-声景-连云港兴庄河口--X8-CICADA-2508241039_1536---A.mp3
Black-tailed_Gull,XC1101468-Black-tailed-Gull-黑尾鸥--call-声景-连云港兴庄河口--X8-CICADA-2508241039_1536---A,2,data/processed/Black-tailed_Gull/XC1101468-Black-tailed-Gull-黑尾鸥--call-声景-连云港兴庄河口--X8-CICADA-2508241039_1536---A_chunk002.wav,3.0,XC1101468-Black-tailed-Gull-黑尾鸥--call-声景-连云港兴庄河口--X8-CICADA-2508241039_1536---A.mp3
Black-tailed_Gull,XC1101468-Black-tailed-Gull-黑尾鸥--call-声景-连云港兴庄河口--X8-CICADA-2508241039_1536---A,3,data/processed/Black-tailed_Gull/XC1101468-Black-tailed-Gull-黑尾鸥--call-声景-连云港兴庄河口--X8-CICADA-2508241039_1536---A_chunk003.wav,3.0,XC1101468-Black-tailed-Gull-黑尾鸥--call-声景-连云港兴庄河口--X8-CICADA-2508241039_1536---A.mp3
Black-tailed_Gull,XC1101468-Black-tailed-Gull-黑尾鸥--call-声景-连云港兴庄河口--X8-CICADA-2508241039_1536---A,4,data/processed/Black-tailed_Gull/XC1101468-Black-tailed-Gull-黑尾鸥--call-声景-连云港兴庄河口--X8-CICADA-2508241039_1536---A_chunk004.wav,3.0,XC1101468-Black-tailed-Gull-黑尾鸥--call-声景-连云港兴庄河口--X8-CICADA-2508241039_1536---A.mp3
Black-tailed_Gull,XC1101469-Black-tailed-Gull-黑尾鸥-call-声景-连云港兴庄河口--X8-CICADA-2508241119_1538---A,0,data/processed/Black-tailed_Gull/XC1101469-Black-tailed-Gull-黑尾鸥-call-声景-连云港兴庄河口--X8-CICADA-2508241119_1538---A_chunk000.wav,3.0,XC1101469-Black-tailed-Gull-黑尾鸥-call-声景-连云港兴庄河口--X8-CICADA-2508241119_1538---A.mp3
Black-tailed_Gull,XC1101469-Black-tailed-Gull-黑尾鸥-call-声景-连云港兴庄河口--X8-CICADA-2508241119_1538---A,1,data/processed/Black-tailed_Gull/XC1101469-Black-tailed-Gull-黑尾鸥-call-声景-连云港兴庄河口--X8-CICADA-2508241119_1538---A_chunk001.wav,3.0,XC1101469-Black-tailed-Gull-黑尾鸥-call-声景-连云港兴庄河口--X8-CICADA-2508241119_1538---A.mp3
Black-tailed_Gull,XC1101469-Black-tailed-Gull-黑尾鸥-call-声景-连云港兴庄河口--X8-CICADA-2508241119_1538---A,2,data/processed/Black-tailed_Gull/XC1101469-Black-tailed-Gull-黑尾鸥-call-声景-连云港兴庄河口--X8-CICADA-2508241119_1538---A_chunk002.wav,3.0,XC1101469-Black-tailed-Gull-黑尾鸥-call-声景-连云港兴庄河口--X8-CICADA-2508241119_1538---A.mp3
Black-tailed_Gull,XC1101469-Black-tailed-Gull-黑尾鸥-call-声景-连云港兴庄河口--X8-CICADA-2508241119_1538---A,3,data/processed/Black-tailed_Gull/XC1101469-Black-tailed-Gull-黑尾鸥-call-声景-连云港兴庄河口--X8-CICADA-2508241119_1538---A_chunk003.wav,3.0,XC1101469-Black-tailed-Gull-黑尾鸥-call-声景-连云港兴庄河口--X8-CICADA-2508241119_1538---A.mp3
Black-tailed_Gull,XC1101469-Black-tailed-Gull-黑尾鸥-call-声景-连云港兴庄河口--X8-CICADA-2508241119_1538---A,4,data/processed/Black-tailed_Gull/XC1101469-Black-tailed-Gull-黑尾鸥-call-声景-连云港兴庄河口--X8-CICADA-2508241119_1538---A_chunk004.wav,3.0,XC1101469-Black-tailed-Gull-黑尾鸥-call-声景-连云港兴庄河口--X8-CICADA-2508241119_1538---A.mp3
Black-tailed_Gull,XC1101469-Black-tailed-Gull-黑尾鸥-call-声景-连云港兴庄河口--X8-CICADA-2508241119_1538---A,5,data/processed/Black-tailed_Gull/XC1101469-Black-tailed-Gull-黑尾鸥-call-声景-连云港兴庄河口--X8-CICADA-2508241119_1538---A_chunk005.wav,3.0,XC1101469-Black-tailed-Gull-黑尾鸥-call-声景-连云港兴庄河口--X8-CICADA-2508241119_1538---A.mp3
Black-tailed_Gull,XC1101469-Black-tailed-Gull-黑尾鸥-call-声景-连云港兴庄河口--X8-CICADA-2508241119_1538---A,6,data/processed/Black-tailed_Gull/XC1101469-Black-tailed-Gull-黑尾鸥-call-声景-连云港兴庄河口--X8-CICADA-2508241119_1538---A_chunk006.wav,3.0,XC1101469-Black-tailed-Gull-黑尾鸥-call-声景-连云港兴庄河口--X8-CICADA-2508241119_1538---A.mp3
Black-tailed_Gull,XC1101469-Black-tailed-Gull-黑尾鸥-call-声景-连云港兴庄河口--X8-CICADA-2508241119_1538---A,7,data/processed/Black-tailed_Gull/XC1101469-Black-tailed-Gull-黑尾鸥-call-声景-连云港兴庄河口--X8-CICADA-2508241119_1538---A_chunk007.wav,3.0,XC1101469-Black-tailed-Gull-黑尾鸥-call-声景-连云港兴庄河口--X8-CICADA-2508241119_1538---A.mp3
Black-tailed_Gull,XC1101469-Black-tailed-Gull-黑尾鸥-call-声景-连云港兴庄河口--X8-CICADA-2508241119_1538---A,8,data/processed/Black-tailed_Gull/XC1101469-Black-tailed-Gull-黑尾鸥-call-声景-连云港兴庄河口--X8-CICADA-2508241119_1538---A_chunk008.wav,3.0,XC1101469-Black-tailed-Gull-黑尾鸥-call-声景-连云港兴庄河口--X8-CICADA-2508241119_1538---A.mp3
Black-tailed_Gull,XC1101469-Black-tailed-Gull-黑尾鸥-call-声景-连云港兴庄河口--X8-CICADA-2508241119_1538---A,9,data/processed/Black-tailed_Gull/XC1101469-Black-tailed-Gull-黑尾鸥-call-声景-连云港兴庄河口--X8-CICADA-2508241119_1538---A_chunk009.wav,3.0,XC1101469-Black-tailed-Gull-黑尾鸥-call-声景-连云港兴庄河口--X8-CICADA-2508241119_1538---A.mp3
Black-tailed_Gull,XC1101469-Black-tailed-Gull-黑尾鸥-call-声景-连云港兴庄河口--X8-CICADA-2508241119_1538---A,10,data/processed/Black-tailed_Gull/XC1101469-Black-tailed-Gull-黑尾鸥-call-声景-连云港兴庄河口--X8-CICADA-2508241119_1538---A_chunk010.wav,3.0,XC1101469-Black-tailed-Gull-黑尾鸥-call-声景-连云港兴庄河口--X8-CICADA-2508241119_1538---A.mp3
Black-tailed_Gull,XC1101469-Black-tailed-Gull-黑尾鸥-call-声景-连云港兴庄河口--X8-CICADA-2508241119_1538---A,11,data/processed/Black-tailed_Gull/XC1101469-Black-tailed-Gull-黑尾鸥-call-声景-连云港兴庄河口--X8-CICADA-2508241119_1538---A_chunk011.wav,3.0,XC1101469-Black-tailed-Gull-黑尾鸥-call-声景-连云港兴庄河口--X8-CICADA-2508241119_1538---A.mp3
Black-tailed_Gull,XC1101469-Black-tailed-Gull-黑尾鸥-call-声景-连云港兴庄河口--X8-CICADA-2508241119_1538---A,12,data/processed/Black-tailed_Gull/XC1101469-Black-tailed-Gull-黑尾鸥-call-声景-连云港兴庄河口--X8-CICADA-2508241119_1538---A_chunk012.wav,3.0,XC1101469-Black-tailed-Gull-黑尾鸥-call-声景-连云港兴庄河口--X8-CICADA-2508241119_1538---A.mp3
Black-tailed_Gull,XC1144959-Slaty-backed-Gull_Shunkunitai,0,data/processed/Black-tailed_Gull/XC1144959-Slaty-backed-Gull_Shunkunitai_chunk000.wav,3.0,XC1144959-Slaty-backed-Gull_Shunkunitai.mp3
Black-tailed_Gull,XC1144959-Slaty-backed-Gull_Shunkunitai,1,data/processed/Black-tailed_Gull/XC1144959-Slaty-backed-Gull_Shunkunitai_chunk001.wav,3.0,XC1144959-Slaty-backed-Gull_Shunkunitai.mp3
Black-tailed_Gull,XC1144959-Slaty-backed-Gull_Shunkunitai,2,data/processed/Black-tailed_Gull/XC1144959-Slaty-backed-Gull_Shunkunitai_chunk002.wav,3.0,XC1144959-Slaty-backed-Gull_Shunkunitai.mp3
Black-tailed_Gull,XC1144959-Slaty-backed-Gull_Shunkunitai,3,data/processed/Black-tailed_Gull/XC1144959-Slaty-backed-Gull_Shunkunitai_chunk003.wav,3.0,XC1144959-Slaty-backed-Gull_Shunkunitai.mp3
Black-tailed_Gull,XC1144959-Slaty-backed-Gull_Shunkunitai,4,data/processed/Black-tailed_Gull/XC1144959-Slaty-backed-Gull_Shunkunitai_chunk004.wav,3.0,XC1144959-Slaty-backed-Gull_Shunkunitai.mp3
Black-tailed_Gull,XC255478-Larcra,0,data/processed/Black-tailed_Gull/XC255478-Larcra_chunk000.wav,3.0,XC255478-Larcra calls May 2015 China.mp3
Black-tailed_Gull,XC255478-Larcra,1,data/processed/Black-tailed_Gull/XC255478-Larcra_chunk001.wav,3.0,XC255478-Larcra calls May 2015 China.mp3
Black-tailed_Gull,XC255478-Larcra,2,data/processed/Black-tailed_Gull/XC255478-Larcra_chunk002.wav,3.0,XC255478-Larcra calls May 2015 China.mp3
Black-tailed_Gull,XC266263-Larus,0,data/processed/Black-tailed_Gull/XC266263-Larus_chunk000.wav,3.0,"XC266263-Larus crassirostris ли 150507_001,AA song.MP3"
Black-tailed_Gull,XC266263-Larus,1,data/processed/Black-tailed_Gull/XC266263-Larus_chunk001.wav,3.0,"XC266263-Larus crassirostris ли 150507_001,AA song.MP3"
Black-tailed_Gull,XC266263-Larus,2,data/processed/Black-tailed_Gull/XC266263-Larus_chunk002.wav,3.0,"XC266263-Larus crassirostris ли 150507_001,AA song.MP3"
Black-tailed_Gull,XC266263-Larus,3,data/processed/Black-tailed_Gull/XC266263-Larus_chunk003.wav,3.0,"XC266263-Larus crassirostris ли 150507_001,AA song.MP3"
Black-tailed_Gull,XC286305-LS_59218,0,data/processed/Black-tailed_Gull/XC286305-LS_59218_chunk000.wav,3.0,XC286305-LS_59218 Black-tailed Gull call B.mp3
Black-tailed_Gull,XC286305-LS_59218,1,data/processed/Black-tailed_Gull/XC286305-LS_59218_chunk001.wav,3.0,XC286305-LS_59218 Black-tailed Gull call B.mp3
Black-tailed_Gull,XC286305-LS_59218,2,data/processed/Black-tailed_Gull/XC286305-LS_59218_chunk002.wav,3.0,XC286305-LS_59218 Black-tailed Gull call B.mp3
Black-tailed_Gull,XC286305-LS_59218,3,data/processed/Black-tailed_Gull/XC286305-LS_59218_chunk003.wav,3.0,XC286305-LS_59218 Black-tailed Gull call B.mp3
Black-tailed_Gull,XC286305-LS_59218,4,data/processed/Black-tailed_Gull/XC286305-LS_59218_chunk004.wav,3.0,XC286305-LS_59218 Black-tailed Gull call B.mp3
Black-tailed_Gull,XC286305-LS_59218,5,data/processed/Black-tailed_Gull/XC286305-LS_59218_chunk005.wav,3.0,XC286305-LS_59218 Black-tailed Gull call B.mp3
Black-tailed_Gull,XC286305-LS_59218,6,data/processed/Black-tailed_Gull/XC286305-LS_59218_chunk006.wav,3.0,XC286305-LS_59218 Black-tailed Gull call B.mp3
Black-tailed_Gull,XC286305-LS_59218,7,data/processed/Black-tailed_Gull/XC286305-LS_59218_chunk007.wav,3.0,XC286305-LS_59218 Black-tailed Gull call B.mp3
Black-tailed_Gull,XC286305-LS_59218,8,data/processed/Black-tailed_Gull/XC286305-LS_59218_chunk008.wav,3.0,XC286305-LS_59218 Black-tailed Gull call B.mp3
Black-tailed_Gull,XC286305-LS_59218,9,data/processed/Black-tailed_Gull/XC286305-LS_59218_chunk009.wav,3.0,XC286305-LS_59218 Black-tailed Gull call B.mp3
Black-tailed_Gull,XC286305-LS_59218,10,data/processed/Black-tailed_Gull/XC286305-LS_59218_chunk010.wav,3.0,XC286305-LS_59218 Black-tailed Gull call B.mp3
Black-tailed_Gull,XC344911-Larus,0,data/processed/Black-tailed_Gull/XC344911-Larus_chunk000.wav,3.0,"XC344911-Larus schistisagus 160415_002,B, о. Большой Пелис,AMP3.mp3"
Black-tailed_Gull,XC344911-Larus,1,data/processed/Black-tailed_Gull/XC344911-Larus_chunk001.wav,3.0,"XC344911-Larus schistisagus 160415_002,B, о. Большой Пелис,AMP3.mp3"
Black-tailed_Gull,XC344911-Larus,2,data/processed/Black-tailed_Gull/XC344911-Larus_chunk002.wav,3.0,"XC344911-Larus schistisagus 160415_002,B, о. Большой Пелис,AMP3.mp3"
Black-tailed_Gull,XC344911-Larus,3,data/processed/Black-tailed_Gull/XC344911-Larus_chunk003.wav,3.0,"XC344911-Larus schistisagus 160415_002,B, о. Большой Пелис,AMP3.mp3"
Black-tailed_Gull,XC344933-Larus,0,data/processed/Black-tailed_Gull/XC344933-Larus_chunk000.wav,3.0,"XC344933-Larus crassirostris 160427_002, о. Фуругельма, кордон зап-ка, AAB+.MP3"
Black-tailed_Gull,XC344933-Larus,1,data/processed/Black-tailed_Gull/XC344933-Larus_chunk001.wav,3.0,"XC344933-Larus crassirostris 160427_002, о. Фуругельма, кордон зап-ка, AAB+.MP3"
Black-tailed_Gull,XC344933-Larus,2,data/processed/Black-tailed_Gull/XC344933-Larus_chunk002.wav,3.0,"XC344933-Larus crassirostris 160427_002, о. Фуругельма, кордон зап-ка, AAB+.MP3"
Black-tailed_Gull,XC344933-Larus,3,data/processed/Black-tailed_Gull/XC344933-Larus_chunk003.wav,3.0,"XC344933-Larus crassirostris 160427_002, о. Фуругельма, кордон зап-ка, AAB+.MP3"
Black-tailed_Gull,XC344933-Larus,4,data/processed/Black-tailed_Gull/XC344933-Larus_chunk004.wav,3.0,"XC344933-Larus crassirostris 160427_002, о. Фуругельма, кордон зап-ка, AAB+.MP3"
Black-tailed_Gull,XC344933-Larus,5,data/processed/Black-tailed_Gull/XC344933-Larus_chunk005.wav,3.0,"XC344933-Larus crassirostris 160427_002, о. Фуругельма, кордон зап-ка, AAB+.MP3"
Black-tailed_Gull,XC344933-Larus,6,data/processed/Black-tailed_Gull/XC344933-Larus_chunk006.wav,3.0,"XC344933-Larus crassirostris 160427_002, о. Фуругельма, кордон зап-ка, AAB+.MP3"
Black-tailed_Gull,XC344933-Larus,7,data/processed/Black-tailed_Gull/XC344933-Larus_chunk007.wav,3.0,"XC344933-Larus crassirostris 160427_002, о. Фуругельма, кордон зап-ка, AAB+.MP3"
Black-tailed_Gull,XC344933-Larus,8,data/processed/Black-tailed_Gull/XC344933-Larus_chunk008.wav,3.0,"XC344933-Larus crassirostris 160427_002, о. Фуругельма, кордон зап-ка, AAB+.MP3"
Black-tailed_Gull,XC344933-Larus,9,data/processed/Black-tailed_Gull/XC344933-Larus_chunk009.wav,3.0,"XC344933-Larus crassirostris 160427_002, о. Фуругельма, кордон зап-ка, AAB+.MP3"
Black-tailed_Gull,XC344933-Larus,10,data/processed/Black-tailed_Gull/XC344933-Larus_chunk010.wav,3.0,"XC344933-Larus crassirostris 160427_002, о. Фуругельма, кордон зап-ка, AAB+.MP3"
Black-tailed_Gull,XC344933-Larus,11,data/processed/Black-tailed_Gull/XC344933-Larus_chunk011.wav,3.0,"XC344933-Larus crassirostris 160427_002, о. Фуругельма, кордон зап-ка, AAB+.MP3"
Black-tailed_Gull,XC344933-Larus,12,data/processed/Black-tailed_Gull/XC344933-Larus_chunk012.wav,3.0,"XC344933-Larus crassirostris 160427_002, о. Фуругельма, кордон зап-ка, AAB+.MP3"
Black-tailed_Gull,XC411996-,0,data/processed/Black-tailed_Gull/XC411996-_chunk000.wav,3.0,XC411996-  call 180422 海湾港口SHADOW_0202S12.mp3
Black-tailed_Gull,XC411996-,1,data/processed/Black-tailed_Gull/XC411996-_chunk001.wav,3.0,XC411996-  call 180422 海湾港口SHADOW_0202S12.mp3
Black-tailed_Gull,XC411996-,2,data/processed/Black-tailed_Gull/XC411996-_chunk002.wav,3.0,XC411996-  call 180422 海湾港口SHADOW_0202S12.mp3
Black-tailed_Gull,XC411996-,3,data/processed/Black-tailed_Gull/XC411996-_chunk003.wav,3.0,XC411996-  call 180422 海湾港口SHADOW_0202S12.mp3
Black-tailed_Gull,XC411996-,4,data/processed/Black-tailed_Gull/XC411996-_chunk004.wav,3.0,XC411996-  call 180422 海湾港口SHADOW_0202S12.mp3
Black-tailed_Gull,XC411996-,5,data/processed/Black-tailed_Gull/XC411996-_chunk005.wav,3.0,XC411996-  call 180422 海湾港口SHADOW_0202S12.mp3
Black-tailed_Gull,XC411996-,6,data/processed/Black-tailed_Gull/XC411996-_chunk006.wav,3.0,XC411996-  call 180422 海湾港口SHADOW_0202S12.mp3
Black-tailed_Gull,XC411996-,7,data/processed/Black-tailed_Gull/XC411996-_chunk007.wav,3.0,XC411996-  call 180422 海湾港口SHADOW_0202S12.mp3
Black-tailed_Gull,XC411996-,8,data/processed/Black-tailed_Gull/XC411996-_chunk008.wav,3.0,XC411996-  call 180422 海湾港口SHADOW_0202S12.mp3
Black-tailed_Gull,XC411996-,9,data/processed/Black-tailed_Gull/XC411996-_chunk009.wav,3.0,XC411996-  call 180422 海湾港口SHADOW_0202S12.mp3
Black-tailed_Gull,XC411996-,10,data/processed/Black-tailed_Gull/XC411996-_chunk010.wav,3.0,XC411996-  call 180422 海湾港口SHADOW_0202S12.mp3
Black-tailed_Gull,XC411996-,11,data/processed/Black-tailed_Gull/XC411996-_chunk011.wav,3.0,XC411996-  call 180422 海湾港口SHADOW_0202S12.mp3
Black-tailed_Gull,XC411996-,12,data/processed/Black-tailed_Gull/XC411996-_chunk012.wav,3.0,XC411996-  call 180422 海湾港口SHADOW_0202S12.mp3
Black-tailed_Gull,XC411996-,13,data/processed/Black-tailed_Gull/XC411996-_chunk013.wav,3.0,XC411996-  call 180422 海湾港口SHADOW_0202S12.mp3
Black-tailed_Gull,XC411996-,14,data/processed/Black-tailed_Gull/XC411996-_chunk014.wav,3.0,XC411996-  call 180422 海湾港口SHADOW_0202S12.mp3
Black-tailed_Gull,XC411996-,15,data/processed/Black-tailed_Gull/XC411996-_chunk015.wav,3.0,XC411996-  call 180422 海湾港口SHADOW_0202S12.mp3
Black-tailed_Gull,XC627390-061-005_04-adjust,0,data/processed/Black-tailed_Gull/XC627390-061-005_04-adjust_chunk000.wav,3.0,XC627390-061-005_04-adjust.mp3
Black-tailed_Gull,XC627390-061-005_04-adjust,1,data/processed/Black-tailed_Gull/XC627390-061-005_04-adjust_chunk001.wav,3.0,XC627390-061-005_04-adjust.mp3
Black-tailed_Gull,XC627390-061-005_04-adjust,2,data/processed/Black-tailed_Gull/XC627390-061-005_04-adjust_chunk002.wav,3.0,XC627390-061-005_04-adjust.mp3
Black-tailed_Gull,XC627390-061-005_04-adjust,3,data/processed/Black-tailed_Gull/XC627390-061-005_04-adjust_chunk003.wav,3.0,XC627390-061-005_04-adjust.mp3
Black-tailed_Gull,XC627390-061-005_04-adjust,4,data/processed/Black-tailed_Gull/XC627390-061-005_04-adjust_chunk004.wav,3.0,XC627390-061-005_04-adjust.mp3
Black-tailed_Gull,XC627390-061-005_04-adjust,5,data/processed/Black-tailed_Gull/XC627390-061-005_04-adjust_chunk005.wav,3.0,XC627390-061-005_04-adjust.mp3
Black-tailed_Gull,XC627390-061-005_04-adjust,6,data/processed/Black-tailed_Gull/XC627390-061-005_04-adjust_chunk006.wav,3.0,XC627390-061-005_04-adjust.mp3
Black-tailed_Gull,XC627390-061-005_04-adjust,7,data/processed/Black-tailed_Gull/XC627390-061-005_04-adjust_chunk007.wav,3.0,XC627390-061-005_04-adjust.mp3
Black-tailed_Gull,XC627390-061-005_04-adjust,8,data/processed/Black-tailed_Gull/XC627390-061-005_04-adjust_chunk008.wav,3.0,XC627390-061-005_04-adjust.mp3
Black-tailed_Gull,XC627390-061-005_04-adjust,9,data/processed/Black-tailed_Gull/XC627390-061-005_04-adjust_chunk009.wav,3.0,XC627390-061-005_04-adjust.mp3
Black-tailed_Gull,XC627390-061-005_04-adjust,10,data/processed/Black-tailed_Gull/XC627390-061-005_04-adjust_chunk010.wav,3.0,XC627390-061-005_04-adjust.mp3
Black-tailed_Gull,XC627390-061-005_04-adjust,11,data/processed/Black-tailed_Gull/XC627390-061-005_04-adjust_chunk011.wav,3.0,XC627390-061-005_04-adjust.mp3
Black-tailed_Gull,XC627390-061-005_04-adjust,12,data/processed/Black-tailed_Gull/XC627390-061-005_04-adjust_chunk012.wav,3.0,XC627390-061-005_04-adjust.mp3
Black-tailed_Gull,XC627390-061-005_04-adjust,13,data/processed/Black-tailed_Gull/XC627390-061-005_04-adjust_chunk013.wav,3.0,XC627390-061-005_04-adjust.mp3
Black-tailed_Gull,XC627390-061-005_04-adjust,14,data/processed/Black-tailed_Gull/XC627390-061-005_04-adjust_chunk014.wav,3.0,XC627390-061-005_04-adjust.mp3
Black-tailed_Gull,XC627390-061-005_04-adjust,15,data/processed/Black-tailed_Gull/XC627390-061-005_04-adjust_chunk015.wav,3.0,XC627390-061-005_04-adjust.mp3
Black-tailed_Gull,XC627390-061-005_04-adjust,16,data/processed/Black-tailed_Gull/XC627390-061-005_04-adjust_chunk016.wav,3.0,XC627390-061-005_04-adjust.mp3
Black-tailed_Gull,XC627390-061-005_04-adjust,17,data/processed/Black-tailed_Gull/XC627390-061-005_04-adjust_chunk017.wav,3.0,XC627390-061-005_04-adjust.mp3
Black-tailed_Gull,XC627390-061-005_04-adjust,18,data/processed/Black-tailed_Gull/XC627390-061-005_04-adjust_chunk018.wav,3.0,XC627390-061-005_04-adjust.mp3
Black-tailed_Gull,XC627390-061-005_04-adjust,19,data/processed/Black-tailed_Gull/XC627390-061-005_04-adjust_chunk019.wav,3.0,XC627390-061-005_04-adjust.mp3
Black-tailed_Gull,XC834388-20230907-1827-九段沙-黑尾鸥call-dr100m3,0,data/processed/Black-tailed_Gull/XC834388-20230907-1827-九段沙-黑尾鸥call-dr100m3_chunk000.wav,3.0,XC834388-20230907-1827-九段沙-黑尾鸥call-dr100m3.wav
Black-tailed_Gull,XC834388-20230907-1827-九段沙-黑尾鸥call-dr100m3,1,data/processed/Black-tailed_Gull/XC834388-20230907-1827-九段沙-黑尾鸥call-dr100m3_chunk001.wav,3.0,XC834388-20230907-1827-九段沙-黑尾鸥call-dr100m3.wav
Black-tailed_Gull,XC840767-Black-tailed-Gull黑尾鸥-call-幼鸟-call-2308260740--奉贤边滩SHADOW_3806S12---A,0,data/processed/Black-tailed_Gull/XC840767-Black-tailed-Gull黑尾鸥-call-幼鸟-call-2308260740--奉贤边滩SHADOW_3806S12---A_chunk000.wav,3.0,XC840767-Black-tailed-Gull黑尾鸥-call-幼鸟-call-2308260740--奉贤边滩SHADOW_3806S12---A.mp3
Black-tailed_Gull,XC840767-Black-tailed-Gull黑尾鸥-call-幼鸟-call-2308260740--奉贤边滩SHADOW_3806S12---A,1,data/processed/Black-tailed_Gull/XC840767-Black-tailed-Gull黑尾鸥-call-幼鸟-call-2308260740--奉贤边滩SHADOW_3806S12---A_chunk001.wav,3.0,XC840767-Black-tailed-Gull黑尾鸥-call-幼鸟-call-2308260740--奉贤边滩SHADOW_3806S12---A.mp3
Black-tailed_Gull,XC840767-Black-tailed-Gull黑尾鸥-call-幼鸟-call-2308260740--奉贤边滩SHADOW_3806S12---A,2,data/processed/Black-tailed_Gull/XC840767-Black-tailed-Gull黑尾鸥-call-幼鸟-call-2308260740--奉贤边滩SHADOW_3806S12---A_chunk002.wav,3.0,XC840767-Black-tailed-Gull黑尾鸥-call-幼鸟-call-2308260740--奉贤边滩SHADOW_3806S12---A.mp3
Black-tailed_Gull,XC840767-Black-tailed-Gull黑尾鸥-call-幼鸟-call-2308260740--奉贤边滩SHADOW_3806S12---A,3,data/processed/Black-tailed_Gull/XC840767-Black-tailed-Gull黑尾鸥-call-幼鸟-call-2308260740--奉贤边滩SHADOW_3806S12---A_chunk003.wav,3.0,XC840767-Black-tailed-Gull黑尾鸥-call-幼鸟-call-2308260740--奉贤边滩SHADOW_3806S12---A.mp3
Black-tailed_Gull,XC840767-Black-tailed-Gull黑尾鸥-call-幼鸟-call-2308260740--奉贤边滩SHADOW_3806S12---A,4,data/processed/Black-tailed_Gull/XC840767-Black-tailed-Gull黑尾鸥-call-幼鸟-call-2308260740--奉贤边滩SHADOW_3806S12---A_chunk004.wav,3.0,XC840767-Black-tailed-Gull黑尾鸥-call-幼鸟-call-2308260740--奉贤边滩SHADOW_3806S12---A.mp3
Black-tailed_Gull,XC840767-Black-tailed-Gull黑尾鸥-call-幼鸟-call-2308260740--奉贤边滩SHADOW_3806S12---A,5,data/processed/Black-tailed_Gull/XC840767-Black-tailed-Gull黑尾鸥-call-幼鸟-call-2308260740--奉贤边滩SHADOW_3806S12---A_chunk005.wav,3.0,XC840767-Black-tailed-Gull黑尾鸥-call-幼鸟-call-2308260740--奉贤边滩SHADOW_3806S12---A.mp3
Black-tailed_Gull,XC840767-Black-tailed-Gull黑尾鸥-call-幼鸟-call-2308260740--奉贤边滩SHADOW_3806S12---A,6,data/processed/Black-tailed_Gull/XC840767-Black-tailed-Gull黑尾鸥-call-幼鸟-call-2308260740--奉贤边滩SHADOW_3806S12---A_chunk006.wav,3.0,XC840767-Black-tailed-Gull黑尾鸥-call-幼鸟-call-2308260740--奉贤边滩SHADOW_3806S12---A.mp3
Black-tailed_Gull,XC840767-Black-tailed-Gull黑尾鸥-call-幼鸟-call-2308260740--奉贤边滩SHADOW_3806S12---A,7,data/processed/Black-tailed_Gull/XC840767-Black-tailed-Gull黑尾鸥-call-幼鸟-call-2308260740--奉贤边滩SHADOW_3806S12---A_chunk007.wav,3.0,XC840767-Black-tailed-Gull黑尾鸥-call-幼鸟-call-2308260740--奉贤边滩SHADOW_3806S12---A.mp3
Black-tailed_Gull,XC840767-Black-tailed-Gull黑尾鸥-call-幼鸟-call-2308260740--奉贤边滩SHADOW_3806S12---A,8,data/processed/Black-tailed_Gull/XC840767-Black-tailed-Gull黑尾鸥-call-幼鸟-call-2308260740--奉贤边滩SHADOW_3806S12---A_chunk008.wav,3.0,XC840767-Black-tailed-Gull黑尾鸥-call-幼鸟-call-2308260740--奉贤边滩SHADOW_3806S12---A.mp3
Black-tailed_Gull,XC840767-Black-tailed-Gull黑尾鸥-call-幼鸟-call-2308260740--奉贤边滩SHADOW_3806S12---A,9,data/processed/Black-tailed_Gull/XC840767-Black-tailed-Gull黑尾鸥-call-幼鸟-call-2308260740--奉贤边滩SHADOW_3806S12---A_chunk009.wav,3.0,XC840767-Black-tailed-Gull黑尾鸥-call-幼鸟-call-2308260740--奉贤边滩SHADOW_3806S12---A.mp3
Black-tailed_Gull,XC840767-Black-tailed-Gull黑尾鸥-call-幼鸟-call-2308260740--奉贤边滩SHADOW_3806S12---A,10,data/processed/Black-tailed_Gull/XC840767-Black-tailed-Gull黑尾鸥-call-幼鸟-call-2308260740--奉贤边滩SHADOW_3806S12---A_chunk010.wav,3.0,XC840767-Black-tailed-Gull黑尾鸥-call-幼鸟-call-2308260740--奉贤边滩SHADOW_3806S12---A.mp3
Black-tailed_Gull,XC840767-Black-tailed-Gull黑尾鸥-call-幼鸟-call-2308260740--奉贤边滩SHADOW_3806S12---A,11,data/processed/Black-tailed_Gull/XC840767-Black-tailed-Gull黑尾鸥-call-幼鸟-call-2308260740--奉贤边滩SHADOW_3806S12---A_chunk011.wav,3.0,XC840767-Black-tailed-Gull黑尾鸥-call-幼鸟-call-2308260740--奉贤边滩SHADOW_3806S12---A.mp3
Black-tailed_Gull,XC840767-Black-tailed-Gull黑尾鸥-call-幼鸟-call-2308260740--奉贤边滩SHADOW_3806S12---A,12,data/processed/Black-tailed_Gull/XC840767-Black-tailed-Gull黑尾鸥-call-幼鸟-call-2308260740--奉贤边滩SHADOW_3806S12---A_chunk012.wav,3.0,XC840767-Black-tailed-Gull黑尾鸥-call-幼鸟-call-2308260740--奉贤边滩SHADOW_3806S12---A.mp3
Black-tailed_Gull,XC840767-Black-tailed-Gull黑尾鸥-call-幼鸟-call-2308260740--奉贤边滩SHADOW_3806S12---A,13,data/processed/Black-tailed_Gull/XC840767-Black-tailed-Gull黑尾鸥-call-幼鸟-call-2308260740--奉贤边滩SHADOW_3806S12---A_chunk013.wav,3.0,XC840767-Black-tailed-Gull黑尾鸥-call-幼鸟-call-2308260740--奉贤边滩SHADOW_3806S12---A.mp3
Black-tailed_Gull,XC840767-Black-tailed-Gull黑尾鸥-call-幼鸟-call-2308260740--奉贤边滩SHADOW_3806S12---A,14,data/processed/Black-tailed_Gull/XC840767-Black-tailed-Gull黑尾鸥-call-幼鸟-call-2308260740--奉贤边滩SHADOW_3806S12---A_chunk014.wav,3.0,XC840767-Black-tailed-Gull黑尾鸥-call-幼鸟-call-2308260740--奉贤边滩SHADOW_3806S12---A.mp3
Black-tailed_Gull,XC840767-Black-tailed-Gull黑尾鸥-call-幼鸟-call-2308260740--奉贤边滩SHADOW_3806S12---A,15,data/processed/Black-tailed_Gull/XC840767-Black-tailed-Gull黑尾鸥-call-幼鸟-call-2308260740--奉贤边滩SHADOW_3806S12---A_chunk015.wav,3.0,XC840767-Black-tailed-Gull黑尾鸥-call-幼鸟-call-2308260740--奉贤边滩SHADOW_3806S12---A.mp3
Black-tailed_Gull,XC840767-Black-tailed-Gull黑尾鸥-call-幼鸟-call-2308260740--奉贤边滩SHADOW_3806S12---A,16,data/processed/Black-tailed_Gull/XC840767-Black-tailed-Gull黑尾鸥-call-幼鸟-call-2308260740--奉贤边滩SHADOW_3806S12---A_chunk016.wav,3.0,XC840767-Black-tailed-Gull黑尾鸥-call-幼鸟-call-2308260740--奉贤边滩SHADOW_3806S12---A.mp3
Black-tailed_Gull,XC840767-Black-tailed-Gull黑尾鸥-call-幼鸟-call-2308260740--奉贤边滩SHADOW_3806S12---A,17,data/processed/Black-tailed_Gull/XC840767-Black-tailed-Gull黑尾鸥-call-幼鸟-call-2308260740--奉贤边滩SHADOW_3806S12---A_chunk017.wav,3.0,XC840767-Black-tailed-Gull黑尾鸥-call-幼鸟-call-2308260740--奉贤边滩SHADOW_3806S12---A.mp3
Black-tailed_Gull,XC840767-Black-tailed-Gull黑尾鸥-call-幼鸟-call-2308260740--奉贤边滩SHADOW_3806S12---A,18,data/processed/Black-tailed_Gull/XC840767-Black-tailed-Gull黑尾鸥-call-幼鸟-call-2308260740--奉贤边滩SHADOW_3806S12---A_chunk018.wav,3.0,XC840767-Black-tailed-Gull黑尾鸥-call-幼鸟-call-2308260740--奉贤边滩SHADOW_3806S12---A.mp3
Black-tailed_Gull,XC840767-Black-tailed-Gull黑尾鸥-call-幼鸟-call-2308260740--奉贤边滩SHADOW_3806S12---A,19,data/processed/Black-tailed_Gull/XC840767-Black-tailed-Gull黑尾鸥-call-幼鸟-call-2308260740--奉贤边滩SHADOW_3806S12---A_chunk019.wav,3.0,XC840767-Black-tailed-Gull黑尾鸥-call-幼鸟-call-2308260740--奉贤边滩SHADOW_3806S12---A.mp3
Black-tailed_Gull,XC840767-Black-tailed-Gull黑尾鸥-call-幼鸟-call-2308260740--奉贤边滩SHADOW_3806S12---A,20,data/processed/Black-tailed_Gull/XC840767-Black-tailed-Gull黑尾鸥-call-幼鸟-call-2308260740--奉贤边滩SHADOW_3806S12---A_chunk020.wav,3.0,XC840767-Black-tailed-Gull黑尾鸥-call-幼鸟-call-2308260740--奉贤边滩SHADOW_3806S12---A.mp3
Black-tailed_Gull,XC840767-Black-tailed-Gull黑尾鸥-call-幼鸟-call-2308260740--奉贤边滩SHADOW_3806S12---A,21,data/processed/Black-tailed_Gull/XC840767-Black-tailed-Gull黑尾鸥-call-幼鸟-call-2308260740--奉贤边滩SHADOW_3806S12---A_chunk021.wav,3.0,XC840767-Black-tailed-Gull黑尾鸥-call-幼鸟-call-2308260740--奉贤边滩SHADOW_3806S12---A.mp3
Black-tailed_Gull,XC840767-Black-tailed-Gull黑尾鸥-call-幼鸟-call-2308260740--奉贤边滩SHADOW_3806S12---A,22,data/processed/Black-tailed_Gull/XC840767-Black-tailed-Gull黑尾鸥-call-幼鸟-call-2308260740--奉贤边滩SHADOW_3806S12---A_chunk022.wav,3.0,XC840767-Black-tailed-Gull黑尾鸥-call-幼鸟-call-2308260740--奉贤边滩SHADOW_3806S12---A.mp3
Black-tailed_Gull,XC840767-Black-tailed-Gull黑尾鸥-call-幼鸟-call-2308260740--奉贤边滩SHADOW_3806S12---A,23,data/processed/Black-tailed_Gull/XC840767-Black-tailed-Gull黑尾鸥-call-幼鸟-call-2308260740--奉贤边滩SHADOW_3806S12---A_chunk023.wav,3.0,XC840767-Black-tailed-Gull黑尾鸥-call-幼鸟-call-2308260740--奉贤边滩SHADOW_3806S12---A.mp3
Black-tailed_Gull,XC840767-Black-tailed-Gull黑尾鸥-call-幼鸟-call-2308260740--奉贤边滩SHADOW_3806S12---A,24,data/processed/Black-tailed_Gull/XC840767-Black-tailed-Gull黑尾鸥-call-幼鸟-call-2308260740--奉贤边滩SHADOW_3806S12---A_chunk024.wav,3.0,XC840767-Black-tailed-Gull黑尾鸥-call-幼鸟-call-2308260740--奉贤边滩SHADOW_3806S12---A.mp3
Black-tailed_Gull,XC840767-Black-tailed-Gull黑尾鸥-call-幼鸟-call-2308260740--奉贤边滩SHADOW_3806S12---A,25,data/processed/Black-tailed_Gull/XC840767-Black-tailed-Gull黑尾鸥-call-幼鸟-call-2308260740--奉贤边滩SHADOW_3806S12---A_chunk025.wav,3.0,XC840767-Black-tailed-Gull黑尾鸥-call-幼鸟-call-2308260740--奉贤边滩SHADOW_3806S12---A.mp3
Black-tailed_Gull,XC840767-Black-tailed-Gull黑尾鸥-call-幼鸟-call-2308260740--奉贤边滩SHADOW_3806S12---A,26,data/processed/Black-tailed_Gull/XC840767-Black-tailed-Gull黑尾鸥-call-幼鸟-call-2308260740--奉贤边滩SHADOW_3806S12---A_chunk026.wav,3.0,XC840767-Black-tailed-Gull黑尾鸥-call-幼鸟-call-2308260740--奉贤边滩SHADOW_3806S12---A.mp3
Black-tailed_Gull,XC840767-Black-tailed-Gull黑尾鸥-call-幼鸟-call-2308260740--奉贤边滩SHADOW_3806S12---A,27,data/processed/Black-tailed_Gull/XC840767-Black-tailed-Gull黑尾鸥-call-幼鸟-call-2308260740--奉贤边滩SHADOW_3806S12---A_chunk027.wav,3.0,XC840767-Black-tailed-Gull黑尾鸥-call-幼鸟-call-2308260740--奉贤边滩SHADOW_3806S12---A.mp3
Black-tailed_Gull,XC840767-Black-tailed-Gull黑尾鸥-call-幼鸟-call-2308260740--奉贤边滩SHADOW_3806S12---A,28,data/processed/Black-tailed_Gull/XC840767-Black-tailed-Gull黑尾鸥-call-幼鸟-call-2308260740--奉贤边滩SHADOW_3806S12---A_chunk028.wav,3.0,XC840767-Black-tailed-Gull黑尾鸥-call-幼鸟-call-2308260740--奉贤边滩SHADOW_3806S12---A.mp3
Black-tailed_Gull,XC840767-Black-tailed-Gull黑尾鸥-call-幼鸟-call-2308260740--奉贤边滩SHADOW_3806S12---A,29,data/processed/Black-tailed_Gull/XC840767-Black-tailed-Gull黑尾鸥-call-幼鸟-call-2308260740--奉贤边滩SHADOW_3806S12---A_chunk029.wav,3.0,XC840767-Black-tailed-Gull黑尾鸥-call-幼鸟-call-2308260740--奉贤边滩SHADOW_3806S12---A.mp3
Black-tailed_Gull,XC840767-Black-tailed-Gull黑尾鸥-call-幼鸟-call-2308260740--奉贤边滩SHADOW_3806S12---A,30,data/processed/Black-tailed_Gull/XC840767-Black-tailed-Gull黑尾鸥-call-幼鸟-call-2308260740--奉贤边滩SHADOW_3806S12---A_chunk030.wav,3.0,XC840767-Black-tailed-Gull黑尾鸥-call-幼鸟-call-2308260740--奉贤边滩SHADOW_3806S12---A.mp3
Black-tailed_Gull,XC840767-Black-tailed-Gull黑尾鸥-call-幼鸟-call-2308260740--奉贤边滩SHADOW_3806S12---A,31,data/processed/Black-tailed_Gull/XC840767-Black-tailed-Gull黑尾鸥-call-幼鸟-call-2308260740--奉贤边滩SHADOW_3806S12---A_chunk031.wav,3.0,XC840767-Black-tailed-Gull黑尾鸥-call-幼鸟-call-2308260740--奉贤边滩SHADOW_3806S12---A.mp3
Black-tailed_Gull,XC840767-Black-tailed-Gull黑尾鸥-call-幼鸟-call-2308260740--奉贤边滩SHADOW_3806S12---A,32,data/processed/Black-tailed_Gull/XC840767-Black-tailed-Gull黑尾鸥-call-幼鸟-call-2308260740--奉贤边滩SHADOW_3806S12---A_chunk032.wav,3.0,XC840767-Black-tailed-Gull黑尾鸥-call-幼鸟-call-2308260740--奉贤边滩SHADOW_3806S12---A.mp3
Black-tailed_Gull,XC840768-Black-tailed-Gull黑尾鸥-call-幼鸟-call-2308260747--奉贤边滩SHADOW_3807S12---A,0,data/processed/Black-tailed_Gull/XC840768-Black-tailed-Gull黑尾鸥-call-幼鸟-call-2308260747--奉贤边滩SHADOW_3807S12---A_chunk000.wav,3.0,XC840768-Black-tailed-Gull黑尾鸥-call-幼鸟-call-2308260747--奉贤边滩SHADOW_3807S12---A.mp3
Black-tailed_Gull,XC840768-Black-tailed-Gull黑尾鸥-call-幼鸟-call-2308260747--奉贤边滩SHADOW_3807S12---A,1,data/processed/Black-tailed_Gull/XC840768-Black-tailed-Gull黑尾鸥-call-幼鸟-call-2308260747--奉贤边滩SHADOW_3807S12---A_chunk001.wav,3.0,XC840768-Black-tailed-Gull黑尾鸥-call-幼鸟-call-2308260747--奉贤边滩SHADOW_3807S12---A.mp3
Black-tailed_Gull,XC840768-Black-tailed-Gull黑尾鸥-call-幼鸟-call-2308260747--奉贤边滩SHADOW_3807S12---A,2,data/processed/Black-tailed_Gull/XC840768-Black-tailed-Gull黑尾鸥-call-幼鸟-call-2308260747--奉贤边滩SHADOW_3807S12---A_chunk002.wav,3.0,XC840768-Black-tailed-Gull黑尾鸥-call-幼鸟-call-2308260747--奉贤边滩SHADOW_3807S12---A.mp3
Black-tailed_Gull,XC840768-Black-tailed-Gull黑尾鸥-call-幼鸟-call-2308260747--奉贤边滩SHADOW_3807S12---A,3,data/processed/Black-tailed_Gull/XC840768-Black-tailed-Gull黑尾鸥-call-幼鸟-call-2308260747--奉贤边滩SHADOW_3807S12---A_chunk003.wav,3.0,XC840768-Black-tailed-Gull黑尾鸥-call-幼鸟-call-2308260747--奉贤边滩SHADOW_3807S12---A.mp3
Black-tailed_Gull,XC840768-Black-tailed-Gull黑尾鸥-call-幼鸟-call-2308260747--奉贤边滩SHADOW_3807S12---A,4,data/processed/Black-tailed_Gull/XC840768-Black-tailed-Gull黑尾鸥-call-幼鸟-call-2308260747--奉贤边滩SHADOW_3807S12---A_chunk004.wav,3.0,XC840768-Black-tailed-Gull黑尾鸥-call-幼鸟-call-2308260747--奉贤边滩SHADOW_3807S12---A.mp3
Black-tailed_Gull,XC840768-Black-tailed-Gull黑尾鸥-call-幼鸟-call-2308260747--奉贤边滩SHADOW_3807S12---A,5,data/processed/Black-tailed_Gull/XC840768-Black-tailed-Gull黑尾鸥-call-幼鸟-call-2308260747--奉贤边滩SHADOW_3807S12---A_chunk005.wav,3.0,XC840768-Black-tailed-Gull黑尾鸥-call-幼鸟-call-2308260747--奉贤边滩SHADOW_3807S12---A.mp3
Black-tailed_Gull,XC840768-Black-tailed-Gull黑尾鸥-call-幼鸟-call-2308260747--奉贤边滩SHADOW_3807S12---A,6,data/processed/Black-tailed_Gull/XC840768-Black-tailed-Gull黑尾鸥-call-幼鸟-call-2308260747--奉贤边滩SHADOW_3807S12---A_chunk006.wav,3.0,XC840768-Black-tailed-Gull黑尾鸥-call-幼鸟-call-2308260747--奉贤边滩SHADOW_3807S12---A.mp3
Black-tailed_Gull,XC840768-Black-tailed-Gull黑尾鸥-call-幼鸟-call-2308260747--奉贤边滩SHADOW_3807S12---A,7,data/processed/Black-tailed_Gull/XC840768-Black-tailed-Gull黑尾鸥-call-幼鸟-call-2308260747--奉贤边滩SHADOW_3807S12---A_chunk007.wav,3.0,XC840768-Black-tailed-Gull黑尾鸥-call-幼鸟-call-2308260747--奉贤边滩SHADOW_3807S12---A.mp3
Black-tailed_Gull,XC840768-Black-tailed-Gull黑尾鸥-call-幼鸟-call-2308260747--奉贤边滩SHADOW_3807S12---A,8,data/processed/Black-tailed_Gull/XC840768-Black-tailed-Gull黑尾鸥-call-幼鸟-call-2308260747--奉贤边滩SHADOW_3807S12---A_chunk008.wav,3.0,XC840768-Black-tailed-Gull黑尾鸥-call-幼鸟-call-2308260747--奉贤边滩SHADOW_3807S12---A.mp3
Black-tailed_Gull,XC840768-Black-tailed-Gull黑尾鸥-call-幼鸟-call-2308260747--奉贤边滩SHADOW_3807S12---A,9,data/processed/Black-tailed_Gull/XC840768-Black-tailed-Gull黑尾鸥-call-幼鸟-call-2308260747--奉贤边滩SHADOW_3807S12---A_chunk009.wav,3.0,XC840768-Black-tailed-Gull黑尾鸥-call-幼鸟-call-2308260747--奉贤边滩SHADOW_3807S12---A.mp3
Black-tailed_Gull,XC840768-Black-tailed-Gull黑尾鸥-call-幼鸟-call-2308260747--奉贤边滩SHADOW_3807S12---A,10,data/processed/Black-tailed_Gull/XC840768-Black-tailed-Gull黑尾鸥-call-幼鸟-call-2308260747--奉贤边滩SHADOW_3807S12---A_chunk010.wav,3.0,XC840768-Black-tailed-Gull黑尾鸥-call-幼鸟-call-2308260747--奉贤边滩SHADOW_3807S12---A.mp3
Black-tailed_Gull,XC840768-Black-tailed-Gull黑尾鸥-call-幼鸟-call-2308260747--奉贤边滩SHADOW_3807S12---A,11,data/processed/Black-tailed_Gull/XC840768-Black-tailed-Gull黑尾鸥-call-幼鸟-call-2308260747--奉贤边滩SHADOW_3807S12---A_chunk011.wav,3.0,XC840768-Black-tailed-Gull黑尾鸥-call-幼鸟-call-2308260747--奉贤边滩SHADOW_3807S12---A.mp3
Black-tailed_Gull,XC840768-Black-tailed-Gull黑尾鸥-call-幼鸟-call-2308260747--奉贤边滩SHADOW_3807S12---A,12,data/processed/Black-tailed_Gull/XC840768-Black-tailed-Gull黑尾鸥-call-幼鸟-call-2308260747--奉贤边滩SHADOW_3807S12---A_chunk012.wav,3.0,XC840768-Black-tailed-Gull黑尾鸥-call-幼鸟-call-2308260747--奉贤边滩SHADOW_3807S12---A.mp3
Black-tailed_Gull,XC840768-Black-tailed-Gull黑尾鸥-call-幼鸟-call-2308260747--奉贤边滩SHADOW_3807S12---A,13,data/processed/Black-tailed_Gull/XC840768-Black-tailed-Gull黑尾鸥-call-幼鸟-call-2308260747--奉贤边滩SHADOW_3807S12---A_chunk013.wav,3.0,XC840768-Black-tailed-Gull黑尾鸥-call-幼鸟-call-2308260747--奉贤边滩SHADOW_3807S12---A.mp3
Black-tailed_Gull,XC840768-Black-tailed-Gull黑尾鸥-call-幼鸟-call-2308260747--奉贤边滩SHADOW_3807S12---A,14,data/processed/Black-tailed_Gull/XC840768-Black-tailed-Gull黑尾鸥-call-幼鸟-call-2308260747--奉贤边滩SHADOW_3807S12---A_chunk014.wav,3.0,XC840768-Black-tailed-Gull黑尾鸥-call-幼鸟-call-2308260747--奉贤边滩SHADOW_3807S12---A.mp3
Black-tailed_Gull,XC840768-Black-tailed-Gull黑尾鸥-call-幼鸟-call-2308260747--奉贤边滩SHADOW_3807S12---A,15,data/processed/Black-tailed_Gull/XC840768-Black-tailed-Gull黑尾鸥-call-幼鸟-call-2308260747--奉贤边滩SHADOW_3807S12---A_chunk015.wav,3.0,XC840768-Black-tailed-Gull黑尾鸥-call-幼鸟-call-2308260747--奉贤边滩SHADOW_3807S12---A.mp3
Black-tailed_Gull,XC840768-Black-tailed-Gull黑尾鸥-call-幼鸟-call-2308260747--奉贤边滩SHADOW_3807S12---A,16,data/processed/Black-tailed_Gull/XC840768-Black-tailed-Gull黑尾鸥-call-幼鸟-call-2308260747--奉贤边滩SHADOW_3807S12---A_chunk016.wav,3.0,XC840768-Black-tailed-Gull黑尾鸥-call-幼鸟-call-2308260747--奉贤边滩SHADOW_3807S12---A.mp3
Black-tailed_Gull,XC840768-Black-tailed-Gull黑尾鸥-call-幼鸟-call-2308260747--奉贤边滩SHADOW_3807S12---A,17,data/processed/Black-tailed_Gull/XC840768-Black-tailed-Gull黑尾鸥-call-幼鸟-call-2308260747--奉贤边滩SHADOW_3807S12---A_chunk017.wav,3.0,XC840768-Black-tailed-Gull黑尾鸥-call-幼鸟-call-2308260747--奉贤边滩SHADOW_3807S12---A.mp3
Black-tailed_Gull,XC840768-Black-tailed-Gull黑尾鸥-call-幼鸟-call-2308260747--奉贤边滩SHADOW_3807S12---A,18,data/processed/Black-tailed_Gull/XC840768-Black-tailed-Gull黑尾鸥-call-幼鸟-call-2308260747--奉贤边滩SHADOW_3807S12---A_chunk018.wav,3.0,XC840768-Black-tailed-Gull黑尾鸥-call-幼鸟-call-2308260747--奉贤边滩SHADOW_3807S12---A.mp3
Black-tailed_Gull,XC840768-Black-tailed-Gull黑尾鸥-call-幼鸟-call-2308260747--奉贤边滩SHADOW_3807S12---A,19,data/processed/Black-tailed_Gull/XC840768-Black-tailed-Gull黑尾鸥-call-幼鸟-call-2308260747--奉贤边滩SHADOW_3807S12---A_chunk019.wav,3.0,XC840768-Black-tailed-Gull黑尾鸥-call-幼鸟-call-2308260747--奉贤边滩SHADOW_3807S12---A.mp3
Black-tailed_Gull,XC840768-Black-tailed-Gull黑尾鸥-call-幼鸟-call-2308260747--奉贤边滩SHADOW_3807S12---A,20,data/processed/Black-tailed_Gull/XC840768-Black-tailed-Gull黑尾鸥-call-幼鸟-call-2308260747--奉贤边滩SHADOW_3807S12---A_chunk020.wav,3.0,XC840768-Black-tailed-Gull黑尾鸥-call-幼鸟-call-2308260747--奉贤边滩SHADOW_3807S12---A.mp3
Black-tailed_Gull,XC840768-Black-tailed-Gull黑尾鸥-call-幼鸟-call-2308260747--奉贤边滩SHADOW_3807S12---A,21,data/processed/Black-tailed_Gull/XC840768-Black-tailed-Gull黑尾鸥-call-幼鸟-call-2308260747--奉贤边滩SHADOW_3807S12---A_chunk021.wav,3.0,XC840768-Black-tailed-Gull黑尾鸥-call-幼鸟-call-2308260747--奉贤边滩SHADOW_3807S12---A.mp3
Black-tailed_Gull,XC840768-Black-tailed-Gull黑尾鸥-call-幼鸟-call-2308260747--奉贤边滩SHADOW_3807S12---A,22,data/processed/Black-tailed_Gull/XC840768-Black-tailed-Gull黑尾鸥-call-幼鸟-call-2308260747--奉贤边滩SHADOW_3807S12---A_chunk022.wav,3.0,XC840768-Black-tailed-Gull黑尾鸥-call-幼鸟-call-2308260747--奉贤边滩SHADOW_3807S12---A.mp3
Black-tailed_Gull,XC840768-Black-tailed-Gull黑尾鸥-call-幼鸟-call-2308260747--奉贤边滩SHADOW_3807S12---A,23,data/processed/Black-tailed_Gull/XC840768-Black-tailed-Gull黑尾鸥-call-幼鸟-call-2308260747--奉贤边滩SHADOW_3807S12---A_chunk023.wav,3.0,XC840768-Black-tailed-Gull黑尾鸥-call-幼鸟-call-2308260747--奉贤边滩SHADOW_3807S12---A.mp3
Black-tailed_Gull,XC840768-Black-tailed-Gull黑尾鸥-call-幼鸟-call-2308260747--奉贤边滩SHADOW_3807S12---A,24,data/processed/Black-tailed_Gull/XC840768-Black-tailed-Gull黑尾鸥-call-幼鸟-call-2308260747--奉贤边滩SHADOW_3807S12---A_chunk024.wav,3.0,XC840768-Black-tailed-Gull黑尾鸥-call-幼鸟-call-2308260747--奉贤边滩SHADOW_3807S12---A.mp3
Black-tailed_Gull,XC840768-Black-tailed-Gull黑尾鸥-call-幼鸟-call-2308260747--奉贤边滩SHADOW_3807S12---A,25,data/processed/Black-tailed_Gull/XC840768-Black-tailed-Gull黑尾鸥-call-幼鸟-call-2308260747--奉贤边滩SHADOW_3807S12---A_chunk025.wav,3.0,XC840768-Black-tailed-Gull黑尾鸥-call-幼鸟-call-2308260747--奉贤边滩SHADOW_3807S12---A.mp3
Black-tailed_Gull,XC840768-Black-tailed-Gull黑尾鸥-call-幼鸟-call-2308260747--奉贤边滩SHADOW_3807S12---A,26,data/processed/Black-tailed_Gull/XC840768-Black-tailed-Gull黑尾鸥-call-幼鸟-call-2308260747--奉贤边滩SHADOW_3807S12---A_chunk026.wav,3.0,XC840768-Black-tailed-Gull黑尾鸥-call-幼鸟-call-2308260747--奉贤边滩SHADOW_3807S12---A.mp3
Black-tailed_Gull,XC840768-Black-tailed-Gull黑尾鸥-call-幼鸟-call-2308260747--奉贤边滩SHADOW_3807S12---A,27,data/processed/Black-tailed_Gull/XC840768-Black-tailed-Gull黑尾鸥-call-幼鸟-call-2308260747--奉贤边滩SHADOW_3807S12---A_chunk027.wav,3.0,XC840768-Black-tailed-Gull黑尾鸥-call-幼鸟-call-2308260747--奉贤边滩SHADOW_3807S12---A.mp3
Black-tailed_Gull,XC840768-Black-tailed-Gull黑尾鸥-call-幼鸟-call-2308260747--奉贤边滩SHADOW_3807S12---A,28,data/processed/Black-tailed_Gull/XC840768-Black-tailed-Gull黑尾鸥-call-幼鸟-call-2308260747--奉贤边滩SHADOW_3807S12---A_chunk028.wav,3.0,XC840768-Black-tailed-Gull黑尾鸥-call-幼鸟-call-2308260747--奉贤边滩SHADOW_3807S12---A.mp3
Black-tailed_Gull,XC840768-Black-tailed-Gull黑尾鸥-call-幼鸟-call-2308260747--奉贤边滩SHADOW_3807S12---A,29,data/processed/Black-tailed_Gull/XC840768-Black-tailed-Gull黑尾鸥-call-幼鸟-call-2308260747--奉贤边滩SHADOW_3807S12---A_chunk029.wav,3.0,XC840768-Black-tailed-Gull黑尾鸥-call-幼鸟-call-2308260747--奉贤边滩SHADOW_3807S12---A.mp3
Black-tailed_Gull,XC840768-Black-tailed-Gull黑尾鸥-call-幼鸟-call-2308260747--奉贤边滩SHADOW_3807S12---A,30,data/processed/Black-tailed_Gull/XC840768-Black-tailed-Gull黑尾鸥-call-幼鸟-call-2308260747--奉贤边滩SHADOW_3807S12---A_chunk030.wav,3.0,XC840768-Black-tailed-Gull黑尾鸥-call-幼鸟-call-2308260747--奉贤边滩SHADOW_3807S12---A.mp3
Black-tailed_Gull,XC840768-Black-tailed-Gull黑尾鸥-call-幼鸟-call-2308260747--奉贤边滩SHADOW_3807S12---A,31,data/processed/Black-tailed_Gull/XC840768-Black-tailed-Gull黑尾鸥-call-幼鸟-call-2308260747--奉贤边滩SHADOW_3807S12---A_chunk031.wav,3.0,XC840768-Black-tailed-Gull黑尾鸥-call-幼鸟-call-2308260747--奉贤边滩SHADOW_3807S12---A.mp3
Black-tailed_Gull,XC840768-Black-tailed-Gull黑尾鸥-call-幼鸟-call-2308260747--奉贤边滩SHADOW_3807S12---A,32,data/processed/Black-tailed_Gull/XC840768-Black-tailed-Gull黑尾鸥-call-幼鸟-call-2308260747--奉贤边滩SHADOW_3807S12---A_chunk032.wav,3.0,XC840768-Black-tailed-Gull黑尾鸥-call-幼鸟-call-2308260747--奉贤边滩SHADOW_3807S12---A.mp3
Black-tailed_Gull,XC840768-Black-tailed-Gull黑尾鸥-call-幼鸟-call-2308260747--奉贤边滩SHADOW_3807S12---A,33,data/processed/Black-tailed_Gull/XC840768-Black-tailed-Gull黑尾鸥-call-幼鸟-call-2308260747--奉贤边滩SHADOW_3807S12---A_chunk033.wav,3.0,XC840768-Black-tailed-Gull黑尾鸥-call-幼鸟-call-2308260747--奉贤边滩SHADOW_3807S12---A.mp3
Black-tailed_Gull,XC840768-Black-tailed-Gull黑尾鸥-call-幼鸟-call-2308260747--奉贤边滩SHADOW_3807S12---A,34,data/processed/Black-tailed_Gull/XC840768-Black-tailed-Gull黑尾鸥-call-幼鸟-call-2308260747--奉贤边滩SHADOW_3807S12---A_chunk034.wav,3.0,XC840768-Black-tailed-Gull黑尾鸥-call-幼鸟-call-2308260747--奉贤边滩SHADOW_3807S12---A.mp3
Black-tailed_Gull,XC840768-Black-tailed-Gull黑尾鸥-call-幼鸟-call-2308260747--奉贤边滩SHADOW_3807S12---A,35,data/processed/Black-tailed_Gull/XC840768-Black-tailed-Gull黑尾鸥-call-幼鸟-call-2308260747--奉贤边滩SHADOW_3807S12---A_chunk035.wav,3.0,XC840768-Black-tailed-Gull黑尾鸥-call-幼鸟-call-2308260747--奉贤边滩SHADOW_3807S12---A.mp3
Black-tailed_Gull,XC840768-Black-tailed-Gull黑尾鸥-call-幼鸟-call-2308260747--奉贤边滩SHADOW_3807S12---A,36,data/processed/Black-tailed_Gull/XC840768-Black-tailed-Gull黑尾鸥-call-幼鸟-call-2308260747--奉贤边滩SHADOW_3807S12---A_chunk036.wav,3.0,XC840768-Black-tailed-Gull黑尾鸥-call-幼鸟-call-2308260747--奉贤边滩SHADOW_3807S12---A.mp3
Black-tailed_Gull,XC840768-Black-tailed-Gull黑尾鸥-call-幼鸟-call-2308260747--奉贤边滩SHADOW_3807S12---A,37,data/processed/Black-tailed_Gull/XC840768-Black-tailed-Gull黑尾鸥-call-幼鸟-call-2308260747--奉贤边滩SHADOW_3807S12---A_chunk037.wav,3.0,XC840768-Black-tailed-Gull黑尾鸥-call-幼鸟-call-2308260747--奉贤边滩SHADOW_3807S12---A.mp3
Black-tailed_Gull,XC840768-Black-tailed-Gull黑尾鸥-call-幼鸟-call-2308260747--奉贤边滩SHADOW_3807S12---A,38,data/processed/Black-tailed_Gull/XC840768-Black-tailed-Gull黑尾鸥-call-幼鸟-call-2308260747--奉贤边滩SHADOW_3807S12---A_chunk038.wav,3.0,XC840768-Black-tailed-Gull黑尾鸥-call-幼鸟-call-2308260747--奉贤边滩SHADOW_3807S12---A.mp3
Black-tailed_Gull,XC840768-Black-tailed-Gull黑尾鸥-call-幼鸟-call-2308260747--奉贤边滩SHADOW_3807S12---A,39,data/processed/Black-tailed_Gull/XC840768-Black-tailed-Gull黑尾鸥-call-幼鸟-call-2308260747--奉贤边滩SHADOW_3807S12---A_chunk039.wav,3.0,XC840768-Black-tailed-Gull黑尾鸥-call-幼鸟-call-2308260747--奉贤边滩SHADOW_3807S12---A.mp3
Black-tailed_Gull,XC840768-Black-tailed-Gull黑尾鸥-call-幼鸟-call-2308260747--奉贤边滩SHADOW_3807S12---A,40,data/processed/Black-tailed_Gull/XC840768-Black-tailed-Gull黑尾鸥-call-幼鸟-call-2308260747--奉贤边滩SHADOW_3807S12---A_chunk040.wav,3.0,XC840768-Black-tailed-Gull黑尾鸥-call-幼鸟-call-2308260747--奉贤边滩SHADOW_3807S12---A.mp3
Black-tailed_Gull,XC840768-Black-tailed-Gull黑尾鸥-call-幼鸟-call-2308260747--奉贤边滩SHADOW_3807S12---A,41,data/processed/Black-tailed_Gull/XC840768-Black-tailed-Gull黑尾鸥-call-幼鸟-call-2308260747--奉贤边滩SHADOW_3807S12---A_chunk041.wav,3.0,XC840768-Black-tailed-Gull黑尾鸥-call-幼鸟-call-2308260747--奉贤边滩SHADOW_3807S12---A.mp3
Black-tailed_Gull,XC840768-Black-tailed-Gull黑尾鸥-call-幼鸟-call-2308260747--奉贤边滩SHADOW_3807S12---A,42,data/processed/Black-tailed_Gull/XC840768-Black-tailed-Gull黑尾鸥-call-幼鸟-call-2308260747--奉贤边滩SHADOW_3807S12---A_chunk042.wav,3.0,XC840768-Black-tailed-Gull黑尾鸥-call-幼鸟-call-2308260747--奉贤边滩SHADOW_3807S12---A.mp3
Black-tailed_Gull,XC840768-Black-tailed-Gull黑尾鸥-call-幼鸟-call-2308260747--奉贤边滩SHADOW_3807S12---A,43,data/processed/Black-tailed_Gull/XC840768-Black-tailed-Gull黑尾鸥-call-幼鸟-call-2308260747--奉贤边滩SHADOW_3807S12---A_chunk043.wav,3.0,XC840768-Black-tailed-Gull黑尾鸥-call-幼鸟-call-2308260747--奉贤边滩SHADOW_3807S12---A.mp3
Black-tailed_Gull,XC840768-Black-tailed-Gull黑尾鸥-call-幼鸟-call-2308260747--奉贤边滩SHADOW_3807S12---A,44,data/processed/Black-tailed_Gull/XC840768-Black-tailed-Gull黑尾鸥-call-幼鸟-call-2308260747--奉贤边滩SHADOW_3807S12---A_chunk044.wav,3.0,XC840768-Black-tailed-Gull黑尾鸥-call-幼鸟-call-2308260747--奉贤边滩SHADOW_3807S12---A.mp3
Black-tailed_Gull,XC840768-Black-tailed-Gull黑尾鸥-call-幼鸟-call-2308260747--奉贤边滩SHADOW_3807S12---A,45,data/processed/Black-tailed_Gull/XC840768-Black-tailed-Gull黑尾鸥-call-幼鸟-call-2308260747--奉贤边滩SHADOW_3807S12---A_chunk045.wav,3.0,XC840768-Black-tailed-Gull黑尾鸥-call-幼鸟-call-2308260747--奉贤边滩SHADOW_3807S12---A.mp3
Black-tailed_Gull,XC840768-Black-tailed-Gull黑尾鸥-call-幼鸟-call-2308260747--奉贤边滩SHADOW_3807S12---A,46,data/processed/Black-tailed_Gull/XC840768-Black-tailed-Gull黑尾鸥-call-幼鸟-call-2308260747--奉贤边滩SHADOW_3807S12---A_chunk046.wav,3.0,XC840768-Black-tailed-Gull黑尾鸥-call-幼鸟-call-2308260747--奉贤边滩SHADOW_3807S12---A.mp3
Black-tailed_Gull,XC840768-Black-tailed-Gull黑尾鸥-call-幼鸟-call-2308260747--奉贤边滩SHADOW_3807S12---A,47,data/processed/Black-tailed_Gull/XC840768-Black-tailed-Gull黑尾鸥-call-幼鸟-call-2308260747--奉贤边滩SHADOW_3807S12---A_chunk047.wav,3.0,XC840768-Black-tailed-Gull黑尾鸥-call-幼鸟-call-2308260747--奉贤边滩SHADOW_3807S12---A.mp3
Black-tailed_Gull,XC840768-Black-tailed-Gull黑尾鸥-call-幼鸟-call-2308260747--奉贤边滩SHADOW_3807S12---A,48,data/processed/Black-tailed_Gull/XC840768-Black-tailed-Gull黑尾鸥-call-幼鸟-call-2308260747--奉贤边滩SHADOW_3807S12---A_chunk048.wav,3.0,XC840768-Black-tailed-Gull黑尾鸥-call-幼鸟-call-2308260747--奉贤边滩SHADOW_3807S12---A.mp3
Black-tailed_Gull,XC840768-Black-tailed-Gull黑尾鸥-call-幼鸟-call-2308260747--奉贤边滩SHADOW_3807S12---A,49,data/processed/Black-tailed_Gull/XC840768-Black-tailed-Gull黑尾鸥-call-幼鸟-call-2308260747--奉贤边滩SHADOW_3807S12---A_chunk049.wav,3.0,XC840768-Black-tailed-Gull黑尾鸥-call-幼鸟-call-2308260747--奉贤边滩SHADOW_3807S12---A.mp3
Black-tailed_Gull,XC840768-Black-tailed-Gull黑尾鸥-call-幼鸟-call-2308260747--奉贤边滩SHADOW_3807S12---A,50,data/processed/Black-tailed_Gull/XC840768-Black-tailed-Gull黑尾鸥-call-幼鸟-call-2308260747--奉贤边滩SHADOW_3807S12---A_chunk050.wav,3.0,XC840768-Black-tailed-Gull黑尾鸥-call-幼鸟-call-2308260747--奉贤边滩SHADOW_3807S12---A.mp3
Black-tailed_Gull,XC840768-Black-tailed-Gull黑尾鸥-call-幼鸟-call-2308260747--奉贤边滩SHADOW_3807S12---A,51,data/processed/Black-tailed_Gull/XC840768-Black-tailed-Gull黑尾鸥-call-幼鸟-call-2308260747--奉贤边滩SHADOW_3807S12---A_chunk051.wav,3.0,XC840768-Black-tailed-Gull黑尾鸥-call-幼鸟-call-2308260747--奉贤边滩SHADOW_3807S12---A.mp3
Black-tailed_Gull,XC840768-Black-tailed-Gull黑尾鸥-call-幼鸟-call-2308260747--奉贤边滩SHADOW_3807S12---A,52,data/processed/Black-tailed_Gull/XC840768-Black-tailed-Gull黑尾鸥-call-幼鸟-call-2308260747--奉贤边滩SHADOW_3807S12---A_chunk052.wav,3.0,XC840768-Black-tailed-Gull黑尾鸥-call-幼鸟-call-2308260747--奉贤边滩SHADOW_3807S12---A.mp3
Black-tailed_Gull,XC840768-Black-tailed-Gull黑尾鸥-call-幼鸟-call-2308260747--奉贤边滩SHADOW_3807S12---A,53,data/processed/Black-tailed_Gull/XC840768-Black-tailed-Gull黑尾鸥-call-幼鸟-call-2308260747--奉贤边滩SHADOW_3807S12---A_chunk053.wav,3.0,XC840768-Black-tailed-Gull黑尾鸥-call-幼鸟-call-2308260747--奉贤边滩SHADOW_3807S12---A.mp3
Black-tailed_Gull,XC840768-Black-tailed-Gull黑尾鸥-call-幼鸟-call-2308260747--奉贤边滩SHADOW_3807S12---A,54,data/processed/Black-tailed_Gull/XC840768-Black-tailed-Gull黑尾鸥-call-幼鸟-call-2308260747--奉贤边滩SHADOW_3807S12---A_chunk054.wav,3.0,XC840768-Black-tailed-Gull黑尾鸥-call-幼鸟-call-2308260747--奉贤边滩SHADOW_3807S12---A.mp3
Black-tailed_Gull,XC892290-黑尾鸥call-温州北麂岛,0,data/processed/Black-tailed_Gull/XC892290-黑尾鸥call-温州北麂岛_chunk000.wav,3.0,XC892290-黑尾鸥call-温州北麂岛.mp3
Black-tailed_Gull,XC892290-黑尾鸥call-温州北麂岛,1,data/processed/Black-tailed_Gull/XC892290-黑尾鸥call-温州北麂岛_chunk001.wav,3.0,XC892290-黑尾鸥call-温州北麂岛.mp3
Black-tailed_Gull,XC892290-黑尾鸥call-温州北麂岛,2,data/processed/Black-tailed_Gull/XC892290-黑尾鸥call-温州北麂岛_chunk002.wav,3.0,XC892290-黑尾鸥call-温州北麂岛.mp3
Black-tailed_Gull,XC892290-黑尾鸥call-温州北麂岛,3,data/processed/Black-tailed_Gull/XC892290-黑尾鸥call-温州北麂岛_chunk003.wav,3.0,XC892290-黑尾鸥call-温州北麂岛.mp3
Black-tailed_Gull,XC892290-黑尾鸥call-温州北麂岛,4,data/processed/Black-tailed_Gull/XC892290-黑尾鸥call-温州北麂岛_chunk004.wav,3.0,XC892290-黑尾鸥call-温州北麂岛.mp3
Black-tailed_Gull,XC892290-黑尾鸥call-温州北麂岛,5,data/processed/Black-tailed_Gull/XC892290-黑尾鸥call-温州北麂岛_chunk005.wav,3.0,XC892290-黑尾鸥call-温州北麂岛.mp3
Black-tailed_Gull,XC892290-黑尾鸥call-温州北麂岛,6,data/processed/Black-tailed_Gull/XC892290-黑尾鸥call-温州北麂岛_chunk006.wav,3.0,XC892290-黑尾鸥call-温州北麂岛.mp3
Black-tailed_Gull,XC892290-黑尾鸥call-温州北麂岛,7,data/processed/Black-tailed_Gull/XC892290-黑尾鸥call-温州北麂岛_chunk007.wav,3.0,XC892290-黑尾鸥call-温州北麂岛.mp3
Black-tailed_Gull,XC892290-黑尾鸥call-温州北麂岛,8,data/processed/Black-tailed_Gull/XC892290-黑尾鸥call-温州北麂岛_chunk008.wav,3.0,XC892290-黑尾鸥call-温州北麂岛.mp3
Black-tailed_Gull,XC892290-黑尾鸥call-温州北麂岛,9,data/processed/Black-tailed_Gull/XC892290-黑尾鸥call-温州北麂岛_chunk009.wav,3.0,XC892290-黑尾鸥call-温州北麂岛.mp3
Black-tailed_Gull,XC903942-RHINOCEROS-AUKLET-240504_0844,0,data/processed/Black-tailed_Gull/XC903942-RHINOCEROS-AUKLET-240504_0844_chunk000.wav,3.0,XC903942-RHINOCEROS-AUKLET-240504_0844.wav
Black-tailed_Gull,XC903942-RHINOCEROS-AUKLET-240504_0844,1,data/processed/Black-tailed_Gull/XC903942-RHINOCEROS-AUKLET-240504_0844_chunk001.wav,3.0,XC903942-RHINOCEROS-AUKLET-240504_0844.wav
Slaty-backed_Gull,XC1016567-slaty-backed-gull-cape-nosappu-250628_1293a,0,data/processed/Slaty-backed_Gull/XC1016567-slaty-backed-gull-cape-nosappu-250628_1293a_chunk000.wav,3.0,XC1016567-slaty-backed-gull-cape-nosappu-250628_1293a.mp3
Slaty-backed_Gull,XC1016567-slaty-backed-gull-cape-nosappu-250628_1293a,1,data/processed/Slaty-backed_Gull/XC1016567-slaty-backed-gull-cape-nosappu-250628_1293a_chunk001.wav,3.0,XC1016567-slaty-backed-gull-cape-nosappu-250628_1293a.mp3
Slaty-backed_Gull,XC1016567-slaty-backed-gull-cape-nosappu-250628_1293a,2,data/processed/Slaty-backed_Gull/XC1016567-slaty-backed-gull-cape-nosappu-250628_1293a_chunk002.wav,3.0,XC1016567-slaty-backed-gull-cape-nosappu-250628_1293a.mp3
Slaty-backed_Gull,XC1016567-slaty-backed-gull-cape-nosappu-250628_1293a,3,data/processed/Slaty-backed_Gull/XC1016567-slaty-backed-gull-cape-nosappu-250628_1293a_chunk003.wav,3.0,XC1016567-slaty-backed-gull-cape-nosappu-250628_1293a.mp3
Slaty-backed_Gull,XC1016567-slaty-backed-gull-cape-nosappu-250628_1293a,4,data/processed/Slaty-backed_Gull/XC1016567-slaty-backed-gull-cape-nosappu-250628_1293a_chunk004.wav,3.0,XC1016567-slaty-backed-gull-cape-nosappu-250628_1293a.mp3
Slaty-backed_Gull,XC1016567-slaty-backed-gull-cape-nosappu-250628_1293a,5,data/processed/Slaty-backed_Gull/XC1016567-slaty-backed-gull-cape-nosappu-250628_1293a_chunk005.wav,3.0,XC1016567-slaty-backed-gull-cape-nosappu-250628_1293a.mp3
Slaty-backed_Gull,XC1016569-slaty-backed-gull-cape-nosappu-250628_1293c,0,data/processed/Slaty-backed_Gull/XC1016569-slaty-backed-gull-cape-nosappu-250628_1293c_chunk000.wav,3.0,XC1016569-slaty-backed-gull-cape-nosappu-250628_1293c.mp3
Slaty-backed_Gull,XC1016569-slaty-backed-gull-cape-nosappu-250628_1293c,1,data/processed/Slaty-backed_Gull/XC1016569-slaty-backed-gull-cape-nosappu-250628_1293c_chunk001.wav,3.0,XC1016569-slaty-backed-gull-cape-nosappu-250628_1293c.mp3
Slaty-backed_Gull,XC1016569-slaty-backed-gull-cape-nosappu-250628_1293c,2,data/processed/Slaty-backed_Gull/XC1016569-slaty-backed-gull-cape-nosappu-250628_1293c_chunk002.wav,3.0,XC1016569-slaty-backed-gull-cape-nosappu-250628_1293c.mp3
Slaty-backed_Gull,XC1016569-slaty-backed-gull-cape-nosappu-250628_1293c,3,data/processed/Slaty-backed_Gull/XC1016569-slaty-backed-gull-cape-nosappu-250628_1293c_chunk003.wav,3.0,XC1016569-slaty-backed-gull-cape-nosappu-250628_1293c.mp3
Slaty-backed_Gull,XC1016569-slaty-backed-gull-cape-nosappu-250628_1293c,4,data/processed/Slaty-backed_Gull/XC1016569-slaty-backed-gull-cape-nosappu-250628_1293c_chunk004.wav,3.0,XC1016569-slaty-backed-gull-cape-nosappu-250628_1293c.mp3
Slaty-backed_Gull,XC1016569-slaty-backed-gull-cape-nosappu-250628_1293c,5,data/processed/Slaty-backed_Gull/XC1016569-slaty-backed-gull-cape-nosappu-250628_1293c_chunk005.wav,3.0,XC1016569-slaty-backed-gull-cape-nosappu-250628_1293c.mp3
Slaty-backed_Gull,XC1016569-slaty-backed-gull-cape-nosappu-250628_1293c,6,data/processed/Slaty-backed_Gull/XC1016569-slaty-backed-gull-cape-nosappu-250628_1293c_chunk006.wav,3.0,XC1016569-slaty-backed-gull-cape-nosappu-250628_1293c.mp3
Slaty-backed_Gull,XC1016569-slaty-backed-gull-cape-nosappu-250628_1293c,7,data/processed/Slaty-backed_Gull/XC1016569-slaty-backed-gull-cape-nosappu-250628_1293c_chunk007.wav,3.0,XC1016569-slaty-backed-gull-cape-nosappu-250628_1293c.mp3
Slaty-backed_Gull,XC1016569-slaty-backed-gull-cape-nosappu-250628_1293c,8,data/processed/Slaty-backed_Gull/XC1016569-slaty-backed-gull-cape-nosappu-250628_1293c_chunk008.wav,3.0,XC1016569-slaty-backed-gull-cape-nosappu-250628_1293c.mp3
Slaty-backed_Gull,XC1016569-slaty-backed-gull-cape-nosappu-250628_1293c,9,data/processed/Slaty-backed_Gull/XC1016569-slaty-backed-gull-cape-nosappu-250628_1293c_chunk009.wav,3.0,XC1016569-slaty-backed-gull-cape-nosappu-250628_1293c.mp3
Slaty-backed_Gull,XC1016569-slaty-backed-gull-cape-nosappu-250628_1293c,10,data/processed/Slaty-backed_Gull/XC1016569-slaty-backed-gull-cape-nosappu-250628_1293c_chunk010.wav,3.0,XC1016569-slaty-backed-gull-cape-nosappu-250628_1293c.mp3
Slaty-backed_Gull,XC1016569-slaty-backed-gull-cape-nosappu-250628_1293c,11,data/processed/Slaty-backed_Gull/XC1016569-slaty-backed-gull-cape-nosappu-250628_1293c_chunk011.wav,3.0,XC1016569-slaty-backed-gull-cape-nosappu-250628_1293c.mp3
Slaty-backed_Gull,XC1016569-slaty-backed-gull-cape-nosappu-250628_1293c,12,data/processed/Slaty-backed_Gull/XC1016569-slaty-backed-gull-cape-nosappu-250628_1293c_chunk012.wav,3.0,XC1016569-slaty-backed-gull-cape-nosappu-250628_1293c.mp3
Slaty-backed_Gull,XC1016569-slaty-backed-gull-cape-nosappu-250628_1293c,13,data/processed/Slaty-backed_Gull/XC1016569-slaty-backed-gull-cape-nosappu-250628_1293c_chunk013.wav,3.0,XC1016569-slaty-backed-gull-cape-nosappu-250628_1293c.mp3
Slaty-backed_Gull,XC1016569-slaty-backed-gull-cape-nosappu-250628_1293c,14,data/processed/Slaty-backed_Gull/XC1016569-slaty-backed-gull-cape-nosappu-250628_1293c_chunk014.wav,3.0,XC1016569-slaty-backed-gull-cape-nosappu-250628_1293c.mp3
Slaty-backed_Gull,XC1016569-slaty-backed-gull-cape-nosappu-250628_1293c,15,data/processed/Slaty-backed_Gull/XC1016569-slaty-backed-gull-cape-nosappu-250628_1293c_chunk015.wav,3.0,XC1016569-slaty-backed-gull-cape-nosappu-250628_1293c.mp3
Slaty-backed_Gull,XC1016569-slaty-backed-gull-cape-nosappu-250628_1293c,16,data/processed/Slaty-backed_Gull/XC1016569-slaty-backed-gull-cape-nosappu-250628_1293c_chunk016.wav,3.0,XC1016569-slaty-backed-gull-cape-nosappu-250628_1293c.mp3
Slaty-backed_Gull,XC1016569-slaty-backed-gull-cape-nosappu-250628_1293c,17,data/processed/Slaty-backed_Gull/XC1016569-slaty-backed-gull-cape-nosappu-250628_1293c_chunk017.wav,3.0,XC1016569-slaty-backed-gull-cape-nosappu-250628_1293c.mp3
Slaty-backed_Gull,XC1016569-slaty-backed-gull-cape-nosappu-250628_1293c,18,data/processed/Slaty-backed_Gull/XC1016569-slaty-backed-gull-cape-nosappu-250628_1293c_chunk018.wav,3.0,XC1016569-slaty-backed-gull-cape-nosappu-250628_1293c.mp3
Slaty-backed_Gull,XC1016569-slaty-backed-gull-cape-nosappu-250628_1293c,19,data/processed/Slaty-backed_Gull/XC1016569-slaty-backed-gull-cape-nosappu-250628_1293c_chunk019.wav,3.0,XC1016569-slaty-backed-gull-cape-nosappu-250628_1293c.mp3
Slaty-backed_Gull,XC1016569-slaty-backed-gull-cape-nosappu-250628_1293c,20,data/processed/Slaty-backed_Gull/XC1016569-slaty-backed-gull-cape-nosappu-250628_1293c_chunk020.wav,3.0,XC1016569-slaty-backed-gull-cape-nosappu-250628_1293c.mp3
Slaty-backed_Gull,XC1016569-slaty-backed-gull-cape-nosappu-250628_1293c,21,data/processed/Slaty-backed_Gull/XC1016569-slaty-backed-gull-cape-nosappu-250628_1293c_chunk021.wav,3.0,XC1016569-slaty-backed-gull-cape-nosappu-250628_1293c.mp3
Slaty-backed_Gull,XC1016569-slaty-backed-gull-cape-nosappu-250628_1293c,22,data/processed/Slaty-backed_Gull/XC1016569-slaty-backed-gull-cape-nosappu-250628_1293c_chunk022.wav,3.0,XC1016569-slaty-backed-gull-cape-nosappu-250628_1293c.mp3
Slaty-backed_Gull,XC1016573-slaty-backed-gull-cape-nosappu-250628_1295,0,data/processed/Slaty-backed_Gull/XC1016573-slaty-backed-gull-cape-nosappu-250628_1295_chunk000.wav,3.0,XC1016573-slaty-backed-gull-cape-nosappu-250628_1295.mp3
Slaty-backed_Gull,XC1016573-slaty-backed-gull-cape-nosappu-250628_1295,1,data/processed/Slaty-backed_Gull/XC1016573-slaty-backed-gull-cape-nosappu-250628_1295_chunk001.wav,3.0,XC1016573-slaty-backed-gull-cape-nosappu-250628_1295.mp3
Slaty-backed_Gull,XC1016573-slaty-backed-gull-cape-nosappu-250628_1295,2,data/processed/Slaty-backed_Gull/XC1016573-slaty-backed-gull-cape-nosappu-250628_1295_chunk002.wav,3.0,XC1016573-slaty-backed-gull-cape-nosappu-250628_1295.mp3
Slaty-backed_Gull,XC1016573-slaty-backed-gull-cape-nosappu-250628_1295,3,data/processed/Slaty-backed_Gull/XC1016573-slaty-backed-gull-cape-nosappu-250628_1295_chunk003.wav,3.0,XC1016573-slaty-backed-gull-cape-nosappu-250628_1295.mp3
Slaty-backed_Gull,XC1016573-slaty-backed-gull-cape-nosappu-250628_1295,4,data/processed/Slaty-backed_Gull/XC1016573-slaty-backed-gull-cape-nosappu-250628_1295_chunk004.wav,3.0,XC1016573-slaty-backed-gull-cape-nosappu-250628_1295.mp3
Slaty-backed_Gull,XC1016573-slaty-backed-gull-cape-nosappu-250628_1295,5,data/processed/Slaty-backed_Gull/XC1016573-slaty-backed-gull-cape-nosappu-250628_1295_chunk005.wav,3.0,XC1016573-slaty-backed-gull-cape-nosappu-250628_1295.mp3
Slaty-backed_Gull,XC1016573-slaty-backed-gull-cape-nosappu-250628_1295,6,data/processed/Slaty-backed_Gull/XC1016573-slaty-backed-gull-cape-nosappu-250628_1295_chunk006.wav,3.0,XC1016573-slaty-backed-gull-cape-nosappu-250628_1295.mp3
Slaty-backed_Gull,XC1016573-slaty-backed-gull-cape-nosappu-250628_1295,7,data/processed/Slaty-backed_Gull/XC1016573-slaty-backed-gull-cape-nosappu-250628_1295_chunk007.wav,3.0,XC1016573-slaty-backed-gull-cape-nosappu-250628_1295.mp3
Slaty-backed_Gull,XC1016573-slaty-backed-gull-cape-nosappu-250628_1295,8,data/processed/Slaty-backed_Gull/XC1016573-slaty-backed-gull-cape-nosappu-250628_1295_chunk008.wav,3.0,XC1016573-slaty-backed-gull-cape-nosappu-250628_1295.mp3
Slaty-backed_Gull,XC1016573-slaty-backed-gull-cape-nosappu-250628_1295,9,data/processed/Slaty-backed_Gull/XC1016573-slaty-backed-gull-cape-nosappu-250628_1295_chunk009.wav,3.0,XC1016573-slaty-backed-gull-cape-nosappu-250628_1295.mp3
Slaty-backed_Gull,XC1016573-slaty-backed-gull-cape-nosappu-250628_1295,10,data/processed/Slaty-backed_Gull/XC1016573-slaty-backed-gull-cape-nosappu-250628_1295_chunk010.wav,3.0,XC1016573-slaty-backed-gull-cape-nosappu-250628_1295.mp3
Slaty-backed_Gull,XC152870-Larus,0,data/processed/Slaty-backed_Gull/XC152870-Larus_chunk000.wav,3.0,XC152870-Larus schistisagus.mp3
Slaty-backed_Gull,XC152870-Larus,1,data/processed/Slaty-backed_Gull/XC152870-Larus_chunk001.wav,3.0,XC152870-Larus schistisagus.mp3
Slaty-backed_Gull,XC152870-Larus,2,data/processed/Slaty-backed_Gull/XC152870-Larus_chunk002.wav,3.0,XC152870-Larus schistisagus.mp3
Slaty-backed_Gull,XC152870-Larus,3,data/processed/Slaty-backed_Gull/XC152870-Larus_chunk003.wav,3.0,XC152870-Larus schistisagus.mp3
Slaty-backed_Gull,XC152870-Larus,4,data/processed/Slaty-backed_Gull/XC152870-Larus_chunk004.wav,3.0,XC152870-Larus schistisagus.mp3
Slaty-backed_Gull,XC152870-Larus,5,data/processed/Slaty-backed_Gull/XC152870-Larus_chunk005.wav,3.0,XC152870-Larus schistisagus.mp3
Slaty-backed_Gull,XC152870-Larus,6,data/processed/Slaty-backed_Gull/XC152870-Larus_chunk006.wav,3.0,XC152870-Larus schistisagus.mp3
Slaty-backed_Gull,XC155743-Larus_schistisagus-FL,0,data/processed/Slaty-backed_Gull/XC155743-Larus_schistisagus-FL_chunk000.wav,3.0,XC155743-Larus_schistisagus-FL calls harbour Hokkaido 23Jun13 12.00pm LS115655.mp3
Slaty-backed_Gull,XC155743-Larus_schistisagus-FL,1,data/processed/Slaty-backed_Gull/XC155743-Larus_schistisagus-FL_chunk001.wav,3.0,XC155743-Larus_schistisagus-FL calls harbour Hokkaido 23Jun13 12.00pm LS115655.mp3
Slaty-backed_Gull,XC155744-Larus_schistisagus-FL,0,data/processed/Slaty-backed_Gull/XC155744-Larus_schistisagus-FL_chunk000.wav,3.0,XC155744-Larus_schistisagus-FL calls harbour Hokkaido 23Jun13 12.05pm LS115657.mp3
Slaty-backed_Gull,XC155744-Larus_schistisagus-FL,1,data/processed/Slaty-backed_Gull/XC155744-Larus_schistisagus-FL_chunk001.wav,3.0,XC155744-Larus_schistisagus-FL calls harbour Hokkaido 23Jun13 12.05pm LS115657.mp3
Slaty-backed_Gull,XC155744-Larus_schistisagus-FL,2,data/processed/Slaty-backed_Gull/XC155744-Larus_schistisagus-FL_chunk002.wav,3.0,XC155744-Larus_schistisagus-FL calls harbour Hokkaido 23Jun13 12.05pm LS115657.mp3
Slaty-backed_Gull,XC155744-Larus_schistisagus-FL,3,data/processed/Slaty-backed_Gull/XC155744-Larus_schistisagus-FL_chunk003.wav,3.0,XC155744-Larus_schistisagus-FL calls harbour Hokkaido 23Jun13 12.05pm LS115657.mp3
Slaty-backed_Gull,XC155744-Larus_schistisagus-FL,4,data/processed/Slaty-backed_Gull/XC155744-Larus_schistisagus-FL_chunk004.wav,3.0,XC155744-Larus_schistisagus-FL calls harbour Hokkaido 23Jun13 12.05pm LS115657.mp3
Slaty-backed_Gull,XC155744-Larus_schistisagus-FL,5,data/processed/Slaty-backed_Gull/XC155744-Larus_schistisagus-FL_chunk005.wav,3.0,XC155744-Larus_schistisagus-FL calls harbour Hokkaido 23Jun13 12.05pm LS115657.mp3
Slaty-backed_Gull,XC155744-Larus_schistisagus-FL,6,data/processed/Slaty-backed_Gull/XC155744-Larus_schistisagus-FL_chunk006.wav,3.0,XC155744-Larus_schistisagus-FL calls harbour Hokkaido 23Jun13 12.05pm LS115657.mp3
Slaty-backed_Gull,XC155744-Larus_schistisagus-FL,7,data/processed/Slaty-backed_Gull/XC155744-Larus_schistisagus-FL_chunk007.wav,3.0,XC155744-Larus_schistisagus-FL calls harbour Hokkaido 23Jun13 12.05pm LS115657.mp3
Slaty-backed_Gull,XC155744-Larus_schistisagus-FL,8,data/processed/Slaty-backed_Gull/XC155744-Larus_schistisagus-FL_chunk008.wav,3.0,XC155744-Larus_schistisagus-FL calls harbour Hokkaido 23Jun13 12.05pm LS115657.mp3
Slaty-backed_Gull,XC155744-Larus_schistisagus-FL,9,data/processed/Slaty-backed_Gull/XC155744-Larus_schistisagus-FL_chunk009.wav,3.0,XC155744-Larus_schistisagus-FL calls harbour Hokkaido 23Jun13 12.05pm LS115657.mp3
Slaty-backed_Gull,XC155744-Larus_schistisagus-FL,10,data/processed/Slaty-backed_Gull/XC155744-Larus_schistisagus-FL_chunk010.wav,3.0,XC155744-Larus_schistisagus-FL calls harbour Hokkaido 23Jun13 12.05pm LS115657.mp3
Slaty-backed_Gull,XC155744-Larus_schistisagus-FL,11,data/processed/Slaty-backed_Gull/XC155744-Larus_schistisagus-FL_chunk011.wav,3.0,XC155744-Larus_schistisagus-FL calls harbour Hokkaido 23Jun13 12.05pm LS115657.mp3
Slaty-backed_Gull,XC155744-Larus_schistisagus-FL,12,data/processed/Slaty-backed_Gull/XC155744-Larus_schistisagus-FL_chunk012.wav,3.0,XC155744-Larus_schistisagus-FL calls harbour Hokkaido 23Jun13 12.05pm LS115657.mp3
Slaty-backed_Gull,XC155744-Larus_schistisagus-FL,13,data/processed/Slaty-backed_Gull/XC155744-Larus_schistisagus-FL_chunk013.wav,3.0,XC155744-Larus_schistisagus-FL calls harbour Hokkaido 23Jun13 12.05pm LS115657.mp3
Slaty-backed_Gull,XC155744-Larus_schistisagus-FL,14,data/processed/Slaty-backed_Gull/XC155744-Larus_schistisagus-FL_chunk014.wav,3.0,XC155744-Larus_schistisagus-FL calls harbour Hokkaido 23Jun13 12.05pm LS115657.mp3
Slaty-backed_Gull,XC155744-Larus_schistisagus-FL,15,data/processed/Slaty-backed_Gull/XC155744-Larus_schistisagus-FL_chunk015.wav,3.0,XC155744-Larus_schistisagus-FL calls harbour Hokkaido 23Jun13 12.05pm LS115657.mp3
Slaty-backed_Gull,XC155744-Larus_schistisagus-FL,16,data/processed/Slaty-backed_Gull/XC155744-Larus_schistisagus-FL_chunk016.wav,3.0,XC155744-Larus_schistisagus-FL calls harbour Hokkaido 23Jun13 12.05pm LS115657.mp3
Slaty-backed_Gull,XC155744-Larus_schistisagus-FL,17,data/processed/Slaty-backed_Gull/XC155744-Larus_schistisagus-FL_chunk017.wav,3.0,XC155744-Larus_schistisagus-FL calls harbour Hokkaido 23Jun13 12.05pm LS115657.mp3
Slaty-backed_Gull,XC155744-Larus_schistisagus-FL,18,data/processed/Slaty-backed_Gull/XC155744-Larus_schistisagus-FL_chunk018.wav,3.0,XC155744-Larus_schistisagus-FL calls harbour Hokkaido 23Jun13 12.05pm LS115657.mp3
Slaty-backed_Gull,XC155744-Larus_schistisagus-FL,19,data/processed/Slaty-backed_Gull/XC155744-Larus_schistisagus-FL_chunk019.wav,3.0,XC155744-Larus_schistisagus-FL calls harbour Hokkaido 23Jun13 12.05pm LS115657.mp3
Slaty-backed_Gull,XC155744-Larus_schistisagus-FL,20,data/processed/Slaty-backed_Gull/XC155744-Larus_schistisagus-FL_chunk020.wav,3.0,XC155744-Larus_schistisagus-FL calls harbour Hokkaido 23Jun13 12.05pm LS115657.mp3
Slaty-backed_Gull,XC155744-Larus_schistisagus-FL,21,data/processed/Slaty-backed_Gull/XC155744-Larus_schistisagus-FL_chunk021.wav,3.0,XC155744-Larus_schistisagus-FL calls harbour Hokkaido 23Jun13 12.05pm LS115657.mp3
Slaty-backed_Gull,XC155744-Larus_schistisagus-FL,22,data/processed/Slaty-backed_Gull/XC155744-Larus_schistisagus-FL_chunk022.wav,3.0,XC155744-Larus_schistisagus-FL calls harbour Hokkaido 23Jun13 12.05pm LS115657.mp3
Slaty-backed_Gull,XC155744-Larus_schistisagus-FL,23,data/processed/Slaty-backed_Gull/XC155744-Larus_schistisagus-FL_chunk023.wav,3.0,XC155744-Larus_schistisagus-FL calls harbour Hokkaido 23Jun13 12.05pm LS115657.mp3
Slaty-backed_Gull,XC155744-Larus_schistisagus-FL,24,data/processed/Slaty-backed_Gull/XC155744-Larus_schistisagus-FL_chunk024.wav,3.0,XC155744-Larus_schistisagus-FL calls harbour Hokkaido 23Jun13 12.05pm LS115657.mp3
Slaty-backed_Gull,XC155744-Larus_schistisagus-FL,25,data/processed/Slaty-backed_Gull/XC155744-Larus_schistisagus-FL_chunk025.wav,3.0,XC155744-Larus_schistisagus-FL calls harbour Hokkaido 23Jun13 12.05pm LS115657.mp3
Slaty-backed_Gull,XC155744-Larus_schistisagus-FL,26,data/processed/Slaty-backed_Gull/XC155744-Larus_schistisagus-FL_chunk026.wav,3.0,XC155744-Larus_schistisagus-FL calls harbour Hokkaido 23Jun13 12.05pm LS115657.mp3
Slaty-backed_Gull,XC155744-Larus_schistisagus-FL,27,data/processed/Slaty-backed_Gull/XC155744-Larus_schistisagus-FL_chunk027.wav,3.0,XC155744-Larus_schistisagus-FL calls harbour Hokkaido 23Jun13 12.05pm LS115657.mp3
Slaty-backed_Gull,XC155744-Larus_schistisagus-FL,28,data/processed/Slaty-backed_Gull/XC155744-Larus_schistisagus-FL_chunk028.wav,3.0,XC155744-Larus_schistisagus-FL calls harbour Hokkaido 23Jun13 12.05pm LS115657.mp3
Slaty-backed_Gull,XC155744-Larus_schistisagus-FL,29,data/processed/Slaty-backed_Gull/XC155744-Larus_schistisagus-FL_chunk029.wav,3.0,XC155744-Larus_schistisagus-FL calls harbour Hokkaido 23Jun13 12.05pm LS115657.mp3
Slaty-backed_Gull,XC155744-Larus_schistisagus-FL,30,data/processed/Slaty-backed_Gull/XC155744-Larus_schistisagus-FL_chunk030.wav,3.0,XC155744-Larus_schistisagus-FL calls harbour Hokkaido 23Jun13 12.05pm LS115657.mp3
Slaty-backed_Gull,XC155744-Larus_schistisagus-FL,31,data/processed/Slaty-backed_Gull/XC155744-Larus_schistisagus-FL_chunk031.wav,3.0,XC155744-Larus_schistisagus-FL calls harbour Hokkaido 23Jun13 12.05pm LS115657.mp3
Slaty-backed_Gull,XC155744-Larus_schistisagus-FL,32,data/processed/Slaty-backed_Gull/XC155744-Larus_schistisagus-FL_chunk032.wav,3.0,XC155744-Larus_schistisagus-FL calls harbour Hokkaido 23Jun13 12.05pm LS115657.mp3
Slaty-backed_Gull,XC155744-Larus_schistisagus-FL,33,data/processed/Slaty-backed_Gull/XC155744-Larus_schistisagus-FL_chunk033.wav,3.0,XC155744-Larus_schistisagus-FL calls harbour Hokkaido 23Jun13 12.05pm LS115657.mp3
Slaty-backed_Gull,XC155744-Larus_schistisagus-FL,34,data/processed/Slaty-backed_Gull/XC155744-Larus_schistisagus-FL_chunk034.wav,3.0,XC155744-Larus_schistisagus-FL calls harbour Hokkaido 23Jun13 12.05pm LS115657.mp3
Slaty-backed_Gull,XC155744-Larus_schistisagus-FL,35,data/processed/Slaty-backed_Gull/XC155744-Larus_schistisagus-FL_chunk035.wav,3.0,XC155744-Larus_schistisagus-FL calls harbour Hokkaido 23Jun13 12.05pm LS115657.mp3
Slaty-backed_Gull,XC266262-Larus,0,data/processed/Slaty-backed_Gull/XC266262-Larus_chunk000.wav,3.0,"XC266262-Larus schistisagus 150511_018,B.MP3"
Slaty-backed_Gull,XC266262-Larus,1,data/processed/Slaty-backed_Gull/XC266262-Larus_chunk001.wav,3.0,"XC266262-Larus schistisagus 150511_018,B.MP3"
Slaty-backed_Gull,XC266262-Larus,2,data/processed/Slaty-backed_Gull/XC266262-Larus_chunk002.wav,3.0,"XC266262-Larus schistisagus 150511_018,B.MP3"
Slaty-backed_Gull,XC283474-Larus_schistisagus_and_crassirostris_05072015,0,data/processed/Slaty-backed_Gull/XC283474-Larus_schistisagus_and_crassirostris_05072015_chunk000.wav,3.0,XC283474-Larus_schistisagus_and_crassirostris_05072015.mp3
Slaty-backed_Gull,XC283474-Larus_schistisagus_and_crassirostris_05072015,1,data/processed/Slaty-backed_Gull/XC283474-Larus_schistisagus_and_crassirostris_05072015_chunk001.wav,3.0,XC283474-Larus_schistisagus_and_crassirostris_05072015.mp3
Slaty-backed_Gull,XC283474-Larus_schistisagus_and_crassirostris_05072015,2,data/processed/Slaty-backed_Gull/XC283474-Larus_schistisagus_and_crassirostris_05072015_chunk002.wav,3.0,XC283474-Larus_schistisagus_and_crassirostris_05072015.mp3
Slaty-backed_Gull,XC283474-Larus_schistisagus_and_crassirostris_05072015,3,data/processed/Slaty-backed_Gull/XC283474-Larus_schistisagus_and_crassirostris_05072015_chunk003.wav,3.0,XC283474-Larus_schistisagus_and_crassirostris_05072015.mp3
Slaty-backed_Gull,XC283474-Larus_schistisagus_and_crassirostris_05072015,4,data/processed/Slaty-backed_Gull/XC283474-Larus_schistisagus_and_crassirostris_05072015_chunk004.wav,3.0,XC283474-Larus_schistisagus_and_crassirostris_05072015.mp3
Slaty-backed_Gull,XC283474-Larus_schistisagus_and_crassirostris_05072015,5,data/processed/Slaty-backed_Gull/XC283474-Larus_schistisagus_and_crassirostris_05072015_chunk005.wav,3.0,XC283474-Larus_schistisagus_and_crassirostris_05072015.mp3
Slaty-backed_Gull,XC283474-Larus_schistisagus_and_crassirostris_05072015,6,data/processed/Slaty-backed_Gull/XC283474-Larus_schistisagus_and_crassirostris_05072015_chunk006.wav,3.0,XC283474-Larus_schistisagus_and_crassirostris_05072015.mp3
Slaty-backed_Gull,XC283474-Larus_schistisagus_and_crassirostris_05072015,7,data/processed/Slaty-backed_Gull/XC283474-Larus_schistisagus_and_crassirostris_05072015_chunk007.wav,3.0,XC283474-Larus_schistisagus_and_crassirostris_05072015.mp3
Slaty-backed_Gull,XC283474-Larus_schistisagus_and_crassirostris_05072015,8,data/processed/Slaty-backed_Gull/XC283474-Larus_schistisagus_and_crassirostris_05072015_chunk008.wav,3.0,XC283474-Larus_schistisagus_and_crassirostris_05072015.mp3
Slaty-backed_Gull,XC283474-Larus_schistisagus_and_crassirostris_05072015,9,data/processed/Slaty-backed_Gull/XC283474-Larus_schistisagus_and_crassirostris_05072015_chunk009.wav,3.0,XC283474-Larus_schistisagus_and_crassirostris_05072015.mp3
Slaty-backed_Gull,XC283474-Larus_schistisagus_and_crassirostris_05072015,10,data/processed/Slaty-backed_Gull/XC283474-Larus_schistisagus_and_crassirostris_05072015_chunk010.wav,3.0,XC283474-Larus_schistisagus_and_crassirostris_05072015.mp3
Slaty-backed_Gull,XC283474-Larus_schistisagus_and_crassirostris_05072015,11,data/processed/Slaty-backed_Gull/XC283474-Larus_schistisagus_and_crassirostris_05072015_chunk011.wav,3.0,XC283474-Larus_schistisagus_and_crassirostris_05072015.mp3
Slaty-backed_Gull,XC283474-Larus_schistisagus_and_crassirostris_05072015,12,data/processed/Slaty-backed_Gull/XC283474-Larus_schistisagus_and_crassirostris_05072015_chunk012.wav,3.0,XC283474-Larus_schistisagus_and_crassirostris_05072015.mp3
Slaty-backed_Gull,XC283474-Larus_schistisagus_and_crassirostris_05072015,13,data/processed/Slaty-backed_Gull/XC283474-Larus_schistisagus_and_crassirostris_05072015_chunk013.wav,3.0,XC283474-Larus_schistisagus_and_crassirostris_05072015.mp3
Slaty-backed_Gull,XC283474-Larus_schistisagus_and_crassirostris_05072015,14,data/processed/Slaty-backed_Gull/XC283474-Larus_schistisagus_and_crassirostris_05072015_chunk014.wav,3.0,XC283474-Larus_schistisagus_and_crassirostris_05072015.mp3
Slaty-backed_Gull,XC283474-Larus_schistisagus_and_crassirostris_05072015,15,data/processed/Slaty-backed_Gull/XC283474-Larus_schistisagus_and_crassirostris_05072015_chunk015.wav,3.0,XC283474-Larus_schistisagus_and_crassirostris_05072015.mp3
Slaty-backed_Gull,XC283474-Larus_schistisagus_and_crassirostris_05072015,16,data/processed/Slaty-backed_Gull/XC283474-Larus_schistisagus_and_crassirostris_05072015_chunk016.wav,3.0,XC283474-Larus_schistisagus_and_crassirostris_05072015.mp3
Slaty-backed_Gull,XC283474-Larus_schistisagus_and_crassirostris_05072015,17,data/processed/Slaty-backed_Gull/XC283474-Larus_schistisagus_and_crassirostris_05072015_chunk017.wav,3.0,XC283474-Larus_schistisagus_and_crassirostris_05072015.mp3
Slaty-backed_Gull,XC283474-Larus_schistisagus_and_crassirostris_05072015,18,data/processed/Slaty-backed_Gull/XC283474-Larus_schistisagus_and_crassirostris_05072015_chunk018.wav,3.0,XC283474-Larus_schistisagus_and_crassirostris_05072015.mp3
Slaty-backed_Gull,XC283474-Larus_schistisagus_and_crassirostris_05072015,19,data/processed/Slaty-backed_Gull/XC283474-Larus_schistisagus_and_crassirostris_05072015_chunk019.wav,3.0,XC283474-Larus_schistisagus_and_crassirostris_05072015.mp3
Slaty-backed_Gull,XC283474-Larus_schistisagus_and_crassirostris_05072015,20,data/processed/Slaty-backed_Gull/XC283474-Larus_schistisagus_and_crassirostris_05072015_chunk020.wav,3.0,XC283474-Larus_schistisagus_and_crassirostris_05072015.mp3
Slaty-backed_Gull,XC283474-Larus_schistisagus_and_crassirostris_05072015,21,data/processed/Slaty-backed_Gull/XC283474-Larus_schistisagus_and_crassirostris_05072015_chunk021.wav,3.0,XC283474-Larus_schistisagus_and_crassirostris_05072015.mp3
Slaty-backed_Gull,XC283474-Larus_schistisagus_and_crassirostris_05072015,22,data/processed/Slaty-backed_Gull/XC283474-Larus_schistisagus_and_crassirostris_05072015_chunk022.wav,3.0,XC283474-Larus_schistisagus_and_crassirostris_05072015.mp3
Slaty-backed_Gull,XC283474-Larus_schistisagus_and_crassirostris_05072015,23,data/processed/Slaty-backed_Gull/XC283474-Larus_schistisagus_and_crassirostris_05072015_chunk023.wav,3.0,XC283474-Larus_schistisagus_and_crassirostris_05072015.mp3
Slaty-backed_Gull,XC283474-Larus_schistisagus_and_crassirostris_05072015,24,data/processed/Slaty-backed_Gull/XC283474-Larus_schistisagus_and_crassirostris_05072015_chunk024.wav,3.0,XC283474-Larus_schistisagus_and_crassirostris_05072015.mp3
Slaty-backed_Gull,XC283474-Larus_schistisagus_and_crassirostris_05072015,25,data/processed/Slaty-backed_Gull/XC283474-Larus_schistisagus_and_crassirostris_05072015_chunk025.wav,3.0,XC283474-Larus_schistisagus_and_crassirostris_05072015.mp3
Slaty-backed_Gull,XC283474-Larus_schistisagus_and_crassirostris_05072015,26,data/processed/Slaty-backed_Gull/XC283474-Larus_schistisagus_and_crassirostris_05072015_chunk026.wav,3.0,XC283474-Larus_schistisagus_and_crassirostris_05072015.mp3
Slaty-backed_Gull,XC283474-Larus_schistisagus_and_crassirostris_05072015,27,data/processed/Slaty-backed_Gull/XC283474-Larus_schistisagus_and_crassirostris_05072015_chunk027.wav,3.0,XC283474-Larus_schistisagus_and_crassirostris_05072015.mp3
Slaty-backed_Gull,XC283474-Larus_schistisagus_and_crassirostris_05072015,28,data/processed/Slaty-backed_Gull/XC283474-Larus_schistisagus_and_crassirostris_05072015_chunk028.wav,3.0,XC283474-Larus_schistisagus_and_crassirostris_05072015.mp3
Slaty-backed_Gull,XC283474-Larus_schistisagus_and_crassirostris_05072015,29,data/processed/Slaty-backed_Gull/XC283474-Larus_schistisagus_and_crassirostris_05072015_chunk029.wav,3.0,XC283474-Larus_schistisagus_and_crassirostris_05072015.mp3
Slaty-backed_Gull,XC286256-LS_59138,0,data/processed/Slaty-backed_Gull/XC286256-LS_59138_chunk000.wav,3.0,XC286256-LS_59138 Slaty-backed Gull calls B.mp3
Slaty-backed_Gull,XC286256-LS_59138,1,data/processed/Slaty-backed_Gull/XC286256-LS_59138_chunk001.wav,3.0,XC286256-LS_59138 Slaty-backed Gull calls B.mp3
Slaty-backed_Gull,XC286256-LS_59138,2,data/processed/Slaty-backed_Gull/XC286256-LS_59138_chunk002.wav,3.0,XC286256-LS_59138 Slaty-backed Gull calls B.mp3
Slaty-backed_Gull,XC286256-LS_59138,3,data/processed/Slaty-backed_Gull/XC286256-LS_59138_chunk003.wav,3.0,XC286256-LS_59138 Slaty-backed Gull calls B.mp3
Slaty-backed_Gull,XC286256-LS_59138,4,data/processed/Slaty-backed_Gull/XC286256-LS_59138_chunk004.wav,3.0,XC286256-LS_59138 Slaty-backed Gull calls B.mp3
Slaty-backed_Gull,XC286256-LS_59138,5,data/processed/Slaty-backed_Gull/XC286256-LS_59138_chunk005.wav,3.0,XC286256-LS_59138 Slaty-backed Gull calls B.mp3
Slaty-backed_Gull,XC286256-LS_59138,6,data/processed/Slaty-backed_Gull/XC286256-LS_59138_chunk006.wav,3.0,XC286256-LS_59138 Slaty-backed Gull calls B.mp3
Slaty-backed_Gull,XC286256-LS_59138,7,data/processed/Slaty-backed_Gull/XC286256-LS_59138_chunk007.wav,3.0,XC286256-LS_59138 Slaty-backed Gull calls B.mp3
Slaty-backed_Gull,XC286256-LS_59138,8,data/processed/Slaty-backed_Gull/XC286256-LS_59138_chunk008.wav,3.0,XC286256-LS_59138 Slaty-backed Gull calls B.mp3
Slaty-backed_Gull,XC286256-LS_59138,9,data/processed/Slaty-backed_Gull/XC286256-LS_59138_chunk009.wav,3.0,XC286256-LS_59138 Slaty-backed Gull calls B.mp3
Slaty-backed_Gull,XC286256-LS_59138,10,data/processed/Slaty-backed_Gull/XC286256-LS_59138_chunk010.wav,3.0,XC286256-LS_59138 Slaty-backed Gull calls B.mp3
Slaty-backed_Gull,XC286256-LS_59138,11,data/processed/Slaty-backed_Gull/XC286256-LS_59138_chunk011.wav,3.0,XC286256-LS_59138 Slaty-backed Gull calls B.mp3
Slaty-backed_Gull,XC286256-LS_59138,12,data/processed/Slaty-backed_Gull/XC286256-LS_59138_chunk012.wav,3.0,XC286256-LS_59138 Slaty-backed Gull calls B.mp3
Slaty-backed_Gull,XC286304-LS_59217,0,data/processed/Slaty-backed_Gull/XC286304-LS_59217_chunk000.wav,3.0,XC286304-LS_59217 Slaty-backed Gull call A.mp3
Slaty-backed_Gull,XC286304-LS_59217,1,data/processed/Slaty-backed_Gull/XC286304-LS_59217_chunk001.wav,3.0,XC286304-LS_59217 Slaty-backed Gull call A.mp3
Slaty-backed_Gull,XC286304-LS_59217,2,data/processed/Slaty-backed_Gull/XC286304-LS_59217_chunk002.wav,3.0,XC286304-LS_59217 Slaty-backed Gull call A.mp3
Slaty-backed_Gull,XC286304-LS_59217,3,data/processed/Slaty-backed_Gull/XC286304-LS_59217_chunk003.wav,3.0,XC286304-LS_59217 Slaty-backed Gull call A.mp3
Slaty-backed_Gull,XC286304-LS_59217,4,data/processed/Slaty-backed_Gull/XC286304-LS_59217_chunk004.wav,3.0,XC286304-LS_59217 Slaty-backed Gull call A.mp3
Slaty-backed_Gull,XC294817-SlatyBackedGull_Japan_01222015_longcall_2adults,0,data/processed/Slaty-backed_Gull/XC294817-SlatyBackedGull_Japan_01222015_longcall_2adults_chunk000.wav,3.0,XC294817-SlatyBackedGull_Japan_01222015_longcall_2adults.mp3
Slaty-backed_Gull,XC294817-SlatyBackedGull_Japan_01222015_longcall_2adults,1,data/processed/Slaty-backed_Gull/XC294817-SlatyBackedGull_Japan_01222015_longcall_2adults_chunk001.wav,3.0,XC294817-SlatyBackedGull_Japan_01222015_longcall_2adults.mp3
Slaty-backed_Gull,XC294817-SlatyBackedGull_Japan_01222015_longcall_2adults,2,data/processed/Slaty-backed_Gull/XC294817-SlatyBackedGull_Japan_01222015_longcall_2adults_chunk002.wav,3.0,XC294817-SlatyBackedGull_Japan_01222015_longcall_2adults.mp3
Slaty-backed_Gull,XC294817-SlatyBackedGull_Japan_01222015_longcall_2adults,3,data/processed/Slaty-backed_Gull/XC294817-SlatyBackedGull_Japan_01222015_longcall_2adults_chunk003.wav,3.0,XC294817-SlatyBackedGull_Japan_01222015_longcall_2adults.mp3
Slaty-backed_Gull,XC294817-SlatyBackedGull_Japan_01222015_longcall_2adults,4,data/processed/Slaty-backed_Gull/XC294817-SlatyBackedGull_Japan_01222015_longcall_2adults_chunk004.wav,3.0,XC294817-SlatyBackedGull_Japan_01222015_longcall_2adults.mp3
Slaty-backed_Gull,XC403143-New,0,data/processed/Slaty-backed_Gull/XC403143-New_chunk000.wav,3.0,XC403143-New Recording 6 Copy 2 (online-audio-converter.com).mp3
Slaty-backed_Gull,XC403143-New,1,data/processed/Slaty-backed_Gull/XC403143-New_chunk001.wav,3.0,XC403143-New Recording 6 Copy 2 (online-audio-converter.com).mp3
Slaty-backed_Gull,XC403143-New,2,data/processed/Slaty-backed_Gull/XC403143-New_chunk002.wav,3.0,XC403143-New Recording 6 Copy 2 (online-audio-converter.com).mp3
Slaty-backed_Gull,XC403143-New,3,data/processed/Slaty-backed_Gull/XC403143-New_chunk003.wav,3.0,XC403143-New Recording 6 Copy 2 (online-audio-converter.com).mp3
Slaty-backed_Gull,XC651642-200217_1541,0,data/processed/Slaty-backed_Gull/XC651642-200217_1541_chunk000.wav,3.0,XC651642-200217_1541.mp3
Slaty-backed_Gull,XC651642-200217_1541,1,data/processed/Slaty-backed_Gull/XC651642-200217_1541_chunk001.wav,3.0,XC651642-200217_1541.mp3
Slaty-backed_Gull,XC651642-200217_1541,2,data/processed/Slaty-backed_Gull/XC651642-200217_1541_chunk002.wav,3.0,XC651642-200217_1541.mp3
Slaty-backed_Gull,XC651642-200217_1541,3,data/processed/Slaty-backed_Gull/XC651642-200217_1541_chunk003.wav,3.0,XC651642-200217_1541.mp3
Slaty-backed_Gull,XC651642-200217_1541,4,data/processed/Slaty-backed_Gull/XC651642-200217_1541_chunk004.wav,3.0,XC651642-200217_1541.mp3
Slaty-backed_Gull,XC651642-200217_1541,5,data/processed/Slaty-backed_Gull/XC651642-200217_1541_chunk005.wav,3.0,XC651642-200217_1541.mp3
Slaty-backed_Gull,XC910579-Slaty-backed-Gull-Rausu-May-25,0,data/processed/Slaty-backed_Gull/XC910579-Slaty-backed-Gull-Rausu-May-25_chunk000.wav,3.0,XC910579-Slaty-backed-Gull-Rausu-May-25.wav
Slaty-backed_Gull,XC910579-Slaty-backed-Gull-Rausu-May-25,1,data/processed/Slaty-backed_Gull/XC910579-Slaty-backed-Gull-Rausu-May-25_chunk001.wav,3.0,XC910579-Slaty-backed-Gull-Rausu-May-25.wav
Slaty-backed_Gull,XC910579-Slaty-backed-Gull-Rausu-May-25,2,data/processed/Slaty-backed_Gull/XC910579-Slaty-backed-Gull-Rausu-May-25_chunk002.wav,3.0,XC910579-Slaty-backed-Gull-Rausu-May-25.wav
Slaty-backed_Gull,XC910579-Slaty-backed-Gull-Rausu-May-25,3,data/processed/Slaty-backed_Gull/XC910579-Slaty-backed-Gull-Rausu-May-25_chunk003.wav,3.0,XC910579-Slaty-backed-Gull-Rausu-May-25.wav
Slaty-backed_Gull,XC910579-Slaty-backed-Gull-Rausu-May-25,4,data/processed/Slaty-backed_Gull/XC910579-Slaty-backed-Gull-Rausu-May-25_chunk004.wav,3.0,XC910579-Slaty-backed-Gull-Rausu-May-25.wav
Slaty-backed_Gull,XC910579-Slaty-backed-Gull-Rausu-May-25,5,data/processed/Slaty-backed_Gull/XC910579-Slaty-backed-Gull-Rausu-May-25_chunk005.wav,3.0,XC910579-Slaty-backed-Gull-Rausu-May-25.wav
Slaty-backed_Gull,XC910579-Slaty-backed-Gull-Rausu-May-25,6,data/processed/Slaty-backed_Gull/XC910579-Slaty-backed-Gull-Rausu-May-25_chunk006.wav,3.0,XC910579-Slaty-backed-Gull-Rausu-May-25.wav
Slaty-backed_Gull,XC910579-Slaty-backed-Gull-Rausu-May-25,7,data/processed/Slaty-backed_Gull/XC910579-Slaty-backed-Gull-Rausu-May-25_chunk007.wav,3.0,XC910579-Slaty-backed-Gull-Rausu-May-25.wav
Slaty-backed_Gull,XC910579-Slaty-backed-Gull-Rausu-May-25,8,data/processed/Slaty-backed_Gull/XC910579-Slaty-backed-Gull-Rausu-May-25_chunk008.wav,3.0,XC910579-Slaty-backed-Gull-Rausu-May-25.wav
Slaty-backed_Gull,XC910579-Slaty-backed-Gull-Rausu-May-25,9,data/processed/Slaty-backed_Gull/XC910579-Slaty-backed-Gull-Rausu-May-25_chunk009.wav,3.0,XC910579-Slaty-backed-Gull-Rausu-May-25.wav
Slaty-backed_Gull,XC910579-Slaty-backed-Gull-Rausu-May-25,10,data/processed/Slaty-backed_Gull/XC910579-Slaty-backed-Gull-Rausu-May-25_chunk010.wav,3.0,XC910579-Slaty-backed-Gull-Rausu-May-25.wav
Slaty-backed_Gull,XC910579-Slaty-backed-Gull-Rausu-May-25,11,data/processed/Slaty-backed_Gull/XC910579-Slaty-backed-Gull-Rausu-May-25_chunk011.wav,3.0,XC910579-Slaty-backed-Gull-Rausu-May-25.wav
Slaty-backed_Gull,XC910579-Slaty-backed-Gull-Rausu-May-25,12,data/processed/Slaty-backed_Gull/XC910579-Slaty-backed-Gull-Rausu-May-25_chunk012.wav,3.0,XC910579-Slaty-backed-Gull-Rausu-May-25.wav
Slaty-backed_Gull,XC910579-Slaty-backed-Gull-Rausu-May-25,13,data/processed/Slaty-backed_Gull/XC910579-Slaty-backed-Gull-Rausu-May-25_chunk013.wav,3.0,XC910579-Slaty-backed-Gull-Rausu-May-25.wav
Slaty-backed_Gull,XC910579-Slaty-backed-Gull-Rausu-May-25,14,data/processed/Slaty-backed_Gull/XC910579-Slaty-backed-Gull-Rausu-May-25_chunk014.wav,3.0,XC910579-Slaty-backed-Gull-Rausu-May-25.wav
Slaty-backed_Gull,XC921107-355A5637,0,data/processed/Slaty-backed_Gull/XC921107-355A5637_chunk000.wav,3.0,XC921107-355A5637.mp3
Slaty-backed_Gull,XC921107-355A5637,1,data/processed/Slaty-backed_Gull/XC921107-355A5637_chunk001.wav,3.0,XC921107-355A5637.mp3
Slaty-backed_Gull,XC921107-355A5637,2,data/processed/Slaty-backed_Gull/XC921107-355A5637_chunk002.wav,3.0,XC921107-355A5637.mp3
Slaty-backed_Gull,XC921107-355A5637,3,data/processed/Slaty-backed_Gull/XC921107-355A5637_chunk003.wav,3.0,XC921107-355A5637.mp3
Slaty-backed_Gull,XC921107-355A5637,4,data/processed/Slaty-backed_Gull/XC921107-355A5637_chunk004.wav,3.0,XC921107-355A5637.mp3
Slaty-backed_Gull,XC921107-355A5637,5,data/processed/Slaty-backed_Gull/XC921107-355A5637_chunk005.wav,3.0,XC921107-355A5637.mp3
Slaty-backed_Gull,XC921107-355A5637,6,data/processed/Slaty-backed_Gull/XC921107-355A5637_chunk006.wav,3.0,XC921107-355A5637.mp3
Slaty-backed_Gull,XC921107-355A5637,7,data/processed/Slaty-backed_Gull/XC921107-355A5637_chunk007.wav,3.0,XC921107-355A5637.mp3
Slaty-backed_Gull,XC921107-355A5637,8,data/processed/Slaty-backed_Gull/XC921107-355A5637_chunk008.wav,3.0,XC921107-355A5637.mp3
Slaty-backed_Gull,XC921110-355A6483,0,data/processed/Slaty-backed_Gull/XC921110-355A6483_chunk000.wav,3.0,XC921110-355A6483.mp3
Slaty-backed_Gull,XC921110-355A6483,1,data/processed/Slaty-backed_Gull/XC921110-355A6483_chunk001.wav,3.0,XC921110-355A6483.mp3
Slaty-backed_Gull,XC921110-355A6483,2,data/processed/Slaty-backed_Gull/XC921110-355A6483_chunk002.wav,3.0,XC921110-355A6483.mp3
Slaty-backed_Gull,XC921110-355A6483,3,data/processed/Slaty-backed_Gull/XC921110-355A6483_chunk003.wav,3.0,XC921110-355A6483.mp3
Slaty-backed_Gull,XC921110-355A6483,4,data/processed/Slaty-backed_Gull/XC921110-355A6483_chunk004.wav,3.0,XC921110-355A6483.mp3
Slaty-backed_Gull,XC921110-355A6483,5,data/processed/Slaty-backed_Gull/XC921110-355A6483_chunk005.wav,3.0,XC921110-355A6483.mp3
Slaty-backed_Gull,XC921110-355A6483,6,data/processed/Slaty-backed_Gull/XC921110-355A6483_chunk006.wav,3.0,XC921110-355A6483.mp3
Slaty-backed_Gull,XC921110-355A6483,7,data/processed/Slaty-backed_Gull/XC921110-355A6483_chunk007.wav,3.0,XC921110-355A6483.mp3
Common_Gull,1A,0,data/processed/Common_Gull/1A_chunk000.wav,3.0,1A 159-171 Larus canus.mp3
Common_Gull,1A,1,data/processed/Common_Gull/1A_chunk001.wav,3.0,1A 159-171 Larus canus.mp3
Common_Gull,1A,2,data/processed/Common_Gull/1A_chunk002.wav,3.0,1A 159-171 Larus canus.mp3
Common_Gull,1A,3,data/processed/Common_Gull/1A_chunk003.wav,3.0,1A 159-171 Larus canus.mp3
Common_Gull,1A,4,data/processed/Common_Gull/1A_chunk004.wav,3.0,1A 159-171 Larus canus.mp3
Common_Gull,1A,5,data/processed/Common_Gull/1A_chunk005.wav,3.0,1A 159-171 Larus canus.mp3
Common_Gull,1A,6,data/processed/Common_Gull/1A_chunk006.wav,3.0,1A 159-171 Larus canus.mp3
Common_Gull,1A,7,data/processed/Common_Gull/1A_chunk007.wav,3.0,1A 159-171 Larus canus.mp3
Common_Gull,1A,8,data/processed/Common_Gull/1A_chunk008.wav,3.0,1A 159-171 Larus canus.mp3
Common_Gull,1A,9,data/processed/Common_Gull/1A_chunk009.wav,3.0,1A 159-171 Larus canus.mp3
Common_Gull,1A,10,data/processed/Common_Gull/1A_chunk010.wav,3.0,1A 159-171 Larus canus.mp3
Common_Gull,1A,11,data/processed/Common_Gull/1A_chunk011.wav,3.0,1A 159-171 Larus canus.mp3
Common_Gull,1A,12,data/processed/Common_Gull/1A_chunk012.wav,3.0,1A 159-171 Larus canus.mp3
Common_Gull,1A,13,data/processed/Common_Gull/1A_chunk013.wav,3.0,1A 159-171 Larus canus.mp3
Common_Gull,1A,0,data/processed/Common_Gull/1A_chunk000.wav,3.0,1A 302-313 Larus canus.mp3
Common_Gull,1A,1,data/processed/Common_Gull/1A_chunk001.wav,3.0,1A 302-313 Larus canus.mp3
Common_Gull,1A,2,data/processed/Common_Gull/1A_chunk002.wav,3.0,1A 302-313 Larus canus.mp3
Common_Gull,1A,3,data/processed/Common_Gull/1A_chunk003.wav,3.0,1A 302-313 Larus canus.mp3
Common_Gull,1A,4,data/processed/Common_Gull/1A_chunk004.wav,3.0,1A 302-313 Larus canus.mp3
Common_Gull,1A,5,data/processed/Common_Gull/1A_chunk005.wav,3.0,1A 302-313 Larus canus.mp3
Common_Gull,1A,6,data/processed/Common_Gull/1A_chunk006.wav,3.0,1A 302-313 Larus canus.mp3
Common_Gull,1A,7,data/processed/Common_Gull/1A_chunk007.wav,3.0,1A 302-313 Larus canus.mp3
Common_Gull,1A,8,data/processed/Common_Gull/1A_chunk008.wav,3.0,1A 302-313 Larus canus.mp3
Common_Gull,1A,9,data/processed/Common_Gull/1A_chunk009.wav,3.0,1A 302-313 Larus canus.mp3
Common_Gull,1A,10,data/processed/Common_Gull/1A_chunk010.wav,3.0,1A 302-313 Larus canus.mp3
Common_Gull,1A,11,data/processed/Common_Gull/1A_chunk011.wav,3.0,1A 302-313 Larus canus.mp3
Common_Gull,1A,12,data/processed/Common_Gull/1A_chunk012.wav,3.0,1A 302-313 Larus canus.mp3
Common_Gull,1A,13,data/processed/Common_Gull/1A_chunk013.wav,3.0,1A 302-313 Larus canus.mp3
Common_Gull,Common,0,data/processed/Common_Gull/Common_chunk000.wav,3.0,Common Gull calls.mp3
Common_Gull,Common,1,data/processed/Common_Gull/Common_chunk001.wav,3.0,Common Gull calls.mp3
Common_Gull,Common,2,data/processed/Common_Gull/Common_chunk002.wav,3.0,Common Gull calls.mp3
Common_Gull,Common,3,data/processed/Common_Gull/Common_chunk003.wav,3.0,Common Gull calls.mp3
Common_Gull,Common,4,data/processed/Common_Gull/Common_chunk004.wav,3.0,Common Gull calls.mp3
Common_Gull,Common,5,data/processed/Common_Gull/Common_chunk005.wav,3.0,Common Gull calls.mp3
Common_Gull,Common,0,data/processed/Common_Gull/Common_chunk000.wav,3.0,Common Gull juv and and adult.mp3
Common_Gull,Common,1,data/processed/Common_Gull/Common_chunk001.wav,3.0,Common Gull juv and and adult.mp3
Common_Gull,Common,2,data/processed/Common_Gull/Common_chunk002.wav,3.0,Common Gull juv and and adult.mp3
Common_Gull,Common,3,data/processed/Common_Gull/Common_chunk003.wav,3.0,Common Gull juv and and adult.mp3
Common_Gull,Common,4,data/processed/Common_Gull/Common_chunk004.wav,3.0,Common Gull juv and and adult.mp3
Common_Gull,Common,5,data/processed/Common_Gull/Common_chunk005.wav,3.0,Common Gull juv and and adult.mp3
Common_Gull,Common,6,data/processed/Common_Gull/Common_chunk006.wav,3.0,Common Gull juv and and adult.mp3
Common_Gull,Common,7,data/processed/Common_Gull/Common_chunk007.wav,3.0,Common Gull juv and and adult.mp3
Common_Gull,Common,8,data/processed/Common_Gull/Common_chunk008.wav,3.0,Common Gull juv and and adult.mp3
Common_Gull,Common,9,data/processed/Common_Gull/Common_chunk009.wav,3.0,Common Gull juv and and adult.mp3
Common_Gull,Common,10,data/processed/Common_Gull/Common_chunk010.wav,3.0,Common Gull juv and and adult.mp3
Common_Gull,Common,0,data/processed/Common_Gull/Common_chunk000.wav,3.0,Common Gulls.mp3
Common_Gull,Common,1,data/processed/Common_Gull/Common_chunk001.wav,3.0,Common Gulls.mp3
Common_Gull,Common,2,data/processed/Common_Gull/Common_chunk002.wav,3.0,Common Gulls.mp3
Common_Gull,Common,3,data/processed/Common_Gull/Common_chunk003.wav,3.0,Common Gulls.mp3
Common_Gull,Common,4,data/processed/Common_Gull/Common_chunk004.wav,3.0,Common Gulls.mp3
Common_Gull,Common,5,data/processed/Common_Gull/Common_chunk005.wav,3.0,Common Gulls.mp3
Common_Gull,Common,6,data/processed/Common_Gull/Common_chunk006.wav,3.0,Common Gulls.mp3
Common_Gull,Common,7,data/processed/Common_Gull/Common_chunk007.wav,3.0,Common Gulls.mp3
Common_Gull,Common,8,data/processed/Common_Gull/Common_chunk008.wav,3.0,Common Gulls.mp3
Common_Gull,Fiskmasadjuv,0,data/processed/Common_Gull/Fiskmasadjuv_chunk000.wav,3.0,Fiskmasadjuv.mp3
Common_Gull,Fiskmasadjuv,1,data/processed/Common_Gull/Fiskmasadjuv_chunk001.wav,3.0,Fiskmasadjuv.mp3
Common_Gull,Fiskmasadjuv,2,data/processed/Common_Gull/Fiskmasadjuv_chunk002.wav,3.0,Fiskmasadjuv.mp3
Common_Gull,Fiskmasadjuv,3,data/processed/Common_Gull/Fiskmasadjuv_chunk003.wav,3.0,Fiskmasadjuv.mp3
Common_Gull,Fiskmasadjuv,4,data/processed/Common_Gull/Fiskmasadjuv_chunk004.wav,3.0,Fiskmasadjuv.mp3
Common_Gull,Fiskmasadjuv,5,data/processed/Common_Gull/Fiskmasadjuv_chunk005.wav,3.0,Fiskmasadjuv.mp3
Common_Gull,Fiskmasadjuv,6,data/processed/Common_Gull/Fiskmasadjuv_chunk006.wav,3.0,Fiskmasadjuv.mp3
Common_Gull,Fiskmasadjuv,7,data/processed/Common_Gull/Fiskmasadjuv_chunk007.wav,3.0,Fiskmasadjuv.mp3
Common_Gull,Fiskmasadjuv,8,data/processed/Common_Gull/Fiskmasadjuv_chunk008.wav,3.0,Fiskmasadjuv.mp3
Common_Gull,Fiskmasadjuv,9,data/processed/Common_Gull/Fiskmasadjuv_chunk009.wav,3.0,Fiskmasadjuv.mp3
Common_Gull,Fiskmasadjuv,10,data/processed/Common_Gull/Fiskmasadjuv_chunk010.wav,3.0,Fiskmasadjuv.mp3
Common_Gull,Fiskmasadjuv,11,data/processed/Common_Gull/Fiskmasadjuv_chunk011.wav,3.0,Fiskmasadjuv.mp3
Common_Gull,Fiskmasadjuv,12,data/processed/Common_Gull/Fiskmasadjuv_chunk012.wav,3.0,Fiskmasadjuv.mp3
Common_Gull,Fiskmasadjuv,13,data/processed/Common_Gull/Fiskmasadjuv_chunk013.wav,3.0,Fiskmasadjuv.mp3
Common_Gull,Fiskmasadjuv,14,data/processed/Common_Gull/Fiskmasadjuv_chunk014.wav,3.0,Fiskmasadjuv.mp3
Common_Gull,Fiskmasadjuv,15,data/processed/Common_Gull/Fiskmasadjuv_chunk015.wav,3.0,Fiskmasadjuv.mp3
Common_Gull,Fiskmasadjuv,16,data/processed/Common_Gull/Fiskmasadjuv_chunk016.wav,3.0,Fiskmasadjuv.mp3
Common_Gull,Fiskmasadjuv,17,data/processed/Common_Gull/Fiskmasadjuv_chunk017.wav,3.0,Fiskmasadjuv.mp3
Common_Gull,Fiskmasadjuv,18,data/processed/Common_Gull/Fiskmasadjuv_chunk018.wav,3.0,Fiskmasadjuv.mp3
Common_Gull,Fiskmasadjuv,19,data/processed/Common_Gull/Fiskmasadjuv_chunk019.wav,3.0,Fiskmasadjuv.mp3
Common_Gull,Fiskmasadjuv,20,data/processed/Common_Gull/Fiskmasadjuv_chunk020.wav,3.0,Fiskmasadjuv.mp3
Common_Gull,Fiskmasadjuv,21,data/processed/Common_Gull/Fiskmasadjuv_chunk021.wav,3.0,Fiskmasadjuv.mp3
Common_Gull,Fiskmasadjuv,22,data/processed/Common_Gull/Fiskmasadjuv_chunk022.wav,3.0,Fiskmasadjuv.mp3
Common_Gull,Fiskmasadjuv,23,data/processed/Common_Gull/Fiskmasadjuv_chunk023.wav,3.0,Fiskmasadjuv.mp3
Common_Gull,Fiskmasadjuv,24,data/processed/Common_Gull/Fiskmasadjuv_chunk024.wav,3.0,Fiskmasadjuv.mp3
Common_Gull,Fiskmasadjuv,25,data/processed/Common_Gull/Fiskmasadjuv_chunk025.wav,3.0,Fiskmasadjuv.mp3
Common_Gull,Fiskmasadjuv,26,data/processed/Common_Gull/Fiskmasadjuv_chunk026.wav,3.0,Fiskmasadjuv.mp3
Common_Gull,Fiskmasadjuv,27,data/processed/Common_Gull/Fiskmasadjuv_chunk027.wav,3.0,Fiskmasadjuv.mp3
Common_Gull,Fiskmasoroslate,0,data/processed/Common_Gull/Fiskmasoroslate_chunk000.wav,3.0,Fiskmasoroslate.mp3
Common_Gull,Fiskmasoroslate,1,data/processed/Common_Gull/Fiskmasoroslate_chunk001.wav,3.0,Fiskmasoroslate.mp3
Common_Gull,Fiskmasoroslate,2,data/processed/Common_Gull/Fiskmasoroslate_chunk002.wav,3.0,Fiskmasoroslate.mp3
Common_Gull,Fiskmasoroslate,3,data/processed/Common_Gull/Fiskmasoroslate_chunk003.wav,3.0,Fiskmasoroslate.mp3
Common_Gull,Fiskmasoroslate,4,data/processed/Common_Gull/Fiskmasoroslate_chunk004.wav,3.0,Fiskmasoroslate.mp3
Common_Gull,Fiskmasoroslate,5,data/processed/Common_Gull/Fiskmasoroslate_chunk005.wav,3.0,Fiskmasoroslate.mp3
Common_Gull,Fiskmasoroslate,6,data/processed/Common_Gull/Fiskmasoroslate_chunk006.wav,3.0,Fiskmasoroslate.mp3
Common_Gull,Fiskmasoroslate,7,data/processed/Common_Gull/Fiskmasoroslate_chunk007.wav,3.0,Fiskmasoroslate.mp3
Common_Gull,Fiskmasoroslate,8,data/processed/Common_Gull/Fiskmasoroslate_chunk008.wav,3.0,Fiskmasoroslate.mp3
Common_Gull,Fiskmasoroslate,9,data/processed/Common_Gull/Fiskmasoroslate_chunk009.wav,3.0,Fiskmasoroslate.mp3
Common_Gull,Fiskmasoroslate,10,data/processed/Common_Gull/Fiskmasoroslate_chunk010.wav,3.0,Fiskmasoroslate.mp3
Common_Gull,Fiskmasoroslate,11,data/processed/Common_Gull/Fiskmasoroslate_chunk011.wav,3.0,Fiskmasoroslate.mp3
Common_Gull,Fiskmasoroslate,12,data/processed/Common_Gull/Fiskmasoroslate_chunk012.wav,3.0,Fiskmasoroslate.mp3
Common_Gull,Fiskmasoroslate,13,data/processed/Common_Gull/Fiskmasoroslate_chunk013.wav,3.0,Fiskmasoroslate.mp3
Common_Gull,Fiskmasoroslate,14,data/processed/Common_Gull/Fiskmasoroslate_chunk014.wav,3.0,Fiskmasoroslate.mp3
Common_Gull,Fiskmasoroslate,15,data/processed/Common_Gull/Fiskmasoroslate_chunk015.wav,3.0,Fiskmasoroslate.mp3
Common_Gull,Fiskmasoroslate,16,data/processed/Common_Gull/Fiskmasoroslate_chunk016.wav,3.0,Fiskmasoroslate.mp3
Common_Gull,Fiskmasoroslate,17,data/processed/Common_Gull/Fiskmasoroslate_chunk017.wav,3.0,Fiskmasoroslate.mp3
Common_Gull,Fiskmasoroslate,18,data/processed/Common_Gull/Fiskmasoroslate_chunk018.wav,3.0,Fiskmasoroslate.mp3
Common_Gull,Fiskmasoroslate,19,data/processed/Common_Gull/Fiskmasoroslate_chunk019.wav,3.0,Fiskmasoroslate.mp3
Common_Gull,Fiskmasoroslate,20,data/processed/Common_Gull/Fiskmasoroslate_chunk020.wav,3.0,Fiskmasoroslate.mp3
Common_Gull,Fiskmasoroslate,21,data/processed/Common_Gull/Fiskmasoroslate_chunk021.wav,3.0,Fiskmasoroslate.mp3
Common_Gull,Fiskmasoroslate,22,data/processed/Common_Gull/Fiskmasoroslate_chunk022.wav,3.0,Fiskmasoroslate.mp3
Common_Gull,Fiskmasoroslate,23,data/processed/Common_Gull/Fiskmasoroslate_chunk023.wav,3.0,Fiskmasoroslate.mp3
Common_Gull,Fiskmasoroslate,24,data/processed/Common_Gull/Fiskmasoroslate_chunk024.wav,3.0,Fiskmasoroslate.mp3
Common_Gull,Fiskmasoroslate,25,data/processed/Common_Gull/Fiskmasoroslate_chunk025.wav,3.0,Fiskmasoroslate.mp3
Common_Gull,Fiskmasoroslate,26,data/processed/Common_Gull/Fiskmasoroslate_chunk026.wav,3.0,Fiskmasoroslate.mp3
Common_Gull,Fiskmasoroslate,27,data/processed/Common_Gull/Fiskmasoroslate_chunk027.wav,3.0,Fiskmasoroslate.mp3
Common_Gull,Fiskmasoroslate,28,data/processed/Common_Gull/Fiskmasoroslate_chunk028.wav,3.0,Fiskmasoroslate.mp3
Common_Gull,Fiskmasoroslate,29,data/processed/Common_Gull/Fiskmasoroslate_chunk029.wav,3.0,Fiskmasoroslate.mp3
Common_Gull,Fiskmasoroslate,30,data/processed/Common_Gull/Fiskmasoroslate_chunk030.wav,3.0,Fiskmasoroslate.mp3
Common_Gull,Fiskms-och-revirlate-Smalom-Knuthojdmossen2010-07-19,0,data/processed/Common_Gull/Fiskms-och-revirlate-Smalom-Knuthojdmossen2010-07-19_chunk000.wav,3.0,Fiskms-och-revirlate-Smalom-Knuthojdmossen2010-07-19.mp3
Common_Gull,Fiskms-och-revirlate-Smalom-Knuthojdmossen2010-07-19,1,data/processed/Common_Gull/Fiskms-och-revirlate-Smalom-Knuthojdmossen2010-07-19_chunk001.wav,3.0,Fiskms-och-revirlate-Smalom-Knuthojdmossen2010-07-19.mp3
Common_Gull,Fiskms-och-revirlate-Smalom-Knuthojdmossen2010-07-19,2,data/processed/Common_Gull/Fiskms-och-revirlate-Smalom-Knuthojdmossen2010-07-19_chunk002.wav,3.0,Fiskms-och-revirlate-Smalom-Knuthojdmossen2010-07-19.mp3
Common_Gull,Fiskms-och-revirlate-Smalom-Knuthojdmossen2010-07-19,3,data/processed/Common_Gull/Fiskms-och-revirlate-Smalom-Knuthojdmossen2010-07-19_chunk003.wav,3.0,Fiskms-och-revirlate-Smalom-Knuthojdmossen2010-07-19.mp3
Common_Gull,Fiskms-och-revirlate-Smalom-Knuthojdmossen2010-07-19,4,data/processed/Common_Gull/Fiskms-och-revirlate-Smalom-Knuthojdmossen2010-07-19_chunk004.wav,3.0,Fiskms-och-revirlate-Smalom-Knuthojdmossen2010-07-19.mp3
Common_Gull,Fiskms-och-revirlate-Smalom-Knuthojdmossen2010-07-19,5,data/processed/Common_Gull/Fiskms-och-revirlate-Smalom-Knuthojdmossen2010-07-19_chunk005.wav,3.0,Fiskms-och-revirlate-Smalom-Knuthojdmossen2010-07-19.mp3
Common_Gull,Fiskms-och-revirlate-Smalom-Knuthojdmossen2010-07-19,6,data/processed/Common_Gull/Fiskms-och-revirlate-Smalom-Knuthojdmossen2010-07-19_chunk006.wav,3.0,Fiskms-och-revirlate-Smalom-Knuthojdmossen2010-07-19.mp3
Common_Gull,Fiskms-och-revirlate-Smalom-Knuthojdmossen2010-07-19,7,data/processed/Common_Gull/Fiskms-och-revirlate-Smalom-Knuthojdmossen2010-07-19_chunk007.wav,3.0,Fiskms-och-revirlate-Smalom-Knuthojdmossen2010-07-19.mp3
Common_Gull,Fiskms-och-revirlate-Smalom-Knuthojdmossen2010-07-19,8,data/processed/Common_Gull/Fiskms-och-revirlate-Smalom-Knuthojdmossen2010-07-19_chunk008.wav,3.0,Fiskms-och-revirlate-Smalom-Knuthojdmossen2010-07-19.mp3
Common_Gull,Fiskms-och-revirlate-Smalom-Knuthojdmossen2010-07-19,9,data/processed/Common_Gull/Fiskms-och-revirlate-Smalom-Knuthojdmossen2010-07-19_chunk009.wav,3.0,Fiskms-och-revirlate-Smalom-Knuthojdmossen2010-07-19.mp3
Common_Gull,Fiskms-och-revirlate-Smalom-Knuthojdmossen2010-07-19,10,data/processed/Common_Gull/Fiskms-och-revirlate-Smalom-Knuthojdmossen2010-07-19_chunk010.wav,3.0,Fiskms-och-revirlate-Smalom-Knuthojdmossen2010-07-19.mp3
Common_Gull,Fiskms-och-revirlate-Smalom-Knuthojdmossen2010-07-19,11,data/processed/Common_Gull/Fiskms-och-revirlate-Smalom-Knuthojdmossen2010-07-19_chunk011.wav,3.0,Fiskms-och-revirlate-Smalom-Knuthojdmossen2010-07-19.mp3
Common_Gull,Fiskms-och-revirlate-Smalom-Knuthojdmossen2010-07-19,12,data/processed/Common_Gull/Fiskms-och-revirlate-Smalom-Knuthojdmossen2010-07-19_chunk012.wav,3.0,Fiskms-och-revirlate-Smalom-Knuthojdmossen2010-07-19.mp3
Common_Gull,Fiskms-och-revirlate-Smalom-Knuthojdmossen2010-07-19,13,data/processed/Common_Gull/Fiskms-och-revirlate-Smalom-Knuthojdmossen2010-07-19_chunk013.wav,3.0,Fiskms-och-revirlate-Smalom-Knuthojdmossen2010-07-19.mp3
Common_Gull,Fiskms-och-revirlate-Smalom-Knuthojdmossen2010-07-19,14,data/processed/Common_Gull/Fiskms-och-revirlate-Smalom-Knuthojdmossen2010-07-19_chunk014.wav,3.0,Fiskms-och-revirlate-Smalom-Knuthojdmossen2010-07-19.mp3
Common_Gull,Fiskms-och-revirlate-Smalom-Knuthojdmossen2010-07-19,15,data/processed/Common_Gull/Fiskms-och-revirlate-Smalom-Knuthojdmossen2010-07-19_chunk015.wav,3.0,Fiskms-och-revirlate-Smalom-Knuthojdmossen2010-07-19.mp3
Common_Gull,Fiskms-och-revirlate-Smalom-Knuthojdmossen2010-07-19,16,data/processed/Common_Gull/Fiskms-och-revirlate-Smalom-Knuthojdmossen2010-07-19_chunk016.wav,3.0,Fiskms-och-revirlate-Smalom-Knuthojdmossen2010-07-19.mp3
Common_Gull,Fiskms-och-revirlate-Smalom-Knuthojdmossen2010-07-19,17,data/processed/Common_Gull/Fiskms-och-revirlate-Smalom-Knuthojdmossen2010-07-19_chunk017.wav,3.0,Fiskms-och-revirlate-Smalom-Knuthojdmossen2010-07-19.mp3
Common_Gull,Fiskms-och-revirlate-Smalom-Knuthojdmossen2010-07-19,18,data/processed/Common_Gull/Fiskms-och-revirlate-Smalom-Knuthojdmossen2010-07-19_chunk018.wav,3.0,Fiskms-och-revirlate-Smalom-Knuthojdmossen2010-07-19.mp3
Common_Gull,Fiskms-och-revirlate-Smalom-Knuthojdmossen2010-07-19,19,data/processed/Common_Gull/Fiskms-och-revirlate-Smalom-Knuthojdmossen2010-07-19_chunk019.wav,3.0,Fiskms-och-revirlate-Smalom-Knuthojdmossen2010-07-19.mp3
Common_Gull,Fiskms-och-revirlate-Smalom-Knuthojdmossen2010-07-19,20,data/processed/Common_Gull/Fiskms-och-revirlate-Smalom-Knuthojdmossen2010-07-19_chunk020.wav,3.0,Fiskms-och-revirlate-Smalom-Knuthojdmossen2010-07-19.mp3
Common_Gull,Fiskms-och-revirlate-Smalom-Knuthojdmossen2010-07-19,21,data/processed/Common_Gull/Fiskms-och-revirlate-Smalom-Knuthojdmossen2010-07-19_chunk021.wav,3.0,Fiskms-och-revirlate-Smalom-Knuthojdmossen2010-07-19.mp3
Common_Gull,Fiskms-och-revirlate-Smalom-Knuthojdmossen2010-07-19,22,data/processed/Common_Gull/Fiskms-och-revirlate-Smalom-Knuthojdmossen2010-07-19_chunk022.wav,3.0,Fiskms-och-revirlate-Smalom-Knuthojdmossen2010-07-19.mp3
Common_Gull,Fiskms-och-revirlate-Smalom-Knuthojdmossen2010-07-19,23,data/processed/Common_Gull/Fiskms-och-revirlate-Smalom-Knuthojdmossen2010-07-19_chunk023.wav,3.0,Fiskms-och-revirlate-Smalom-Knuthojdmossen2010-07-19.mp3
Common_Gull,Fiskms-och-revirlate-Smalom-Knuthojdmossen2010-07-19,24,data/processed/Common_Gull/Fiskms-och-revirlate-Smalom-Knuthojdmossen2010-07-19_chunk024.wav,3.0,Fiskms-och-revirlate-Smalom-Knuthojdmossen2010-07-19.mp3
Common_Gull,Fiskms-och-revirlate-Smalom-Knuthojdmossen2010-07-19,25,data/processed/Common_Gull/Fiskms-och-revirlate-Smalom-Knuthojdmossen2010-07-19_chunk025.wav,3.0,Fiskms-och-revirlate-Smalom-Knuthojdmossen2010-07-19.mp3
Common_Gull,Fiskms-och-revirlate-Smalom-Knuthojdmossen2010-07-19,26,data/processed/Common_Gull/Fiskms-och-revirlate-Smalom-Knuthojdmossen2010-07-19_chunk026.wav,3.0,Fiskms-och-revirlate-Smalom-Knuthojdmossen2010-07-19.mp3
Common_Gull,Fiskms-och-revirlate-Smalom-Knuthojdmossen2010-07-19,27,data/processed/Common_Gull/Fiskms-och-revirlate-Smalom-Knuthojdmossen2010-07-19_chunk027.wav,3.0,Fiskms-och-revirlate-Smalom-Knuthojdmossen2010-07-19.mp3
Common_Gull,Fiskms-och-revirlate-Smalom-Knuthojdmossen2010-07-19,28,data/processed/Common_Gull/Fiskms-och-revirlate-Smalom-Knuthojdmossen2010-07-19_chunk028.wav,3.0,Fiskms-och-revirlate-Smalom-Knuthojdmossen2010-07-19.mp3
Common_Gull,Fiskms-och-revirlate-Smalom-Knuthojdmossen2010-07-19,29,data/processed/Common_Gull/Fiskms-och-revirlate-Smalom-Knuthojdmossen2010-07-19_chunk029.wav,3.0,Fiskms-och-revirlate-Smalom-Knuthojdmossen2010-07-19.mp3
Common_Gull,Fiskms-och-revirlate-Smalom-Knuthojdmossen2010-07-19,30,data/processed/Common_Gull/Fiskms-och-revirlate-Smalom-Knuthojdmossen2010-07-19_chunk030.wav,3.0,Fiskms-och-revirlate-Smalom-Knuthojdmossen2010-07-19.mp3
Common_Gull,Fiskms-och-revirlate-Smalom-Knuthojdmossen2010-07-19,31,data/processed/Common_Gull/Fiskms-och-revirlate-Smalom-Knuthojdmossen2010-07-19_chunk031.wav,3.0,Fiskms-och-revirlate-Smalom-Knuthojdmossen2010-07-19.mp3
Common_Gull,Fiskms-och-revirlate-Smalom-Knuthojdmossen2010-07-19,32,data/processed/Common_Gull/Fiskms-och-revirlate-Smalom-Knuthojdmossen2010-07-19_chunk032.wav,3.0,Fiskms-och-revirlate-Smalom-Knuthojdmossen2010-07-19.mp3
Common_Gull,Fiskms-och-revirlate-Smalom-Knuthojdmossen2010-07-19,33,data/processed/Common_Gull/Fiskms-och-revirlate-Smalom-Knuthojdmossen2010-07-19_chunk033.wav,3.0,Fiskms-och-revirlate-Smalom-Knuthojdmossen2010-07-19.mp3
Common_Gull,Lar_can_can_20100513_roep_LS100096z,0,data/processed/Common_Gull/Lar_can_can_20100513_roep_LS100096z_chunk000.wav,3.0,Lar_can_can_20100513_roep_LS100096z.mp3
Common_Gull,Lar_can_can_20100513_roep_LS100096z,1,data/processed/Common_Gull/Lar_can_can_20100513_roep_LS100096z_chunk001.wav,3.0,Lar_can_can_20100513_roep_LS100096z.mp3
Common_Gull,Lar_can_can_20100513_roep_LS100096z,2,data/processed/Common_Gull/Lar_can_can_20100513_roep_LS100096z_chunk002.wav,3.0,Lar_can_can_20100513_roep_LS100096z.mp3
Common_Gull,Lar_can_can_20100513_roep_LS100096z,3,data/processed/Common_Gull/Lar_can_can_20100513_roep_LS100096z_chunk003.wav,3.0,Lar_can_can_20100513_roep_LS100096z.mp3
Common_Gull,Lar_can_can_20100513_roep_LS100096z,4,data/processed/Common_Gull/Lar_can_can_20100513_roep_LS100096z_chunk004.wav,3.0,Lar_can_can_20100513_roep_LS100096z.mp3
Common_Gull,Lar_can_can_20100513_roep_LS100096z,5,data/processed/Common_Gull/Lar_can_can_20100513_roep_LS100096z_chunk005.wav,3.0,Lar_can_can_20100513_roep_LS100096z.mp3
Common_Gull,Lar_can_can_20100513_roep_LS100096z,6,data/processed/Common_Gull/Lar_can_can_20100513_roep_LS100096z_chunk006.wav,3.0,Lar_can_can_20100513_roep_LS100096z.mp3
Common_Gull,Lar_can_can_20100513_roep_LS100096z,7,data/processed/Common_Gull/Lar_can_can_20100513_roep_LS100096z_chunk007.wav,3.0,Lar_can_can_20100513_roep_LS100096z.mp3
Common_Gull,Lar_can_can_20100513_roep_LS100096z,8,data/processed/Common_Gull/Lar_can_can_20100513_roep_LS100096z_chunk008.wav,3.0,Lar_can_can_20100513_roep_LS100096z.mp3
Common_Gull,Lar_can_can_20100513_roep_LS100096z,9,data/processed/Common_Gull/Lar_can_can_20100513_roep_LS100096z_chunk009.wav,3.0,Lar_can_can_20100513_roep_LS100096z.mp3
Common_Gull,Larus_canus_2_Modlin_Poland_Jarek_Matusiak_20110313,0,data/processed/Common_Gull/Larus_canus_2_Modlin_Poland_Jarek_Matusiak_20110313_chunk000.wav,3.0,Larus_canus_2_Modlin_Poland_Jarek_Matusiak_20110313.mp3
Common_Gull,Larus_canus_2_Modlin_Poland_Jarek_Matusiak_20110313,1,data/processed/Common_Gull/Larus_canus_2_Modlin_Poland_Jarek_Matusiak_20110313_chunk001.wav,3.0,Larus_canus_2_Modlin_Poland_Jarek_Matusiak_20110313.mp3
Common_Gull,Larus_canus_2_Modlin_Poland_Jarek_Matusiak_20110313,2,data/processed/Common_Gull/Larus_canus_2_Modlin_Poland_Jarek_Matusiak_20110313_chunk002.wav,3.0,Larus_canus_2_Modlin_Poland_Jarek_Matusiak_20110313.mp3
Common_Gull,Larus_canus_2_Modlin_Poland_Jarek_Matusiak_20110313,3,data/processed/Common_Gull/Larus_canus_2_Modlin_Poland_Jarek_Matusiak_20110313_chunk003.wav,3.0,Larus_canus_2_Modlin_Poland_Jarek_Matusiak_20110313.mp3
Common_Gull,Larus_canus_2_Modlin_Poland_Jarek_Matusiak_20110313,4,data/processed/Common_Gull/Larus_canus_2_Modlin_Poland_Jarek_Matusiak_20110313_chunk004.wav,3.0,Larus_canus_2_Modlin_Poland_Jarek_Matusiak_20110313.mp3
Common_Gull,Larus_canus_2_Modlin_Poland_Jarek_Matusiak_20110313,5,data/processed/Common_Gull/Larus_canus_2_Modlin_Poland_Jarek_Matusiak_20110313_chunk005.wav,3.0,Larus_canus_2_Modlin_Poland_Jarek_Matusiak_20110313.mp3
Common_Gull,Larus_canus_2_Modlin_Poland_Jarek_Matusiak_20110313,6,data/processed/Common_Gull/Larus_canus_2_Modlin_Poland_Jarek_Matusiak_20110313_chunk006.wav,3.0,Larus_canus_2_Modlin_Poland_Jarek_Matusiak_20110313.mp3
Common_Gull,Larus_canus_2_Modlin_Poland_Jarek_Matusiak_20110313,7,data/processed/Common_Gull/Larus_canus_2_Modlin_Poland_Jarek_Matusiak_20110313_chunk007.wav,3.0,Larus_canus_2_Modlin_Poland_Jarek_Matusiak_20110313.mp3
Common_Gull,Larus_canus_2_Modlin_Poland_Jarek_Matusiak_20110313,8,data/processed/Common_Gull/Larus_canus_2_Modlin_Poland_Jarek_Matusiak_20110313_chunk008.wav,3.0,Larus_canus_2_Modlin_Poland_Jarek_Matusiak_20110313.mp3
Common_Gull,Larus_canus_2_Modlin_Poland_Jarek_Matusiak_20110313,9,data/processed/Common_Gull/Larus_canus_2_Modlin_Poland_Jarek_Matusiak_20110313_chunk009.wav,3.0,Larus_canus_2_Modlin_Poland_Jarek_Matusiak_20110313.mp3
Common_Gull,Larus_canus_2_Modlin_Poland_Jarek_Matusiak_20110313,10,data/processed/Common_Gull/Larus_canus_2_Modlin_Poland_Jarek_Matusiak_20110313_chunk010.wav,3.0,Larus_canus_2_Modlin_Poland_Jarek_Matusiak_20110313.mp3
Common_Gull,Larus_canus_2_Modlin_Poland_Jarek_Matusiak_20110313,11,data/processed/Common_Gull/Larus_canus_2_Modlin_Poland_Jarek_Matusiak_20110313_chunk011.wav,3.0,Larus_canus_2_Modlin_Poland_Jarek_Matusiak_20110313.mp3
Common_Gull,Larus_canus_2_Modlin_Poland_Jarek_Matusiak_20110313,12,data/processed/Common_Gull/Larus_canus_2_Modlin_Poland_Jarek_Matusiak_20110313_chunk012.wav,3.0,Larus_canus_2_Modlin_Poland_Jarek_Matusiak_20110313.mp3
Common_Gull,Larus_canus_2_Modlin_Poland_Jarek_Matusiak_20110313,13,data/processed/Common_Gull/Larus_canus_2_Modlin_Poland_Jarek_Matusiak_20110313_chunk013.wav,3.0,Larus_canus_2_Modlin_Poland_Jarek_Matusiak_20110313.mp3
Common_Gull,Larus_canus_2_Modlin_Poland_Jarek_Matusiak_20110313,14,data/processed/Common_Gull/Larus_canus_2_Modlin_Poland_Jarek_Matusiak_20110313_chunk014.wav,3.0,Larus_canus_2_Modlin_Poland_Jarek_Matusiak_20110313.mp3
Common_Gull,Larus_canus_2_Modlin_Poland_Jarek_Matusiak_20110313,15,data/processed/Common_Gull/Larus_canus_2_Modlin_Poland_Jarek_Matusiak_20110313_chunk015.wav,3.0,Larus_canus_2_Modlin_Poland_Jarek_Matusiak_20110313.mp3
Common_Gull,Larus_canus_2_Modlin_Poland_Jarek_Matusiak_20110313,16,data/processed/Common_Gull/Larus_canus_2_Modlin_Poland_Jarek_Matusiak_20110313_chunk016.wav,3.0,Larus_canus_2_Modlin_Poland_Jarek_Matusiak_20110313.mp3
Common_Gull,Larus_canus_2_Modlin_Poland_Jarek_Matusiak_20110313,17,data/processed/Common_Gull/Larus_canus_2_Modlin_Poland_Jarek_Matusiak_20110313_chunk017.wav,3.0,Larus_canus_2_Modlin_Poland_Jarek_Matusiak_20110313.mp3
Common_Gull,Larus_canus_2_Modlin_Poland_Jarek_Matusiak_20110313,18,data/processed/Common_Gull/Larus_canus_2_Modlin_Poland_Jarek_Matusiak_20110313_chunk018.wav,3.0,Larus_canus_2_Modlin_Poland_Jarek_Matusiak_20110313.mp3
Common_Gull,Larus_canus_2_Modlin_Poland_Jarek_Matusiak_20110313,19,data/processed/Common_Gull/Larus_canus_2_Modlin_Poland_Jarek_Matusiak_20110313_chunk019.wav,3.0,Larus_canus_2_Modlin_Poland_Jarek_Matusiak_20110313.mp3
Common_Gull,Larus_canus_2_Modlin_Poland_Jarek_Matusiak_20110313,20,data/processed/Common_Gull/Larus_canus_2_Modlin_Poland_Jarek_Matusiak_20110313_chunk020.wav,3.0,Larus_canus_2_Modlin_Poland_Jarek_Matusiak_20110313.mp3
Common_Gull,Larus_canus_2_Modlin_Poland_Jarek_Matusiak_20110313,21,data/processed/Common_Gull/Larus_canus_2_Modlin_Poland_Jarek_Matusiak_20110313_chunk021.wav,3.0,Larus_canus_2_Modlin_Poland_Jarek_Matusiak_20110313.mp3
Common_Gull,Larus_canus_2_Modlin_Poland_Jarek_Matusiak_20110313,22,data/processed/Common_Gull/Larus_canus_2_Modlin_Poland_Jarek_Matusiak_20110313_chunk022.wav,3.0,Larus_canus_2_Modlin_Poland_Jarek_Matusiak_20110313.mp3
Common_Gull,Larus_canus_2_Modlin_Poland_Jarek_Matusiak_20110313,23,data/processed/Common_Gull/Larus_canus_2_Modlin_Poland_Jarek_Matusiak_20110313_chunk023.wav,3.0,Larus_canus_2_Modlin_Poland_Jarek_Matusiak_20110313.mp3
Common_Gull,Larus_canus_2_Modlin_Poland_Jarek_Matusiak_20110313,24,data/processed/Common_Gull/Larus_canus_2_Modlin_Poland_Jarek_Matusiak_20110313_chunk024.wav,3.0,Larus_canus_2_Modlin_Poland_Jarek_Matusiak_20110313.mp3
Common_Gull,Larus_canus_2_Modlin_Poland_Jarek_Matusiak_20110313,25,data/processed/Common_Gull/Larus_canus_2_Modlin_Poland_Jarek_Matusiak_20110313_chunk025.wav,3.0,Larus_canus_2_Modlin_Poland_Jarek_Matusiak_20110313.mp3
Common_Gull,Larus_canus_2_Modlin_Poland_Jarek_Matusiak_20110313,26,data/processed/Common_Gull/Larus_canus_2_Modlin_Poland_Jarek_Matusiak_20110313_chunk026.wav,3.0,Larus_canus_2_Modlin_Poland_Jarek_Matusiak_20110313.mp3
Common_Gull,Larus_canus_2_Modlin_Poland_Jarek_Matusiak_20110313,27,data/processed/Common_Gull/Larus_canus_2_Modlin_Poland_Jarek_Matusiak_20110313_chunk027.wav,3.0,Larus_canus_2_Modlin_Poland_Jarek_Matusiak_20110313.mp3
Common_Gull,Larus_canus_2_Modlin_Poland_Jarek_Matusiak_20110313,28,data/processed/Common_Gull/Larus_canus_2_Modlin_Poland_Jarek_Matusiak_20110313_chunk028.wav,3.0,Larus_canus_2_Modlin_Poland_Jarek_Matusiak_20110313.mp3
Common_Gull,Larus_canus_2_Modlin_Poland_Jarek_Matusiak_20110313,29,data/processed/Common_Gull/Larus_canus_2_Modlin_Poland_Jarek_Matusiak_20110313_chunk029.wav,3.0,Larus_canus_2_Modlin_Poland_Jarek_Matusiak_20110313.mp3
Common_Gull,Larus_canus_2_Modlin_Poland_Jarek_Matusiak_20110313,30,data/processed/Common_Gull/Larus_canus_2_Modlin_Poland_Jarek_Matusiak_20110313_chunk030.wav,3.0,Larus_canus_2_Modlin_Poland_Jarek_Matusiak_20110313.mp3
Common_Gull,Larus_canus_2_Modlin_Poland_Jarek_Matusiak_20110313,31,data/processed/Common_Gull/Larus_canus_2_Modlin_Poland_Jarek_Matusiak_20110313_chunk031.wav,3.0,Larus_canus_2_Modlin_Poland_Jarek_Matusiak_20110313.mp3
Common_Gull,Larus_canus_2_Modlin_Poland_Jarek_Matusiak_20110313,32,data/processed/Common_Gull/Larus_canus_2_Modlin_Poland_Jarek_Matusiak_20110313_chunk032.wav,3.0,Larus_canus_2_Modlin_Poland_Jarek_Matusiak_20110313.mp3
Common_Gull,Larus_canus_2_Modlin_Poland_Jarek_Matusiak_20110313,33,data/processed/Common_Gull/Larus_canus_2_Modlin_Poland_Jarek_Matusiak_20110313_chunk033.wav,3.0,Larus_canus_2_Modlin_Poland_Jarek_Matusiak_20110313.mp3
Common_Gull,Larus_canus_2_Modlin_Poland_Jarek_Matusiak_20110313,34,data/processed/Common_Gull/Larus_canus_2_Modlin_Poland_Jarek_Matusiak_20110313_chunk034.wav,3.0,Larus_canus_2_Modlin_Poland_Jarek_Matusiak_20110313.mp3
Common_Gull,Larus_canus_2_Modlin_Poland_Jarek_Matusiak_20110313,35,data/processed/Common_Gull/Larus_canus_2_Modlin_Poland_Jarek_Matusiak_20110313_chunk035.wav,3.0,Larus_canus_2_Modlin_Poland_Jarek_Matusiak_20110313.mp3
Common_Gull,Larus_canus_2_Modlin_Poland_Jarek_Matusiak_20110313,36,data/processed/Common_Gull/Larus_canus_2_Modlin_Poland_Jarek_Matusiak_20110313_chunk036.wav,3.0,Larus_canus_2_Modlin_Poland_Jarek_Matusiak_20110313.mp3
Common_Gull,Larus_canus_2_Modlin_Poland_Jarek_Matusiak_20110313,37,data/processed/Common_Gull/Larus_canus_2_Modlin_Poland_Jarek_Matusiak_20110313_chunk037.wav,3.0,Larus_canus_2_Modlin_Poland_Jarek_Matusiak_20110313.mp3
Common_Gull,Larus_canus_2_Modlin_Poland_Jarek_Matusiak_20110313,38,data/processed/Common_Gull/Larus_canus_2_Modlin_Poland_Jarek_Matusiak_20110313_chunk038.wav,3.0,Larus_canus_2_Modlin_Poland_Jarek_Matusiak_20110313.mp3
Common_Gull,Larus_canus_Jarek_Matusiak_Baltic_Sea_Estonia_20100430_cop,0,data/processed/Common_Gull/Larus_canus_Jarek_Matusiak_Baltic_Sea_Estonia_20100430_cop_chunk000.wav,3.0,Larus_canus_Jarek_Matusiak_Baltic_Sea_Estonia_20100430_cop.mp3
Common_Gull,Larus_canus_Jarek_Matusiak_Baltic_Sea_Estonia_20100430_cop,1,data/processed/Common_Gull/Larus_canus_Jarek_Matusiak_Baltic_Sea_Estonia_20100430_cop_chunk001.wav,3.0,Larus_canus_Jarek_Matusiak_Baltic_Sea_Estonia_20100430_cop.mp3
Common_Gull,Larus_canus_Jarek_Matusiak_Baltic_Sea_Estonia_20100430_cop,2,data/processed/Common_Gull/Larus_canus_Jarek_Matusiak_Baltic_Sea_Estonia_20100430_cop_chunk002.wav,3.0,Larus_canus_Jarek_Matusiak_Baltic_Sea_Estonia_20100430_cop.mp3
Common_Gull,Larus_canus_Jarek_Matusiak_Baltic_Sea_Estonia_20100430_cop,3,data/processed/Common_Gull/Larus_canus_Jarek_Matusiak_Baltic_Sea_Estonia_20100430_cop_chunk003.wav,3.0,Larus_canus_Jarek_Matusiak_Baltic_Sea_Estonia_20100430_cop.mp3
Common_Gull,Larus_canus_Jarek_Matusiak_Baltic_Sea_Estonia_20100430_cop,4,data/processed/Common_Gull/Larus_canus_Jarek_Matusiak_Baltic_Sea_Estonia_20100430_cop_chunk004.wav,3.0,Larus_canus_Jarek_Matusiak_Baltic_Sea_Estonia_20100430_cop.mp3
Common_Gull,Larus_canus_Jarek_Matusiak_Baltic_Sea_Estonia_20100430_cop,5,data/processed/Common_Gull/Larus_canus_Jarek_Matusiak_Baltic_Sea_Estonia_20100430_cop_chunk005.wav,3.0,Larus_canus_Jarek_Matusiak_Baltic_Sea_Estonia_20100430_cop.mp3
Common_Gull,Larus_canus_Jarek_Matusiak_Baltic_Sea_Estonia_20100430_cop,6,data/processed/Common_Gull/Larus_canus_Jarek_Matusiak_Baltic_Sea_Estonia_20100430_cop_chunk006.wav,3.0,Larus_canus_Jarek_Matusiak_Baltic_Sea_Estonia_20100430_cop.mp3
Common_Gull,Larus_canus_Jarek_Matusiak_Baltic_Sea_Estonia_20100430_cop,7,data/processed/Common_Gull/Larus_canus_Jarek_Matusiak_Baltic_Sea_Estonia_20100430_cop_chunk007.wav,3.0,Larus_canus_Jarek_Matusiak_Baltic_Sea_Estonia_20100430_cop.mp3
Common_Gull,Larus_canus_Jarek_Matusiak_Baltic_Sea_Estonia_20100430_cop,8,data/processed/Common_Gull/Larus_canus_Jarek_Matusiak_Baltic_Sea_Estonia_20100430_cop_chunk008.wav,3.0,Larus_canus_Jarek_Matusiak_Baltic_Sea_Estonia_20100430_cop.mp3
Common_Gull,Larus_canus_Jarek_Matusiak_Baltic_Sea_Estonia_20100430_cop,9,data/processed/Common_Gull/Larus_canus_Jarek_Matusiak_Baltic_Sea_Estonia_20100430_cop_chunk009.wav,3.0,Larus_canus_Jarek_Matusiak_Baltic_Sea_Estonia_20100430_cop.mp3
Common_Gull,Larus_canus_Jarek_Matusiak_Baltic_Sea_Estonia_20100430_cop,10,data/processed/Common_Gull/Larus_canus_Jarek_Matusiak_Baltic_Sea_Estonia_20100430_cop_chunk010.wav,3.0,Larus_canus_Jarek_Matusiak_Baltic_Sea_Estonia_20100430_cop.mp3
Common_Gull,Larus_canus_Jarek_Matusiak_Baltic_Sea_Estonia_20100430_cop,11,data/processed/Common_Gull/Larus_canus_Jarek_Matusiak_Baltic_Sea_Estonia_20100430_cop_chunk011.wav,3.0,Larus_canus_Jarek_Matusiak_Baltic_Sea_Estonia_20100430_cop.mp3
Common_Gull,Larus_canus_Jarek_Matusiak_Baltic_Sea_Estonia_20100430_cop,12,data/processed/Common_Gull/Larus_canus_Jarek_Matusiak_Baltic_Sea_Estonia_20100430_cop_chunk012.wav,3.0,Larus_canus_Jarek_Matusiak_Baltic_Sea_Estonia_20100430_cop.mp3
Common_Gull,Larus_canus_Jarek_Matusiak_Baltic_Sea_Estonia_20100430_cop,13,data/processed/Common_Gull/Larus_canus_Jarek_Matusiak_Baltic_Sea_Estonia_20100430_cop_chunk013.wav,3.0,Larus_canus_Jarek_Matusiak_Baltic_Sea_Estonia_20100430_cop.mp3
Common_Gull,Larus_canus_Jarek_Matusiak_Baltic_Sea_Estonia_20100430_cop,14,data/processed/Common_Gull/Larus_canus_Jarek_Matusiak_Baltic_Sea_Estonia_20100430_cop_chunk014.wav,3.0,Larus_canus_Jarek_Matusiak_Baltic_Sea_Estonia_20100430_cop.mp3
Common_Gull,Larus_canus_Jarek_Matusiak_Baltic_Sea_Estonia_20100430_cop,15,data/processed/Common_Gull/Larus_canus_Jarek_Matusiak_Baltic_Sea_Estonia_20100430_cop_chunk015.wav,3.0,Larus_canus_Jarek_Matusiak_Baltic_Sea_Estonia_20100430_cop.mp3
Common_Gull,Larus_canus_Jarek_Matusiak_Baltic_Sea_Estonia_20100430_cop,16,data/processed/Common_Gull/Larus_canus_Jarek_Matusiak_Baltic_Sea_Estonia_20100430_cop_chunk016.wav,3.0,Larus_canus_Jarek_Matusiak_Baltic_Sea_Estonia_20100430_cop.mp3
Common_Gull,Larus_canus_Jarek_Matusiak_Baltic_Sea_Estonia_20100430_cop,17,data/processed/Common_Gull/Larus_canus_Jarek_Matusiak_Baltic_Sea_Estonia_20100430_cop_chunk017.wav,3.0,Larus_canus_Jarek_Matusiak_Baltic_Sea_Estonia_20100430_cop.mp3
Common_Gull,Larus_canus_Jarek_Matusiak_Baltic_Sea_Estonia_20100430_cop,18,data/processed/Common_Gull/Larus_canus_Jarek_Matusiak_Baltic_Sea_Estonia_20100430_cop_chunk018.wav,3.0,Larus_canus_Jarek_Matusiak_Baltic_Sea_Estonia_20100430_cop.mp3
Common_Gull,Larus_canus_Jarek_Matusiak_Raised_bog_Latvia_20100411,0,data/processed/Common_Gull/Larus_canus_Jarek_Matusiak_Raised_bog_Latvia_20100411_chunk000.wav,3.0,Larus_canus_Jarek_Matusiak_Raised_bog_Latvia_20100411.mp3
Common_Gull,Larus_canus_Jarek_Matusiak_Raised_bog_Latvia_20100411,1,data/processed/Common_Gull/Larus_canus_Jarek_Matusiak_Raised_bog_Latvia_20100411_chunk001.wav,3.0,Larus_canus_Jarek_Matusiak_Raised_bog_Latvia_20100411.mp3
Common_Gull,Larus_canus_Jarek_Matusiak_Raised_bog_Latvia_20100411,2,data/processed/Common_Gull/Larus_canus_Jarek_Matusiak_Raised_bog_Latvia_20100411_chunk002.wav,3.0,Larus_canus_Jarek_Matusiak_Raised_bog_Latvia_20100411.mp3
Common_Gull,Larus_canus_Jarek_Matusiak_Raised_bog_Latvia_20100411,3,data/processed/Common_Gull/Larus_canus_Jarek_Matusiak_Raised_bog_Latvia_20100411_chunk003.wav,3.0,Larus_canus_Jarek_Matusiak_Raised_bog_Latvia_20100411.mp3
Common_Gull,Larus_canus_Jarek_Matusiak_Raised_bog_Latvia_20100411,4,data/processed/Common_Gull/Larus_canus_Jarek_Matusiak_Raised_bog_Latvia_20100411_chunk004.wav,3.0,Larus_canus_Jarek_Matusiak_Raised_bog_Latvia_20100411.mp3
Common_Gull,Larus_canus_Jarek_Matusiak_Raised_bog_Latvia_20100411,5,data/processed/Common_Gull/Larus_canus_Jarek_Matusiak_Raised_bog_Latvia_20100411_chunk005.wav,3.0,Larus_canus_Jarek_Matusiak_Raised_bog_Latvia_20100411.mp3
Common_Gull,Larus_canus_Jarek_Matusiak_Raised_bog_Latvia_20100411,6,data/processed/Common_Gull/Larus_canus_Jarek_Matusiak_Raised_bog_Latvia_20100411_chunk006.wav,3.0,Larus_canus_Jarek_Matusiak_Raised_bog_Latvia_20100411.mp3
Common_Gull,Larus_canus_Jarek_Matusiak_Raised_bog_Latvia_20100411,7,data/processed/Common_Gull/Larus_canus_Jarek_Matusiak_Raised_bog_Latvia_20100411_chunk007.wav,3.0,Larus_canus_Jarek_Matusiak_Raised_bog_Latvia_20100411.mp3
Common_Gull,Larus_canus_Jarek_Matusiak_Raised_bog_Latvia_20100411,8,data/processed/Common_Gull/Larus_canus_Jarek_Matusiak_Raised_bog_Latvia_20100411_chunk008.wav,3.0,Larus_canus_Jarek_Matusiak_Raised_bog_Latvia_20100411.mp3
Common_Gull,Larus_canus_Jarek_Matusiak_Raised_bog_Latvia_20100411,9,data/processed/Common_Gull/Larus_canus_Jarek_Matusiak_Raised_bog_Latvia_20100411_chunk009.wav,3.0,Larus_canus_Jarek_Matusiak_Raised_bog_Latvia_20100411.mp3
Common_Gull,Larus_canus_Jarek_Matusiak_Raised_bog_Latvia_20100411,10,data/processed/Common_Gull/Larus_canus_Jarek_Matusiak_Raised_bog_Latvia_20100411_chunk010.wav,3.0,Larus_canus_Jarek_Matusiak_Raised_bog_Latvia_20100411.mp3
Common_Gull,Larus_canus_Jarek_Matusiak_Raised_bog_Latvia_20100411,11,data/processed/Common_Gull/Larus_canus_Jarek_Matusiak_Raised_bog_Latvia_20100411_chunk011.wav,3.0,Larus_canus_Jarek_Matusiak_Raised_bog_Latvia_20100411.mp3
Common_Gull,Larus_canus_Jarek_Matusiak_Raised_bog_Latvia_20100411,12,data/processed/Common_Gull/Larus_canus_Jarek_Matusiak_Raised_bog_Latvia_20100411_chunk012.wav,3.0,Larus_canus_Jarek_Matusiak_Raised_bog_Latvia_20100411.mp3
Common_Gull,Larus_canus_Jarek_Matusiak_Raised_bog_Latvia_20100411,13,data/processed/Common_Gull/Larus_canus_Jarek_Matusiak_Raised_bog_Latvia_20100411_chunk013.wav,3.0,Larus_canus_Jarek_Matusiak_Raised_bog_Latvia_20100411.mp3
Common_Gull,Larus_canus_Jarek_Matusiak_Raised_bog_Latvia_20100411,14,data/processed/Common_Gull/Larus_canus_Jarek_Matusiak_Raised_bog_Latvia_20100411_chunk014.wav,3.0,Larus_canus_Jarek_Matusiak_Raised_bog_Latvia_20100411.mp3
Common_Gull,Larus_canus_Jarek_Matusiak_Raised_bog_Latvia_20100411,15,data/processed/Common_Gull/Larus_canus_Jarek_Matusiak_Raised_bog_Latvia_20100411_chunk015.wav,3.0,Larus_canus_Jarek_Matusiak_Raised_bog_Latvia_20100411.mp3
Common_Gull,Larus_canus_Jarek_Matusiak_Raised_bog_Latvia_20100411,16,data/processed/Common_Gull/Larus_canus_Jarek_Matusiak_Raised_bog_Latvia_20100411_chunk016.wav,3.0,Larus_canus_Jarek_Matusiak_Raised_bog_Latvia_20100411.mp3
Common_Gull,Larus_canus_Jarek_Matusiak_Raised_bog_Latvia_20100411,17,data/processed/Common_Gull/Larus_canus_Jarek_Matusiak_Raised_bog_Latvia_20100411_chunk017.wav,3.0,Larus_canus_Jarek_Matusiak_Raised_bog_Latvia_20100411.mp3
Common_Gull,Larus_canus_Jarek_Matusiak_Raised_bog_Latvia_20100411,18,data/processed/Common_Gull/Larus_canus_Jarek_Matusiak_Raised_bog_Latvia_20100411_chunk018.wav,3.0,Larus_canus_Jarek_Matusiak_Raised_bog_Latvia_20100411.mp3
Common_Gull,Larus_canus_Jarek_Matusiak_Raised_bog_Latvia_20100427,0,data/processed/Common_Gull/Larus_canus_Jarek_Matusiak_Raised_bog_Latvia_20100427_chunk000.wav,3.0,Larus_canus_Jarek_Matusiak_Raised_bog_Latvia_20100427.mp3
Common_Gull,Larus_canus_Jarek_Matusiak_Raised_bog_Latvia_20100427,1,data/processed/Common_Gull/Larus_canus_Jarek_Matusiak_Raised_bog_Latvia_20100427_chunk001.wav,3.0,Larus_canus_Jarek_Matusiak_Raised_bog_Latvia_20100427.mp3
Common_Gull,Larus_canus_Jarek_Matusiak_Raised_bog_Latvia_20100427,2,data/processed/Common_Gull/Larus_canus_Jarek_Matusiak_Raised_bog_Latvia_20100427_chunk002.wav,3.0,Larus_canus_Jarek_Matusiak_Raised_bog_Latvia_20100427.mp3
Common_Gull,Larus_canus_Jarek_Matusiak_Raised_bog_Latvia_20100427,3,data/processed/Common_Gull/Larus_canus_Jarek_Matusiak_Raised_bog_Latvia_20100427_chunk003.wav,3.0,Larus_canus_Jarek_Matusiak_Raised_bog_Latvia_20100427.mp3
Common_Gull,Larus_canus_Jarek_Matusiak_Raised_bog_Latvia_20100427,4,data/processed/Common_Gull/Larus_canus_Jarek_Matusiak_Raised_bog_Latvia_20100427_chunk004.wav,3.0,Larus_canus_Jarek_Matusiak_Raised_bog_Latvia_20100427.mp3
Common_Gull,Larus_canus_Jarek_Matusiak_Raised_bog_Latvia_20100427,5,data/processed/Common_Gull/Larus_canus_Jarek_Matusiak_Raised_bog_Latvia_20100427_chunk005.wav,3.0,Larus_canus_Jarek_Matusiak_Raised_bog_Latvia_20100427.mp3
Common_Gull,Larus_canus_Jarek_Matusiak_Raised_bog_Latvia_20100427,6,data/processed/Common_Gull/Larus_canus_Jarek_Matusiak_Raised_bog_Latvia_20100427_chunk006.wav,3.0,Larus_canus_Jarek_Matusiak_Raised_bog_Latvia_20100427.mp3
Common_Gull,Larus_canus_Jarek_Matusiak_Raised_bog_Latvia_20100427,7,data/processed/Common_Gull/Larus_canus_Jarek_Matusiak_Raised_bog_Latvia_20100427_chunk007.wav,3.0,Larus_canus_Jarek_Matusiak_Raised_bog_Latvia_20100427.mp3
Common_Gull,Larus_canus_Jarek_Matusiak_Raised_bog_Latvia_20100427,8,data/processed/Common_Gull/Larus_canus_Jarek_Matusiak_Raised_bog_Latvia_20100427_chunk008.wav,3.0,Larus_canus_Jarek_Matusiak_Raised_bog_Latvia_20100427.mp3
Common_Gull,Larus_canus_Jarek_Matusiak_Raised_bog_Latvia_20100427,9,data/processed/Common_Gull/Larus_canus_Jarek_Matusiak_Raised_bog_Latvia_20100427_chunk009.wav,3.0,Larus_canus_Jarek_Matusiak_Raised_bog_Latvia_20100427.mp3
Common_Gull,Larus_canus_Jarek_Matusiak_Raised_bog_Latvia_20100427,10,data/processed/Common_Gull/Larus_canus_Jarek_Matusiak_Raised_bog_Latvia_20100427_chunk010.wav,3.0,Larus_canus_Jarek_Matusiak_Raised_bog_Latvia_20100427.mp3
Common_Gull,Larus_canus_Jarek_Matusiak_Raised_bog_Latvia_20100427,11,data/processed/Common_Gull/Larus_canus_Jarek_Matusiak_Raised_bog_Latvia_20100427_chunk011.wav,3.0,Larus_canus_Jarek_Matusiak_Raised_bog_Latvia_20100427.mp3
Common_Gull,Larus_canus_Jarek_Matusiak_Raised_bog_Latvia_20100427,12,data/processed/Common_Gull/Larus_canus_Jarek_Matusiak_Raised_bog_Latvia_20100427_chunk012.wav,3.0,Larus_canus_Jarek_Matusiak_Raised_bog_Latvia_20100427.mp3
Common_Gull,Larus_canus_Jarek_Matusiak_Raised_bog_Latvia_20100427,13,data/processed/Common_Gull/Larus_canus_Jarek_Matusiak_Raised_bog_Latvia_20100427_chunk013.wav,3.0,Larus_canus_Jarek_Matusiak_Raised_bog_Latvia_20100427.mp3
Common_Gull,Larus_canus_Jarek_Matusiak_Vistula_Poland_20110310,0,data/processed/Common_Gull/Larus_canus_Jarek_Matusiak_Vistula_Poland_20110310_chunk000.wav,3.0,Larus_canus_Jarek_Matusiak_Vistula_Poland_20110310.mp3
Common_Gull,Larus_canus_Jarek_Matusiak_Vistula_Poland_20110310,1,data/processed/Common_Gull/Larus_canus_Jarek_Matusiak_Vistula_Poland_20110310_chunk001.wav,3.0,Larus_canus_Jarek_Matusiak_Vistula_Poland_20110310.mp3
Common_Gull,Larus_canus_Jarek_Matusiak_Vistula_Poland_20110310,2,data/processed/Common_Gull/Larus_canus_Jarek_Matusiak_Vistula_Poland_20110310_chunk002.wav,3.0,Larus_canus_Jarek_Matusiak_Vistula_Poland_20110310.mp3
Common_Gull,Larus_canus_Jarek_Matusiak_Vistula_Poland_20110310,3,data/processed/Common_Gull/Larus_canus_Jarek_Matusiak_Vistula_Poland_20110310_chunk003.wav,3.0,Larus_canus_Jarek_Matusiak_Vistula_Poland_20110310.mp3
Common_Gull,Larus_canus_Jarek_Matusiak_Vistula_Poland_20110310,4,data/processed/Common_Gull/Larus_canus_Jarek_Matusiak_Vistula_Poland_20110310_chunk004.wav,3.0,Larus_canus_Jarek_Matusiak_Vistula_Poland_20110310.mp3
Common_Gull,Larus_canus_Jarek_Matusiak_Vistula_Poland_20110310,5,data/processed/Common_Gull/Larus_canus_Jarek_Matusiak_Vistula_Poland_20110310_chunk005.wav,3.0,Larus_canus_Jarek_Matusiak_Vistula_Poland_20110310.mp3
Common_Gull,Larus_canus_Jarek_Matusiak_Vistula_Poland_20110310,6,data/processed/Common_Gull/Larus_canus_Jarek_Matusiak_Vistula_Poland_20110310_chunk006.wav,3.0,Larus_canus_Jarek_Matusiak_Vistula_Poland_20110310.mp3
Common_Gull,Larus_canus_Jarek_Matusiak_Vistula_Poland_20110310,7,data/processed/Common_Gull/Larus_canus_Jarek_Matusiak_Vistula_Poland_20110310_chunk007.wav,3.0,Larus_canus_Jarek_Matusiak_Vistula_Poland_20110310.mp3
Common_Gull,Larus_canus_Jarek_Matusiak_Vistula_Poland_20110310,8,data/processed/Common_Gull/Larus_canus_Jarek_Matusiak_Vistula_Poland_20110310_chunk008.wav,3.0,Larus_canus_Jarek_Matusiak_Vistula_Poland_20110310.mp3
Common_Gull,Larus_canus_Jarek_Matusiak_Vistula_Poland_20110310,9,data/processed/Common_Gull/Larus_canus_Jarek_Matusiak_Vistula_Poland_20110310_chunk009.wav,3.0,Larus_canus_Jarek_Matusiak_Vistula_Poland_20110310.mp3
Common_Gull,Larus_canus_Jarek_Matusiak_Vistula_Poland_20110310,10,data/processed/Common_Gull/Larus_canus_Jarek_Matusiak_Vistula_Poland_20110310_chunk010.wav,3.0,Larus_canus_Jarek_Matusiak_Vistula_Poland_20110310.mp3
Common_Gull,Larus_canus_Jarek_Matusiak_Vistula_Poland_20110310,11,data/processed/Common_Gull/Larus_canus_Jarek_Matusiak_Vistula_Poland_20110310_chunk011.wav,3.0,Larus_canus_Jarek_Matusiak_Vistula_Poland_20110310.mp3
Common_Gull,Larus_canus_Jarek_Matusiak_Vistula_Poland_20110310,12,data/processed/Common_Gull/Larus_canus_Jarek_Matusiak_Vistula_Poland_20110310_chunk012.wav,3.0,Larus_canus_Jarek_Matusiak_Vistula_Poland_20110310.mp3
Common_Gull,Larus_canus_Jarek_Matusiak_Vistula_Poland_20110310,13,data/processed/Common_Gull/Larus_canus_Jarek_Matusiak_Vistula_Poland_20110310_chunk013.wav,3.0,Larus_canus_Jarek_Matusiak_Vistula_Poland_20110310.mp3
Common_Gull,Larus_canus_Jarek_Matusiak_Vistula_Poland_20110310,14,data/processed/Common_Gull/Larus_canus_Jarek_Matusiak_Vistula_Poland_20110310_chunk014.wav,3.0,Larus_canus_Jarek_Matusiak_Vistula_Poland_20110310.mp3
Common_Gull,Larus_canus_Jarek_Matusiak_Vistula_Poland_20110310,15,data/processed/Common_Gull/Larus_canus_Jarek_Matusiak_Vistula_Poland_20110310_chunk015.wav,3.0,Larus_canus_Jarek_Matusiak_Vistula_Poland_20110310.mp3
Common_Gull,Larus_canus_Jarek_Matusiak_Vistula_Poland_20110310,16,data/processed/Common_Gull/Larus_canus_Jarek_Matusiak_Vistula_Poland_20110310_chunk016.wav,3.0,Larus_canus_Jarek_Matusiak_Vistula_Poland_20110310.mp3
Common_Gull,Larus_canus_Modlin_Poland_Jarek_Matusiak_20110313,0,data/processed/Common_Gull/Larus_canus_Modlin_Poland_Jarek_Matusiak_20110313_chunk000.wav,3.0,Larus_canus_Modlin_Poland_Jarek_Matusiak_20110313.mp3
Common_Gull,Larus_canus_Modlin_Poland_Jarek_Matusiak_20110313,1,data/processed/Common_Gull/Larus_canus_Modlin_Poland_Jarek_Matusiak_20110313_chunk001.wav,3.0,Larus_canus_Modlin_Poland_Jarek_Matusiak_20110313.mp3
Common_Gull,Larus_canus_Modlin_Poland_Jarek_Matusiak_20110313,2,data/processed/Common_Gull/Larus_canus_Modlin_Poland_Jarek_Matusiak_20110313_chunk002.wav,3.0,Larus_canus_Modlin_Poland_Jarek_Matusiak_20110313.mp3
Common_Gull,Larus_canus_Modlin_Poland_Jarek_Matusiak_20110313,3,data/processed/Common_Gull/Larus_canus_Modlin_Poland_Jarek_Matusiak_20110313_chunk003.wav,3.0,Larus_canus_Modlin_Poland_Jarek_Matusiak_20110313.mp3
Common_Gull,Larus_canus_Modlin_Poland_Jarek_Matusiak_20110313,4,data/processed/Common_Gull/Larus_canus_Modlin_Poland_Jarek_Matusiak_20110313_chunk004.wav,3.0,Larus_canus_Modlin_Poland_Jarek_Matusiak_20110313.mp3
Common_Gull,Larus_canus_Modlin_Poland_Jarek_Matusiak_20110313,5,data/processed/Common_Gull/Larus_canus_Modlin_Poland_Jarek_Matusiak_20110313_chunk005.wav,3.0,Larus_canus_Modlin_Poland_Jarek_Matusiak_20110313.mp3
Common_Gull,Larus_canus_Modlin_Poland_Jarek_Matusiak_20110313,6,data/processed/Common_Gull/Larus_canus_Modlin_Poland_Jarek_Matusiak_20110313_chunk006.wav,3.0,Larus_canus_Modlin_Poland_Jarek_Matusiak_20110313.mp3
Common_Gull,Larus_canus_Modlin_Poland_Jarek_Matusiak_20110313,7,data/processed/Common_Gull/Larus_canus_Modlin_Poland_Jarek_Matusiak_20110313_chunk007.wav,3.0,Larus_canus_Modlin_Poland_Jarek_Matusiak_20110313.mp3
Common_Gull,Mew,0,data/processed/Common_Gull/Mew_chunk000.wav,3.0,Mew.mp3
Common_Gull,Mew,1,data/processed/Common_Gull/Mew_chunk001.wav,3.0,Mew.mp3
Common_Gull,Mew,2,data/processed/Common_Gull/Mew_chunk002.wav,3.0,Mew.mp3
Common_Gull,Mew,3,data/processed/Common_Gull/Mew_chunk003.wav,3.0,Mew.mp3
Common_Gull,Mew,4,data/processed/Common_Gull/Mew_chunk004.wav,3.0,Mew.mp3
Common_Gull,Mew,5,data/processed/Common_Gull/Mew_chunk005.wav,3.0,Mew.mp3
Common_Gull,Mew,6,data/processed/Common_Gull/Mew_chunk006.wav,3.0,Mew.mp3
Common_Gull,Mew,7,data/processed/Common_Gull/Mew_chunk007.wav,3.0,Mew.mp3
Common_Gull,Mew,8,data/processed/Common_Gull/Mew_chunk008.wav,3.0,Mew.mp3
Common_Gull,Mew,9,data/processed/Common_Gull/Mew_chunk009.wav,3.0,Mew.mp3
Common_Gull,Mew,10,data/processed/Common_Gull/Mew_chunk010.wav,3.0,Mew.mp3
Common_Gull,Mew,11,data/processed/Common_Gull/Mew_chunk011.wav,3.0,Mew.mp3
Common_Gull,Mew,12,data/processed/Common_Gull/Mew_chunk012.wav,3.0,Mew.mp3
Common_Gull,Mew,13,data/processed/Common_Gull/Mew_chunk013.wav,3.0,Mew.mp3
Common_Gull,Mew,14,data/processed/Common_Gull/Mew_chunk014.wav,3.0,Mew.mp3
Common_Gull,Mew,15,data/processed/Common_Gull/Mew_chunk015.wav,3.0,Mew.mp3
Common_Gull,MewGullWanstead,0,data/processed/Common_Gull/MewGullWanstead_chunk000.wav,3.0,MewGullWanstead.mp3
Common_Gull,MewGullWanstead,1,data/processed/Common_Gull/MewGullWanstead_chunk001.wav,3.0,MewGullWanstead.mp3
Common_Gull,MewGullWanstead,2,data/processed/Common_Gull/MewGullWanstead_chunk002.wav,3.0,MewGullWanstead.mp3
Common_Gull,MewGullWanstead,3,data/processed/Common_Gull/MewGullWanstead_chunk003.wav,3.0,MewGullWanstead.mp3
Common_Gull,Storm_ZmMeerp_110314-24xc,0,data/processed/Common_Gull/Storm_ZmMeerp_110314-24xc_chunk000.wav,3.0,Storm_ZmMeerp_110314-24xc.mp3
Common_Gull,Storm_ZmMeerp_110314-24xc,1,data/processed/Common_Gull/Storm_ZmMeerp_110314-24xc_chunk001.wav,3.0,Storm_ZmMeerp_110314-24xc.mp3
Common_Gull,Storm_ZmMeerp_110314-24xc,2,data/processed/Common_Gull/Storm_ZmMeerp_110314-24xc_chunk002.wav,3.0,Storm_ZmMeerp_110314-24xc.mp3
Common_Gull,Storm_ZmMeerp_110314-24xc,3,data/processed/Common_Gull/Storm_ZmMeerp_110314-24xc_chunk003.wav,3.0,Storm_ZmMeerp_110314-24xc.mp3
Common_Gull,Storm_ZmMeerp_110314-24xc,4,data/processed/Common_Gull/Storm_ZmMeerp_110314-24xc_chunk004.wav,3.0,Storm_ZmMeerp_110314-24xc.mp3
Common_Gull,Storm_ZmMeerp_110314-24xc,5,data/processed/Common_Gull/Storm_ZmMeerp_110314-24xc_chunk005.wav,3.0,Storm_ZmMeerp_110314-24xc.mp3
Common_Gull,Storm_ZmMeerp_110314-24xc,6,data/processed/Common_Gull/Storm_ZmMeerp_110314-24xc_chunk006.wav,3.0,Storm_ZmMeerp_110314-24xc.mp3
Common_Gull,XC118221-Sturmmöwe20130113Immenstaad01,0,data/processed/Common_Gull/XC118221-Sturmmöwe20130113Immenstaad01_chunk000.wav,3.0,XC118221-Sturmmöwe20130113Immenstaad01.mp3
Common_Gull,XC118221-Sturmmöwe20130113Immenstaad01,1,data/processed/Common_Gull/XC118221-Sturmmöwe20130113Immenstaad01_chunk001.wav,3.0,XC118221-Sturmmöwe20130113Immenstaad01.mp3
Common_Gull,XC128367-Larus_canus_Poland_Jarek_Matusiak_20130403wav,0,data/processed/Common_Gull/XC128367-Larus_canus_Poland_Jarek_Matusiak_20130403wav_chunk000.wav,3.0,XC128367-Larus_canus_Poland_Jarek_Matusiak_20130403wav.mp3
Common_Gull,XC128367-Larus_canus_Poland_Jarek_Matusiak_20130403wav,1,data/processed/Common_Gull/XC128367-Larus_canus_Poland_Jarek_Matusiak_20130403wav_chunk001.wav,3.0,XC128367-Larus_canus_Poland_Jarek_Matusiak_20130403wav.mp3
Common_Gull,XC128367-Larus_canus_Poland_Jarek_Matusiak_20130403wav,2,data/processed/Common_Gull/XC128367-Larus_canus_Poland_Jarek_Matusiak_20130403wav_chunk002.wav,3.0,XC128367-Larus_canus_Poland_Jarek_Matusiak_20130403wav.mp3
Common_Gull,XC128367-Larus_canus_Poland_Jarek_Matusiak_20130403wav,3,data/processed/Common_Gull/XC128367-Larus_canus_Poland_Jarek_Matusiak_20130403wav_chunk003.wav,3.0,XC128367-Larus_canus_Poland_Jarek_Matusiak_20130403wav.mp3
Common_Gull,XC128367-Larus_canus_Poland_Jarek_Matusiak_20130403wav,4,data/processed/Common_Gull/XC128367-Larus_canus_Poland_Jarek_Matusiak_20130403wav_chunk004.wav,3.0,XC128367-Larus_canus_Poland_Jarek_Matusiak_20130403wav.mp3
Common_Gull,XC128367-Larus_canus_Poland_Jarek_Matusiak_20130403wav,5,data/processed/Common_Gull/XC128367-Larus_canus_Poland_Jarek_Matusiak_20130403wav_chunk005.wav,3.0,XC128367-Larus_canus_Poland_Jarek_Matusiak_20130403wav.mp3
Common_Gull,XC128367-Larus_canus_Poland_Jarek_Matusiak_20130403wav,6,data/processed/Common_Gull/XC128367-Larus_canus_Poland_Jarek_Matusiak_20130403wav_chunk006.wav,3.0,XC128367-Larus_canus_Poland_Jarek_Matusiak_20130403wav.mp3
Common_Gull,XC128367-Larus_canus_Poland_Jarek_Matusiak_20130403wav,7,data/processed/Common_Gull/XC128367-Larus_canus_Poland_Jarek_Matusiak_20130403wav_chunk007.wav,3.0,XC128367-Larus_canus_Poland_Jarek_Matusiak_20130403wav.mp3
Common_Gull,XC128367-Larus_canus_Poland_Jarek_Matusiak_20130403wav,8,data/processed/Common_Gull/XC128367-Larus_canus_Poland_Jarek_Matusiak_20130403wav_chunk008.wav,3.0,XC128367-Larus_canus_Poland_Jarek_Matusiak_20130403wav.mp3
Common_Gull,XC128367-Larus_canus_Poland_Jarek_Matusiak_20130403wav,9,data/processed/Common_Gull/XC128367-Larus_canus_Poland_Jarek_Matusiak_20130403wav_chunk009.wav,3.0,XC128367-Larus_canus_Poland_Jarek_Matusiak_20130403wav.mp3
Common_Gull,XC128367-Larus_canus_Poland_Jarek_Matusiak_20130403wav,10,data/processed/Common_Gull/XC128367-Larus_canus_Poland_Jarek_Matusiak_20130403wav_chunk010.wav,3.0,XC128367-Larus_canus_Poland_Jarek_Matusiak_20130403wav.mp3
Common_Gull,XC128367-Larus_canus_Poland_Jarek_Matusiak_20130403wav,11,data/processed/Common_Gull/XC128367-Larus_canus_Poland_Jarek_Matusiak_20130403wav_chunk011.wav,3.0,XC128367-Larus_canus_Poland_Jarek_Matusiak_20130403wav.mp3
Common_Gull,XC128367-Larus_canus_Poland_Jarek_Matusiak_20130403wav,12,data/processed/Common_Gull/XC128367-Larus_canus_Poland_Jarek_Matusiak_20130403wav_chunk012.wav,3.0,XC128367-Larus_canus_Poland_Jarek_Matusiak_20130403wav.mp3
Common_Gull,XC128367-Larus_canus_Poland_Jarek_Matusiak_20130403wav,13,data/processed/Common_Gull/XC128367-Larus_canus_Poland_Jarek_Matusiak_20130403wav_chunk013.wav,3.0,XC128367-Larus_canus_Poland_Jarek_Matusiak_20130403wav.mp3
Common_Gull,XC128367-Larus_canus_Poland_Jarek_Matusiak_20130403wav,14,data/processed/Common_Gull/XC128367-Larus_canus_Poland_Jarek_Matusiak_20130403wav_chunk014.wav,3.0,XC128367-Larus_canus_Poland_Jarek_Matusiak_20130403wav.mp3
Common_Gull,XC128367-Larus_canus_Poland_Jarek_Matusiak_20130403wav,15,data/processed/Common_Gull/XC128367-Larus_canus_Poland_Jarek_Matusiak_20130403wav_chunk015.wav,3.0,XC128367-Larus_canus_Poland_Jarek_Matusiak_20130403wav.mp3
Common_Gull,XC128367-Larus_canus_Poland_Jarek_Matusiak_20130403wav,16,data/processed/Common_Gull/XC128367-Larus_canus_Poland_Jarek_Matusiak_20130403wav_chunk016.wav,3.0,XC128367-Larus_canus_Poland_Jarek_Matusiak_20130403wav.mp3
Common_Gull,XC128367-Larus_canus_Poland_Jarek_Matusiak_20130403wav,17,data/processed/Common_Gull/XC128367-Larus_canus_Poland_Jarek_Matusiak_20130403wav_chunk017.wav,3.0,XC128367-Larus_canus_Poland_Jarek_Matusiak_20130403wav.mp3
Common_Gull,XC128367-Larus_canus_Poland_Jarek_Matusiak_20130403wav,18,data/processed/Common_Gull/XC128367-Larus_canus_Poland_Jarek_Matusiak_20130403wav_chunk018.wav,3.0,XC128367-Larus_canus_Poland_Jarek_Matusiak_20130403wav.mp3
Common_Gull,XC128367-Larus_canus_Poland_Jarek_Matusiak_20130403wav,19,data/processed/Common_Gull/XC128367-Larus_canus_Poland_Jarek_Matusiak_20130403wav_chunk019.wav,3.0,XC128367-Larus_canus_Poland_Jarek_Matusiak_20130403wav.mp3
Common_Gull,XC128367-Larus_canus_Poland_Jarek_Matusiak_20130403wav,20,data/processed/Common_Gull/XC128367-Larus_canus_Poland_Jarek_Matusiak_20130403wav_chunk020.wav,3.0,XC128367-Larus_canus_Poland_Jarek_Matusiak_20130403wav.mp3
Common_Gull,XC128367-Larus_canus_Poland_Jarek_Matusiak_20130403wav,21,data/processed/Common_Gull/XC128367-Larus_canus_Poland_Jarek_Matusiak_20130403wav_chunk021.wav,3.0,XC128367-Larus_canus_Poland_Jarek_Matusiak_20130403wav.mp3
Common_Gull,XC128367-Larus_canus_Poland_Jarek_Matusiak_20130403wav,22,data/processed/Common_Gull/XC128367-Larus_canus_Poland_Jarek_Matusiak_20130403wav_chunk022.wav,3.0,XC128367-Larus_canus_Poland_Jarek_Matusiak_20130403wav.mp3
Common_Gull,XC128367-Larus_canus_Poland_Jarek_Matusiak_20130403wav,23,data/processed/Common_Gull/XC128367-Larus_canus_Poland_Jarek_Matusiak_20130403wav_chunk023.wav,3.0,XC128367-Larus_canus_Poland_Jarek_Matusiak_20130403wav.mp3
Common_Gull,XC128367-Larus_canus_Poland_Jarek_Matusiak_20130403wav,24,data/processed/Common_Gull/XC128367-Larus_canus_Poland_Jarek_Matusiak_20130403wav_chunk024.wav,3.0,XC128367-Larus_canus_Poland_Jarek_Matusiak_20130403wav.mp3
Common_Gull,XC128367-Larus_canus_Poland_Jarek_Matusiak_20130403wav,25,data/processed/Common_Gull/XC128367-Larus_canus_Poland_Jarek_Matusiak_20130403wav_chunk025.wav,3.0,XC128367-Larus_canus_Poland_Jarek_Matusiak_20130403wav.mp3
Common_Gull,XC128367-Larus_canus_Poland_Jarek_Matusiak_20130403wav,26,data/processed/Common_Gull/XC128367-Larus_canus_Poland_Jarek_Matusiak_20130403wav_chunk026.wav,3.0,XC128367-Larus_canus_Poland_Jarek_Matusiak_20130403wav.mp3
Common_Gull,XC128367-Larus_canus_Poland_Jarek_Matusiak_20130403wav,27,data/processed/Common_Gull/XC128367-Larus_canus_Poland_Jarek_Matusiak_20130403wav_chunk027.wav,3.0,XC128367-Larus_canus_Poland_Jarek_Matusiak_20130403wav.mp3
Common_Gull,XC128367-Larus_canus_Poland_Jarek_Matusiak_20130403wav,28,data/processed/Common_Gull/XC128367-Larus_canus_Poland_Jarek_Matusiak_20130403wav_chunk028.wav,3.0,XC128367-Larus_canus_Poland_Jarek_Matusiak_20130403wav.mp3
Common_Gull,XC128367-Larus_canus_Poland_Jarek_Matusiak_20130403wav,29,data/processed/Common_Gull/XC128367-Larus_canus_Poland_Jarek_Matusiak_20130403wav_chunk029.wav,3.0,XC128367-Larus_canus_Poland_Jarek_Matusiak_20130403wav.mp3
Common_Gull,XC128367-Larus_canus_Poland_Jarek_Matusiak_20130403wav,30,data/processed/Common_Gull/XC128367-Larus_canus_Poland_Jarek_Matusiak_20130403wav_chunk030.wav,3.0,XC128367-Larus_canus_Poland_Jarek_Matusiak_20130403wav.mp3
Common_Gull,XC128367-Larus_canus_Poland_Jarek_Matusiak_20130403wav,31,data/processed/Common_Gull/XC128367-Larus_canus_Poland_Jarek_Matusiak_20130403wav_chunk031.wav,3.0,XC128367-Larus_canus_Poland_Jarek_Matusiak_20130403wav.mp3
Common_Gull,XC128367-Larus_canus_Poland_Jarek_Matusiak_20130403wav,32,data/processed/Common_Gull/XC128367-Larus_canus_Poland_Jarek_Matusiak_20130403wav_chunk032.wav,3.0,XC128367-Larus_canus_Poland_Jarek_Matusiak_20130403wav.mp3
Common_Gull,XC128367-Larus_canus_Poland_Jarek_Matusiak_20130403wav,33,data/processed/Common_Gull/XC128367-Larus_canus_Poland_Jarek_Matusiak_20130403wav_chunk033.wav,3.0,XC128367-Larus_canus_Poland_Jarek_Matusiak_20130403wav.mp3
Common_Gull,XC128367-Larus_canus_Poland_Jarek_Matusiak_20130403wav,34,data/processed/Common_Gull/XC128367-Larus_canus_Poland_Jarek_Matusiak_20130403wav_chunk034.wav,3.0,XC128367-Larus_canus_Poland_Jarek_Matusiak_20130403wav.mp3
Common_Gull,XC128367-Larus_canus_Poland_Jarek_Matusiak_20130403wav,35,data/processed/Common_Gull/XC128367-Larus_canus_Poland_Jarek_Matusiak_20130403wav_chunk035.wav,3.0,XC128367-Larus_canus_Poland_Jarek_Matusiak_20130403wav.mp3
Common_Gull,XC128367-Larus_canus_Poland_Jarek_Matusiak_20130403wav,36,data/processed/Common_Gull/XC128367-Larus_canus_Poland_Jarek_Matusiak_20130403wav_chunk036.wav,3.0,XC128367-Larus_canus_Poland_Jarek_Matusiak_20130403wav.mp3
Common_Gull,XC128367-Larus_canus_Poland_Jarek_Matusiak_20130403wav,37,data/processed/Common_Gull/XC128367-Larus_canus_Poland_Jarek_Matusiak_20130403wav_chunk037.wav,3.0,XC128367-Larus_canus_Poland_Jarek_Matusiak_20130403wav.mp3
Common_Gull,XC128367-Larus_canus_Poland_Jarek_Matusiak_20130403wav,38,data/processed/Common_Gull/XC128367-Larus_canus_Poland_Jarek_Matusiak_20130403wav_chunk038.wav,3.0,XC128367-Larus_canus_Poland_Jarek_Matusiak_20130403wav.mp3
Common_Gull,XC128367-Larus_canus_Poland_Jarek_Matusiak_20130403wav,39,data/processed/Common_Gull/XC128367-Larus_canus_Poland_Jarek_Matusiak_20130403wav_chunk039.wav,3.0,XC128367-Larus_canus_Poland_Jarek_Matusiak_20130403wav.mp3
Common_Gull,XC128367-Larus_canus_Poland_Jarek_Matusiak_20130403wav,40,data/processed/Common_Gull/XC128367-Larus_canus_Poland_Jarek_Matusiak_20130403wav_chunk040.wav,3.0,XC128367-Larus_canus_Poland_Jarek_Matusiak_20130403wav.mp3
Common_Gull,XC128367-Larus_canus_Poland_Jarek_Matusiak_20130403wav,41,data/processed/Common_Gull/XC128367-Larus_canus_Poland_Jarek_Matusiak_20130403wav_chunk041.wav,3.0,XC128367-Larus_canus_Poland_Jarek_Matusiak_20130403wav.mp3
Common_Gull,XC128367-Larus_canus_Poland_Jarek_Matusiak_20130403wav,42,data/processed/Common_Gull/XC128367-Larus_canus_Poland_Jarek_Matusiak_20130403wav_chunk042.wav,3.0,XC128367-Larus_canus_Poland_Jarek_Matusiak_20130403wav.mp3
Common_Gull,XC128367-Larus_canus_Poland_Jarek_Matusiak_20130403wav,43,data/processed/Common_Gull/XC128367-Larus_canus_Poland_Jarek_Matusiak_20130403wav_chunk043.wav,3.0,XC128367-Larus_canus_Poland_Jarek_Matusiak_20130403wav.mp3
Common_Gull,XC128367-Larus_canus_Poland_Jarek_Matusiak_20130403wav,44,data/processed/Common_Gull/XC128367-Larus_canus_Poland_Jarek_Matusiak_20130403wav_chunk044.wav,3.0,XC128367-Larus_canus_Poland_Jarek_Matusiak_20130403wav.mp3
Common_Gull,XC128367-Larus_canus_Poland_Jarek_Matusiak_20130403wav,45,data/processed/Common_Gull/XC128367-Larus_canus_Poland_Jarek_Matusiak_20130403wav_chunk045.wav,3.0,XC128367-Larus_canus_Poland_Jarek_Matusiak_20130403wav.mp3
Common_Gull,XC129664-130414-001fiskemaase,0,data/processed/Common_Gull/XC129664-130414-001fiskemaase_chunk000.wav,3.0,XC129664-130414-001fiskemaase.mp3
Common_Gull,XC129664-130414-001fiskemaase,1,data/processed/Common_Gull/XC129664-130414-001fiskemaase_chunk001.wav,3.0,XC129664-130414-001fiskemaase.mp3
Common_Gull,XC129664-130414-001fiskemaase,2,data/processed/Common_Gull/XC129664-130414-001fiskemaase_chunk002.wav,3.0,XC129664-130414-001fiskemaase.mp3
Common_Gull,XC129664-130414-001fiskemaase,3,data/processed/Common_Gull/XC129664-130414-001fiskemaase_chunk003.wav,3.0,XC129664-130414-001fiskemaase.mp3
Common_Gull,XC129664-130414-001fiskemaase,4,data/processed/Common_Gull/XC129664-130414-001fiskemaase_chunk004.wav,3.0,XC129664-130414-001fiskemaase.mp3
Common_Gull,XC129664-130414-001fiskemaase,5,data/processed/Common_Gull/XC129664-130414-001fiskemaase_chunk005.wav,3.0,XC129664-130414-001fiskemaase.mp3
Common_Gull,XC129664-130414-001fiskemaase,6,data/processed/Common_Gull/XC129664-130414-001fiskemaase_chunk006.wav,3.0,XC129664-130414-001fiskemaase.mp3
Common_Gull,XC129664-130414-001fiskemaase,7,data/processed/Common_Gull/XC129664-130414-001fiskemaase_chunk007.wav,3.0,XC129664-130414-001fiskemaase.mp3
Common_Gull,XC130603-gavina,0,data/processed/Common_Gull/XC130603-gavina_chunk000.wav,3.0,XC130603-gavina.mp3
Common_Gull,XC130603-gavina,1,data/processed/Common_Gull/XC130603-gavina_chunk001.wav,3.0,XC130603-gavina.mp3
Common_Gull,XC130603-gavina,2,data/processed/Common_Gull/XC130603-gavina_chunk002.wav,3.0,XC130603-gavina.mp3
Common_Gull,XC130603-gavina,3,data/processed/Common_Gull/XC130603-gavina_chunk003.wav,3.0,XC130603-gavina.mp3
Common_Gull,XC130603-gavina,4,data/processed/Common_Gull/XC130603-gavina_chunk004.wav,3.0,XC130603-gavina.mp3
Common_Gull,XC130603-gavina,5,data/processed/Common_Gull/XC130603-gavina_chunk005.wav,3.0,XC130603-gavina.mp3
Common_Gull,XC130603-gavina,6,data/processed/Common_Gull/XC130603-gavina_chunk006.wav,3.0,XC130603-gavina.mp3
Common_Gull,XC130603-gavina,7,data/processed/Common_Gull/XC130603-gavina_chunk007.wav,3.0,XC130603-gavina.mp3
Common_Gull,XC135279-130510_0748_1010_CommonGull_Hallen_N5,0,data/processed/Common_Gull/XC135279-130510_0748_1010_CommonGull_Hallen_N5_chunk000.wav,3.0,XC135279-130510_0748_1010_CommonGull_Hallen_N5.mp3
Common_Gull,XC135279-130510_0748_1010_CommonGull_Hallen_N5,1,data/processed/Common_Gull/XC135279-130510_0748_1010_CommonGull_Hallen_N5_chunk001.wav,3.0,XC135279-130510_0748_1010_CommonGull_Hallen_N5.mp3
Common_Gull,XC135279-130510_0748_1010_CommonGull_Hallen_N5,2,data/processed/Common_Gull/XC135279-130510_0748_1010_CommonGull_Hallen_N5_chunk002.wav,3.0,XC135279-130510_0748_1010_CommonGull_Hallen_N5.mp3
Common_Gull,XC135279-130510_0748_1010_CommonGull_Hallen_N5,3,data/processed/Common_Gull/XC135279-130510_0748_1010_CommonGull_Hallen_N5_chunk003.wav,3.0,XC135279-130510_0748_1010_CommonGull_Hallen_N5.mp3
Common_Gull,XC135279-130510_0748_1010_CommonGull_Hallen_N5,4,data/processed/Common_Gull/XC135279-130510_0748_1010_CommonGull_Hallen_N5_chunk004.wav,3.0,XC135279-130510_0748_1010_CommonGull_Hallen_N5.mp3
Common_Gull,XC135279-130510_0748_1010_CommonGull_Hallen_N5,5,data/processed/Common_Gull/XC135279-130510_0748_1010_CommonGull_Hallen_N5_chunk005.wav,3.0,XC135279-130510_0748_1010_CommonGull_Hallen_N5.mp3
Common_Gull,XC135279-130510_0748_1010_CommonGull_Hallen_N5,6,data/processed/Common_Gull/XC135279-130510_0748_1010_CommonGull_Hallen_N5_chunk006.wav,3.0,XC135279-130510_0748_1010_CommonGull_Hallen_N5.mp3
Common_Gull,XC135279-130510_0748_1010_CommonGull_Hallen_N5,7,data/processed/Common_Gull/XC135279-130510_0748_1010_CommonGull_Hallen_N5_chunk007.wav,3.0,XC135279-130510_0748_1010_CommonGull_Hallen_N5.mp3
Common_Gull,XC135279-130510_0748_1010_CommonGull_Hallen_N5,8,data/processed/Common_Gull/XC135279-130510_0748_1010_CommonGull_Hallen_N5_chunk008.wav,3.0,XC135279-130510_0748_1010_CommonGull_Hallen_N5.mp3
Common_Gull,XC135279-130510_0748_1010_CommonGull_Hallen_N5,9,data/processed/Common_Gull/XC135279-130510_0748_1010_CommonGull_Hallen_N5_chunk009.wav,3.0,XC135279-130510_0748_1010_CommonGull_Hallen_N5.mp3
Common_Gull,XC135279-130510_0748_1010_CommonGull_Hallen_N5,10,data/processed/Common_Gull/XC135279-130510_0748_1010_CommonGull_Hallen_N5_chunk010.wav,3.0,XC135279-130510_0748_1010_CommonGull_Hallen_N5.mp3
Common_Gull,XC135279-130510_0748_1010_CommonGull_Hallen_N5,11,data/processed/Common_Gull/XC135279-130510_0748_1010_CommonGull_Hallen_N5_chunk011.wav,3.0,XC135279-130510_0748_1010_CommonGull_Hallen_N5.mp3
Common_Gull,XC135279-130510_0748_1010_CommonGull_Hallen_N5,12,data/processed/Common_Gull/XC135279-130510_0748_1010_CommonGull_Hallen_N5_chunk012.wav,3.0,XC135279-130510_0748_1010_CommonGull_Hallen_N5.mp3
Common_Gull,XC135279-130510_0748_1010_CommonGull_Hallen_N5,13,data/processed/Common_Gull/XC135279-130510_0748_1010_CommonGull_Hallen_N5_chunk013.wav,3.0,XC135279-130510_0748_1010_CommonGull_Hallen_N5.mp3
Common_Gull,XC135279-130510_0748_1010_CommonGull_Hallen_N5,14,data/processed/Common_Gull/XC135279-130510_0748_1010_CommonGull_Hallen_N5_chunk014.wav,3.0,XC135279-130510_0748_1010_CommonGull_Hallen_N5.mp3
Common_Gull,XC135279-130510_0748_1010_CommonGull_Hallen_N5,15,data/processed/Common_Gull/XC135279-130510_0748_1010_CommonGull_Hallen_N5_chunk015.wav,3.0,XC135279-130510_0748_1010_CommonGull_Hallen_N5.mp3
Common_Gull,XC135279-130510_0748_1010_CommonGull_Hallen_N5,16,data/processed/Common_Gull/XC135279-130510_0748_1010_CommonGull_Hallen_N5_chunk016.wav,3.0,XC135279-130510_0748_1010_CommonGull_Hallen_N5.mp3
Common_Gull,XC135279-130510_0748_1010_CommonGull_Hallen_N5,17,data/processed/Common_Gull/XC135279-130510_0748_1010_CommonGull_Hallen_N5_chunk017.wav,3.0,XC135279-130510_0748_1010_CommonGull_Hallen_N5.mp3
Common_Gull,XC135279-130510_0748_1010_CommonGull_Hallen_N5,18,data/processed/Common_Gull/XC135279-130510_0748_1010_CommonGull_Hallen_N5_chunk018.wav,3.0,XC135279-130510_0748_1010_CommonGull_Hallen_N5.mp3
Common_Gull,XC135279-130510_0748_1010_CommonGull_Hallen_N5,19,data/processed/Common_Gull/XC135279-130510_0748_1010_CommonGull_Hallen_N5_chunk019.wav,3.0,XC135279-130510_0748_1010_CommonGull_Hallen_N5.mp3
Common_Gull,XC135279-130510_0748_1010_CommonGull_Hallen_N5,20,data/processed/Common_Gull/XC135279-130510_0748_1010_CommonGull_Hallen_N5_chunk020.wav,3.0,XC135279-130510_0748_1010_CommonGull_Hallen_N5.mp3
Common_Gull,XC135279-130510_0748_1010_CommonGull_Hallen_N5,21,data/processed/Common_Gull/XC135279-130510_0748_1010_CommonGull_Hallen_N5_chunk021.wav,3.0,XC135279-130510_0748_1010_CommonGull_Hallen_N5.mp3
Common_Gull,XC135279-130510_0748_1010_CommonGull_Hallen_N5,22,data/processed/Common_Gull/XC135279-130510_0748_1010_CommonGull_Hallen_N5_chunk022.wav,3.0,XC135279-130510_0748_1010_CommonGull_Hallen_N5.mp3
Common_Gull,XC137900-MöweRabenkrDellstMoor9-6-13_19-27,0,data/processed/Common_Gull/XC137900-MöweRabenkrDellstMoor9-6-13_19-27_chunk000.wav,3.0,XC137900-MöweRabenkrDellstMoor9-6-13_19-27.mp3
Common_Gull,XC137900-MöweRabenkrDellstMoor9-6-13_19-27,1,data/processed/Common_Gull/XC137900-MöweRabenkrDellstMoor9-6-13_19-27_chunk001.wav,3.0,XC137900-MöweRabenkrDellstMoor9-6-13_19-27.mp3
Common_Gull,XC137900-MöweRabenkrDellstMoor9-6-13_19-27,2,data/processed/Common_Gull/XC137900-MöweRabenkrDellstMoor9-6-13_19-27_chunk002.wav,3.0,XC137900-MöweRabenkrDellstMoor9-6-13_19-27.mp3
Common_Gull,XC137900-MöweRabenkrDellstMoor9-6-13_19-27,3,data/processed/Common_Gull/XC137900-MöweRabenkrDellstMoor9-6-13_19-27_chunk003.wav,3.0,XC137900-MöweRabenkrDellstMoor9-6-13_19-27.mp3
Common_Gull,XC137900-MöweRabenkrDellstMoor9-6-13_19-27,4,data/processed/Common_Gull/XC137900-MöweRabenkrDellstMoor9-6-13_19-27_chunk004.wav,3.0,XC137900-MöweRabenkrDellstMoor9-6-13_19-27.mp3
Common_Gull,XC137900-MöweRabenkrDellstMoor9-6-13_19-27,5,data/processed/Common_Gull/XC137900-MöweRabenkrDellstMoor9-6-13_19-27_chunk005.wav,3.0,XC137900-MöweRabenkrDellstMoor9-6-13_19-27.mp3
Common_Gull,XC137900-MöweRabenkrDellstMoor9-6-13_19-27,6,data/processed/Common_Gull/XC137900-MöweRabenkrDellstMoor9-6-13_19-27_chunk006.wav,3.0,XC137900-MöweRabenkrDellstMoor9-6-13_19-27.mp3
Common_Gull,XC137900-MöweRabenkrDellstMoor9-6-13_19-27,7,data/processed/Common_Gull/XC137900-MöweRabenkrDellstMoor9-6-13_19-27_chunk007.wav,3.0,XC137900-MöweRabenkrDellstMoor9-6-13_19-27.mp3
Common_Gull,XC137900-MöweRabenkrDellstMoor9-6-13_19-27,8,data/processed/Common_Gull/XC137900-MöweRabenkrDellstMoor9-6-13_19-27_chunk008.wav,3.0,XC137900-MöweRabenkrDellstMoor9-6-13_19-27.mp3
Common_Gull,XC137900-MöweRabenkrDellstMoor9-6-13_19-27,9,data/processed/Common_Gull/XC137900-MöweRabenkrDellstMoor9-6-13_19-27_chunk009.wav,3.0,XC137900-MöweRabenkrDellstMoor9-6-13_19-27.mp3
Common_Gull,XC137900-MöweRabenkrDellstMoor9-6-13_19-27,10,data/processed/Common_Gull/XC137900-MöweRabenkrDellstMoor9-6-13_19-27_chunk010.wav,3.0,XC137900-MöweRabenkrDellstMoor9-6-13_19-27.mp3
Common_Gull,XC137900-MöweRabenkrDellstMoor9-6-13_19-27,11,data/processed/Common_Gull/XC137900-MöweRabenkrDellstMoor9-6-13_19-27_chunk011.wav,3.0,XC137900-MöweRabenkrDellstMoor9-6-13_19-27.mp3
Common_Gull,XC147755-Common,0,data/processed/Common_Gull/XC147755-Common_chunk000.wav,3.0,XC147755-Common Gulls.mp3
Common_Gull,XC147755-Common,1,data/processed/Common_Gull/XC147755-Common_chunk001.wav,3.0,XC147755-Common Gulls.mp3
Common_Gull,XC147755-Common,2,data/processed/Common_Gull/XC147755-Common_chunk002.wav,3.0,XC147755-Common Gulls.mp3
Common_Gull,XC147755-Common,3,data/processed/Common_Gull/XC147755-Common_chunk003.wav,3.0,XC147755-Common Gulls.mp3
Common_Gull,XC147755-Common,4,data/processed/Common_Gull/XC147755-Common_chunk004.wav,3.0,XC147755-Common Gulls.mp3
Common_Gull,XC147755-Common,5,data/processed/Common_Gull/XC147755-Common_chunk005.wav,3.0,XC147755-Common Gulls.mp3
Common_Gull,XC147755-Common,6,data/processed/Common_Gull/XC147755-Common_chunk006.wav,3.0,XC147755-Common Gulls.mp3
Common_Gull,XC147755-Common,7,data/processed/Common_Gull/XC147755-Common_chunk007.wav,3.0,XC147755-Common Gulls.mp3
Common_Gull,XC147755-Common,8,data/processed/Common_Gull/XC147755-Common_chunk008.wav,3.0,XC147755-Common Gulls.mp3
Common_Gull,XC147755-Common,9,data/processed/Common_Gull/XC147755-Common_chunk009.wav,3.0,XC147755-Common Gulls.mp3
Common_Gull,XC147755-Common,10,data/processed/Common_Gull/XC147755-Common_chunk010.wav,3.0,XC147755-Common Gulls.mp3
Common_Gull,XC147755-Common,11,data/processed/Common_Gull/XC147755-Common_chunk011.wav,3.0,XC147755-Common Gulls.mp3
Common_Gull,XC147755-Common,12,data/processed/Common_Gull/XC147755-Common_chunk012.wav,3.0,XC147755-Common Gulls.mp3
Common_Gull,XC147755-Common,13,data/processed/Common_Gull/XC147755-Common_chunk013.wav,3.0,XC147755-Common Gulls.mp3
Common_Gull,XC147755-Common,14,data/processed/Common_Gull/XC147755-Common_chunk014.wav,3.0,XC147755-Common Gulls.mp3
Common_Gull,XC147755-Common,15,data/processed/Common_Gull/XC147755-Common_chunk015.wav,3.0,XC147755-Common Gulls.mp3
Common_Gull,XC147755-Common,16,data/processed/Common_Gull/XC147755-Common_chunk016.wav,3.0,XC147755-Common Gulls.mp3
Common_Gull,XC147755-Common,17,data/processed/Common_Gull/XC147755-Common_chunk017.wav,3.0,XC147755-Common Gulls.mp3
Common_Gull,XC147755-Common,18,data/processed/Common_Gull/XC147755-Common_chunk018.wav,3.0,XC147755-Common Gulls.mp3
Common_Gull,XC149164-CommonGull03May2013SchierHolland,0,data/processed/Common_Gull/XC149164-CommonGull03May2013SchierHolland_chunk000.wav,3.0,XC149164-CommonGull03May2013SchierHolland.mp3
Common_Gull,XC149164-CommonGull03May2013SchierHolland,1,data/processed/Common_Gull/XC149164-CommonGull03May2013SchierHolland_chunk001.wav,3.0,XC149164-CommonGull03May2013SchierHolland.mp3
Common_Gull,XC150118-130414-001fiskemaase,0,data/processed/Common_Gull/XC150118-130414-001fiskemaase_chunk000.wav,3.0,XC150118-130414-001fiskemaase.mp3
Common_Gull,XC150118-130414-001fiskemaase,1,data/processed/Common_Gull/XC150118-130414-001fiskemaase_chunk001.wav,3.0,XC150118-130414-001fiskemaase.mp3
Common_Gull,XC150118-130414-001fiskemaase,2,data/processed/Common_Gull/XC150118-130414-001fiskemaase_chunk002.wav,3.0,XC150118-130414-001fiskemaase.mp3
Common_Gull,XC150118-130414-001fiskemaase,3,data/processed/Common_Gull/XC150118-130414-001fiskemaase_chunk003.wav,3.0,XC150118-130414-001fiskemaase.mp3
Common_Gull,XC150118-130414-001fiskemaase,4,data/processed/Common_Gull/XC150118-130414-001fiskemaase_chunk004.wav,3.0,XC150118-130414-001fiskemaase.mp3
Common_Gull,XC150118-130414-001fiskemaase,5,data/processed/Common_Gull/XC150118-130414-001fiskemaase_chunk005.wav,3.0,XC150118-130414-001fiskemaase.mp3
Common_Gull,XC150118-130414-001fiskemaase,6,data/processed/Common_Gull/XC150118-130414-001fiskemaase_chunk006.wav,3.0,XC150118-130414-001fiskemaase.mp3
Common_Gull,XC150118-130414-001fiskemaase,7,data/processed/Common_Gull/XC150118-130414-001fiskemaase_chunk007.wav,3.0,XC150118-130414-001fiskemaase.mp3
Common_Gull,XC154278-1999052111_Larus,0,data/processed/Common_Gull/XC154278-1999052111_Larus_chunk000.wav,3.0,XC154278-1999052111_Larus canus_Irlande_F deroussen.mp3
Common_Gull,XC154278-1999052111_Larus,1,data/processed/Common_Gull/XC154278-1999052111_Larus_chunk001.wav,3.0,XC154278-1999052111_Larus canus_Irlande_F deroussen.mp3
Common_Gull,XC154278-1999052111_Larus,2,data/processed/Common_Gull/XC154278-1999052111_Larus_chunk002.wav,3.0,XC154278-1999052111_Larus canus_Irlande_F deroussen.mp3
Common_Gull,XC154278-1999052111_Larus,3,data/processed/Common_Gull/XC154278-1999052111_Larus_chunk003.wav,3.0,XC154278-1999052111_Larus canus_Irlande_F deroussen.mp3
Common_Gull,XC154278-1999052111_Larus,4,data/processed/Common_Gull/XC154278-1999052111_Larus_chunk004.wav,3.0,XC154278-1999052111_Larus canus_Irlande_F deroussen.mp3
Common_Gull,XC154278-1999052111_Larus,5,data/processed/Common_Gull/XC154278-1999052111_Larus_chunk005.wav,3.0,XC154278-1999052111_Larus canus_Irlande_F deroussen.mp3
Common_Gull,XC154278-1999052111_Larus,6,data/processed/Common_Gull/XC154278-1999052111_Larus_chunk006.wav,3.0,XC154278-1999052111_Larus canus_Irlande_F deroussen.mp3
Common_Gull,XC154278-1999052111_Larus,7,data/processed/Common_Gull/XC154278-1999052111_Larus_chunk007.wav,3.0,XC154278-1999052111_Larus canus_Irlande_F deroussen.mp3
Common_Gull,XC154278-1999052111_Larus,8,data/processed/Common_Gull/XC154278-1999052111_Larus_chunk008.wav,3.0,XC154278-1999052111_Larus canus_Irlande_F deroussen.mp3
Common_Gull,XC154278-1999052111_Larus,9,data/processed/Common_Gull/XC154278-1999052111_Larus_chunk009.wav,3.0,XC154278-1999052111_Larus canus_Irlande_F deroussen.mp3
Common_Gull,XC154278-1999052111_Larus,10,data/processed/Common_Gull/XC154278-1999052111_Larus_chunk010.wav,3.0,XC154278-1999052111_Larus canus_Irlande_F deroussen.mp3
Common_Gull,XC154278-1999052111_Larus,11,data/processed/Common_Gull/XC154278-1999052111_Larus_chunk011.wav,3.0,XC154278-1999052111_Larus canus_Irlande_F deroussen.mp3
Common_Gull,XC154278-1999052111_Larus,12,data/processed/Common_Gull/XC154278-1999052111_Larus_chunk012.wav,3.0,XC154278-1999052111_Larus canus_Irlande_F deroussen.mp3
Common_Gull,XC187419-Larus,0,data/processed/Common_Gull/XC187419-Larus_chunk000.wav,3.0,"XC187419-Larus canus 0622_043548,AA.MP3"
Common_Gull,XC187419-Larus,1,data/processed/Common_Gull/XC187419-Larus_chunk001.wav,3.0,"XC187419-Larus canus 0622_043548,AA.MP3"
Common_Gull,XC187419-Larus,2,data/processed/Common_Gull/XC187419-Larus_chunk002.wav,3.0,"XC187419-Larus canus 0622_043548,AA.MP3"
Common_Gull,XC187419-Larus,3,data/processed/Common_Gull/XC187419-Larus_chunk003.wav,3.0,"XC187419-Larus canus 0622_043548,AA.MP3"
Common_Gull,XC187419-Larus,4,data/processed/Common_Gull/XC187419-Larus_chunk004.wav,3.0,"XC187419-Larus canus 0622_043548,AA.MP3"
Common_Gull,XC187419-Larus,5,data/processed/Common_Gull/XC187419-Larus_chunk005.wav,3.0,"XC187419-Larus canus 0622_043548,AA.MP3"
Common_Gull,XC187419-Larus,6,data/processed/Common_Gull/XC187419-Larus_chunk006.wav,3.0,"XC187419-Larus canus 0622_043548,AA.MP3"
Common_Gull,XC187419-Larus,7,data/processed/Common_Gull/XC187419-Larus_chunk007.wav,3.0,"XC187419-Larus canus 0622_043548,AA.MP3"
Common_Gull,XC187419-Larus,8,data/processed/Common_Gull/XC187419-Larus_chunk008.wav,3.0,"XC187419-Larus canus 0622_043548,AA.MP3"
Common_Gull,XC187419-Larus,9,data/processed/Common_Gull/XC187419-Larus_chunk009.wav,3.0,"XC187419-Larus canus 0622_043548,AA.MP3"
Common_Gull,XC187419-Larus,10,data/processed/Common_Gull/XC187419-Larus_chunk010.wav,3.0,"XC187419-Larus canus 0622_043548,AA.MP3"
Common_Gull,XC187419-Larus,11,data/processed/Common_Gull/XC187419-Larus_chunk011.wav,3.0,"XC187419-Larus canus 0622_043548,AA.MP3"
Common_Gull,XC187419-Larus,12,data/processed/Common_Gull/XC187419-Larus_chunk012.wav,3.0,"XC187419-Larus canus 0622_043548,AA.MP3"
Common_Gull,XC187419-Larus,13,data/processed/Common_Gull/XC187419-Larus_chunk013.wav,3.0,"XC187419-Larus canus 0622_043548,AA.MP3"
Common_Gull,XC187419-Larus,14,data/processed/Common_Gull/XC187419-Larus_chunk014.wav,3.0,"XC187419-Larus canus 0622_043548,AA.MP3"
Common_Gull,XC187419-Larus,15,data/processed/Common_Gull/XC187419-Larus_chunk015.wav,3.0,"XC187419-Larus canus 0622_043548,AA.MP3"
Common_Gull,XC187419-Larus,16,data/processed/Common_Gull/XC187419-Larus_chunk016.wav,3.0,"XC187419-Larus canus 0622_043548,AA.MP3"
Common_Gull,XC187419-Larus,17,data/processed/Common_Gull/XC187419-Larus_chunk017.wav,3.0,"XC187419-Larus canus 0622_043548,AA.MP3"
Common_Gull,XC187419-Larus,18,data/processed/Common_Gull/XC187419-Larus_chunk018.wav,3.0,"XC187419-Larus canus 0622_043548,AA.MP3"
Common_Gull,XC187419-Larus,19,data/processed/Common_Gull/XC187419-Larus_chunk019.wav,3.0,"XC187419-Larus canus 0622_043548,AA.MP3"
Common_Gull,XC187419-Larus,20,data/processed/Common_Gull/XC187419-Larus_chunk020.wav,3.0,"XC187419-Larus canus 0622_043548,AA.MP3"
Common_Gull,XC187419-Larus,21,data/processed/Common_Gull/XC187419-Larus_chunk021.wav,3.0,"XC187419-Larus canus 0622_043548,AA.MP3"
Common_Gull,XC187419-Larus,22,data/processed/Common_Gull/XC187419-Larus_chunk022.wav,3.0,"XC187419-Larus canus 0622_043548,AA.MP3"
Common_Gull,XC187419-Larus,23,data/processed/Common_Gull/XC187419-Larus_chunk023.wav,3.0,"XC187419-Larus canus 0622_043548,AA.MP3"
Common_Gull,XC187419-Larus,24,data/processed/Common_Gull/XC187419-Larus_chunk024.wav,3.0,"XC187419-Larus canus 0622_043548,AA.MP3"
Common_Gull,XC187419-Larus,25,data/processed/Common_Gull/XC187419-Larus_chunk025.wav,3.0,"XC187419-Larus canus 0622_043548,AA.MP3"
Common_Gull,XC187419-Larus,26,data/processed/Common_Gull/XC187419-Larus_chunk026.wav,3.0,"XC187419-Larus canus 0622_043548,AA.MP3"
Common_Gull,XC187419-Larus,27,data/processed/Common_Gull/XC187419-Larus_chunk027.wav,3.0,"XC187419-Larus canus 0622_043548,AA.MP3"
Common_Gull,XC187419-Larus,28,data/processed/Common_Gull/XC187419-Larus_chunk028.wav,3.0,"XC187419-Larus canus 0622_043548,AA.MP3"
Common_Gull,XC187419-Larus,29,data/processed/Common_Gull/XC187419-Larus_chunk029.wav,3.0,"XC187419-Larus canus 0622_043548,AA.MP3"
Common_Gull,XC187419-Larus,30,data/processed/Common_Gull/XC187419-Larus_chunk030.wav,3.0,"XC187419-Larus canus 0622_043548,AA.MP3"
Common_Gull,XC187419-Larus,31,data/processed/Common_Gull/XC187419-Larus_chunk031.wav,3.0,"XC187419-Larus canus 0622_043548,AA.MP3"
Common_Gull,XC187419-Larus,32,data/processed/Common_Gull/XC187419-Larus_chunk032.wav,3.0,"XC187419-Larus canus 0622_043548,AA.MP3"
Common_Gull,XC187419-Larus,33,data/processed/Common_Gull/XC187419-Larus_chunk033.wav,3.0,"XC187419-Larus canus 0622_043548,AA.MP3"
Common_Gull,XC187419-Larus,34,data/processed/Common_Gull/XC187419-Larus_chunk034.wav,3.0,"XC187419-Larus canus 0622_043548,AA.MP3"
Common_Gull,XC187419-Larus,35,data/processed/Common_Gull/XC187419-Larus_chunk035.wav,3.0,"XC187419-Larus canus 0622_043548,AA.MP3"
Common_Gull,XC187419-Larus,36,data/processed/Common_Gull/XC187419-Larus_chunk036.wav,3.0,"XC187419-Larus canus 0622_043548,AA.MP3"
Common_Gull,XC187419-Larus,37,data/processed/Common_Gull/XC187419-Larus_chunk037.wav,3.0,"XC187419-Larus canus 0622_043548,AA.MP3"
Common_Gull,XC187419-Larus,38,data/processed/Common_Gull/XC187419-Larus_chunk038.wav,3.0,"XC187419-Larus canus 0622_043548,AA.MP3"
Common_Gull,XC187419-Larus,39,data/processed/Common_Gull/XC187419-Larus_chunk039.wav,3.0,"XC187419-Larus canus 0622_043548,AA.MP3"
Common_Gull,XC187419-Larus,40,data/processed/Common_Gull/XC187419-Larus_chunk040.wav,3.0,"XC187419-Larus canus 0622_043548,AA.MP3"
Common_Gull,XC187419-Larus,41,data/processed/Common_Gull/XC187419-Larus_chunk041.wav,3.0,"XC187419-Larus canus 0622_043548,AA.MP3"
Common_Gull,XC187419-Larus,42,data/processed/Common_Gull/XC187419-Larus_chunk042.wav,3.0,"XC187419-Larus canus 0622_043548,AA.MP3"
Common_Gull,XC187419-Larus,43,data/processed/Common_Gull/XC187419-Larus_chunk043.wav,3.0,"XC187419-Larus canus 0622_043548,AA.MP3"
Common_Gull,XC187419-Larus,44,data/processed/Common_Gull/XC187419-Larus_chunk044.wav,3.0,"XC187419-Larus canus 0622_043548,AA.MP3"
Common_Gull,XC187419-Larus,45,data/processed/Common_Gull/XC187419-Larus_chunk045.wav,3.0,"XC187419-Larus canus 0622_043548,AA.MP3"
Common_Gull,XC187419-Larus,46,data/processed/Common_Gull/XC187419-Larus_chunk046.wav,3.0,"XC187419-Larus canus 0622_043548,AA.MP3"
Common_Gull,XC187419-Larus,47,data/processed/Common_Gull/XC187419-Larus_chunk047.wav,3.0,"XC187419-Larus canus 0622_043548,AA.MP3"
Common_Gull,XC187419-Larus,48,data/processed/Common_Gull/XC187419-Larus_chunk048.wav,3.0,"XC187419-Larus canus 0622_043548,AA.MP3"
Common_Gull,XC187419-Larus,49,data/processed/Common_Gull/XC187419-Larus_chunk049.wav,3.0,"XC187419-Larus canus 0622_043548,AA.MP3"
Common_Gull,XC187419-Larus,50,data/processed/Common_Gull/XC187419-Larus_chunk050.wav,3.0,"XC187419-Larus canus 0622_043548,AA.MP3"
Common_Gull,XC187419-Larus,51,data/processed/Common_Gull/XC187419-Larus_chunk051.wav,3.0,"XC187419-Larus canus 0622_043548,AA.MP3"
Common_Gull,XC187419-Larus,52,data/processed/Common_Gull/XC187419-Larus_chunk052.wav,3.0,"XC187419-Larus canus 0622_043548,AA.MP3"
Common_Gull,XC187419-Larus,53,data/processed/Common_Gull/XC187419-Larus_chunk053.wav,3.0,"XC187419-Larus canus 0622_043548,AA.MP3"
Common_Gull,XC187419-Larus,54,data/processed/Common_Gull/XC187419-Larus_chunk054.wav,3.0,"XC187419-Larus canus 0622_043548,AA.MP3"
Common_Gull,XC187419-Larus,55,data/processed/Common_Gull/XC187419-Larus_chunk055.wav,3.0,"XC187419-Larus canus 0622_043548,AA.MP3"
Common_Gull,XC187419-Larus,56,data/processed/Common_Gull/XC187419-Larus_chunk056.wav,3.0,"XC187419-Larus canus 0622_043548,AA.MP3"
Common_Gull,XC197626-Sturmmöwe,0,data/processed/Common_Gull/XC197626-Sturmmöwe_chunk000.wav,3.0,XC197626-Sturmmöwe.MP3
Common_Gull,XC197626-Sturmmöwe,1,data/processed/Common_Gull/XC197626-Sturmmöwe_chunk001.wav,3.0,XC197626-Sturmmöwe.MP3
Common_Gull,XC197626-Sturmmöwe,2,data/processed/Common_Gull/XC197626-Sturmmöwe_chunk002.wav,3.0,XC197626-Sturmmöwe.MP3
Common_Gull,XC197626-Sturmmöwe,3,data/processed/Common_Gull/XC197626-Sturmmöwe_chunk003.wav,3.0,XC197626-Sturmmöwe.MP3
Common_Gull,XC197626-Sturmmöwe,4,data/processed/Common_Gull/XC197626-Sturmmöwe_chunk004.wav,3.0,XC197626-Sturmmöwe.MP3
Common_Gull,XC197626-Sturmmöwe,5,data/processed/Common_Gull/XC197626-Sturmmöwe_chunk005.wav,3.0,XC197626-Sturmmöwe.MP3
Common_Gull,XC197626-Sturmmöwe,6,data/processed/Common_Gull/XC197626-Sturmmöwe_chunk006.wav,3.0,XC197626-Sturmmöwe.MP3
Common_Gull,XC197626-Sturmmöwe,7,data/processed/Common_Gull/XC197626-Sturmmöwe_chunk007.wav,3.0,XC197626-Sturmmöwe.MP3
Common_Gull,XC197626-Sturmmöwe,8,data/processed/Common_Gull/XC197626-Sturmmöwe_chunk008.wav,3.0,XC197626-Sturmmöwe.MP3
Common_Gull,XC197626-Sturmmöwe,9,data/processed/Common_Gull/XC197626-Sturmmöwe_chunk009.wav,3.0,XC197626-Sturmmöwe.MP3
Common_Gull,XC197626-Sturmmöwe,10,data/processed/Common_Gull/XC197626-Sturmmöwe_chunk010.wav,3.0,XC197626-Sturmmöwe.MP3
Common_Gull,XC197626-Sturmmöwe,11,data/processed/Common_Gull/XC197626-Sturmmöwe_chunk011.wav,3.0,XC197626-Sturmmöwe.MP3
Common_Gull,XC197626-Sturmmöwe,12,data/processed/Common_Gull/XC197626-Sturmmöwe_chunk012.wav,3.0,XC197626-Sturmmöwe.MP3
Common_Gull,XC197626-Sturmmöwe,13,data/processed/Common_Gull/XC197626-Sturmmöwe_chunk013.wav,3.0,XC197626-Sturmmöwe.MP3
Common_Gull,XC197626-Sturmmöwe,14,data/processed/Common_Gull/XC197626-Sturmmöwe_chunk014.wav,3.0,XC197626-Sturmmöwe.MP3
Common_Gull,XC197626-Sturmmöwe,15,data/processed/Common_Gull/XC197626-Sturmmöwe_chunk015.wav,3.0,XC197626-Sturmmöwe.MP3
Common_Gull,XC197626-Sturmmöwe,16,data/processed/Common_Gull/XC197626-Sturmmöwe_chunk016.wav,3.0,XC197626-Sturmmöwe.MP3
Common_Gull,XC197626-Sturmmöwe,17,data/processed/Common_Gull/XC197626-Sturmmöwe_chunk017.wav,3.0,XC197626-Sturmmöwe.MP3
Common_Gull,XC197626-Sturmmöwe,18,data/processed/Common_Gull/XC197626-Sturmmöwe_chunk018.wav,3.0,XC197626-Sturmmöwe.MP3
Common_Gull,XC197626-Sturmmöwe,19,data/processed/Common_Gull/XC197626-Sturmmöwe_chunk019.wav,3.0,XC197626-Sturmmöwe.MP3
Common_Gull,XC197626-Sturmmöwe,20,data/processed/Common_Gull/XC197626-Sturmmöwe_chunk020.wav,3.0,XC197626-Sturmmöwe.MP3
Common_Gull,XC197626-Sturmmöwe,21,data/processed/Common_Gull/XC197626-Sturmmöwe_chunk021.wav,3.0,XC197626-Sturmmöwe.MP3
Common_Gull,XC197626-Sturmmöwe,22,data/processed/Common_Gull/XC197626-Sturmmöwe_chunk022.wav,3.0,XC197626-Sturmmöwe.MP3
Common_Gull,XC199583-LS112674,0,data/processed/Common_Gull/XC199583-LS112674_chunk000.wav,3.0,XC199583-LS112674.mp3
Common_Gull,XC199583-LS112674,1,data/processed/Common_Gull/XC199583-LS112674_chunk001.wav,3.0,XC199583-LS112674.mp3
Common_Gull,XC199583-LS112674,2,data/processed/Common_Gull/XC199583-LS112674_chunk002.wav,3.0,XC199583-LS112674.mp3
Common_Gull,XC199583-LS112674,3,data/processed/Common_Gull/XC199583-LS112674_chunk003.wav,3.0,XC199583-LS112674.mp3
Common_Gull,XC199583-LS112674,4,data/processed/Common_Gull/XC199583-LS112674_chunk004.wav,3.0,XC199583-LS112674.mp3
Common_Gull,XC199583-LS112674,5,data/processed/Common_Gull/XC199583-LS112674_chunk005.wav,3.0,XC199583-LS112674.mp3
Common_Gull,XC199583-LS112674,6,data/processed/Common_Gull/XC199583-LS112674_chunk006.wav,3.0,XC199583-LS112674.mp3
Common_Gull,XC199583-LS112674,7,data/processed/Common_Gull/XC199583-LS112674_chunk007.wav,3.0,XC199583-LS112674.mp3
Common_Gull,XC199583-LS112674,8,data/processed/Common_Gull/XC199583-LS112674_chunk008.wav,3.0,XC199583-LS112674.mp3
Common_Gull,XC199583-LS112674,9,data/processed/Common_Gull/XC199583-LS112674_chunk009.wav,3.0,XC199583-LS112674.mp3
Common_Gull,XC199583-LS112674,10,data/processed/Common_Gull/XC199583-LS112674_chunk010.wav,3.0,XC199583-LS112674.mp3
Common_Gull,XC199583-LS112674,11,data/processed/Common_Gull/XC199583-LS112674_chunk011.wav,3.0,XC199583-LS112674.mp3
Common_Gull,XC199583-LS112674,12,data/processed/Common_Gull/XC199583-LS112674_chunk012.wav,3.0,XC199583-LS112674.mp3
Common_Gull,XC199583-LS112674,13,data/processed/Common_Gull/XC199583-LS112674_chunk013.wav,3.0,XC199583-LS112674.mp3
Common_Gull,XC199583-LS112674,14,data/processed/Common_Gull/XC199583-LS112674_chunk014.wav,3.0,XC199583-LS112674.mp3
Common_Gull,XC199583-LS112674,15,data/processed/Common_Gull/XC199583-LS112674_chunk015.wav,3.0,XC199583-LS112674.mp3
Common_Gull,XC199583-LS112674,16,data/processed/Common_Gull/XC199583-LS112674_chunk016.wav,3.0,XC199583-LS112674.mp3
Common_Gull,XC199583-LS112674,17,data/processed/Common_Gull/XC199583-LS112674_chunk017.wav,3.0,XC199583-LS112674.mp3
Common_Gull,XC199583-LS112674,18,data/processed/Common_Gull/XC199583-LS112674_chunk018.wav,3.0,XC199583-LS112674.mp3
Common_Gull,XC199583-LS112674,19,data/processed/Common_Gull/XC199583-LS112674_chunk019.wav,3.0,XC199583-LS112674.mp3
Common_Gull,XC199583-LS112674,20,data/processed/Common_Gull/XC199583-LS112674_chunk020.wav,3.0,XC199583-LS112674.mp3
Common_Gull,XC199583-LS112674,21,data/processed/Common_Gull/XC199583-LS112674_chunk021.wav,3.0,XC199583-LS112674.mp3
Common_Gull,XC199583-LS112674,22,data/processed/Common_Gull/XC199583-LS112674_chunk022.wav,3.0,XC199583-LS112674.mp3
Common_Gull,XC199583-LS112674,23,data/processed/Common_Gull/XC199583-LS112674_chunk023.wav,3.0,XC199583-LS112674.mp3
Common_Gull,XC199583-LS112674,24,data/processed/Common_Gull/XC199583-LS112674_chunk024.wav,3.0,XC199583-LS112674.mp3
Common_Gull,XC199583-LS112674,25,data/processed/Common_Gull/XC199583-LS112674_chunk025.wav,3.0,XC199583-LS112674.mp3
Common_Gull,XC199583-LS112674,26,data/processed/Common_Gull/XC199583-LS112674_chunk026.wav,3.0,XC199583-LS112674.mp3
Common_Gull,XC199583-LS112674,27,data/processed/Common_Gull/XC199583-LS112674_chunk027.wav,3.0,XC199583-LS112674.mp3
Common_Gull,XC199583-LS112674,28,data/processed/Common_Gull/XC199583-LS112674_chunk028.wav,3.0,XC199583-LS112674.mp3
Common_Gull,XC199583-LS112674,29,data/processed/Common_Gull/XC199583-LS112674_chunk029.wav,3.0,XC199583-LS112674.mp3
Common_Gull,XC199583-LS112674,30,data/processed/Common_Gull/XC199583-LS112674_chunk030.wav,3.0,XC199583-LS112674.mp3
Common_Gull,XC199583-LS112674,31,data/processed/Common_Gull/XC199583-LS112674_chunk031.wav,3.0,XC199583-LS112674.mp3
Common_Gull,XC199583-LS112674,32,data/processed/Common_Gull/XC199583-LS112674_chunk032.wav,3.0,XC199583-LS112674.mp3
Common_Gull,XC199583-LS112674,33,data/processed/Common_Gull/XC199583-LS112674_chunk033.wav,3.0,XC199583-LS112674.mp3
Common_Gull,XC199583-LS112674,34,data/processed/Common_Gull/XC199583-LS112674_chunk034.wav,3.0,XC199583-LS112674.mp3
Common_Gull,XC199583-LS112674,35,data/processed/Common_Gull/XC199583-LS112674_chunk035.wav,3.0,XC199583-LS112674.mp3
Common_Gull,XC199583-LS112674,36,data/processed/Common_Gull/XC199583-LS112674_chunk036.wav,3.0,XC199583-LS112674.mp3
Common_Gull,XC199583-LS112674,37,data/processed/Common_Gull/XC199583-LS112674_chunk037.wav,3.0,XC199583-LS112674.mp3
Common_Gull,XC199583-LS112674,38,data/processed/Common_Gull/XC199583-LS112674_chunk038.wav,3.0,XC199583-LS112674.mp3
Common_Gull,XC199583-LS112674,39,data/processed/Common_Gull/XC199583-LS112674_chunk039.wav,3.0,XC199583-LS112674.mp3
Common_Gull,XC199583-LS112674,40,data/processed/Common_Gull/XC199583-LS112674_chunk040.wav,3.0,XC199583-LS112674.mp3
Common_Gull,XC199583-LS112674,41,data/processed/Common_Gull/XC199583-LS112674_chunk041.wav,3.0,XC199583-LS112674.mp3
Common_Gull,XC199583-LS112674,42,data/processed/Common_Gull/XC199583-LS112674_chunk042.wav,3.0,XC199583-LS112674.mp3
Common_Gull,XC199583-LS112674,43,data/processed/Common_Gull/XC199583-LS112674_chunk043.wav,3.0,XC199583-LS112674.mp3
Common_Gull,XC199583-LS112674,44,data/processed/Common_Gull/XC199583-LS112674_chunk044.wav,3.0,XC199583-LS112674.mp3
Common_Gull,XC199583-LS112674,45,data/processed/Common_Gull/XC199583-LS112674_chunk045.wav,3.0,XC199583-LS112674.mp3
Common_Gull,XC199583-LS112674,46,data/processed/Common_Gull/XC199583-LS112674_chunk046.wav,3.0,XC199583-LS112674.mp3
Common_Gull,XC199583-LS112674,47,data/processed/Common_Gull/XC199583-LS112674_chunk047.wav,3.0,XC199583-LS112674.mp3
Common_Gull,XC199583-LS112674,48,data/processed/Common_Gull/XC199583-LS112674_chunk048.wav,3.0,XC199583-LS112674.mp3
Common_Gull,XC199583-LS112674,49,data/processed/Common_Gull/XC199583-LS112674_chunk049.wav,3.0,XC199583-LS112674.mp3
Common_Gull,XC199583-LS112674,50,data/processed/Common_Gull/XC199583-LS112674_chunk050.wav,3.0,XC199583-LS112674.mp3
Common_Gull,XC199583-LS112674,51,data/processed/Common_Gull/XC199583-LS112674_chunk051.wav,3.0,XC199583-LS112674.mp3
Common_Gull,XC199583-LS112674,52,data/processed/Common_Gull/XC199583-LS112674_chunk052.wav,3.0,XC199583-LS112674.mp3
Common_Gull,XC199583-LS112674,53,data/processed/Common_Gull/XC199583-LS112674_chunk053.wav,3.0,XC199583-LS112674.mp3
Common_Gull,XC199583-LS112674,54,data/processed/Common_Gull/XC199583-LS112674_chunk054.wav,3.0,XC199583-LS112674.mp3
Common_Gull,XC199583-LS112674,55,data/processed/Common_Gull/XC199583-LS112674_chunk055.wav,3.0,XC199583-LS112674.mp3
Common_Gull,XC199583-LS112674,56,data/processed/Common_Gull/XC199583-LS112674_chunk056.wav,3.0,XC199583-LS112674.mp3
Common_Gull,XC199583-LS112674,57,data/processed/Common_Gull/XC199583-LS112674_chunk057.wav,3.0,XC199583-LS112674.mp3
Common_Gull,XC199583-LS112674,58,data/processed/Common_Gull/XC199583-LS112674_chunk058.wav,3.0,XC199583-LS112674.mp3
Common_Gull,XC199583-LS112674,59,data/processed/Common_Gull/XC199583-LS112674_chunk059.wav,3.0,XC199583-LS112674.mp3
Common_Gull,XC199583-LS112674,60,data/processed/Common_Gull/XC199583-LS112674_chunk060.wav,3.0,XC199583-LS112674.mp3
Common_Gull,XC199583-LS112674,61,data/processed/Common_Gull/XC199583-LS112674_chunk061.wav,3.0,XC199583-LS112674.mp3
Common_Gull,XC199583-LS112674,62,data/processed/Common_Gull/XC199583-LS112674_chunk062.wav,3.0,XC199583-LS112674.mp3
Common_Gull,XC199583-LS112674,63,data/processed/Common_Gull/XC199583-LS112674_chunk063.wav,3.0,XC199583-LS112674.mp3
Common_Gull,XC199583-LS112674,64,data/processed/Common_Gull/XC199583-LS112674_chunk064.wav,3.0,XC199583-LS112674.mp3
Common_Gull,XC199583-LS112674,65,data/processed/Common_Gull/XC199583-LS112674_chunk065.wav,3.0,XC199583-LS112674.mp3
Common_Gull,XC199583-LS112674,66,data/processed/Common_Gull/XC199583-LS112674_chunk066.wav,3.0,XC199583-LS112674.mp3
Common_Gull,XC199583-LS112674,67,data/processed/Common_Gull/XC199583-LS112674_chunk067.wav,3.0,XC199583-LS112674.mp3
Common_Gull,XC199583-LS112674,68,data/processed/Common_Gull/XC199583-LS112674_chunk068.wav,3.0,XC199583-LS112674.mp3
Common_Gull,XC199583-LS112674,69,data/processed/Common_Gull/XC199583-LS112674_chunk069.wav,3.0,XC199583-LS112674.mp3
Common_Gull,XC199583-LS112674,70,data/processed/Common_Gull/XC199583-LS112674_chunk070.wav,3.0,XC199583-LS112674.mp3
Common_Gull,XC199583-LS112674,71,data/processed/Common_Gull/XC199583-LS112674_chunk071.wav,3.0,XC199583-LS112674.mp3
Common_Gull,XC199583-LS112674,72,data/processed/Common_Gull/XC199583-LS112674_chunk072.wav,3.0,XC199583-LS112674.mp3
Common_Gull,XC199583-LS112674,73,data/processed/Common_Gull/XC199583-LS112674_chunk073.wav,3.0,XC199583-LS112674.mp3
Common_Gull,XC199583-LS112674,74,data/processed/Common_Gull/XC199583-LS112674_chunk074.wav,3.0,XC199583-LS112674.mp3
Common_Gull,XC199583-LS112674,75,data/processed/Common_Gull/XC199583-LS112674_chunk075.wav,3.0,XC199583-LS112674.mp3
Common_Gull,XC199583-LS112674,76,data/processed/Common_Gull/XC199583-LS112674_chunk076.wav,3.0,XC199583-LS112674.mp3
Common_Gull,XC199583-LS112674,77,data/processed/Common_Gull/XC199583-LS112674_chunk077.wav,3.0,XC199583-LS112674.mp3
Common_Gull,XC199583-LS112674,78,data/processed/Common_Gull/XC199583-LS112674_chunk078.wav,3.0,XC199583-LS112674.mp3
Common_Gull,XC199583-LS112674,79,data/processed/Common_Gull/XC199583-LS112674_chunk079.wav,3.0,XC199583-LS112674.mp3
Common_Gull,XC199583-LS112674,80,data/processed/Common_Gull/XC199583-LS112674_chunk080.wav,3.0,XC199583-LS112674.mp3
Common_Gull,XC199583-LS112674,81,data/processed/Common_Gull/XC199583-LS112674_chunk081.wav,3.0,XC199583-LS112674.mp3
Common_Gull,XC199583-LS112674,82,data/processed/Common_Gull/XC199583-LS112674_chunk082.wav,3.0,XC199583-LS112674.mp3
Common_Gull,XC199583-LS112674,83,data/processed/Common_Gull/XC199583-LS112674_chunk083.wav,3.0,XC199583-LS112674.mp3
Common_Gull,XC213344-Default,0,data/processed/Common_Gull/XC213344-Default_chunk000.wav,3.0,XC213344-Default Project.mp3
Common_Gull,XC213344-Default,1,data/processed/Common_Gull/XC213344-Default_chunk001.wav,3.0,XC213344-Default Project.mp3
Common_Gull,XC213344-Default,2,data/processed/Common_Gull/XC213344-Default_chunk002.wav,3.0,XC213344-Default Project.mp3
Common_Gull,XC213344-Default,3,data/processed/Common_Gull/XC213344-Default_chunk003.wav,3.0,XC213344-Default Project.mp3
Common_Gull,XC213344-Default,4,data/processed/Common_Gull/XC213344-Default_chunk004.wav,3.0,XC213344-Default Project.mp3
Common_Gull,XC213344-Default,5,data/processed/Common_Gull/XC213344-Default_chunk005.wav,3.0,XC213344-Default Project.mp3
Common_Gull,XC213344-Default,6,data/processed/Common_Gull/XC213344-Default_chunk006.wav,3.0,XC213344-Default Project.mp3
Common_Gull,XC213344-Default,7,data/processed/Common_Gull/XC213344-Default_chunk007.wav,3.0,XC213344-Default Project.mp3
Common_Gull,XC213344-Default,8,data/processed/Common_Gull/XC213344-Default_chunk008.wav,3.0,XC213344-Default Project.mp3
Common_Gull,XC213344-Default,9,data/processed/Common_Gull/XC213344-Default_chunk009.wav,3.0,XC213344-Default Project.mp3
Common_Gull,XC213344-Default,10,data/processed/Common_Gull/XC213344-Default_chunk010.wav,3.0,XC213344-Default Project.mp3
Common_Gull,XC213344-Default,11,data/processed/Common_Gull/XC213344-Default_chunk011.wav,3.0,XC213344-Default Project.mp3
Common_Gull,XC213344-Default,12,data/processed/Common_Gull/XC213344-Default_chunk012.wav,3.0,XC213344-Default Project.mp3
Common_Gull,XC213345-Default,0,data/processed/Common_Gull/XC213345-Default_chunk000.wav,3.0,XC213345-Default Project.mp3
Common_Gull,XC213345-Default,1,data/processed/Common_Gull/XC213345-Default_chunk001.wav,3.0,XC213345-Default Project.mp3
Common_Gull,XC213345-Default,2,data/processed/Common_Gull/XC213345-Default_chunk002.wav,3.0,XC213345-Default Project.mp3
Common_Gull,XC213345-Default,3,data/processed/Common_Gull/XC213345-Default_chunk003.wav,3.0,XC213345-Default Project.mp3
Common_Gull,XC213345-Default,4,data/processed/Common_Gull/XC213345-Default_chunk004.wav,3.0,XC213345-Default Project.mp3
Common_Gull,XC213345-Default,5,data/processed/Common_Gull/XC213345-Default_chunk005.wav,3.0,XC213345-Default Project.mp3
Common_Gull,XC213345-Default,6,data/processed/Common_Gull/XC213345-Default_chunk006.wav,3.0,XC213345-Default Project.mp3
Common_Gull,XC213345-Default,7,data/processed/Common_Gull/XC213345-Default_chunk007.wav,3.0,XC213345-Default Project.mp3
Common_Gull,XC213345-Default,8,data/processed/Common_Gull/XC213345-Default_chunk008.wav,3.0,XC213345-Default Project.mp3
Common_Gull,XC213781-150214_1567,0,data/processed/Common_Gull/XC213781-150214_1567_chunk000.wav,3.0,XC213781-150214_1567 Sturmmöwe Lindau 2015 02 14 xeno.mp3
Common_Gull,XC213781-150214_1567,1,data/processed/Common_Gull/XC213781-150214_1567_chunk001.wav,3.0,XC213781-150214_1567 Sturmmöwe Lindau 2015 02 14 xeno.mp3
Common_Gull,XC213781-150214_1567,2,data/processed/Common_Gull/XC213781-150214_1567_chunk002.wav,3.0,XC213781-150214_1567 Sturmmöwe Lindau 2015 02 14 xeno.mp3
Common_Gull,XC213781-150214_1567,3,data/processed/Common_Gull/XC213781-150214_1567_chunk003.wav,3.0,XC213781-150214_1567 Sturmmöwe Lindau 2015 02 14 xeno.mp3
Common_Gull,XC213781-150214_1567,4,data/processed/Common_Gull/XC213781-150214_1567_chunk004.wav,3.0,XC213781-150214_1567 Sturmmöwe Lindau 2015 02 14 xeno.mp3
Common_Gull,XC213781-150214_1567,5,data/processed/Common_Gull/XC213781-150214_1567_chunk005.wav,3.0,XC213781-150214_1567 Sturmmöwe Lindau 2015 02 14 xeno.mp3
Common_Gull,XC213781-150214_1567,6,data/processed/Common_Gull/XC213781-150214_1567_chunk006.wav,3.0,XC213781-150214_1567 Sturmmöwe Lindau 2015 02 14 xeno.mp3
Common_Gull,XC213781-150214_1567,7,data/processed/Common_Gull/XC213781-150214_1567_chunk007.wav,3.0,XC213781-150214_1567 Sturmmöwe Lindau 2015 02 14 xeno.mp3
Common_Gull,XC213781-150214_1567,8,data/processed/Common_Gull/XC213781-150214_1567_chunk008.wav,3.0,XC213781-150214_1567 Sturmmöwe Lindau 2015 02 14 xeno.mp3
Common_Gull,XC213781-150214_1567,9,data/processed/Common_Gull/XC213781-150214_1567_chunk009.wav,3.0,XC213781-150214_1567 Sturmmöwe Lindau 2015 02 14 xeno.mp3
Common_Gull,XC237161-fiskemåke-hettemåke-0420_165241,0,data/processed/Common_Gull/XC237161-fiskemåke-hettemåke-0420_165241_chunk000.wav,3.0,XC237161-fiskemåke-hettemåke-0420_165241.mp3
Common_Gull,XC237161-fiskemåke-hettemåke-0420_165241,1,data/processed/Common_Gull/XC237161-fiskemåke-hettemåke-0420_165241_chunk001.wav,3.0,XC237161-fiskemåke-hettemåke-0420_165241.mp3
Common_Gull,XC237161-fiskemåke-hettemåke-0420_165241,2,data/processed/Common_Gull/XC237161-fiskemåke-hettemåke-0420_165241_chunk002.wav,3.0,XC237161-fiskemåke-hettemåke-0420_165241.mp3
Common_Gull,XC237161-fiskemåke-hettemåke-0420_165241,3,data/processed/Common_Gull/XC237161-fiskemåke-hettemåke-0420_165241_chunk003.wav,3.0,XC237161-fiskemåke-hettemåke-0420_165241.mp3
Common_Gull,XC237161-fiskemåke-hettemåke-0420_165241,4,data/processed/Common_Gull/XC237161-fiskemåke-hettemåke-0420_165241_chunk004.wav,3.0,XC237161-fiskemåke-hettemåke-0420_165241.mp3
Common_Gull,XC237161-fiskemåke-hettemåke-0420_165241,5,data/processed/Common_Gull/XC237161-fiskemåke-hettemåke-0420_165241_chunk005.wav,3.0,XC237161-fiskemåke-hettemåke-0420_165241.mp3
Common_Gull,XC237161-fiskemåke-hettemåke-0420_165241,6,data/processed/Common_Gull/XC237161-fiskemåke-hettemåke-0420_165241_chunk006.wav,3.0,XC237161-fiskemåke-hettemåke-0420_165241.mp3
Common_Gull,XC237161-fiskemåke-hettemåke-0420_165241,7,data/processed/Common_Gull/XC237161-fiskemåke-hettemåke-0420_165241_chunk007.wav,3.0,XC237161-fiskemåke-hettemåke-0420_165241.mp3
Common_Gull,XC240703-fiskemaake-20140607-D4S_0240,0,data/processed/Common_Gull/XC240703-fiskemaake-20140607-D4S_0240_chunk000.wav,3.0,XC240703-fiskemaake-20140607-D4S_0240.mp3
Common_Gull,XC240703-fiskemaake-20140607-D4S_0240,1,data/processed/Common_Gull/XC240703-fiskemaake-20140607-D4S_0240_chunk001.wav,3.0,XC240703-fiskemaake-20140607-D4S_0240.mp3
Common_Gull,XC240703-fiskemaake-20140607-D4S_0240,2,data/processed/Common_Gull/XC240703-fiskemaake-20140607-D4S_0240_chunk002.wav,3.0,XC240703-fiskemaake-20140607-D4S_0240.mp3
Common_Gull,XC240703-fiskemaake-20140607-D4S_0240,3,data/processed/Common_Gull/XC240703-fiskemaake-20140607-D4S_0240_chunk003.wav,3.0,XC240703-fiskemaake-20140607-D4S_0240.mp3
Common_Gull,XC240703-fiskemaake-20140607-D4S_0240,4,data/processed/Common_Gull/XC240703-fiskemaake-20140607-D4S_0240_chunk004.wav,3.0,XC240703-fiskemaake-20140607-D4S_0240.mp3
Common_Gull,XC240704-fiskemåke-20140427-800_5309,0,data/processed/Common_Gull/XC240704-fiskemåke-20140427-800_5309_chunk000.wav,3.0,XC240704-fiskemåke-20140427-800_5309.mp3
Common_Gull,XC240704-fiskemåke-20140427-800_5309,1,data/processed/Common_Gull/XC240704-fiskemåke-20140427-800_5309_chunk001.wav,3.0,XC240704-fiskemåke-20140427-800_5309.mp3
Common_Gull,XC240704-fiskemåke-20140427-800_5309,2,data/processed/Common_Gull/XC240704-fiskemåke-20140427-800_5309_chunk002.wav,3.0,XC240704-fiskemåke-20140427-800_5309.mp3
Common_Gull,XC248112-Default,0,data/processed/Common_Gull/XC248112-Default_chunk000.wav,3.0,XC248112-Default Project.mp3
Common_Gull,XC248112-Default,1,data/processed/Common_Gull/XC248112-Default_chunk001.wav,3.0,XC248112-Default Project.mp3
Common_Gull,XC248112-Default,2,data/processed/Common_Gull/XC248112-Default_chunk002.wav,3.0,XC248112-Default Project.mp3
Common_Gull,XC248112-Default,3,data/processed/Common_Gull/XC248112-Default_chunk003.wav,3.0,XC248112-Default Project.mp3
Common_Gull,XC248112-Default,4,data/processed/Common_Gull/XC248112-Default_chunk004.wav,3.0,XC248112-Default Project.mp3
Common_Gull,XC248112-Default,5,data/processed/Common_Gull/XC248112-Default_chunk005.wav,3.0,XC248112-Default Project.mp3
Common_Gull,XC248112-Default,6,data/processed/Common_Gull/XC248112-Default_chunk006.wav,3.0,XC248112-Default Project.mp3
Common_Gull,XC248112-Default,7,data/processed/Common_Gull/XC248112-Default_chunk007.wav,3.0,XC248112-Default Project.mp3
Common_Gull,XC249287-Default,0,data/processed/Common_Gull/XC249287-Default_chunk000.wav,3.0,XC249287-Default Project.mp3
Common_Gull,XC249287-Default,1,data/processed/Common_Gull/XC249287-Default_chunk001.wav,3.0,XC249287-Default Project.mp3
Common_Gull,XC249287-Default,2,data/processed/Common_Gull/XC249287-Default_chunk002.wav,3.0,XC249287-Default Project.mp3
Common_Gull,XC249287-Default,3,data/processed/Common_Gull/XC249287-Default_chunk003.wav,3.0,XC249287-Default Project.mp3
Common_Gull,XC249287-Default,4,data/processed/Common_Gull/XC249287-Default_chunk004.wav,3.0,XC249287-Default Project.mp3
Common_Gull,XC249287-Default,5,data/processed/Common_Gull/XC249287-Default_chunk005.wav,3.0,XC249287-Default Project.mp3
Common_Gull,XC249287-Default,6,data/processed/Common_Gull/XC249287-Default_chunk006.wav,3.0,XC249287-Default Project.mp3
Common_Gull,XC249287-Default,7,data/processed/Common_Gull/XC249287-Default_chunk007.wav,3.0,XC249287-Default Project.mp3
Common_Gull,XC249287-Default,8,data/processed/Common_Gull/XC249287-Default_chunk008.wav,3.0,XC249287-Default Project.mp3
Common_Gull,XC249287-Default,9,data/processed/Common_Gull/XC249287-Default_chunk009.wav,3.0,XC249287-Default Project.mp3
Common_Gull,XC249287-Default,10,data/processed/Common_Gull/XC249287-Default_chunk010.wav,3.0,XC249287-Default Project.mp3
Common_Gull,XC249287-Default,11,data/processed/Common_Gull/XC249287-Default_chunk011.wav,3.0,XC249287-Default Project.mp3
Common_Gull,XC249287-Default,12,data/processed/Common_Gull/XC249287-Default_chunk012.wav,3.0,XC249287-Default Project.mp3
Common_Gull,XC249287-Default,13,data/processed/Common_Gull/XC249287-Default_chunk013.wav,3.0,XC249287-Default Project.mp3
Common_Gull,XC249287-Default,14,data/processed/Common_Gull/XC249287-Default_chunk014.wav,3.0,XC249287-Default Project.mp3
Common_Gull,XC249287-Default,15,data/processed/Common_Gull/XC249287-Default_chunk015.wav,3.0,XC249287-Default Project.mp3
Common_Gull,XC263883-fiskemåke-0630_173352,0,data/processed/Common_Gull/XC263883-fiskemåke-0630_173352_chunk000.wav,3.0,XC263883-fiskemåke-0630_173352.mp3
Common_Gull,XC263883-fiskemåke-0630_173352,1,data/processed/Common_Gull/XC263883-fiskemåke-0630_173352_chunk001.wav,3.0,XC263883-fiskemåke-0630_173352.mp3
Common_Gull,XC263883-fiskemåke-0630_173352,2,data/processed/Common_Gull/XC263883-fiskemåke-0630_173352_chunk002.wav,3.0,XC263883-fiskemåke-0630_173352.mp3
Common_Gull,XC263883-fiskemåke-0630_173352,3,data/processed/Common_Gull/XC263883-fiskemåke-0630_173352_chunk003.wav,3.0,XC263883-fiskemåke-0630_173352.mp3
Common_Gull,XC263883-fiskemåke-0630_173352,4,data/processed/Common_Gull/XC263883-fiskemåke-0630_173352_chunk004.wav,3.0,XC263883-fiskemåke-0630_173352.mp3
Common_Gull,XC263883-fiskemåke-0630_173352,5,data/processed/Common_Gull/XC263883-fiskemåke-0630_173352_chunk005.wav,3.0,XC263883-fiskemåke-0630_173352.mp3
Common_Gull,XC263883-fiskemåke-0630_173352,6,data/processed/Common_Gull/XC263883-fiskemåke-0630_173352_chunk006.wav,3.0,XC263883-fiskemåke-0630_173352.mp3
Common_Gull,XC263883-fiskemåke-0630_173352,7,data/processed/Common_Gull/XC263883-fiskemåke-0630_173352_chunk007.wav,3.0,XC263883-fiskemåke-0630_173352.mp3
Common_Gull,XC263883-fiskemåke-0630_173352,8,data/processed/Common_Gull/XC263883-fiskemåke-0630_173352_chunk008.wav,3.0,XC263883-fiskemåke-0630_173352.mp3
Common_Gull,XC263883-fiskemåke-0630_173352,9,data/processed/Common_Gull/XC263883-fiskemåke-0630_173352_chunk009.wav,3.0,XC263883-fiskemåke-0630_173352.mp3
Common_Gull,XC263883-fiskemåke-0630_173352,10,data/processed/Common_Gull/XC263883-fiskemåke-0630_173352_chunk010.wav,3.0,XC263883-fiskemåke-0630_173352.mp3
Common_Gull,XC263883-fiskemåke-0630_173352,11,data/processed/Common_Gull/XC263883-fiskemåke-0630_173352_chunk011.wav,3.0,XC263883-fiskemåke-0630_173352.mp3
Common_Gull,XC263884-fiskemåke-0724_123742,0,data/processed/Common_Gull/XC263884-fiskemåke-0724_123742_chunk000.wav,3.0,XC263884-fiskemåke-0724_123742.mp3
Common_Gull,XC263884-fiskemåke-0724_123742,1,data/processed/Common_Gull/XC263884-fiskemåke-0724_123742_chunk001.wav,3.0,XC263884-fiskemåke-0724_123742.mp3
Common_Gull,XC263884-fiskemåke-0724_123742,2,data/processed/Common_Gull/XC263884-fiskemåke-0724_123742_chunk002.wav,3.0,XC263884-fiskemåke-0724_123742.mp3
Common_Gull,XC263884-fiskemåke-0724_123742,3,data/processed/Common_Gull/XC263884-fiskemåke-0724_123742_chunk003.wav,3.0,XC263884-fiskemåke-0724_123742.mp3
Common_Gull,XC263884-fiskemåke-0724_123742,4,data/processed/Common_Gull/XC263884-fiskemåke-0724_123742_chunk004.wav,3.0,XC263884-fiskemåke-0724_123742.mp3
Common_Gull,XC263884-fiskemåke-0724_123742,5,data/processed/Common_Gull/XC263884-fiskemåke-0724_123742_chunk005.wav,3.0,XC263884-fiskemåke-0724_123742.mp3
Common_Gull,XC263884-fiskemåke-0724_123742,6,data/processed/Common_Gull/XC263884-fiskemåke-0724_123742_chunk006.wav,3.0,XC263884-fiskemåke-0724_123742.mp3
Common_Gull,XC263884-fiskemåke-0724_123742,7,data/processed/Common_Gull/XC263884-fiskemåke-0724_123742_chunk007.wav,3.0,XC263884-fiskemåke-0724_123742.mp3
Common_Gull,XC263884-fiskemåke-0724_123742,8,data/processed/Common_Gull/XC263884-fiskemåke-0724_123742_chunk008.wav,3.0,XC263884-fiskemåke-0724_123742.mp3
Common_Gull,XC263884-fiskemåke-0724_123742,9,data/processed/Common_Gull/XC263884-fiskemåke-0724_123742_chunk009.wav,3.0,XC263884-fiskemåke-0724_123742.mp3
Common_Gull,XC263884-fiskemåke-0724_123742,10,data/processed/Common_Gull/XC263884-fiskemåke-0724_123742_chunk010.wav,3.0,XC263884-fiskemåke-0724_123742.mp3
Common_Gull,XC263884-fiskemåke-0724_123742,11,data/processed/Common_Gull/XC263884-fiskemåke-0724_123742_chunk011.wav,3.0,XC263884-fiskemåke-0724_123742.mp3
Common_Gull,XC263884-fiskemåke-0724_123742,12,data/processed/Common_Gull/XC263884-fiskemåke-0724_123742_chunk012.wav,3.0,XC263884-fiskemåke-0724_123742.mp3
Common_Gull,XC263884-fiskemåke-0724_123742,13,data/processed/Common_Gull/XC263884-fiskemåke-0724_123742_chunk013.wav,3.0,XC263884-fiskemåke-0724_123742.mp3
Common_Gull,XC263885-fiskemåke-0724_123936,0,data/processed/Common_Gull/XC263885-fiskemåke-0724_123936_chunk000.wav,3.0,XC263885-fiskemåke-0724_123936.mp3
Common_Gull,XC263885-fiskemåke-0724_123936,1,data/processed/Common_Gull/XC263885-fiskemåke-0724_123936_chunk001.wav,3.0,XC263885-fiskemåke-0724_123936.mp3
Common_Gull,XC263885-fiskemåke-0724_123936,2,data/processed/Common_Gull/XC263885-fiskemåke-0724_123936_chunk002.wav,3.0,XC263885-fiskemåke-0724_123936.mp3
Common_Gull,XC263885-fiskemåke-0724_123936,3,data/processed/Common_Gull/XC263885-fiskemåke-0724_123936_chunk003.wav,3.0,XC263885-fiskemåke-0724_123936.mp3
Common_Gull,XC263885-fiskemåke-0724_123936,4,data/processed/Common_Gull/XC263885-fiskemåke-0724_123936_chunk004.wav,3.0,XC263885-fiskemåke-0724_123936.mp3
Common_Gull,XC263885-fiskemåke-0724_123936,5,data/processed/Common_Gull/XC263885-fiskemåke-0724_123936_chunk005.wav,3.0,XC263885-fiskemåke-0724_123936.mp3
Common_Gull,XC263885-fiskemåke-0724_123936,6,data/processed/Common_Gull/XC263885-fiskemåke-0724_123936_chunk006.wav,3.0,XC263885-fiskemåke-0724_123936.mp3
Common_Gull,XC263885-fiskemåke-0724_123936,7,data/processed/Common_Gull/XC263885-fiskemåke-0724_123936_chunk007.wav,3.0,XC263885-fiskemåke-0724_123936.mp3
Common_Gull,XC263885-fiskemåke-0724_123936,8,data/processed/Common_Gull/XC263885-fiskemåke-0724_123936_chunk008.wav,3.0,XC263885-fiskemåke-0724_123936.mp3
Common_Gull,XC263885-fiskemåke-0724_123936,9,data/processed/Common_Gull/XC263885-fiskemåke-0724_123936_chunk009.wav,3.0,XC263885-fiskemåke-0724_123936.mp3
Common_Gull,XC263885-fiskemåke-0724_123936,10,data/processed/Common_Gull/XC263885-fiskemåke-0724_123936_chunk010.wav,3.0,XC263885-fiskemåke-0724_123936.mp3
Common_Gull,XC263885-fiskemåke-0724_123936,11,data/processed/Common_Gull/XC263885-fiskemåke-0724_123936_chunk011.wav,3.0,XC263885-fiskemåke-0724_123936.mp3
Common_Gull,XC263886-fiskemåke-sang-0724_120810,0,data/processed/Common_Gull/XC263886-fiskemåke-sang-0724_120810_chunk000.wav,3.0,XC263886-fiskemåke-sang-0724_120810.mp3
Common_Gull,XC263886-fiskemåke-sang-0724_120810,1,data/processed/Common_Gull/XC263886-fiskemåke-sang-0724_120810_chunk001.wav,3.0,XC263886-fiskemåke-sang-0724_120810.mp3
Common_Gull,XC263886-fiskemåke-sang-0724_120810,2,data/processed/Common_Gull/XC263886-fiskemåke-sang-0724_120810_chunk002.wav,3.0,XC263886-fiskemåke-sang-0724_120810.mp3
Common_Gull,XC263886-fiskemåke-sang-0724_120810,3,data/processed/Common_Gull/XC263886-fiskemåke-sang-0724_120810_chunk003.wav,3.0,XC263886-fiskemåke-sang-0724_120810.mp3
Common_Gull,XC263886-fiskemåke-sang-0724_120810,4,data/processed/Common_Gull/XC263886-fiskemåke-sang-0724_120810_chunk004.wav,3.0,XC263886-fiskemåke-sang-0724_120810.mp3
Common_Gull,XC263886-fiskemåke-sang-0724_120810,5,data/processed/Common_Gull/XC263886-fiskemåke-sang-0724_120810_chunk005.wav,3.0,XC263886-fiskemåke-sang-0724_120810.mp3
Common_Gull,XC263886-fiskemåke-sang-0724_120810,6,data/processed/Common_Gull/XC263886-fiskemåke-sang-0724_120810_chunk006.wav,3.0,XC263886-fiskemåke-sang-0724_120810.mp3
Common_Gull,XC270371-Larus,0,data/processed/Common_Gull/XC270371-Larus_chunk000.wav,3.0,"XC270371-Larus canus 150624_031,AB.MP3"
Common_Gull,XC270371-Larus,1,data/processed/Common_Gull/XC270371-Larus_chunk001.wav,3.0,"XC270371-Larus canus 150624_031,AB.MP3"
Common_Gull,XC270371-Larus,2,data/processed/Common_Gull/XC270371-Larus_chunk002.wav,3.0,"XC270371-Larus canus 150624_031,AB.MP3"
Common_Gull,XC270371-Larus,3,data/processed/Common_Gull/XC270371-Larus_chunk003.wav,3.0,"XC270371-Larus canus 150624_031,AB.MP3"
Common_Gull,XC270371-Larus,4,data/processed/Common_Gull/XC270371-Larus_chunk004.wav,3.0,"XC270371-Larus canus 150624_031,AB.MP3"
Common_Gull,XC270371-Larus,5,data/processed/Common_Gull/XC270371-Larus_chunk005.wav,3.0,"XC270371-Larus canus 150624_031,AB.MP3"
Common_Gull,XC270371-Larus,6,data/processed/Common_Gull/XC270371-Larus_chunk006.wav,3.0,"XC270371-Larus canus 150624_031,AB.MP3"
Common_Gull,XC270371-Larus,7,data/processed/Common_Gull/XC270371-Larus_chunk007.wav,3.0,"XC270371-Larus canus 150624_031,AB.MP3"
Common_Gull,XC270371-Larus,8,data/processed/Common_Gull/XC270371-Larus_chunk008.wav,3.0,"XC270371-Larus canus 150624_031,AB.MP3"
Common_Gull,XC270371-Larus,9,data/processed/Common_Gull/XC270371-Larus_chunk009.wav,3.0,"XC270371-Larus canus 150624_031,AB.MP3"
Common_Gull,XC270371-Larus,10,data/processed/Common_Gull/XC270371-Larus_chunk010.wav,3.0,"XC270371-Larus canus 150624_031,AB.MP3"
Common_Gull,XC270371-Larus,11,data/processed/Common_Gull/XC270371-Larus_chunk011.wav,3.0,"XC270371-Larus canus 150624_031,AB.MP3"
Common_Gull,XC270371-Larus,12,data/processed/Common_Gull/XC270371-Larus_chunk012.wav,3.0,"XC270371-Larus canus 150624_031,AB.MP3"
Common_Gull,XC270371-Larus,13,data/processed/Common_Gull/XC270371-Larus_chunk013.wav,3.0,"XC270371-Larus canus 150624_031,AB.MP3"
Common_Gull,XC270371-Larus,14,data/processed/Common_Gull/XC270371-Larus_chunk014.wav,3.0,"XC270371-Larus canus 150624_031,AB.MP3"
Common_Gull,XC270371-Larus,15,data/processed/Common_Gull/XC270371-Larus_chunk015.wav,3.0,"XC270371-Larus canus 150624_031,AB.MP3"
Common_Gull,XC270371-Larus,16,data/processed/Common_Gull/XC270371-Larus_chunk016.wav,3.0,"XC270371-Larus canus 150624_031,AB.MP3"
Common_Gull,XC270371-Larus,17,data/processed/Common_Gull/XC270371-Larus_chunk017.wav,3.0,"XC270371-Larus canus 150624_031,AB.MP3"
Common_Gull,XC270371-Larus,18,data/processed/Common_Gull/XC270371-Larus_chunk018.wav,3.0,"XC270371-Larus canus 150624_031,AB.MP3"
Common_Gull,XC270371-Larus,19,data/processed/Common_Gull/XC270371-Larus_chunk019.wav,3.0,"XC270371-Larus canus 150624_031,AB.MP3"
Common_Gull,XC272299-Larus,0,data/processed/Common_Gull/XC272299-Larus_chunk000.wav,3.0,"XC272299-Larus canus 0624_201700,AA.MP3"
Common_Gull,XC272299-Larus,1,data/processed/Common_Gull/XC272299-Larus_chunk001.wav,3.0,"XC272299-Larus canus 0624_201700,AA.MP3"
Common_Gull,XC272299-Larus,2,data/processed/Common_Gull/XC272299-Larus_chunk002.wav,3.0,"XC272299-Larus canus 0624_201700,AA.MP3"
Common_Gull,XC272299-Larus,3,data/processed/Common_Gull/XC272299-Larus_chunk003.wav,3.0,"XC272299-Larus canus 0624_201700,AA.MP3"
Common_Gull,XC272299-Larus,4,data/processed/Common_Gull/XC272299-Larus_chunk004.wav,3.0,"XC272299-Larus canus 0624_201700,AA.MP3"
Common_Gull,XC272299-Larus,5,data/processed/Common_Gull/XC272299-Larus_chunk005.wav,3.0,"XC272299-Larus canus 0624_201700,AA.MP3"
Common_Gull,XC272299-Larus,6,data/processed/Common_Gull/XC272299-Larus_chunk006.wav,3.0,"XC272299-Larus canus 0624_201700,AA.MP3"
Common_Gull,XC272299-Larus,7,data/processed/Common_Gull/XC272299-Larus_chunk007.wav,3.0,"XC272299-Larus canus 0624_201700,AA.MP3"
Common_Gull,XC272299-Larus,8,data/processed/Common_Gull/XC272299-Larus_chunk008.wav,3.0,"XC272299-Larus canus 0624_201700,AA.MP3"
Common_Gull,XC272299-Larus,9,data/processed/Common_Gull/XC272299-Larus_chunk009.wav,3.0,"XC272299-Larus canus 0624_201700,AA.MP3"
Common_Gull,XC272299-Larus,10,data/processed/Common_Gull/XC272299-Larus_chunk010.wav,3.0,"XC272299-Larus canus 0624_201700,AA.MP3"
Common_Gull,XC272299-Larus,11,data/processed/Common_Gull/XC272299-Larus_chunk011.wav,3.0,"XC272299-Larus canus 0624_201700,AA.MP3"
Common_Gull,XC272299-Larus,12,data/processed/Common_Gull/XC272299-Larus_chunk012.wav,3.0,"XC272299-Larus canus 0624_201700,AA.MP3"
Common_Gull,XC272299-Larus,13,data/processed/Common_Gull/XC272299-Larus_chunk013.wav,3.0,"XC272299-Larus canus 0624_201700,AA.MP3"
Common_Gull,XC272299-Larus,14,data/processed/Common_Gull/XC272299-Larus_chunk014.wav,3.0,"XC272299-Larus canus 0624_201700,AA.MP3"
Common_Gull,XC272299-Larus,15,data/processed/Common_Gull/XC272299-Larus_chunk015.wav,3.0,"XC272299-Larus canus 0624_201700,AA.MP3"
Common_Gull,XC272299-Larus,16,data/processed/Common_Gull/XC272299-Larus_chunk016.wav,3.0,"XC272299-Larus canus 0624_201700,AA.MP3"
Common_Gull,XC272299-Larus,17,data/processed/Common_Gull/XC272299-Larus_chunk017.wav,3.0,"XC272299-Larus canus 0624_201700,AA.MP3"
Common_Gull,XC272299-Larus,18,data/processed/Common_Gull/XC272299-Larus_chunk018.wav,3.0,"XC272299-Larus canus 0624_201700,AA.MP3"
Common_Gull,XC272299-Larus,19,data/processed/Common_Gull/XC272299-Larus_chunk019.wav,3.0,"XC272299-Larus canus 0624_201700,AA.MP3"
Common_Gull,XC272299-Larus,20,data/processed/Common_Gull/XC272299-Larus_chunk020.wav,3.0,"XC272299-Larus canus 0624_201700,AA.MP3"
Common_Gull,XC272299-Larus,21,data/processed/Common_Gull/XC272299-Larus_chunk021.wav,3.0,"XC272299-Larus canus 0624_201700,AA.MP3"
Common_Gull,XC272299-Larus,22,data/processed/Common_Gull/XC272299-Larus_chunk022.wav,3.0,"XC272299-Larus canus 0624_201700,AA.MP3"
Common_Gull,XC272299-Larus,23,data/processed/Common_Gull/XC272299-Larus_chunk023.wav,3.0,"XC272299-Larus canus 0624_201700,AA.MP3"
Common_Gull,XC281181-233,0,data/processed/Common_Gull/XC281181-233_chunk000.wav,3.0,XC281181-233 3 Stormmeeuw 3 Roep.mp3
Common_Gull,XC281181-233,1,data/processed/Common_Gull/XC281181-233_chunk001.wav,3.0,XC281181-233 3 Stormmeeuw 3 Roep.mp3
Common_Gull,XC281181-233,2,data/processed/Common_Gull/XC281181-233_chunk002.wav,3.0,XC281181-233 3 Stormmeeuw 3 Roep.mp3
Common_Gull,XC281181-233,3,data/processed/Common_Gull/XC281181-233_chunk003.wav,3.0,XC281181-233 3 Stormmeeuw 3 Roep.mp3
Common_Gull,XC281181-233,4,data/processed/Common_Gull/XC281181-233_chunk004.wav,3.0,XC281181-233 3 Stormmeeuw 3 Roep.mp3
Common_Gull,XC288844-150526_0556-Larus,0,data/processed/Common_Gull/XC288844-150526_0556-Larus_chunk000.wav,3.0,XC288844-150526_0556-Larus canus.mp3
Common_Gull,XC288845-150526_0724-Larus,0,data/processed/Common_Gull/XC288845-150526_0724-Larus_chunk000.wav,3.0,XC288845-150526_0724-Larus canus.mp3
Common_Gull,XC288845-150526_0724-Larus,1,data/processed/Common_Gull/XC288845-150526_0724-Larus_chunk001.wav,3.0,XC288845-150526_0724-Larus canus.mp3
Common_Gull,XC288846-150528_0322-Larus,0,data/processed/Common_Gull/XC288846-150528_0322-Larus_chunk000.wav,3.0,XC288846-150528_0322-Larus canus.mp3
Common_Gull,XC288846-150528_0322-Larus,1,data/processed/Common_Gull/XC288846-150528_0322-Larus_chunk001.wav,3.0,XC288846-150528_0322-Larus canus.mp3
Common_Gull,XC288846-150528_0322-Larus,2,data/processed/Common_Gull/XC288846-150528_0322-Larus_chunk002.wav,3.0,XC288846-150528_0322-Larus canus.mp3
Common_Gull,XC288846-150528_0322-Larus,3,data/processed/Common_Gull/XC288846-150528_0322-Larus_chunk003.wav,3.0,XC288846-150528_0322-Larus canus.mp3
Common_Gull,XC288846-150528_0322-Larus,4,data/processed/Common_Gull/XC288846-150528_0322-Larus_chunk004.wav,3.0,XC288846-150528_0322-Larus canus.mp3
Common_Gull,XC288846-150528_0322-Larus,5,data/processed/Common_Gull/XC288846-150528_0322-Larus_chunk005.wav,3.0,XC288846-150528_0322-Larus canus.mp3
Common_Gull,XC288846-150528_0322-Larus,6,data/processed/Common_Gull/XC288846-150528_0322-Larus_chunk006.wav,3.0,XC288846-150528_0322-Larus canus.mp3
Common_Gull,XC288846-150528_0322-Larus,7,data/processed/Common_Gull/XC288846-150528_0322-Larus_chunk007.wav,3.0,XC288846-150528_0322-Larus canus.mp3
Common_Gull,XC288846-150528_0322-Larus,8,data/processed/Common_Gull/XC288846-150528_0322-Larus_chunk008.wav,3.0,XC288846-150528_0322-Larus canus.mp3
Common_Gull,XC288846-150528_0322-Larus,9,data/processed/Common_Gull/XC288846-150528_0322-Larus_chunk009.wav,3.0,XC288846-150528_0322-Larus canus.mp3
Common_Gull,XC288846-150528_0322-Larus,10,data/processed/Common_Gull/XC288846-150528_0322-Larus_chunk010.wav,3.0,XC288846-150528_0322-Larus canus.mp3
Common_Gull,XC290115-Default,0,data/processed/Common_Gull/XC290115-Default_chunk000.wav,3.0,XC290115-Default Project.mp3
Common_Gull,XC290115-Default,1,data/processed/Common_Gull/XC290115-Default_chunk001.wav,3.0,XC290115-Default Project.mp3
Common_Gull,XC290115-Default,2,data/processed/Common_Gull/XC290115-Default_chunk002.wav,3.0,XC290115-Default Project.mp3
Common_Gull,XC290115-Default,3,data/processed/Common_Gull/XC290115-Default_chunk003.wav,3.0,XC290115-Default Project.mp3
Common_Gull,XC290115-Default,4,data/processed/Common_Gull/XC290115-Default_chunk004.wav,3.0,XC290115-Default Project.mp3
Common_Gull,XC290115-Default,5,data/processed/Common_Gull/XC290115-Default_chunk005.wav,3.0,XC290115-Default Project.mp3
Common_Gull,XC290115-Default,6,data/processed/Common_Gull/XC290115-Default_chunk006.wav,3.0,XC290115-Default Project.mp3
Common_Gull,XC290115-Default,7,data/processed/Common_Gull/XC290115-Default_chunk007.wav,3.0,XC290115-Default Project.mp3
Common_Gull,XC290115-Default,8,data/processed/Common_Gull/XC290115-Default_chunk008.wav,3.0,XC290115-Default Project.mp3
Common_Gull,XC290115-Default,9,data/processed/Common_Gull/XC290115-Default_chunk009.wav,3.0,XC290115-Default Project.mp3
Common_Gull,XC290115-Default,10,data/processed/Common_Gull/XC290115-Default_chunk010.wav,3.0,XC290115-Default Project.mp3
Common_Gull,XC290115-Default,11,data/processed/Common_Gull/XC290115-Default_chunk011.wav,3.0,XC290115-Default Project.mp3
Common_Gull,XC290115-Default,12,data/processed/Common_Gull/XC290115-Default_chunk012.wav,3.0,XC290115-Default Project.mp3
Common_Gull,XC290115-Default,13,data/processed/Common_Gull/XC290115-Default_chunk013.wav,3.0,XC290115-Default Project.mp3
Common_Gull,XC290115-Default,14,data/processed/Common_Gull/XC290115-Default_chunk014.wav,3.0,XC290115-Default Project.mp3
Common_Gull,XC290115-Default,15,data/processed/Common_Gull/XC290115-Default_chunk015.wav,3.0,XC290115-Default Project.mp3
Common_Gull,XC301406-LS113830,0,data/processed/Common_Gull/XC301406-LS113830_chunk000.wav,3.0,XC301406-LS113830.mp3
Common_Gull,XC301406-LS113830,1,data/processed/Common_Gull/XC301406-LS113830_chunk001.wav,3.0,XC301406-LS113830.mp3
Common_Gull,XC301406-LS113830,2,data/processed/Common_Gull/XC301406-LS113830_chunk002.wav,3.0,XC301406-LS113830.mp3
Common_Gull,XC301406-LS113830,3,data/processed/Common_Gull/XC301406-LS113830_chunk003.wav,3.0,XC301406-LS113830.mp3
Common_Gull,XC301406-LS113830,4,data/processed/Common_Gull/XC301406-LS113830_chunk004.wav,3.0,XC301406-LS113830.mp3
Common_Gull,XC301406-LS113830,5,data/processed/Common_Gull/XC301406-LS113830_chunk005.wav,3.0,XC301406-LS113830.mp3
Common_Gull,XC301406-LS113830,6,data/processed/Common_Gull/XC301406-LS113830_chunk006.wav,3.0,XC301406-LS113830.mp3
Common_Gull,XC301406-LS113830,7,data/processed/Common_Gull/XC301406-LS113830_chunk007.wav,3.0,XC301406-LS113830.mp3
Common_Gull,XC301406-LS113830,8,data/processed/Common_Gull/XC301406-LS113830_chunk008.wav,3.0,XC301406-LS113830.mp3
Common_Gull,XC301406-LS113830,9,data/processed/Common_Gull/XC301406-LS113830_chunk009.wav,3.0,XC301406-LS113830.mp3
Common_Gull,XC301406-LS113830,10,data/processed/Common_Gull/XC301406-LS113830_chunk010.wav,3.0,XC301406-LS113830.mp3
Common_Gull,XC301406-LS113830,11,data/processed/Common_Gull/XC301406-LS113830_chunk011.wav,3.0,XC301406-LS113830.mp3
Common_Gull,XC301406-LS113830,12,data/processed/Common_Gull/XC301406-LS113830_chunk012.wav,3.0,XC301406-LS113830.mp3
Common_Gull,XC301406-LS113830,13,data/processed/Common_Gull/XC301406-LS113830_chunk013.wav,3.0,XC301406-LS113830.mp3
Common_Gull,XC301406-LS113830,14,data/processed/Common_Gull/XC301406-LS113830_chunk014.wav,3.0,XC301406-LS113830.mp3
Common_Gull,XC301406-LS113830,15,data/processed/Common_Gull/XC301406-LS113830_chunk015.wav,3.0,XC301406-LS113830.mp3
Common_Gull,XC301406-LS113830,16,data/processed/Common_Gull/XC301406-LS113830_chunk016.wav,3.0,XC301406-LS113830.mp3
Common_Gull,XC301406-LS113830,17,data/processed/Common_Gull/XC301406-LS113830_chunk017.wav,3.0,XC301406-LS113830.mp3
Common_Gull,XC301406-LS113830,18,data/processed/Common_Gull/XC301406-LS113830_chunk018.wav,3.0,XC301406-LS113830.mp3
Common_Gull,XC301406-LS113830,19,data/processed/Common_Gull/XC301406-LS113830_chunk019.wav,3.0,XC301406-LS113830.mp3
Common_Gull,XC301406-LS113830,20,data/processed/Common_Gull/XC301406-LS113830_chunk020.wav,3.0,XC301406-LS113830.mp3
Common_Gull,XC301406-LS113830,21,data/processed/Common_Gull/XC301406-LS113830_chunk021.wav,3.0,XC301406-LS113830.mp3
Common_Gull,XC301406-LS113830,22,data/processed/Common_Gull/XC301406-LS113830_chunk022.wav,3.0,XC301406-LS113830.mp3
Common_Gull,XC301406-LS113830,23,data/processed/Common_Gull/XC301406-LS113830_chunk023.wav,3.0,XC301406-LS113830.mp3
Common_Gull,XC301406-LS113830,24,data/processed/Common_Gull/XC301406-LS113830_chunk024.wav,3.0,XC301406-LS113830.mp3
Common_Gull,XC301406-LS113830,25,data/processed/Common_Gull/XC301406-LS113830_chunk025.wav,3.0,XC301406-LS113830.mp3
Common_Gull,XC301406-LS113830,26,data/processed/Common_Gull/XC301406-LS113830_chunk026.wav,3.0,XC301406-LS113830.mp3
Common_Gull,XC301406-LS113830,27,data/processed/Common_Gull/XC301406-LS113830_chunk027.wav,3.0,XC301406-LS113830.mp3
Common_Gull,XC301406-LS113830,28,data/processed/Common_Gull/XC301406-LS113830_chunk028.wav,3.0,XC301406-LS113830.mp3
Common_Gull,XC301406-LS113830,29,data/processed/Common_Gull/XC301406-LS113830_chunk029.wav,3.0,XC301406-LS113830.mp3
Common_Gull,XC301406-LS113830,30,data/processed/Common_Gull/XC301406-LS113830_chunk030.wav,3.0,XC301406-LS113830.mp3
Common_Gull,XC301406-LS113830,31,data/processed/Common_Gull/XC301406-LS113830_chunk031.wav,3.0,XC301406-LS113830.mp3
Common_Gull,XC301406-LS113830,32,data/processed/Common_Gull/XC301406-LS113830_chunk032.wav,3.0,XC301406-LS113830.mp3
Common_Gull,XC301406-LS113830,33,data/processed/Common_Gull/XC301406-LS113830_chunk033.wav,3.0,XC301406-LS113830.mp3
Common_Gull,XC301406-LS113830,34,data/processed/Common_Gull/XC301406-LS113830_chunk034.wav,3.0,XC301406-LS113830.mp3
Common_Gull,XC301406-LS113830,35,data/processed/Common_Gull/XC301406-LS113830_chunk035.wav,3.0,XC301406-LS113830.mp3
Common_Gull,XC301406-LS113830,36,data/processed/Common_Gull/XC301406-LS113830_chunk036.wav,3.0,XC301406-LS113830.mp3
Common_Gull,XC301406-LS113830,37,data/processed/Common_Gull/XC301406-LS113830_chunk037.wav,3.0,XC301406-LS113830.mp3
Common_Gull,XC301406-LS113830,38,data/processed/Common_Gull/XC301406-LS113830_chunk038.wav,3.0,XC301406-LS113830.mp3
Common_Gull,XC301406-LS113830,39,data/processed/Common_Gull/XC301406-LS113830_chunk039.wav,3.0,XC301406-LS113830.mp3
Common_Gull,XC301406-LS113830,40,data/processed/Common_Gull/XC301406-LS113830_chunk040.wav,3.0,XC301406-LS113830.mp3
Common_Gull,XC301406-LS113830,41,data/processed/Common_Gull/XC301406-LS113830_chunk041.wav,3.0,XC301406-LS113830.mp3
Common_Gull,XC301406-LS113830,42,data/processed/Common_Gull/XC301406-LS113830_chunk042.wav,3.0,XC301406-LS113830.mp3
Common_Gull,XC301406-LS113830,43,data/processed/Common_Gull/XC301406-LS113830_chunk043.wav,3.0,XC301406-LS113830.mp3
Common_Gull,XC301406-LS113830,44,data/processed/Common_Gull/XC301406-LS113830_chunk044.wav,3.0,XC301406-LS113830.mp3
Common_Gull,XC301406-LS113830,45,data/processed/Common_Gull/XC301406-LS113830_chunk045.wav,3.0,XC301406-LS113830.mp3
Common_Gull,XC301406-LS113830,46,data/processed/Common_Gull/XC301406-LS113830_chunk046.wav,3.0,XC301406-LS113830.mp3
Common_Gull,XC301406-LS113830,47,data/processed/Common_Gull/XC301406-LS113830_chunk047.wav,3.0,XC301406-LS113830.mp3
Common_Gull,XC301406-LS113830,48,data/processed/Common_Gull/XC301406-LS113830_chunk048.wav,3.0,XC301406-LS113830.mp3
Common_Gull,XC301406-LS113830,49,data/processed/Common_Gull/XC301406-LS113830_chunk049.wav,3.0,XC301406-LS113830.mp3
Common_Gull,XC301406-LS113830,50,data/processed/Common_Gull/XC301406-LS113830_chunk050.wav,3.0,XC301406-LS113830.mp3
Common_Gull,XC301406-LS113830,51,data/processed/Common_Gull/XC301406-LS113830_chunk051.wav,3.0,XC301406-LS113830.mp3
Common_Gull,XC301406-LS113830,52,data/processed/Common_Gull/XC301406-LS113830_chunk052.wav,3.0,XC301406-LS113830.mp3
Common_Gull,XC301406-LS113830,53,data/processed/Common_Gull/XC301406-LS113830_chunk053.wav,3.0,XC301406-LS113830.mp3
Common_Gull,XC301406-LS113830,54,data/processed/Common_Gull/XC301406-LS113830_chunk054.wav,3.0,XC301406-LS113830.mp3
Common_Gull,XC301406-LS113830,55,data/processed/Common_Gull/XC301406-LS113830_chunk055.wav,3.0,XC301406-LS113830.mp3
Common_Gull,XC301406-LS113830,56,data/processed/Common_Gull/XC301406-LS113830_chunk056.wav,3.0,XC301406-LS113830.mp3
Common_Gull,XC301406-LS113830,57,data/processed/Common_Gull/XC301406-LS113830_chunk057.wav,3.0,XC301406-LS113830.mp3
Common_Gull,XC301406-LS113830,58,data/processed/Common_Gull/XC301406-LS113830_chunk058.wav,3.0,XC301406-LS113830.mp3
Common_Gull,XC301406-LS113830,59,data/processed/Common_Gull/XC301406-LS113830_chunk059.wav,3.0,XC301406-LS113830.mp3
Common_Gull,XC301406-LS113830,60,data/processed/Common_Gull/XC301406-LS113830_chunk060.wav,3.0,XC301406-LS113830.mp3
Common_Gull,XC301406-LS113830,61,data/processed/Common_Gull/XC301406-LS113830_chunk061.wav,3.0,XC301406-LS113830.mp3
Common_Gull,XC301406-LS113830,62,data/processed/Common_Gull/XC301406-LS113830_chunk062.wav,3.0,XC301406-LS113830.mp3
Common_Gull,XC301406-LS113830,63,data/processed/Common_Gull/XC301406-LS113830_chunk063.wav,3.0,XC301406-LS113830.mp3
Common_Gull,XC301406-LS113830,64,data/processed/Common_Gull/XC301406-LS113830_chunk064.wav,3.0,XC301406-LS113830.mp3
Common_Gull,XC301406-LS113830,65,data/processed/Common_Gull/XC301406-LS113830_chunk065.wav,3.0,XC301406-LS113830.mp3
Common_Gull,XC301406-LS113830,66,data/processed/Common_Gull/XC301406-LS113830_chunk066.wav,3.0,XC301406-LS113830.mp3
Common_Gull,XC301406-LS113830,67,data/processed/Common_Gull/XC301406-LS113830_chunk067.wav,3.0,XC301406-LS113830.mp3
Common_Gull,XC301406-LS113830,68,data/processed/Common_Gull/XC301406-LS113830_chunk068.wav,3.0,XC301406-LS113830.mp3
Common_Gull,XC301406-LS113830,69,data/processed/Common_Gull/XC301406-LS113830_chunk069.wav,3.0,XC301406-LS113830.mp3
Common_Gull,XC301406-LS113830,70,data/processed/Common_Gull/XC301406-LS113830_chunk070.wav,3.0,XC301406-LS113830.mp3
Common_Gull,XC301406-LS113830,71,data/processed/Common_Gull/XC301406-LS113830_chunk071.wav,3.0,XC301406-LS113830.mp3
Common_Gull,XC301406-LS113830,72,data/processed/Common_Gull/XC301406-LS113830_chunk072.wav,3.0,XC301406-LS113830.mp3
Common_Gull,XC301406-LS113830,73,data/processed/Common_Gull/XC301406-LS113830_chunk073.wav,3.0,XC301406-LS113830.mp3
Common_Gull,XC301406-LS113830,74,data/processed/Common_Gull/XC301406-LS113830_chunk074.wav,3.0,XC301406-LS113830.mp3
Common_Gull,XC301406-LS113830,75,data/processed/Common_Gull/XC301406-LS113830_chunk075.wav,3.0,XC301406-LS113830.mp3
Common_Gull,XC301406-LS113830,76,data/processed/Common_Gull/XC301406-LS113830_chunk076.wav,3.0,XC301406-LS113830.mp3
Common_Gull,XC301406-LS113830,77,data/processed/Common_Gull/XC301406-LS113830_chunk077.wav,3.0,XC301406-LS113830.mp3
Common_Gull,XC301406-LS113830,78,data/processed/Common_Gull/XC301406-LS113830_chunk078.wav,3.0,XC301406-LS113830.mp3
Common_Gull,XC301406-LS113830,79,data/processed/Common_Gull/XC301406-LS113830_chunk079.wav,3.0,XC301406-LS113830.mp3
Common_Gull,XC301406-LS113830,80,data/processed/Common_Gull/XC301406-LS113830_chunk080.wav,3.0,XC301406-LS113830.mp3
Common_Gull,XC301406-LS113830,81,data/processed/Common_Gull/XC301406-LS113830_chunk081.wav,3.0,XC301406-LS113830.mp3
Common_Gull,XC301406-LS113830,82,data/processed/Common_Gull/XC301406-LS113830_chunk082.wav,3.0,XC301406-LS113830.mp3
Common_Gull,XC301406-LS113830,83,data/processed/Common_Gull/XC301406-LS113830_chunk083.wav,3.0,XC301406-LS113830.mp3
Common_Gull,XC318789-Larus,0,data/processed/Common_Gull/XC318789-Larus_chunk000.wav,3.0,XC318789-Larus canus 160323011AC.mp3
Common_Gull,XC318789-Larus,1,data/processed/Common_Gull/XC318789-Larus_chunk001.wav,3.0,XC318789-Larus canus 160323011AC.mp3
Common_Gull,XC319365-Default,0,data/processed/Common_Gull/XC319365-Default_chunk000.wav,3.0,XC319365-Default Project.mp3
Common_Gull,XC319365-Default,1,data/processed/Common_Gull/XC319365-Default_chunk001.wav,3.0,XC319365-Default Project.mp3
Common_Gull,XC319365-Default,2,data/processed/Common_Gull/XC319365-Default_chunk002.wav,3.0,XC319365-Default Project.mp3
Common_Gull,XC319365-Default,3,data/processed/Common_Gull/XC319365-Default_chunk003.wav,3.0,XC319365-Default Project.mp3
Common_Gull,XC319365-Default,4,data/processed/Common_Gull/XC319365-Default_chunk004.wav,3.0,XC319365-Default Project.mp3
Common_Gull,XC319365-Default,5,data/processed/Common_Gull/XC319365-Default_chunk005.wav,3.0,XC319365-Default Project.mp3
Common_Gull,XC319365-Default,6,data/processed/Common_Gull/XC319365-Default_chunk006.wav,3.0,XC319365-Default Project.mp3
Common_Gull,XC319365-Default,7,data/processed/Common_Gull/XC319365-Default_chunk007.wav,3.0,XC319365-Default Project.mp3
Common_Gull,XC319365-Default,8,data/processed/Common_Gull/XC319365-Default_chunk008.wav,3.0,XC319365-Default Project.mp3
Common_Gull,XC319365-Default,9,data/processed/Common_Gull/XC319365-Default_chunk009.wav,3.0,XC319365-Default Project.mp3
Common_Gull,XC319365-Default,10,data/processed/Common_Gull/XC319365-Default_chunk010.wav,3.0,XC319365-Default Project.mp3
Common_Gull,XC319365-Default,11,data/processed/Common_Gull/XC319365-Default_chunk011.wav,3.0,XC319365-Default Project.mp3
Common_Gull,XC319365-Default,12,data/processed/Common_Gull/XC319365-Default_chunk012.wav,3.0,XC319365-Default Project.mp3
Common_Gull,XC319365-Default,13,data/processed/Common_Gull/XC319365-Default_chunk013.wav,3.0,XC319365-Default Project.mp3
Common_Gull,XC319365-Default,14,data/processed/Common_Gull/XC319365-Default_chunk014.wav,3.0,XC319365-Default Project.mp3
Common_Gull,XC319365-Default,15,data/processed/Common_Gull/XC319365-Default_chunk015.wav,3.0,XC319365-Default Project.mp3
Common_Gull,XC319365-Default,16,data/processed/Common_Gull/XC319365-Default_chunk016.wav,3.0,XC319365-Default Project.mp3
Common_Gull,XC319365-Default,17,data/processed/Common_Gull/XC319365-Default_chunk017.wav,3.0,XC319365-Default Project.mp3
Common_Gull,XC319365-Default,18,data/processed/Common_Gull/XC319365-Default_chunk018.wav,3.0,XC319365-Default Project.mp3
Common_Gull,XC319365-Default,19,data/processed/Common_Gull/XC319365-Default_chunk019.wav,3.0,XC319365-Default Project.mp3
Common_Gull,XC319365-Default,20,data/processed/Common_Gull/XC319365-Default_chunk020.wav,3.0,XC319365-Default Project.mp3
Common_Gull,XC319365-Default,21,data/processed/Common_Gull/XC319365-Default_chunk021.wav,3.0,XC319365-Default Project.mp3
Common_Gull,XC319365-Default,22,data/processed/Common_Gull/XC319365-Default_chunk022.wav,3.0,XC319365-Default Project.mp3
Common_Gull,XC319365-Default,23,data/processed/Common_Gull/XC319365-Default_chunk023.wav,3.0,XC319365-Default Project.mp3
Common_Gull,XC319365-Default,24,data/processed/Common_Gull/XC319365-Default_chunk024.wav,3.0,XC319365-Default Project.mp3
Common_Gull,XC319365-Default,25,data/processed/Common_Gull/XC319365-Default_chunk025.wav,3.0,XC319365-Default Project.mp3
Common_Gull,XC319365-Default,26,data/processed/Common_Gull/XC319365-Default_chunk026.wav,3.0,XC319365-Default Project.mp3
Common_Gull,XC319365-Default,27,data/processed/Common_Gull/XC319365-Default_chunk027.wav,3.0,XC319365-Default Project.mp3
Common_Gull,XC319365-Default,28,data/processed/Common_Gull/XC319365-Default_chunk028.wav,3.0,XC319365-Default Project.mp3
Common_Gull,XC319365-Default,29,data/processed/Common_Gull/XC319365-Default_chunk029.wav,3.0,XC319365-Default Project.mp3
Common_Gull,XC319365-Default,30,data/processed/Common_Gull/XC319365-Default_chunk030.wav,3.0,XC319365-Default Project.mp3
Common_Gull,XC319365-Default,31,data/processed/Common_Gull/XC319365-Default_chunk031.wav,3.0,XC319365-Default Project.mp3
Common_Gull,XC319365-Default,32,data/processed/Common_Gull/XC319365-Default_chunk032.wav,3.0,XC319365-Default Project.mp3
Common_Gull,XC319365-Default,33,data/processed/Common_Gull/XC319365-Default_chunk033.wav,3.0,XC319365-Default Project.mp3
Common_Gull,XC319365-Default,34,data/processed/Common_Gull/XC319365-Default_chunk034.wav,3.0,XC319365-Default Project.mp3
Common_Gull,XC319365-Default,35,data/processed/Common_Gull/XC319365-Default_chunk035.wav,3.0,XC319365-Default Project.mp3
Common_Gull,XC327829-stumm0725,0,data/processed/Common_Gull/XC327829-stumm0725_chunk000.wav,3.0,XC327829-stumm0725.mp3
Common_Gull,XC327829-stumm0725,1,data/processed/Common_Gull/XC327829-stumm0725_chunk001.wav,3.0,XC327829-stumm0725.mp3
Common_Gull,XC327829-stumm0725,2,data/processed/Common_Gull/XC327829-stumm0725_chunk002.wav,3.0,XC327829-stumm0725.mp3
Common_Gull,XC327829-stumm0725,3,data/processed/Common_Gull/XC327829-stumm0725_chunk003.wav,3.0,XC327829-stumm0725.mp3
Common_Gull,XC327829-stumm0725,4,data/processed/Common_Gull/XC327829-stumm0725_chunk004.wav,3.0,XC327829-stumm0725.mp3
Common_Gull,XC327829-stumm0725,5,data/processed/Common_Gull/XC327829-stumm0725_chunk005.wav,3.0,XC327829-stumm0725.mp3
Common_Gull,XC327829-stumm0725,6,data/processed/Common_Gull/XC327829-stumm0725_chunk006.wav,3.0,XC327829-stumm0725.mp3
Common_Gull,XC327829-stumm0725,7,data/processed/Common_Gull/XC327829-stumm0725_chunk007.wav,3.0,XC327829-stumm0725.mp3
Common_Gull,XC327829-stumm0725,8,data/processed/Common_Gull/XC327829-stumm0725_chunk008.wav,3.0,XC327829-stumm0725.mp3
Common_Gull,XC327829-stumm0725,9,data/processed/Common_Gull/XC327829-stumm0725_chunk009.wav,3.0,XC327829-stumm0725.mp3
Common_Gull,XC327829-stumm0725,10,data/processed/Common_Gull/XC327829-stumm0725_chunk010.wav,3.0,XC327829-stumm0725.mp3
Common_Gull,XC327829-stumm0725,11,data/processed/Common_Gull/XC327829-stumm0725_chunk011.wav,3.0,XC327829-stumm0725.mp3
Common_Gull,XC327829-stumm0725,12,data/processed/Common_Gull/XC327829-stumm0725_chunk012.wav,3.0,XC327829-stumm0725.mp3
Common_Gull,XC327830-sturmm0728,0,data/processed/Common_Gull/XC327830-sturmm0728_chunk000.wav,3.0,XC327830-sturmm0728.mp3
Common_Gull,XC327830-sturmm0728,1,data/processed/Common_Gull/XC327830-sturmm0728_chunk001.wav,3.0,XC327830-sturmm0728.mp3
Common_Gull,XC327830-sturmm0728,2,data/processed/Common_Gull/XC327830-sturmm0728_chunk002.wav,3.0,XC327830-sturmm0728.mp3
Common_Gull,XC327830-sturmm0728,3,data/processed/Common_Gull/XC327830-sturmm0728_chunk003.wav,3.0,XC327830-sturmm0728.mp3
Common_Gull,XC327830-sturmm0728,4,data/processed/Common_Gull/XC327830-sturmm0728_chunk004.wav,3.0,XC327830-sturmm0728.mp3
Common_Gull,XC327830-sturmm0728,5,data/processed/Common_Gull/XC327830-sturmm0728_chunk005.wav,3.0,XC327830-sturmm0728.mp3
Common_Gull,XC327830-sturmm0728,6,data/processed/Common_Gull/XC327830-sturmm0728_chunk006.wav,3.0,XC327830-sturmm0728.mp3
Common_Gull,XC327830-sturmm0728,7,data/processed/Common_Gull/XC327830-sturmm0728_chunk007.wav,3.0,XC327830-sturmm0728.mp3
Common_Gull,XC327830-sturmm0728,8,data/processed/Common_Gull/XC327830-sturmm0728_chunk008.wav,3.0,XC327830-sturmm0728.mp3
Common_Gull,XC327830-sturmm0728,9,data/processed/Common_Gull/XC327830-sturmm0728_chunk009.wav,3.0,XC327830-sturmm0728.mp3
Common_Gull,XC342970-395_larcan_kutsu2_Suomi_Jyväskylä_2009-05-15,0,data/processed/Common_Gull/XC342970-395_larcan_kutsu2_Suomi_Jyväskylä_2009-05-15_chunk000.wav,3.0,XC342970-395_larcan_kutsu2_Suomi_Jyväskylä_2009-05-15.mp3
Common_Gull,XC342970-395_larcan_kutsu2_Suomi_Jyväskylä_2009-05-15,1,data/processed/Common_Gull/XC342970-395_larcan_kutsu2_Suomi_Jyväskylä_2009-05-15_chunk001.wav,3.0,XC342970-395_larcan_kutsu2_Suomi_Jyväskylä_2009-05-15.mp3
Common_Gull,XC342970-395_larcan_kutsu2_Suomi_Jyväskylä_2009-05-15,2,data/processed/Common_Gull/XC342970-395_larcan_kutsu2_Suomi_Jyväskylä_2009-05-15_chunk002.wav,3.0,XC342970-395_larcan_kutsu2_Suomi_Jyväskylä_2009-05-15.mp3
Common_Gull,XC342972-395_larcan_naaras-soidin2_Suomi_Leivonmäki_2007-05-15,0,data/processed/Common_Gull/XC342972-395_larcan_naaras-soidin2_Suomi_Leivonmäki_2007-05-15_chunk000.wav,3.0,XC342972-395_larcan_naaras-soidin2_Suomi_Leivonmäki_2007-05-15.mp3
Common_Gull,XC342972-395_larcan_naaras-soidin2_Suomi_Leivonmäki_2007-05-15,1,data/processed/Common_Gull/XC342972-395_larcan_naaras-soidin2_Suomi_Leivonmäki_2007-05-15_chunk001.wav,3.0,XC342972-395_larcan_naaras-soidin2_Suomi_Leivonmäki_2007-05-15.mp3
Common_Gull,XC342972-395_larcan_naaras-soidin2_Suomi_Leivonmäki_2007-05-15,2,data/processed/Common_Gull/XC342972-395_larcan_naaras-soidin2_Suomi_Leivonmäki_2007-05-15_chunk002.wav,3.0,XC342972-395_larcan_naaras-soidin2_Suomi_Leivonmäki_2007-05-15.mp3
Common_Gull,XC342972-395_larcan_naaras-soidin2_Suomi_Leivonmäki_2007-05-15,3,data/processed/Common_Gull/XC342972-395_larcan_naaras-soidin2_Suomi_Leivonmäki_2007-05-15_chunk003.wav,3.0,XC342972-395_larcan_naaras-soidin2_Suomi_Leivonmäki_2007-05-15.mp3
Common_Gull,XC345096-adult,0,data/processed/Common_Gull/XC345096-adult_chunk000.wav,3.0,XC345096-adult winter canus Common Gull Nimmo's Pier long call 4th December 2016_HH_1.mp3
Common_Gull,XC345096-adult,1,data/processed/Common_Gull/XC345096-adult_chunk001.wav,3.0,XC345096-adult winter canus Common Gull Nimmo's Pier long call 4th December 2016_HH_1.mp3
Common_Gull,XC345096-adult,2,data/processed/Common_Gull/XC345096-adult_chunk002.wav,3.0,XC345096-adult winter canus Common Gull Nimmo's Pier long call 4th December 2016_HH_1.mp3
Common_Gull,XC345096-adult,3,data/processed/Common_Gull/XC345096-adult_chunk003.wav,3.0,XC345096-adult winter canus Common Gull Nimmo's Pier long call 4th December 2016_HH_1.mp3
Common_Gull,XC345096-adult,4,data/processed/Common_Gull/XC345096-adult_chunk004.wav,3.0,XC345096-adult winter canus Common Gull Nimmo's Pier long call 4th December 2016_HH_1.mp3
Common_Gull,XC345096-adult,5,data/processed/Common_Gull/XC345096-adult_chunk005.wav,3.0,XC345096-adult winter canus Common Gull Nimmo's Pier long call 4th December 2016_HH_1.mp3
Common_Gull,XC345096-adult,6,data/processed/Common_Gull/XC345096-adult_chunk006.wav,3.0,XC345096-adult winter canus Common Gull Nimmo's Pier long call 4th December 2016_HH_1.mp3
Common_Gull,XC345096-adult,7,data/processed/Common_Gull/XC345096-adult_chunk007.wav,3.0,XC345096-adult winter canus Common Gull Nimmo's Pier long call 4th December 2016_HH_1.mp3
Common_Gull,XC345096-adult,8,data/processed/Common_Gull/XC345096-adult_chunk008.wav,3.0,XC345096-adult winter canus Common Gull Nimmo's Pier long call 4th December 2016_HH_1.mp3
Common_Gull,XC345096-adult,9,data/processed/Common_Gull/XC345096-adult_chunk009.wav,3.0,XC345096-adult winter canus Common Gull Nimmo's Pier long call 4th December 2016_HH_1.mp3
Common_Gull,XC345096-adult,10,data/processed/Common_Gull/XC345096-adult_chunk010.wav,3.0,XC345096-adult winter canus Common Gull Nimmo's Pier long call 4th December 2016_HH_1.mp3
Common_Gull,XC345096-adult,11,data/processed/Common_Gull/XC345096-adult_chunk011.wav,3.0,XC345096-adult winter canus Common Gull Nimmo's Pier long call 4th December 2016_HH_1.mp3
Common_Gull,XC345096-adult,12,data/processed/Common_Gull/XC345096-adult_chunk012.wav,3.0,XC345096-adult winter canus Common Gull Nimmo's Pier long call 4th December 2016_HH_1.mp3
Common_Gull,XC345096-adult,13,data/processed/Common_Gull/XC345096-adult_chunk013.wav,3.0,XC345096-adult winter canus Common Gull Nimmo's Pier long call 4th December 2016_HH_1.mp3
Common_Gull,XC345096-adult,14,data/processed/Common_Gull/XC345096-adult_chunk014.wav,3.0,XC345096-adult winter canus Common Gull Nimmo's Pier long call 4th December 2016_HH_1.mp3
Common_Gull,XC345096-adult,15,data/processed/Common_Gull/XC345096-adult_chunk015.wav,3.0,XC345096-adult winter canus Common Gull Nimmo's Pier long call 4th December 2016_HH_1.mp3
Common_Gull,XC345096-adult,16,data/processed/Common_Gull/XC345096-adult_chunk016.wav,3.0,XC345096-adult winter canus Common Gull Nimmo's Pier long call 4th December 2016_HH_1.mp3
Common_Gull,XC345096-adult,17,data/processed/Common_Gull/XC345096-adult_chunk017.wav,3.0,XC345096-adult winter canus Common Gull Nimmo's Pier long call 4th December 2016_HH_1.mp3
Common_Gull,XC345096-adult,18,data/processed/Common_Gull/XC345096-adult_chunk018.wav,3.0,XC345096-adult winter canus Common Gull Nimmo's Pier long call 4th December 2016_HH_1.mp3
Common_Gull,XC345096-adult,19,data/processed/Common_Gull/XC345096-adult_chunk019.wav,3.0,XC345096-adult winter canus Common Gull Nimmo's Pier long call 4th December 2016_HH_1.mp3
Common_Gull,XC345096-adult,20,data/processed/Common_Gull/XC345096-adult_chunk020.wav,3.0,XC345096-adult winter canus Common Gull Nimmo's Pier long call 4th December 2016_HH_1.mp3
Common_Gull,XC345096-adult,21,data/processed/Common_Gull/XC345096-adult_chunk021.wav,3.0,XC345096-adult winter canus Common Gull Nimmo's Pier long call 4th December 2016_HH_1.mp3
Common_Gull,XC356209-Larus_canus-FL,0,data/processed/Common_Gull/XC356209-Larus_canus-FL_chunk000.wav,3.0,"XC356209-Larus_canus-FL calls Westchester Lagoon, Anchorage AK 6.09am 11Jun15 LS116742b.mp3"
Common_Gull,XC356209-Larus_canus-FL,1,data/processed/Common_Gull/XC356209-Larus_canus-FL_chunk001.wav,3.0,"XC356209-Larus_canus-FL calls Westchester Lagoon, Anchorage AK 6.09am 11Jun15 LS116742b.mp3"
Common_Gull,XC356209-Larus_canus-FL,2,data/processed/Common_Gull/XC356209-Larus_canus-FL_chunk002.wav,3.0,"XC356209-Larus_canus-FL calls Westchester Lagoon, Anchorage AK 6.09am 11Jun15 LS116742b.mp3"
Common_Gull,XC356209-Larus_canus-FL,3,data/processed/Common_Gull/XC356209-Larus_canus-FL_chunk003.wav,3.0,"XC356209-Larus_canus-FL calls Westchester Lagoon, Anchorage AK 6.09am 11Jun15 LS116742b.mp3"
Common_Gull,XC356209-Larus_canus-FL,4,data/processed/Common_Gull/XC356209-Larus_canus-FL_chunk004.wav,3.0,"XC356209-Larus_canus-FL calls Westchester Lagoon, Anchorage AK 6.09am 11Jun15 LS116742b.mp3"
Common_Gull,XC356209-Larus_canus-FL,5,data/processed/Common_Gull/XC356209-Larus_canus-FL_chunk005.wav,3.0,"XC356209-Larus_canus-FL calls Westchester Lagoon, Anchorage AK 6.09am 11Jun15 LS116742b.mp3"
Common_Gull,XC356209-Larus_canus-FL,6,data/processed/Common_Gull/XC356209-Larus_canus-FL_chunk006.wav,3.0,"XC356209-Larus_canus-FL calls Westchester Lagoon, Anchorage AK 6.09am 11Jun15 LS116742b.mp3"
Common_Gull,XC356209-Larus_canus-FL,7,data/processed/Common_Gull/XC356209-Larus_canus-FL_chunk007.wav,3.0,"XC356209-Larus_canus-FL calls Westchester Lagoon, Anchorage AK 6.09am 11Jun15 LS116742b.mp3"
Common_Gull,XC356209-Larus_canus-FL,8,data/processed/Common_Gull/XC356209-Larus_canus-FL_chunk008.wav,3.0,"XC356209-Larus_canus-FL calls Westchester Lagoon, Anchorage AK 6.09am 11Jun15 LS116742b.mp3"
Common_Gull,XC356209-Larus_canus-FL,9,data/processed/Common_Gull/XC356209-Larus_canus-FL_chunk009.wav,3.0,"XC356209-Larus_canus-FL calls Westchester Lagoon, Anchorage AK 6.09am 11Jun15 LS116742b.mp3"
Common_Gull,XC363391-Common,0,data/processed/Common_Gull/XC363391-Common_chunk000.wav,3.0,"XC363391-Common Gulls, IB 6 April 2015 1757PM.mp3"
Common_Gull,XC363391-Common,1,data/processed/Common_Gull/XC363391-Common_chunk001.wav,3.0,"XC363391-Common Gulls, IB 6 April 2015 1757PM.mp3"
Common_Gull,XC363391-Common,2,data/processed/Common_Gull/XC363391-Common_chunk002.wav,3.0,"XC363391-Common Gulls, IB 6 April 2015 1757PM.mp3"
Common_Gull,XC363391-Common,3,data/processed/Common_Gull/XC363391-Common_chunk003.wav,3.0,"XC363391-Common Gulls, IB 6 April 2015 1757PM.mp3"
Common_Gull,XC363391-Common,4,data/processed/Common_Gull/XC363391-Common_chunk004.wav,3.0,"XC363391-Common Gulls, IB 6 April 2015 1757PM.mp3"
Common_Gull,XC363391-Common,5,data/processed/Common_Gull/XC363391-Common_chunk005.wav,3.0,"XC363391-Common Gulls, IB 6 April 2015 1757PM.mp3"
Common_Gull,XC363391-Common,6,data/processed/Common_Gull/XC363391-Common_chunk006.wav,3.0,"XC363391-Common Gulls, IB 6 April 2015 1757PM.mp3"
Common_Gull,XC363391-Common,7,data/processed/Common_Gull/XC363391-Common_chunk007.wav,3.0,"XC363391-Common Gulls, IB 6 April 2015 1757PM.mp3"
Common_Gull,XC363391-Common,8,data/processed/Common_Gull/XC363391-Common_chunk008.wav,3.0,"XC363391-Common Gulls, IB 6 April 2015 1757PM.mp3"
Common_Gull,XC365721-Common,0,data/processed/Common_Gull/XC365721-Common_chunk000.wav,3.0,XC365721-Common Gull_20170421_061903_prepared.mp3
Common_Gull,XC365721-Common,1,data/processed/Common_Gull/XC365721-Common_chunk001.wav,3.0,XC365721-Common Gull_20170421_061903_prepared.mp3
Common_Gull,XC365721-Common,2,data/processed/Common_Gull/XC365721-Common_chunk002.wav,3.0,XC365721-Common Gull_20170421_061903_prepared.mp3
Common_Gull,XC365721-Common,3,data/processed/Common_Gull/XC365721-Common_chunk003.wav,3.0,XC365721-Common Gull_20170421_061903_prepared.mp3
Common_Gull,XC365721-Common,4,data/processed/Common_Gull/XC365721-Common_chunk004.wav,3.0,XC365721-Common Gull_20170421_061903_prepared.mp3
Common_Gull,XC365721-Common,5,data/processed/Common_Gull/XC365721-Common_chunk005.wav,3.0,XC365721-Common Gull_20170421_061903_prepared.mp3
Common_Gull,XC365721-Common,6,data/processed/Common_Gull/XC365721-Common_chunk006.wav,3.0,XC365721-Common Gull_20170421_061903_prepared.mp3
Common_Gull,XC365721-Common,7,data/processed/Common_Gull/XC365721-Common_chunk007.wav,3.0,XC365721-Common Gull_20170421_061903_prepared.mp3
Common_Gull,XC365721-Common,8,data/processed/Common_Gull/XC365721-Common_chunk008.wav,3.0,XC365721-Common Gull_20170421_061903_prepared.mp3
Common_Gull,XC365721-Common,9,data/processed/Common_Gull/XC365721-Common_chunk009.wav,3.0,XC365721-Common Gull_20170421_061903_prepared.mp3
Common_Gull,XC365721-Common,10,data/processed/Common_Gull/XC365721-Common_chunk010.wav,3.0,XC365721-Common Gull_20170421_061903_prepared.mp3
Common_Gull,XC365721-Common,11,data/processed/Common_Gull/XC365721-Common_chunk011.wav,3.0,XC365721-Common Gull_20170421_061903_prepared.mp3
Common_Gull,XC365721-Common,12,data/processed/Common_Gull/XC365721-Common_chunk012.wav,3.0,XC365721-Common Gull_20170421_061903_prepared.mp3
Common_Gull,XC365721-Common,13,data/processed/Common_Gull/XC365721-Common_chunk013.wav,3.0,XC365721-Common Gull_20170421_061903_prepared.mp3
Common_Gull,XC365721-Common,14,data/processed/Common_Gull/XC365721-Common_chunk014.wav,3.0,XC365721-Common Gull_20170421_061903_prepared.mp3
Common_Gull,XC365721-Common,15,data/processed/Common_Gull/XC365721-Common_chunk015.wav,3.0,XC365721-Common Gull_20170421_061903_prepared.mp3
Common_Gull,XC365721-Common,16,data/processed/Common_Gull/XC365721-Common_chunk016.wav,3.0,XC365721-Common Gull_20170421_061903_prepared.mp3
Common_Gull,XC365721-Common,17,data/processed/Common_Gull/XC365721-Common_chunk017.wav,3.0,XC365721-Common Gull_20170421_061903_prepared.mp3
Common_Gull,XC365721-Common,18,data/processed/Common_Gull/XC365721-Common_chunk018.wav,3.0,XC365721-Common Gull_20170421_061903_prepared.mp3
Common_Gull,XC365721-Common,19,data/processed/Common_Gull/XC365721-Common_chunk019.wav,3.0,XC365721-Common Gull_20170421_061903_prepared.mp3
Common_Gull,XC367549-170503-121118FISKEMÅKE_tisnes,0,data/processed/Common_Gull/XC367549-170503-121118FISKEMÅKE_tisnes_chunk000.wav,3.0,XC367549-170503-121118FISKEMÅKE_tisnes.mp3
Common_Gull,XC367549-170503-121118FISKEMÅKE_tisnes,1,data/processed/Common_Gull/XC367549-170503-121118FISKEMÅKE_tisnes_chunk001.wav,3.0,XC367549-170503-121118FISKEMÅKE_tisnes.mp3
Common_Gull,XC367549-170503-121118FISKEMÅKE_tisnes,2,data/processed/Common_Gull/XC367549-170503-121118FISKEMÅKE_tisnes_chunk002.wav,3.0,XC367549-170503-121118FISKEMÅKE_tisnes.mp3
Common_Gull,XC367549-170503-121118FISKEMÅKE_tisnes,3,data/processed/Common_Gull/XC367549-170503-121118FISKEMÅKE_tisnes_chunk003.wav,3.0,XC367549-170503-121118FISKEMÅKE_tisnes.mp3
Common_Gull,XC367549-170503-121118FISKEMÅKE_tisnes,4,data/processed/Common_Gull/XC367549-170503-121118FISKEMÅKE_tisnes_chunk004.wav,3.0,XC367549-170503-121118FISKEMÅKE_tisnes.mp3
Common_Gull,XC367549-170503-121118FISKEMÅKE_tisnes,5,data/processed/Common_Gull/XC367549-170503-121118FISKEMÅKE_tisnes_chunk005.wav,3.0,XC367549-170503-121118FISKEMÅKE_tisnes.mp3
Common_Gull,XC367549-170503-121118FISKEMÅKE_tisnes,6,data/processed/Common_Gull/XC367549-170503-121118FISKEMÅKE_tisnes_chunk006.wav,3.0,XC367549-170503-121118FISKEMÅKE_tisnes.mp3
Common_Gull,XC367549-170503-121118FISKEMÅKE_tisnes,7,data/processed/Common_Gull/XC367549-170503-121118FISKEMÅKE_tisnes_chunk007.wav,3.0,XC367549-170503-121118FISKEMÅKE_tisnes.mp3
Common_Gull,XC367549-170503-121118FISKEMÅKE_tisnes,8,data/processed/Common_Gull/XC367549-170503-121118FISKEMÅKE_tisnes_chunk008.wav,3.0,XC367549-170503-121118FISKEMÅKE_tisnes.mp3
Common_Gull,XC367549-170503-121118FISKEMÅKE_tisnes,9,data/processed/Common_Gull/XC367549-170503-121118FISKEMÅKE_tisnes_chunk009.wav,3.0,XC367549-170503-121118FISKEMÅKE_tisnes.mp3
Common_Gull,XC367549-170503-121118FISKEMÅKE_tisnes,10,data/processed/Common_Gull/XC367549-170503-121118FISKEMÅKE_tisnes_chunk010.wav,3.0,XC367549-170503-121118FISKEMÅKE_tisnes.mp3
Common_Gull,"XC370531-Stormmeeuw,",0,"data/processed/Common_Gull/XC370531-Stormmeeuw,_chunk000.wav",3.0,"XC370531-Stormmeeuw, flightcall, Oost-dorp Texel, 060517 0500 uur.mp3"
Common_Gull,"XC370531-Stormmeeuw,",1,"data/processed/Common_Gull/XC370531-Stormmeeuw,_chunk001.wav",3.0,"XC370531-Stormmeeuw, flightcall, Oost-dorp Texel, 060517 0500 uur.mp3"
Common_Gull,"XC370531-Stormmeeuw,",2,"data/processed/Common_Gull/XC370531-Stormmeeuw,_chunk002.wav",3.0,"XC370531-Stormmeeuw, flightcall, Oost-dorp Texel, 060517 0500 uur.mp3"
Common_Gull,XC370788-Larus,0,data/processed/Common_Gull/XC370788-Larus_chunk000.wav,3.0,XC370788-Larus canus_Minsmere_1458.mp3
Common_Gull,XC370788-Larus,1,data/processed/Common_Gull/XC370788-Larus_chunk001.wav,3.0,XC370788-Larus canus_Minsmere_1458.mp3
Common_Gull,XC370788-Larus,2,data/processed/Common_Gull/XC370788-Larus_chunk002.wav,3.0,XC370788-Larus canus_Minsmere_1458.mp3
Common_Gull,XC370788-Larus,3,data/processed/Common_Gull/XC370788-Larus_chunk003.wav,3.0,XC370788-Larus canus_Minsmere_1458.mp3
Common_Gull,XC370788-Larus,4,data/processed/Common_Gull/XC370788-Larus_chunk004.wav,3.0,XC370788-Larus canus_Minsmere_1458.mp3
Common_Gull,XC370788-Larus,5,data/processed/Common_Gull/XC370788-Larus_chunk005.wav,3.0,XC370788-Larus canus_Minsmere_1458.mp3
Common_Gull,XC370788-Larus,6,data/processed/Common_Gull/XC370788-Larus_chunk006.wav,3.0,XC370788-Larus canus_Minsmere_1458.mp3
Common_Gull,XC370788-Larus,7,data/processed/Common_Gull/XC370788-Larus_chunk007.wav,3.0,XC370788-Larus canus_Minsmere_1458.mp3
Common_Gull,XC374188-Larus,0,data/processed/Common_Gull/XC374188-Larus_chunk000.wav,3.0,XC374188-Larus canus_Gotemburgo_1542.mp3
Common_Gull,XC374188-Larus,1,data/processed/Common_Gull/XC374188-Larus_chunk001.wav,3.0,XC374188-Larus canus_Gotemburgo_1542.mp3
Common_Gull,XC374188-Larus,2,data/processed/Common_Gull/XC374188-Larus_chunk002.wav,3.0,XC374188-Larus canus_Gotemburgo_1542.mp3
Common_Gull,XC374188-Larus,3,data/processed/Common_Gull/XC374188-Larus_chunk003.wav,3.0,XC374188-Larus canus_Gotemburgo_1542.mp3
Common_Gull,XC374188-Larus,4,data/processed/Common_Gull/XC374188-Larus_chunk004.wav,3.0,XC374188-Larus canus_Gotemburgo_1542.mp3
Common_Gull,XC374188-Larus,5,data/processed/Common_Gull/XC374188-Larus_chunk005.wav,3.0,XC374188-Larus canus_Gotemburgo_1542.mp3
Common_Gull,XC374188-Larus,6,data/processed/Common_Gull/XC374188-Larus_chunk006.wav,3.0,XC374188-Larus canus_Gotemburgo_1542.mp3
Common_Gull,XC374188-Larus,7,data/processed/Common_Gull/XC374188-Larus_chunk007.wav,3.0,XC374188-Larus canus_Gotemburgo_1542.mp3
Common_Gull,XC375841-170612_larcan_enonkoski_0545,0,data/processed/Common_Gull/XC375841-170612_larcan_enonkoski_0545_chunk000.wav,3.0,XC375841-170612_larcan_enonkoski_0545.mp3
Common_Gull,XC375841-170612_larcan_enonkoski_0545,1,data/processed/Common_Gull/XC375841-170612_larcan_enonkoski_0545_chunk001.wav,3.0,XC375841-170612_larcan_enonkoski_0545.mp3
Common_Gull,XC375841-170612_larcan_enonkoski_0545,2,data/processed/Common_Gull/XC375841-170612_larcan_enonkoski_0545_chunk002.wav,3.0,XC375841-170612_larcan_enonkoski_0545.mp3
Common_Gull,XC375841-170612_larcan_enonkoski_0545,3,data/processed/Common_Gull/XC375841-170612_larcan_enonkoski_0545_chunk003.wav,3.0,XC375841-170612_larcan_enonkoski_0545.mp3
Common_Gull,XC375841-170612_larcan_enonkoski_0545,4,data/processed/Common_Gull/XC375841-170612_larcan_enonkoski_0545_chunk004.wav,3.0,XC375841-170612_larcan_enonkoski_0545.mp3
Common_Gull,XC375841-170612_larcan_enonkoski_0545,5,data/processed/Common_Gull/XC375841-170612_larcan_enonkoski_0545_chunk005.wav,3.0,XC375841-170612_larcan_enonkoski_0545.mp3
Common_Gull,XC375841-170612_larcan_enonkoski_0545,6,data/processed/Common_Gull/XC375841-170612_larcan_enonkoski_0545_chunk006.wav,3.0,XC375841-170612_larcan_enonkoski_0545.mp3
Common_Gull,XC375841-170612_larcan_enonkoski_0545,7,data/processed/Common_Gull/XC375841-170612_larcan_enonkoski_0545_chunk007.wav,3.0,XC375841-170612_larcan_enonkoski_0545.mp3
Common_Gull,XC375841-170612_larcan_enonkoski_0545,8,data/processed/Common_Gull/XC375841-170612_larcan_enonkoski_0545_chunk008.wav,3.0,XC375841-170612_larcan_enonkoski_0545.mp3
Common_Gull,XC375841-170612_larcan_enonkoski_0545,9,data/processed/Common_Gull/XC375841-170612_larcan_enonkoski_0545_chunk009.wav,3.0,XC375841-170612_larcan_enonkoski_0545.mp3
Common_Gull,XC375841-170612_larcan_enonkoski_0545,10,data/processed/Common_Gull/XC375841-170612_larcan_enonkoski_0545_chunk010.wav,3.0,XC375841-170612_larcan_enonkoski_0545.mp3
Common_Gull,XC375841-170612_larcan_enonkoski_0545,11,data/processed/Common_Gull/XC375841-170612_larcan_enonkoski_0545_chunk011.wav,3.0,XC375841-170612_larcan_enonkoski_0545.mp3
Common_Gull,XC375841-170612_larcan_enonkoski_0545,12,data/processed/Common_Gull/XC375841-170612_larcan_enonkoski_0545_chunk012.wav,3.0,XC375841-170612_larcan_enonkoski_0545.mp3
Common_Gull,XC375841-170612_larcan_enonkoski_0545,13,data/processed/Common_Gull/XC375841-170612_larcan_enonkoski_0545_chunk013.wav,3.0,XC375841-170612_larcan_enonkoski_0545.mp3
Common_Gull,XC375841-170612_larcan_enonkoski_0545,14,data/processed/Common_Gull/XC375841-170612_larcan_enonkoski_0545_chunk014.wav,3.0,XC375841-170612_larcan_enonkoski_0545.mp3
Common_Gull,XC375841-170612_larcan_enonkoski_0545,15,data/processed/Common_Gull/XC375841-170612_larcan_enonkoski_0545_chunk015.wav,3.0,XC375841-170612_larcan_enonkoski_0545.mp3
Common_Gull,XC375841-170612_larcan_enonkoski_0545,16,data/processed/Common_Gull/XC375841-170612_larcan_enonkoski_0545_chunk016.wav,3.0,XC375841-170612_larcan_enonkoski_0545.mp3
Common_Gull,XC375841-170612_larcan_enonkoski_0545,17,data/processed/Common_Gull/XC375841-170612_larcan_enonkoski_0545_chunk017.wav,3.0,XC375841-170612_larcan_enonkoski_0545.mp3
Common_Gull,XC375841-170612_larcan_enonkoski_0545,18,data/processed/Common_Gull/XC375841-170612_larcan_enonkoski_0545_chunk018.wav,3.0,XC375841-170612_larcan_enonkoski_0545.mp3
Common_Gull,XC375844-170613_larcan_enonkoski_2325,0,data/processed/Common_Gull/XC375844-170613_larcan_enonkoski_2325_chunk000.wav,3.0,XC375844-170613_larcan_enonkoski_2325.mp3
Common_Gull,XC375844-170613_larcan_enonkoski_2325,1,data/processed/Common_Gull/XC375844-170613_larcan_enonkoski_2325_chunk001.wav,3.0,XC375844-170613_larcan_enonkoski_2325.mp3
Common_Gull,XC375844-170613_larcan_enonkoski_2325,2,data/processed/Common_Gull/XC375844-170613_larcan_enonkoski_2325_chunk002.wav,3.0,XC375844-170613_larcan_enonkoski_2325.mp3
Common_Gull,XC375844-170613_larcan_enonkoski_2325,3,data/processed/Common_Gull/XC375844-170613_larcan_enonkoski_2325_chunk003.wav,3.0,XC375844-170613_larcan_enonkoski_2325.mp3
Common_Gull,XC375844-170613_larcan_enonkoski_2325,4,data/processed/Common_Gull/XC375844-170613_larcan_enonkoski_2325_chunk004.wav,3.0,XC375844-170613_larcan_enonkoski_2325.mp3
Common_Gull,XC375844-170613_larcan_enonkoski_2325,5,data/processed/Common_Gull/XC375844-170613_larcan_enonkoski_2325_chunk005.wav,3.0,XC375844-170613_larcan_enonkoski_2325.mp3
Common_Gull,XC375844-170613_larcan_enonkoski_2325,6,data/processed/Common_Gull/XC375844-170613_larcan_enonkoski_2325_chunk006.wav,3.0,XC375844-170613_larcan_enonkoski_2325.mp3
Common_Gull,XC375844-170613_larcan_enonkoski_2325,7,data/processed/Common_Gull/XC375844-170613_larcan_enonkoski_2325_chunk007.wav,3.0,XC375844-170613_larcan_enonkoski_2325.mp3
Common_Gull,XC375844-170613_larcan_enonkoski_2325,8,data/processed/Common_Gull/XC375844-170613_larcan_enonkoski_2325_chunk008.wav,3.0,XC375844-170613_larcan_enonkoski_2325.mp3
Common_Gull,XC375844-170613_larcan_enonkoski_2325,9,data/processed/Common_Gull/XC375844-170613_larcan_enonkoski_2325_chunk009.wav,3.0,XC375844-170613_larcan_enonkoski_2325.mp3
Common_Gull,XC375844-170613_larcan_enonkoski_2325,10,data/processed/Common_Gull/XC375844-170613_larcan_enonkoski_2325_chunk010.wav,3.0,XC375844-170613_larcan_enonkoski_2325.mp3
Common_Gull,XC375844-170613_larcan_enonkoski_2325,11,data/processed/Common_Gull/XC375844-170613_larcan_enonkoski_2325_chunk011.wav,3.0,XC375844-170613_larcan_enonkoski_2325.mp3
Common_Gull,XC375844-170613_larcan_enonkoski_2325,12,data/processed/Common_Gull/XC375844-170613_larcan_enonkoski_2325_chunk012.wav,3.0,XC375844-170613_larcan_enonkoski_2325.mp3
Common_Gull,XC375844-170613_larcan_enonkoski_2325,13,data/processed/Common_Gull/XC375844-170613_larcan_enonkoski_2325_chunk013.wav,3.0,XC375844-170613_larcan_enonkoski_2325.mp3
Common_Gull,XC375844-170613_larcan_enonkoski_2325,14,data/processed/Common_Gull/XC375844-170613_larcan_enonkoski_2325_chunk014.wav,3.0,XC375844-170613_larcan_enonkoski_2325.mp3
Common_Gull,XC375844-170613_larcan_enonkoski_2325,15,data/processed/Common_Gull/XC375844-170613_larcan_enonkoski_2325_chunk015.wav,3.0,XC375844-170613_larcan_enonkoski_2325.mp3
Common_Gull,XC375844-170613_larcan_enonkoski_2325,16,data/processed/Common_Gull/XC375844-170613_larcan_enonkoski_2325_chunk016.wav,3.0,XC375844-170613_larcan_enonkoski_2325.mp3
Common_Gull,XC375844-170613_larcan_enonkoski_2325,17,data/processed/Common_Gull/XC375844-170613_larcan_enonkoski_2325_chunk017.wav,3.0,XC375844-170613_larcan_enonkoski_2325.mp3
Common_Gull,XC375844-170613_larcan_enonkoski_2325,18,data/processed/Common_Gull/XC375844-170613_larcan_enonkoski_2325_chunk018.wav,3.0,XC375844-170613_larcan_enonkoski_2325.mp3
Common_Gull,XC375844-170613_larcan_enonkoski_2325,19,data/processed/Common_Gull/XC375844-170613_larcan_enonkoski_2325_chunk019.wav,3.0,XC375844-170613_larcan_enonkoski_2325.mp3
Common_Gull,XC375844-170613_larcan_enonkoski_2325,20,data/processed/Common_Gull/XC375844-170613_larcan_enonkoski_2325_chunk020.wav,3.0,XC375844-170613_larcan_enonkoski_2325.mp3
Common_Gull,XC375844-170613_larcan_enonkoski_2325,21,data/processed/Common_Gull/XC375844-170613_larcan_enonkoski_2325_chunk021.wav,3.0,XC375844-170613_larcan_enonkoski_2325.mp3
Common_Gull,XC375844-170613_larcan_enonkoski_2325,22,data/processed/Common_Gull/XC375844-170613_larcan_enonkoski_2325_chunk022.wav,3.0,XC375844-170613_larcan_enonkoski_2325.mp3
Common_Gull,XC375844-170613_larcan_enonkoski_2325,23,data/processed/Common_Gull/XC375844-170613_larcan_enonkoski_2325_chunk023.wav,3.0,XC375844-170613_larcan_enonkoski_2325.mp3
Common_Gull,XC375844-170613_larcan_enonkoski_2325,24,data/processed/Common_Gull/XC375844-170613_larcan_enonkoski_2325_chunk024.wav,3.0,XC375844-170613_larcan_enonkoski_2325.mp3
Common_Gull,XC375844-170613_larcan_enonkoski_2325,25,data/processed/Common_Gull/XC375844-170613_larcan_enonkoski_2325_chunk025.wav,3.0,XC375844-170613_larcan_enonkoski_2325.mp3
Common_Gull,XC375844-170613_larcan_enonkoski_2325,26,data/processed/Common_Gull/XC375844-170613_larcan_enonkoski_2325_chunk026.wav,3.0,XC375844-170613_larcan_enonkoski_2325.mp3
Common_Gull,XC375844-170613_larcan_enonkoski_2325,27,data/processed/Common_Gull/XC375844-170613_larcan_enonkoski_2325_chunk027.wav,3.0,XC375844-170613_larcan_enonkoski_2325.mp3
Common_Gull,XC375844-170613_larcan_enonkoski_2325,28,data/processed/Common_Gull/XC375844-170613_larcan_enonkoski_2325_chunk028.wav,3.0,XC375844-170613_larcan_enonkoski_2325.mp3
Common_Gull,XC375844-170613_larcan_enonkoski_2325,29,data/processed/Common_Gull/XC375844-170613_larcan_enonkoski_2325_chunk029.wav,3.0,XC375844-170613_larcan_enonkoski_2325.mp3
Common_Gull,XC375844-170613_larcan_enonkoski_2325,30,data/processed/Common_Gull/XC375844-170613_larcan_enonkoski_2325_chunk030.wav,3.0,XC375844-170613_larcan_enonkoski_2325.mp3
Common_Gull,XC375844-170613_larcan_enonkoski_2325,31,data/processed/Common_Gull/XC375844-170613_larcan_enonkoski_2325_chunk031.wav,3.0,XC375844-170613_larcan_enonkoski_2325.mp3
Common_Gull,XC375844-170613_larcan_enonkoski_2325,32,data/processed/Common_Gull/XC375844-170613_larcan_enonkoski_2325_chunk032.wav,3.0,XC375844-170613_larcan_enonkoski_2325.mp3
Common_Gull,XC375844-170613_larcan_enonkoski_2325,33,data/processed/Common_Gull/XC375844-170613_larcan_enonkoski_2325_chunk033.wav,3.0,XC375844-170613_larcan_enonkoski_2325.mp3
Common_Gull,XC375844-170613_larcan_enonkoski_2325,34,data/processed/Common_Gull/XC375844-170613_larcan_enonkoski_2325_chunk034.wav,3.0,XC375844-170613_larcan_enonkoski_2325.mp3
Common_Gull,XC375844-170613_larcan_enonkoski_2325,35,data/processed/Common_Gull/XC375844-170613_larcan_enonkoski_2325_chunk035.wav,3.0,XC375844-170613_larcan_enonkoski_2325.mp3
Common_Gull,XC375844-170613_larcan_enonkoski_2325,36,data/processed/Common_Gull/XC375844-170613_larcan_enonkoski_2325_chunk036.wav,3.0,XC375844-170613_larcan_enonkoski_2325.mp3
Common_Gull,XC375844-170613_larcan_enonkoski_2325,37,data/processed/Common_Gull/XC375844-170613_larcan_enonkoski_2325_chunk037.wav,3.0,XC375844-170613_larcan_enonkoski_2325.mp3
Common_Gull,XC377972-Larus,0,data/processed/Common_Gull/XC377972-Larus_chunk000.wav,3.0,"XC377972-Larus canus 170622_002, р. Печора, д. Тельвиска,23-30,AA song.MP3"
Common_Gull,XC377972-Larus,1,data/processed/Common_Gull/XC377972-Larus_chunk001.wav,3.0,"XC377972-Larus canus 170622_002, р. Печора, д. Тельвиска,23-30,AA song.MP3"
Common_Gull,XC377972-Larus,2,data/processed/Common_Gull/XC377972-Larus_chunk002.wav,3.0,"XC377972-Larus canus 170622_002, р. Печора, д. Тельвиска,23-30,AA song.MP3"
Common_Gull,XC377972-Larus,3,data/processed/Common_Gull/XC377972-Larus_chunk003.wav,3.0,"XC377972-Larus canus 170622_002, р. Печора, д. Тельвиска,23-30,AA song.MP3"
Common_Gull,XC377972-Larus,4,data/processed/Common_Gull/XC377972-Larus_chunk004.wav,3.0,"XC377972-Larus canus 170622_002, р. Печора, д. Тельвиска,23-30,AA song.MP3"
Common_Gull,XC377972-Larus,5,data/processed/Common_Gull/XC377972-Larus_chunk005.wav,3.0,"XC377972-Larus canus 170622_002, р. Печора, д. Тельвиска,23-30,AA song.MP3"
Common_Gull,XC377972-Larus,6,data/processed/Common_Gull/XC377972-Larus_chunk006.wav,3.0,"XC377972-Larus canus 170622_002, р. Печора, д. Тельвиска,23-30,AA song.MP3"
Common_Gull,XC377972-Larus,7,data/processed/Common_Gull/XC377972-Larus_chunk007.wav,3.0,"XC377972-Larus canus 170622_002, р. Печора, д. Тельвиска,23-30,AA song.MP3"
Common_Gull,XC377972-Larus,8,data/processed/Common_Gull/XC377972-Larus_chunk008.wav,3.0,"XC377972-Larus canus 170622_002, р. Печора, д. Тельвиска,23-30,AA song.MP3"
Common_Gull,XC377973-Larus,0,data/processed/Common_Gull/XC377973-Larus_chunk000.wav,3.0,"XC377973-Larus canus 170622_002, р. Печора, д. Тельвиска,23-30,AA1 song.MP3"
Common_Gull,XC377973-Larus,1,data/processed/Common_Gull/XC377973-Larus_chunk001.wav,3.0,"XC377973-Larus canus 170622_002, р. Печора, д. Тельвиска,23-30,AA1 song.MP3"
Common_Gull,XC377973-Larus,2,data/processed/Common_Gull/XC377973-Larus_chunk002.wav,3.0,"XC377973-Larus canus 170622_002, р. Печора, д. Тельвиска,23-30,AA1 song.MP3"
Common_Gull,XC377973-Larus,3,data/processed/Common_Gull/XC377973-Larus_chunk003.wav,3.0,"XC377973-Larus canus 170622_002, р. Печора, д. Тельвиска,23-30,AA1 song.MP3"
Common_Gull,XC377973-Larus,4,data/processed/Common_Gull/XC377973-Larus_chunk004.wav,3.0,"XC377973-Larus canus 170622_002, р. Печора, д. Тельвиска,23-30,AA1 song.MP3"
Common_Gull,XC377973-Larus,5,data/processed/Common_Gull/XC377973-Larus_chunk005.wav,3.0,"XC377973-Larus canus 170622_002, р. Печора, д. Тельвиска,23-30,AA1 song.MP3"
Common_Gull,XC377973-Larus,6,data/processed/Common_Gull/XC377973-Larus_chunk006.wav,3.0,"XC377973-Larus canus 170622_002, р. Печора, д. Тельвиска,23-30,AA1 song.MP3"
Common_Gull,XC377973-Larus,7,data/processed/Common_Gull/XC377973-Larus_chunk007.wav,3.0,"XC377973-Larus canus 170622_002, р. Печора, д. Тельвиска,23-30,AA1 song.MP3"
Common_Gull,XC377973-Larus,8,data/processed/Common_Gull/XC377973-Larus_chunk008.wav,3.0,"XC377973-Larus canus 170622_002, р. Печора, д. Тельвиска,23-30,AA1 song.MP3"
Common_Gull,XC377973-Larus,9,data/processed/Common_Gull/XC377973-Larus_chunk009.wav,3.0,"XC377973-Larus canus 170622_002, р. Печора, д. Тельвиска,23-30,AA1 song.MP3"
Common_Gull,XC377973-Larus,10,data/processed/Common_Gull/XC377973-Larus_chunk010.wav,3.0,"XC377973-Larus canus 170622_002, р. Печора, д. Тельвиска,23-30,AA1 song.MP3"
Common_Gull,XC377973-Larus,11,data/processed/Common_Gull/XC377973-Larus_chunk011.wav,3.0,"XC377973-Larus canus 170622_002, р. Печора, д. Тельвиска,23-30,AA1 song.MP3"
Common_Gull,XC377973-Larus,12,data/processed/Common_Gull/XC377973-Larus_chunk012.wav,3.0,"XC377973-Larus canus 170622_002, р. Печора, д. Тельвиска,23-30,AA1 song.MP3"
Common_Gull,XC411155-CommonGull_Fornebu_180415_2734_edited,0,data/processed/Common_Gull/XC411155-CommonGull_Fornebu_180415_2734_edited_chunk000.wav,3.0,XC411155-CommonGull_Fornebu_180415_2734_edited.mp3
Common_Gull,XC411155-CommonGull_Fornebu_180415_2734_edited,1,data/processed/Common_Gull/XC411155-CommonGull_Fornebu_180415_2734_edited_chunk001.wav,3.0,XC411155-CommonGull_Fornebu_180415_2734_edited.mp3
Common_Gull,XC411155-CommonGull_Fornebu_180415_2734_edited,2,data/processed/Common_Gull/XC411155-CommonGull_Fornebu_180415_2734_edited_chunk002.wav,3.0,XC411155-CommonGull_Fornebu_180415_2734_edited.mp3
Common_Gull,XC411155-CommonGull_Fornebu_180415_2734_edited,3,data/processed/Common_Gull/XC411155-CommonGull_Fornebu_180415_2734_edited_chunk003.wav,3.0,XC411155-CommonGull_Fornebu_180415_2734_edited.mp3
Common_Gull,XC411155-CommonGull_Fornebu_180415_2734_edited,4,data/processed/Common_Gull/XC411155-CommonGull_Fornebu_180415_2734_edited_chunk004.wav,3.0,XC411155-CommonGull_Fornebu_180415_2734_edited.mp3
Common_Gull,XC411155-CommonGull_Fornebu_180415_2734_edited,5,data/processed/Common_Gull/XC411155-CommonGull_Fornebu_180415_2734_edited_chunk005.wav,3.0,XC411155-CommonGull_Fornebu_180415_2734_edited.mp3
Common_Gull,XC411155-CommonGull_Fornebu_180415_2734_edited,6,data/processed/Common_Gull/XC411155-CommonGull_Fornebu_180415_2734_edited_chunk006.wav,3.0,XC411155-CommonGull_Fornebu_180415_2734_edited.mp3
Common_Gull,XC411155-CommonGull_Fornebu_180415_2734_edited,7,data/processed/Common_Gull/XC411155-CommonGull_Fornebu_180415_2734_edited_chunk007.wav,3.0,XC411155-CommonGull_Fornebu_180415_2734_edited.mp3
Common_Gull,XC411155-CommonGull_Fornebu_180415_2734_edited,8,data/processed/Common_Gull/XC411155-CommonGull_Fornebu_180415_2734_edited_chunk008.wav,3.0,XC411155-CommonGull_Fornebu_180415_2734_edited.mp3
